path,lang,label,technique,system_id,speaker_id,source,text,augmentation
data/processed/en_augmented/LA_T_6741908_aug.wav,en,bonafide,real,-,LA_0086,asvspoof2019la,,rawboost
data/processed/en_augmented/LA_T_5805796_aug.wav,en,bonafide,real,-,LA_0096,asvspoof2019la,,none
data/processed/en_mlaad_augmented/jane_eyre_21_f000318_aug.wav,en,spoof,tts,ElevenLabs-v3,-,mlaad,,codec
data/processed/en_augmented/LA_T_1596451_aug.wav,en,bonafide,real,-,LA_0079,asvspoof2019la,,rawboost+codec
data/processed/en_mlaad_augmented/northandsouth_28_f000230_aug.wav,en,spoof,tts,kokoro,-,mlaad,,rawboost
data/processed/en_augmented/LA_T_5315235_aug.wav,en,bonafide,real,-,LA_0092,asvspoof2019la,,rawboost
data/processed/en_mlaad_augmented/wives_and_daughters_52_f000149_aug.wav,en,spoof,tts,ElevenLabs-v3,-,mlaad,,rawboost
data/processed/en_augmented/LA_T_9483901_aug.wav,en,bonafide,real,-,LA_0090,asvspoof2019la,,none
data/processed/en_augmented/LA_T_2547751_aug.wav,en,bonafide,real,-,LA_0086,asvspoof2019la,,codec
data/processed/en_augmented/LA_T_3957794_aug.wav,en,bonafide,real,-,LA_0094,asvspoof2019la,,rawboost
data/processed/en_mlaad_augmented/ozma_of_oz_21_f000052_aug.wav,en,spoof,tts,ElevenLabs-Turbo-v2.5,-,mlaad,,codec
data/processed/en_augmented/LA_T_6769763_aug.wav,en,bonafide,real,-,LA_0081,asvspoof2019la,,rawboost
data/processed/en_mlaad_augmented/skyisland_11_baum_64kb_f000041_aug.wav,en,spoof,tts,Qwen3-TTS-12Hz-1.7B-Base,-,mlaad,,rawboost
data/processed/en_augmented/LA_T_9242200_aug.wav,en,bonafide,real,-,LA_0080,asvspoof2019la,,rawboost+codec
data/processed/en_augmented/LA_T_7647145_aug.wav,en,spoof,vc,A06,LA_0080,asvspoof2019la,,rawboost
data/processed/en_augmented/LA_T_5340625_aug.wav,en,bonafide,real,-,LA_0093,asvspoof2019la,,rawboost
data/processed/en_augmented/LA_T_3635733_aug.wav,en,bonafide,real,-,LA_0079,asvspoof2019la,,none
data/processed/en_augmented/LA_T_6271185_aug.wav,en,bonafide,real,-,LA_0088,asvspoof2019la,,codec
data/processed/en_augmented/LA_T_4810261_aug.wav,en,bonafide,real,-,LA_0093,asvspoof2019la,,codec
data/processed/en_augmented/LA_T_6663907_aug.wav,en,bonafide,real,-,LA_0089,asvspoof2019la,,none
data/processed/en_augmented/LA_T_1017386_aug.wav,en,spoof,tts,A03,LA_0079,asvspoof2019la,,none
data/processed/en_augmented/LA_T_2959505_aug.wav,en,bonafide,real,-,LA_0086,asvspoof2019la,,codec
data/processed/en_augmented/LA_T_1188742_aug.wav,en,bonafide,real,-,LA_0083,asvspoof2019la,,none
data/processed/en_mlaad_augmented/silent_bullet_02_f000304_aug.wav,en,spoof,tts,ElevenLabs-v3,-,mlaad,,rawboost
data/processed/en_augmented/LA_T_1305270_aug.wav,en,bonafide,real,-,LA_0097,asvspoof2019la,,rawboost
data/processed/en_augmented/LA_T_5630619_aug.wav,en,bonafide,real,-,LA_0091,asvspoof2019la,,rawboost
data/processed/en_augmented/LA_T_6350377_aug.wav,en,bonafide,real,-,LA_0085,asvspoof2019la,,rawboost+codec
data/processed/en_augmented/LA_T_8349132_aug.wav,en,bonafide,real,-,LA_0096,asvspoof2019la,,none
data/processed/en_mlaad_augmented/pink_fairy_book_34_f000075_aug.wav,en,spoof,tts,Chatterbox-Turbo,-,mlaad,,codec
data/processed/en_augmented/LA_T_9369650_aug.wav,en,bonafide,real,-,LA_0088,asvspoof2019la,,codec
data/processed/en_mlaad_augmented/northandsouth_47_f000006_aug.wav,en,spoof,tts,Chatterbox-Turbo,-,mlaad,,rawboost
data/processed/en_mlaad_augmented/silent_bullet_04_f000275_aug.wav,en,spoof,tts,Qwen3-TTS-12Hz-1.7B-Base,-,mlaad,,rawboost
data/processed/en_mlaad_augmented/jane_eyre_21_f000305_aug.wav,en,spoof,tts,tts_models_multilingual_multi-dataset_xtts_v2,-,mlaad,,rawboost
data/processed/en_augmented/LA_T_5640656_aug.wav,en,spoof,vc,A06,LA_0094,asvspoof2019la,,rawboost
data/processed/en_augmented/LA_T_1700745_aug.wav,en,spoof,vc,A05,LA_0082,asvspoof2019la,,none
data/processed/en_mlaad_augmented/jane_eyre_05_f000039_aug.wav,en,spoof,tts,Chatterbox,-,mlaad,,none
data/processed/en_augmented/LA_T_6763611_aug.wav,en,bonafide,real,-,LA_0083,asvspoof2019la,,rawboost
data/processed/en_augmented/LA_T_6533322_aug.wav,en,bonafide,real,-,LA_0097,asvspoof2019la,,rawboost
data/processed/en_augmented/LA_T_7422011_aug.wav,en,bonafide,real,-,LA_0086,asvspoof2019la,,none
data/processed/en_augmented/LA_T_9329650_aug.wav,en,bonafide,real,-,LA_0093,asvspoof2019la,,codec
data/processed/en_augmented/LA_T_9884044_aug.wav,en,bonafide,real,-,LA_0080,asvspoof2019la,,rawboost
data/processed/en_augmented/LA_T_6442486_aug.wav,en,bonafide,real,-,LA_0091,asvspoof2019la,,none
data/processed/en_mlaad_augmented/ozma_of_oz_02_f000053_aug.wav,en,spoof,tts,Chatterbox-Turbo,-,mlaad,,rawboost+codec
data/processed/en_mlaad_augmented/northandsouth_05_f000099_aug.wav,en,spoof,tts,Qwen3-TTS-12Hz-1.7B-Base,-,mlaad,,none
data/processed/en_augmented/LA_T_4164081_aug.wav,en,bonafide,real,-,LA_0096,asvspoof2019la,,codec
data/processed/en_augmented/LA_T_8214917_aug.wav,en,bonafide,real,-,LA_0083,asvspoof2019la,,rawboost
data/processed/en_mlaad_augmented/skyisland_21_baum_64kb_f000083_aug.wav,en,spoof,tts,Chatterbox,-,mlaad,,rawboost+codec
data/processed/en_augmented/LA_T_4050802_aug.wav,en,bonafide,real,-,LA_0095,asvspoof2019la,,none
data/processed/en_mlaad_augmented/northandsouth_42_f000016_aug.wav,en,spoof,tts,Qwen3-TTS-12Hz-1.7B-Base,-,mlaad,,rawboost
data/processed/en_augmented/LA_T_9346943_aug.wav,en,bonafide,real,-,LA_0097,asvspoof2019la,,rawboost+codec
data/processed/en_augmented/LA_T_3333905_aug.wav,en,bonafide,real,-,LA_0096,asvspoof2019la,,rawboost+codec
data/processed/en_augmented/LA_T_3721939_aug.wav,en,bonafide,real,-,LA_0091,asvspoof2019la,,none
data/processed/en_augmented/LA_T_4938812_aug.wav,en,bonafide,real,-,LA_0097,asvspoof2019la,,rawboost
data/processed/en_mlaad_augmented/northandsouth_31_f000125_aug.wav,en,spoof,tts,minimax_speech-2.6-hd,-,mlaad,,none
data/processed/en_augmented/LA_T_2869730_aug.wav,en,bonafide,real,-,LA_0080,asvspoof2019la,,rawboost
data/processed/en_mlaad_augmented/northandsouth_44_f000162_aug.wav,en,spoof,tts,Chatterbox-Turbo,-,mlaad,,none
data/processed/en_mlaad_augmented/silent_bullet_09_f000229_aug.wav,en,spoof,tts,GPT-SoVITS,-,mlaad,,rawboost
data/processed/en_mlaad_augmented/pink_fairy_book_12_f000067_aug.wav,en,spoof,tts,Higgs-Audio-V2,-,mlaad,,codec
data/processed/en_mlaad_augmented/emerald_city_of_oz_01_f000040_aug.wav,en,spoof,tts,ElevenLabs-v3,-,mlaad,,none
data/processed/en_augmented/LA_T_9474664_aug.wav,en,bonafide,real,-,LA_0088,asvspoof2019la,,rawboost
data/processed/en_mlaad_augmented/hunters_space_04_f000006_aug.wav,en,spoof,tts,Chatterbox-Turbo,-,mlaad,,rawboost
data/processed/en_augmented/LA_T_3288573_aug.wav,en,bonafide,real,-,LA_0093,asvspoof2019la,,none
data/processed/en_augmented/LA_T_3956573_aug.wav,en,spoof,vc,A05,LA_0088,asvspoof2019la,,rawboost+codec
data/processed/en_augmented/LA_T_3424442_aug.wav,en,bonafide,real,-,LA_0094,asvspoof2019la,,none
data/processed/en_mlaad_augmented/dorothy_and_wizard_oz_16_f000102_aug.wav,en,spoof,tts,tts_models_multilingual_multi-dataset_xtts_v2,-,mlaad,,none
data/processed/en_augmented/LA_T_5913109_aug.wav,en,bonafide,real,-,LA_0080,asvspoof2019la,,rawboost
data/processed/en_mlaad_augmented/piratesofersatz_04_leinster_64kb_f000087_aug.wav,en,spoof,tts,Qwen3-TTS-12Hz-1.7B-Base,-,mlaad,,rawboost
data/processed/en_augmented/LA_T_9936219_aug.wav,en,bonafide,real,-,LA_0094,asvspoof2019la,,rawboost
data/processed/en_mlaad_augmented/poisoned_pen_08_f000295_aug.wav,en,spoof,tts,ElevenLabs-v3,-,mlaad,,rawboost
data/processed/en_mlaad_augmented/wives_and_daughters_11_f000307_aug.wav,en,spoof,tts,minimax_speech-2.6-hd,-,mlaad,,rawboost+codec
data/processed/en_mlaad_augmented/jane_eyre_17_f000086_aug.wav,en,spoof,tts,Qwen3-TTS-12Hz-1.7B-Base,-,mlaad,,codec
data/processed/en_mlaad_augmented/emerald_city_of_oz_14_f000098_aug.wav,en,spoof,tts,Chatterbox-Turbo,-,mlaad,,none
data/processed/en_mlaad_augmented/northandsouth_27_f000089_aug.wav,en,spoof,tts,Higgs-Audio-V2,-,mlaad,,rawboost
data/processed/en_mlaad_augmented/pink_fairy_book_16_f000088_aug.wav,en,spoof,tts,Chatterbox,-,mlaad,,codec
data/processed/en_augmented/LA_T_1830509_aug.wav,en,bonafide,real,-,LA_0082,asvspoof2019la,,rawboost
data/processed/en_mlaad_augmented/hunters_space_18_f000043_aug.wav,en,spoof,tts,Qwen3-TTS-12Hz-1.7B-Base,-,mlaad,,codec
data/processed/en_mlaad_augmented/wives_and_daughters_16_f000025_aug.wav,en,spoof,tts,GPT-SoVITS,-,mlaad,,none
data/processed/en_augmented/LA_T_7801452_aug.wav,en,bonafide,real,-,LA_0094,asvspoof2019la,,none
data/processed/en_mlaad_augmented/rinkitink_baum_07_64kb_f000049_aug.wav,en,spoof,tts,tts_models_multilingual_multi-dataset_xtts_v2,-,mlaad,,rawboost+codec
data/processed/en_mlaad_augmented/wives_and_daughters_31_f000138_aug.wav,en,spoof,tts,ElevenLabs-v2-Multilingual,-,mlaad,,rawboost+codec
data/processed/en_mlaad_augmented/silent_bullet_04_f000149_aug.wav,en,spoof,tts,MOSS-TTS-8B,-,mlaad,,none
data/processed/en_augmented/LA_T_8599305_aug.wav,en,bonafide,real,-,LA_0091,asvspoof2019la,,none
data/processed/en_augmented/LA_T_5544402_aug.wav,en,bonafide,real,-,LA_0086,asvspoof2019la,,none
data/processed/en_mlaad_augmented/jane_eyre_27_f000184_aug.wav,en,spoof,tts,Chatterbox,-,mlaad,,rawboost
data/processed/en_augmented/LA_T_4657133_aug.wav,en,bonafide,real,-,LA_0081,asvspoof2019la,,rawboost
data/processed/en_augmented/LA_T_9529079_aug.wav,en,bonafide,real,-,LA_0084,asvspoof2019la,,rawboost
data/processed/en_augmented/LA_T_2996311_aug.wav,en,bonafide,real,-,LA_0086,asvspoof2019la,,codec
data/processed/en_augmented/LA_T_4886041_aug.wav,en,spoof,tts,A03,LA_0094,asvspoof2019la,,rawboost
data/processed/en_mlaad_augmented/wives_and_daughters_60_f000340_aug.wav,en,spoof,tts,GPT-SoVITS,-,mlaad,,rawboost
data/processed/en_mlaad_augmented/skyisland_22_baum_64kb_f000066_aug.wav,en,spoof,tts,ElevenLabs-Turbo-v2.5,-,mlaad,,rawboost
data/processed/en_augmented/LA_T_7667225_aug.wav,en,bonafide,real,-,LA_0082,asvspoof2019la,,none
data/processed/en_mlaad_augmented/wives_and_daughters_49_f000005_aug.wav,en,spoof,tts,minimax_speech-2.6-hd,-,mlaad,,rawboost+codec
data/processed/en_augmented/LA_T_9276305_aug.wav,en,bonafide,real,-,LA_0087,asvspoof2019la,,rawboost
data/processed/en_augmented/LA_T_8798465_aug.wav,en,bonafide,real,-,LA_0097,asvspoof2019la,,rawboost
data/processed/en_augmented/LA_T_8916463_aug.wav,en,spoof,vc,A06,LA_0081,asvspoof2019la,,rawboost+codec
data/processed/en_mlaad_augmented/northandsouth_52_f000026_aug.wav,en,spoof,tts,ElevenLabs-v3,-,mlaad,,rawboost
data/processed/en_augmented/LA_T_1261884_aug.wav,en,bonafide,real,-,LA_0083,asvspoof2019la,,none
data/processed/en_augmented/LA_T_3106270_aug.wav,en,bonafide,real,-,LA_0096,asvspoof2019la,,none
data/processed/en_mlaad_augmented/ozma_of_oz_12_f000012_aug.wav,en,spoof,tts,GPT-SoVITS,-,mlaad,,rawboost
data/processed/en_augmented/LA_T_9392229_aug.wav,en,bonafide,real,-,LA_0082,asvspoof2019la,,codec
data/processed/en_mlaad_augmented/jane_eyre_11_f000035_aug.wav,en,spoof,tts,MOSS-TTS-8B,-,mlaad,,none
data/processed/en_mlaad_augmented/jane_eyre_11_f000207_aug.wav,en,spoof,tts,Chatterbox,-,mlaad,,rawboost
data/processed/en_augmented/LA_T_1581753_aug.wav,en,bonafide,real,-,LA_0085,asvspoof2019la,,rawboost
data/processed/en_mlaad_augmented/wives_and_daughters_16_f000094_aug.wav,en,spoof,tts,ElevenLabs-v2-Multilingual,-,mlaad,,rawboost
data/processed/en_augmented/LA_T_5239258_aug.wav,en,bonafide,real,-,LA_0085,asvspoof2019la,,rawboost+codec
data/processed/en_mlaad_augmented/wives_and_daughters_48_f000139_aug.wav,en,spoof,tts,Qwen3-TTS-12Hz-1.7B-Base,-,mlaad,,codec
data/processed/en_mlaad_augmented/wives_and_daughters_13_f000165_aug.wav,en,spoof,tts,tts_models_multilingual_multi-dataset_xtts_v2,-,mlaad,,rawboost+codec
data/processed/en_augmented/LA_T_2193944_aug.wav,en,bonafide,real,-,LA_0083,asvspoof2019la,,none
data/processed/en_mlaad_augmented/jane_eyre_10_f000032_aug.wav,en,spoof,tts,Chatterbox,-,mlaad,,none
data/processed/en_mlaad_augmented/jane_eyre_26_f000079_aug.wav,en,spoof,tts,minimax_speech-2.6-hd,-,mlaad,,rawboost
data/processed/en_mlaad_augmented/dorothy_and_wizard_oz_02_f000092_aug.wav,en,spoof,tts,minimax_speech-2.6-hd,-,mlaad,,rawboost
data/processed/en_augmented/LA_T_4460814_aug.wav,en,bonafide,real,-,LA_0084,asvspoof2019la,,rawboost+codec
data/processed/en_mlaad_augmented/pink_fairy_book_34_f000020_aug.wav,en,spoof,tts,GPT-SoVITS,-,mlaad,,rawboost+codec
data/processed/en_augmented/LA_T_3641295_aug.wav,en,bonafide,real,-,LA_0084,asvspoof2019la,,none
data/processed/en_augmented/LA_T_4844815_aug.wav,en,spoof,tts,A01,LA_0080,asvspoof2019la,,codec
data/processed/en_augmented/LA_T_1226390_aug.wav,en,bonafide,real,-,LA_0092,asvspoof2019la,,codec
data/processed/en_augmented/LA_T_5297168_aug.wav,en,bonafide,real,-,LA_0095,asvspoof2019la,,none
data/processed/en_mlaad_augmented/emerald_city_of_oz_21_f000016_aug.wav,en,spoof,tts,ElevenLabs-v2-Multilingual,-,mlaad,,rawboost
data/processed/en_mlaad_augmented/ozma_of_oz_07_f000021_aug.wav,en,spoof,tts,ElevenLabs-v3,-,mlaad,,rawboost+codec
data/processed/en_mlaad_augmented/jane_eyre_12_f000206_aug.wav,en,spoof,tts,MOSS-TTS-8B,-,mlaad,,codec
data/processed/en_mlaad_augmented/dorothy_and_wizard_oz_12_f000058_aug.wav,en,spoof,tts,kokoro,-,mlaad,,rawboost
data/processed/en_mlaad_augmented/silent_bullet_04_f000084_aug.wav,en,spoof,tts,GPT-SoVITS,-,mlaad,,rawboost
data/processed/en_augmented/LA_T_1735385_aug.wav,en,bonafide,real,-,LA_0080,asvspoof2019la,,codec
data/processed/en_mlaad_augmented/skyisland_17_baum_64kb_f000046_aug.wav,en,spoof,tts,Chatterbox-Turbo,-,mlaad,,none
data/processed/en_mlaad_augmented/wives_and_daughters_28_f000097_aug.wav,en,spoof,tts,ElevenLabs-v3,-,mlaad,,rawboost
data/processed/en_augmented/LA_T_2802903_aug.wav,en,bonafide,real,-,LA_0094,asvspoof2019la,,codec
data/processed/en_mlaad_augmented/wives_and_daughters_47_f000110_aug.wav,en,spoof,tts,Higgs-Audio-V2,-,mlaad,,rawboost
data/processed/en_augmented/LA_T_3075213_aug.wav,en,spoof,tts,A01,LA_0094,asvspoof2019la,,rawboost
data/processed/en_mlaad_augmented/northandsouth_32_f000071_aug.wav,en,spoof,tts,Chatterbox,-,mlaad,,none
data/processed/en_mlaad_augmented/jane_eyre_16_f000045_aug.wav,en,spoof,tts,tts_models_multilingual_multi-dataset_xtts_v2,-,mlaad,,none
data/processed/en_augmented/LA_T_3978678_aug.wav,en,bonafide,real,-,LA_0085,asvspoof2019la,,none
data/processed/en_augmented/LA_T_8861285_aug.wav,en,spoof,tts,A03,LA_0098,asvspoof2019la,,rawboost
data/processed/en_mlaad_augmented/silent_bullet_02_f000109_aug.wav,en,spoof,tts,Higgs-Audio-V2,-,mlaad,,codec
data/processed/en_augmented/LA_T_8833328_aug.wav,en,bonafide,real,-,LA_0091,asvspoof2019la,,rawboost
data/processed/en_mlaad_augmented/the_sea_fairies_12_f000151_aug.wav,en,spoof,tts,MOSS-TTS-8B,-,mlaad,,rawboost
data/processed/en_augmented/LA_T_3104100_aug.wav,en,bonafide,real,-,LA_0091,asvspoof2019la,,rawboost
data/processed/en_augmented/LA_T_1131312_aug.wav,en,bonafide,real,-,LA_0092,asvspoof2019la,,rawboost
data/processed/en_augmented/LA_T_1215743_aug.wav,en,bonafide,real,-,LA_0095,asvspoof2019la,,none
data/processed/en_mlaad_augmented/jane_eyre_32_f000024_aug.wav,en,spoof,tts,ElevenLabs-v2-Multilingual,-,mlaad,,rawboost
data/processed/en_mlaad_augmented/northandsouth_12_f000085_aug.wav,en,spoof,tts,GPT-SoVITS,-,mlaad,,codec
data/processed/en_mlaad_augmented/hunters_space_01_f000034_aug.wav,en,spoof,tts,Chatterbox-Turbo,-,mlaad,,none
data/processed/en_augmented/LA_T_9378157_aug.wav,en,bonafide,real,-,LA_0090,asvspoof2019la,,rawboost
data/processed/en_augmented/LA_T_5462809_aug.wav,en,bonafide,real,-,LA_0086,asvspoof2019la,,none
data/processed/en_augmented/LA_T_1909202_aug.wav,en,bonafide,real,-,LA_0080,asvspoof2019la,,rawboost
data/processed/en_augmented/LA_T_1373249_aug.wav,en,bonafide,real,-,LA_0080,asvspoof2019la,,none
data/processed/en_augmented/LA_T_2684786_aug.wav,en,bonafide,real,-,LA_0087,asvspoof2019la,,rawboost
data/processed/en_mlaad_augmented/northandsouth_18_f000033_aug.wav,en,spoof,tts,MOSS-TTS-8B,-,mlaad,,rawboost
data/processed/en_augmented/LA_T_9122144_aug.wav,en,spoof,vc,A06,LA_0090,asvspoof2019la,,rawboost+codec
data/processed/en_augmented/LA_T_8953087_aug.wav,en,bonafide,real,-,LA_0093,asvspoof2019la,,none
data/processed/en_augmented/LA_T_2079451_aug.wav,en,bonafide,real,-,LA_0097,asvspoof2019la,,codec
data/processed/en_mlaad_augmented/poisoned_pen_12_f000377_aug.wav,en,spoof,tts,ElevenLabs-v3,-,mlaad,,codec
data/processed/en_augmented/LA_T_9324055_aug.wav,en,bonafide,real,-,LA_0096,asvspoof2019la,,codec
data/processed/en_mlaad_augmented/wives_and_daughters_06_f000276_aug.wav,en,spoof,tts,ElevenLabs-v3,-,mlaad,,rawboost
data/processed/en_mlaad_augmented/poisoned_pen_07_f000053_aug.wav,en,spoof,tts,GPT-SoVITS,-,mlaad,,rawboost
data/processed/en_mlaad_augmented/ozma_of_oz_01_f000062_aug.wav,en,spoof,tts,minimax_speech-2.6-hd,-,mlaad,,rawboost
data/processed/en_mlaad_augmented/hunters_space_08_f000064_aug.wav,en,spoof,tts,Higgs-Audio-V2,-,mlaad,,rawboost
data/processed/en_mlaad_augmented/jane_eyre_17_f000337_aug.wav,en,spoof,tts,Higgs-Audio-V2,-,mlaad,,none
data/processed/en_mlaad_augmented/midnight_passenger_05_f000090_aug.wav,en,spoof,tts,ElevenLabs-Turbo-v2.5,-,mlaad,,rawboost+codec
data/processed/en_augmented/LA_T_2534170_aug.wav,en,bonafide,real,-,LA_0096,asvspoof2019la,,rawboost+codec
data/processed/en_augmented/LA_T_5490265_aug.wav,en,bonafide,real,-,LA_0091,asvspoof2019la,,rawboost
data/processed/en_mlaad_augmented/wives_and_daughters_28_f000118_aug.wav,en,spoof,tts,Chatterbox,-,mlaad,,rawboost
data/processed/en_augmented/LA_T_1882969_aug.wav,en,bonafide,real,-,LA_0092,asvspoof2019la,,rawboost+codec
data/processed/en_augmented/LA_T_2987671_aug.wav,en,bonafide,real,-,LA_0095,asvspoof2019la,,none
data/processed/en_augmented/LA_T_6200206_aug.wav,en,bonafide,real,-,LA_0079,asvspoof2019la,,rawboost+codec
data/processed/en_mlaad_augmented/silent_bullet_10_f000084_aug.wav,en,spoof,tts,tts_models_multilingual_multi-dataset_xtts_v2,-,mlaad,,codec
data/processed/en_mlaad_augmented/silent_bullet_06_f000047_aug.wav,en,spoof,tts,Qwen3-TTS-12Hz-1.7B-Base,-,mlaad,,rawboost+codec
data/processed/en_augmented/LA_T_7478780_aug.wav,en,bonafide,real,-,LA_0085,asvspoof2019la,,none
data/processed/en_mlaad_augmented/midnight_passenger_12_f000054_aug.wav,en,spoof,tts,tts_models_multilingual_multi-dataset_xtts_v2,-,mlaad,,rawboost
data/processed/en_augmented/LA_T_9859327_aug.wav,en,bonafide,real,-,LA_0093,asvspoof2019la,,rawboost
data/processed/en_mlaad_augmented/pink_fairy_book_02_f000034_aug.wav,en,spoof,tts,minimax_speech-2.6-hd,-,mlaad,,none
data/processed/en_mlaad_augmented/northandsouth_25_f000041_aug.wav,en,spoof,tts,ElevenLabs-v2-Multilingual,-,mlaad,,none
data/processed/en_mlaad_augmented/poisoned_pen_10_f000024_aug.wav,en,spoof,tts,ElevenLabs-v3,-,mlaad,,none
data/processed/en_augmented/LA_T_1217514_aug.wav,en,bonafide,real,-,LA_0091,asvspoof2019la,,rawboost
data/processed/en_augmented/LA_T_9029058_aug.wav,en,bonafide,real,-,LA_0086,asvspoof2019la,,none
data/processed/en_mlaad_augmented/emerald_city_of_oz_14_f000053_aug.wav,en,spoof,tts,Qwen3-TTS-12Hz-1.7B-Base,-,mlaad,,rawboost
data/processed/en_mlaad_augmented/the_sea_fairies_06_f000067_aug.wav,en,spoof,tts,minimax_speech-2.6-hd,-,mlaad,,none
data/processed/en_augmented/LA_T_7967281_aug.wav,en,spoof,vc,A06,LA_0087,asvspoof2019la,,none
data/processed/en_augmented/LA_T_5954195_aug.wav,en,bonafide,real,-,LA_0079,asvspoof2019la,,none
data/processed/en_augmented/LA_T_4891748_aug.wav,en,bonafide,real,-,LA_0091,asvspoof2019la,,rawboost
data/processed/en_mlaad_augmented/poisoned_pen_10_f000031_aug.wav,en,spoof,tts,kokoro,-,mlaad,,codec
data/processed/en_augmented/LA_T_8887502_aug.wav,en,bonafide,real,-,LA_0093,asvspoof2019la,,codec
data/processed/en_augmented/LA_T_5214235_aug.wav,en,bonafide,real,-,LA_0084,asvspoof2019la,,rawboost+codec
data/processed/en_mlaad_augmented/jane_eyre_11_f000169_aug.wav,en,spoof,tts,minimax_speech-2.6-hd,-,mlaad,,rawboost
data/processed/en_augmented/LA_T_4362109_aug.wav,en,bonafide,real,-,LA_0079,asvspoof2019la,,rawboost
data/processed/en_augmented/LA_T_4774940_aug.wav,en,bonafide,real,-,LA_0098,asvspoof2019la,,rawboost
data/processed/en_augmented/LA_T_2797155_aug.wav,en,bonafide,real,-,LA_0092,asvspoof2019la,,none
data/processed/en_augmented/LA_T_2118892_aug.wav,en,bonafide,real,-,LA_0088,asvspoof2019la,,none
data/processed/en_mlaad_augmented/northandsouth_30_f000019_aug.wav,en,spoof,tts,minimax_speech-2.6-hd,-,mlaad,,rawboost
data/processed/en_augmented/LA_T_4123333_aug.wav,en,bonafide,real,-,LA_0085,asvspoof2019la,,rawboost
data/processed/en_augmented/LA_T_4641716_aug.wav,en,spoof,tts,A04,LA_0093,asvspoof2019la,,codec
data/processed/en_mlaad_augmented/wives_and_daughters_29_f000126_aug.wav,en,spoof,tts,Chatterbox-Turbo,-,mlaad,,none
data/processed/en_augmented/LA_T_5650122_aug.wav,en,bonafide,real,-,LA_0096,asvspoof2019la,,none
data/processed/en_augmented/LA_T_9654665_aug.wav,en,bonafide,real,-,LA_0096,asvspoof2019la,,none
data/processed/en_mlaad_augmented/wives_and_daughters_54_f000070_aug.wav,en,spoof,tts,Higgs-Audio-V2,-,mlaad,,rawboost
data/processed/en_mlaad_augmented/jane_eyre_32_f000012_aug.wav,en,spoof,tts,ElevenLabs-Turbo-v2.5,-,mlaad,,none
data/processed/en_mlaad_augmented/ozma_of_oz_07_f000037_aug.wav,en,spoof,tts,Higgs-Audio-V2,-,mlaad,,rawboost+codec
data/processed/en_mlaad_augmented/wives_and_daughters_42_f000175_aug.wav,en,spoof,tts,minimax_speech-2.6-hd,-,mlaad,,rawboost
data/processed/en_mlaad_augmented/silent_bullet_13_f000228_aug.wav,en,spoof,tts,tts_models_multilingual_multi-dataset_xtts_v2,-,mlaad,,rawboost
data/processed/en_mlaad_augmented/hunters_space_14_f000073_aug.wav,en,spoof,tts,Qwen3-TTS-12Hz-1.7B-Base,-,mlaad,,none
data/processed/en_augmented/LA_T_4197468_aug.wav,en,spoof,tts,A02,LA_0095,asvspoof2019la,,codec
data/processed/en_augmented/LA_T_6760264_aug.wav,en,bonafide,real,-,LA_0089,asvspoof2019la,,rawboost+codec
data/processed/en_mlaad_augmented/wives_and_daughters_45_f000085_aug.wav,en,spoof,tts,minimax_speech-2.6-hd,-,mlaad,,rawboost
data/processed/en_mlaad_augmented/jane_eyre_17_f000396_aug.wav,en,spoof,tts,tts_models_multilingual_multi-dataset_xtts_v2,-,mlaad,,rawboost
data/processed/en_augmented/LA_T_9182456_aug.wav,en,bonafide,real,-,LA_0097,asvspoof2019la,,none
data/processed/en_mlaad_augmented/ozma_of_oz_08_f000010_aug.wav,en,spoof,tts,MOSS-TTS-8B,-,mlaad,,none
data/processed/en_mlaad_augmented/pink_fairy_book_18_f000031_aug.wav,en,spoof,tts,Higgs-Audio-V2,-,mlaad,,rawboost+codec
data/processed/en_augmented/LA_T_7566470_aug.wav,en,bonafide,real,-,LA_0083,asvspoof2019la,,rawboost
data/processed/en_augmented/LA_T_4431542_aug.wav,en,spoof,vc,A05,LA_0085,asvspoof2019la,,rawboost+codec
data/processed/en_augmented/LA_T_6150814_aug.wav,en,bonafide,real,-,LA_0092,asvspoof2019la,,none
data/processed/en_mlaad_augmented/northandsouth_37_f000025_aug.wav,en,spoof,tts,ElevenLabs-v2-Multilingual,-,mlaad,,codec
data/processed/en_mlaad_augmented/midnight_passenger_09_f000139_aug.wav,en,spoof,tts,ElevenLabs-Turbo-v2.5,-,mlaad,,rawboost
data/processed/en_mlaad_augmented/jane_eyre_15_f000008_aug.wav,en,spoof,tts,minimax_speech-2.6-hd,-,mlaad,,none
data/processed/en_mlaad_augmented/wives_and_daughters_10_f000217_aug.wav,en,spoof,tts,tts_models_multilingual_multi-dataset_xtts_v2,-,mlaad,,rawboost
data/processed/en_mlaad_augmented/northandsouth_46_f000221_aug.wav,en,spoof,tts,ElevenLabs-v2-Multilingual,-,mlaad,,rawboost
data/processed/en_mlaad_augmented/emerald_city_of_oz_29_f000022_aug.wav,en,spoof,tts,ElevenLabs-v3,-,mlaad,,none
data/processed/en_augmented/LA_T_1467964_aug.wav,en,bonafide,real,-,LA_0096,asvspoof2019la,,rawboost
data/processed/en_mlaad_augmented/pink_fairy_book_29_f000006_aug.wav,en,spoof,tts,ElevenLabs-v2-Multilingual,-,mlaad,,rawboost
data/processed/en_mlaad_augmented/wives_and_daughters_23_f000013_aug.wav,en,spoof,tts,GPT-SoVITS,-,mlaad,,codec
data/processed/en_mlaad_augmented/midnight_passenger_11_f000058_aug.wav,en,spoof,tts,Chatterbox-Turbo,-,mlaad,,none
data/processed/en_augmented/LA_T_7308381_aug.wav,en,spoof,tts,A04,LA_0088,asvspoof2019la,,codec
data/processed/en_mlaad_augmented/jane_eyre_05_f000097_aug.wav,en,spoof,tts,ElevenLabs-v2-Multilingual,-,mlaad,,none
data/processed/en_augmented/LA_T_9162513_aug.wav,en,bonafide,real,-,LA_0089,asvspoof2019la,,codec
data/processed/en_augmented/LA_T_4292472_aug.wav,en,bonafide,real,-,LA_0081,asvspoof2019la,,none
data/processed/en_augmented/LA_T_4339311_aug.wav,en,bonafide,real,-,LA_0079,asvspoof2019la,,rawboost
data/processed/en_augmented/LA_T_8452659_aug.wav,en,bonafide,real,-,LA_0092,asvspoof2019la,,rawboost
data/processed/en_augmented/LA_T_7985597_aug.wav,en,bonafide,real,-,LA_0088,asvspoof2019la,,rawboost
data/processed/en_augmented/LA_T_5077870_aug.wav,en,bonafide,real,-,LA_0096,asvspoof2019la,,rawboost+codec
data/processed/en_mlaad_augmented/poisoned_pen_10_f000338_aug.wav,en,spoof,tts,ElevenLabs-v3,-,mlaad,,none
data/processed/en_augmented/LA_T_8156237_aug.wav,en,bonafide,real,-,LA_0083,asvspoof2019la,,none
data/processed/en_mlaad_augmented/wives_and_daughters_19_f000093_aug.wav,en,spoof,tts,Chatterbox-Turbo,-,mlaad,,none
data/processed/en_mlaad_augmented/northandsouth_39_f000050_aug.wav,en,spoof,tts,Qwen3-TTS-12Hz-1.7B-Base,-,mlaad,,codec
data/processed/en_mlaad_augmented/northandsouth_50_f000067_aug.wav,en,spoof,tts,ElevenLabs-v2-Multilingual,-,mlaad,,codec
data/processed/en_mlaad_augmented/pink_fairy_book_36_f000029_aug.wav,en,spoof,tts,ElevenLabs-v2-Multilingual,-,mlaad,,rawboost
data/processed/en_augmented/LA_T_9926593_aug.wav,en,bonafide,real,-,LA_0079,asvspoof2019la,,rawboost
data/processed/en_augmented/LA_T_9392152_aug.wav,en,bonafide,real,-,LA_0080,asvspoof2019la,,rawboost+codec
data/processed/en_augmented/LA_T_1208112_aug.wav,en,bonafide,real,-,LA_0089,asvspoof2019la,,rawboost
data/processed/en_mlaad_augmented/wives_and_daughters_39_f000017_aug.wav,en,spoof,tts,ElevenLabs-v3,-,mlaad,,none
data/processed/en_augmented/LA_T_3168689_aug.wav,en,bonafide,real,-,LA_0096,asvspoof2019la,,rawboost+codec
data/processed/en_mlaad_augmented/the_master_key_03_f000075_aug.wav,en,spoof,tts,ElevenLabs-v2-Multilingual,-,mlaad,,none
data/processed/en_mlaad_augmented/northandsouth_15_f000067_aug.wav,en,spoof,tts,minimax_speech-2.6-hd,-,mlaad,,rawboost
data/processed/en_augmented/LA_T_6541032_aug.wav,en,bonafide,real,-,LA_0088,asvspoof2019la,,codec
data/processed/en_augmented/LA_T_5596732_aug.wav,en,bonafide,real,-,LA_0091,asvspoof2019la,,rawboost+codec
data/processed/en_mlaad_augmented/piratesofersatz_08_leinster_64kb_f000049_aug.wav,en,spoof,tts,tts_models_multilingual_multi-dataset_xtts_v2,-,mlaad,,rawboost
data/processed/en_augmented/LA_T_3077492_aug.wav,en,bonafide,real,-,LA_0091,asvspoof2019la,,rawboost
data/processed/en_augmented/LA_T_8865587_aug.wav,en,bonafide,real,-,LA_0083,asvspoof2019la,,none
data/processed/en_augmented/LA_T_6007335_aug.wav,en,bonafide,real,-,LA_0081,asvspoof2019la,,rawboost+codec
data/processed/en_mlaad_augmented/northandsouth_39_f000039_aug.wav,en,spoof,tts,kokoro,-,mlaad,,none
data/processed/en_augmented/LA_T_2205687_aug.wav,en,bonafide,real,-,LA_0079,asvspoof2019la,,rawboost
data/processed/en_augmented/LA_T_8232782_aug.wav,en,bonafide,real,-,LA_0092,asvspoof2019la,,none
data/processed/en_mlaad_augmented/northandsouth_15_f000038_aug.wav,en,spoof,tts,ElevenLabs-v3,-,mlaad,,rawboost
data/processed/en_mlaad_augmented/wives_and_daughters_29_f000094_aug.wav,en,spoof,tts,ElevenLabs-v3,-,mlaad,,codec
data/processed/en_mlaad_augmented/poisoned_pen_11_f000234_aug.wav,en,spoof,tts,ElevenLabs-v2-Multilingual,-,mlaad,,rawboost
data/processed/en_augmented/LA_T_7302615_aug.wav,en,bonafide,real,-,LA_0096,asvspoof2019la,,rawboost
data/processed/en_mlaad_augmented/jane_eyre_08_f000040_aug.wav,en,spoof,tts,Qwen3-TTS-12Hz-1.7B-Base,-,mlaad,,codec
data/processed/en_mlaad_augmented/hunters_space_17_f000027_aug.wav,en,spoof,tts,Chatterbox,-,mlaad,,rawboost+codec
data/processed/en_augmented/LA_T_2136477_aug.wav,en,bonafide,real,-,LA_0095,asvspoof2019la,,rawboost+codec
data/processed/en_mlaad_augmented/northandsouth_07_f000041_aug.wav,en,spoof,tts,tts_models_multilingual_multi-dataset_xtts_v2,-,mlaad,,none
data/processed/en_augmented/LA_T_1568153_aug.wav,en,spoof,vc,A06,LA_0097,asvspoof2019la,,none
data/processed/en_augmented/LA_T_8280464_aug.wav,en,bonafide,real,-,LA_0095,asvspoof2019la,,none
data/processed/en_mlaad_augmented/northandsouth_32_f000023_aug.wav,en,spoof,tts,MOSS-TTS-8B,-,mlaad,,rawboost
data/processed/en_augmented/LA_T_5656982_aug.wav,en,bonafide,real,-,LA_0086,asvspoof2019la,,none
data/processed/en_mlaad_augmented/jane_eyre_13_f000159_aug.wav,en,spoof,tts,kokoro,-,mlaad,,none
data/processed/en_mlaad_augmented/wives_and_daughters_35_f000180_aug.wav,en,spoof,tts,Higgs-Audio-V2,-,mlaad,,rawboost
data/processed/en_augmented/LA_T_5638559_aug.wav,en,bonafide,real,-,LA_0081,asvspoof2019la,,none
data/processed/en_mlaad_augmented/the_sea_fairies_04_f000124_aug.wav,en,spoof,tts,minimax_speech-2.6-hd,-,mlaad,,rawboost
data/processed/en_mlaad_augmented/skyisland_23_baum_64kb_f000098_aug.wav,en,spoof,tts,tts_models_multilingual_multi-dataset_xtts_v2,-,mlaad,,codec
data/processed/en_augmented/LA_T_7085338_aug.wav,en,spoof,tts,A02,LA_0083,asvspoof2019la,,rawboost+codec
data/processed/en_augmented/LA_T_6217520_aug.wav,en,bonafide,real,-,LA_0086,asvspoof2019la,,codec
data/processed/en_mlaad_augmented/wives_and_daughters_47_f000113_aug.wav,en,spoof,tts,Qwen3-TTS-12Hz-1.7B-Base,-,mlaad,,none
data/processed/en_augmented/LA_T_5201581_aug.wav,en,spoof,tts,A02,LA_0098,asvspoof2019la,,rawboost
data/processed/en_augmented/LA_T_1450124_aug.wav,en,bonafide,real,-,LA_0081,asvspoof2019la,,rawboost
data/processed/en_augmented/LA_T_5029038_aug.wav,en,bonafide,real,-,LA_0089,asvspoof2019la,,none
data/processed/en_augmented/LA_T_3154528_aug.wav,en,bonafide,real,-,LA_0084,asvspoof2019la,,codec
data/processed/en_augmented/LA_T_9192060_aug.wav,en,bonafide,real,-,LA_0085,asvspoof2019la,,rawboost+codec
data/processed/en_augmented/LA_T_2925763_aug.wav,en,bonafide,real,-,LA_0082,asvspoof2019la,,rawboost+codec
data/processed/en_mlaad_augmented/pink_fairy_book_19_f000111_aug.wav,en,spoof,tts,Chatterbox-Turbo,-,mlaad,,rawboost+codec
data/processed/en_augmented/LA_T_7411125_aug.wav,en,spoof,tts,A01,LA_0091,asvspoof2019la,,codec
data/processed/en_mlaad_augmented/skyisland_27_baum_64kb_f000011_aug.wav,en,spoof,tts,Qwen3-TTS-12Hz-1.7B-Base,-,mlaad,,rawboost
data/processed/en_augmented/LA_T_6650632_aug.wav,en,bonafide,real,-,LA_0096,asvspoof2019la,,rawboost
data/processed/en_augmented/LA_T_5691156_aug.wav,en,bonafide,real,-,LA_0097,asvspoof2019la,,none
data/processed/en_augmented/LA_T_5787857_aug.wav,en,bonafide,real,-,LA_0082,asvspoof2019la,,rawboost+codec
data/processed/en_augmented/LA_T_4428088_aug.wav,en,bonafide,real,-,LA_0083,asvspoof2019la,,none
data/processed/en_mlaad_augmented/jane_eyre_20_f000200_aug.wav,en,spoof,tts,Chatterbox,-,mlaad,,rawboost
data/processed/en_augmented/LA_T_1272637_aug.wav,en,bonafide,real,-,LA_0079,asvspoof2019la,,rawboost
data/processed/en_augmented/LA_T_3249684_aug.wav,en,bonafide,real,-,LA_0095,asvspoof2019la,,codec
data/processed/en_augmented/LA_T_8541274_aug.wav,en,bonafide,real,-,LA_0080,asvspoof2019la,,rawboost
data/processed/en_augmented/LA_T_3724264_aug.wav,en,bonafide,real,-,LA_0093,asvspoof2019la,,none
data/processed/en_mlaad_augmented/poisoned_pen_11_f000142_aug.wav,en,spoof,tts,Chatterbox-Turbo,-,mlaad,,rawboost+codec
data/processed/en_augmented/LA_T_6058119_aug.wav,en,bonafide,real,-,LA_0082,asvspoof2019la,,none
data/processed/en_augmented/LA_T_5866152_aug.wav,en,bonafide,real,-,LA_0095,asvspoof2019la,,none
data/processed/en_mlaad_augmented/poisoned_pen_10_f000193_aug.wav,en,spoof,tts,Chatterbox-Turbo,-,mlaad,,codec
data/processed/en_augmented/LA_T_1202428_aug.wav,en,spoof,vc,A06,LA_0080,asvspoof2019la,,none
data/processed/en_augmented/LA_T_4130056_aug.wav,en,bonafide,real,-,LA_0095,asvspoof2019la,,rawboost+codec
data/processed/en_augmented/LA_T_1075018_aug.wav,en,bonafide,real,-,LA_0088,asvspoof2019la,,rawboost
data/processed/en_augmented/LA_T_6591503_aug.wav,en,bonafide,real,-,LA_0085,asvspoof2019la,,rawboost
data/processed/en_mlaad_augmented/wives_and_daughters_09_f000013_aug.wav,en,spoof,tts,minimax_speech-2.6-hd,-,mlaad,,rawboost
data/processed/en_mlaad_augmented/the_sea_fairies_20_f000006_aug.wav,en,spoof,tts,Qwen3-TTS-12Hz-1.7B-Base,-,mlaad,,none
data/processed/en_augmented/LA_T_3582106_aug.wav,en,bonafide,real,-,LA_0087,asvspoof2019la,,rawboost+codec
data/processed/en_mlaad_augmented/wives_and_daughters_21_f000042_aug.wav,en,spoof,tts,ElevenLabs-Turbo-v2.5,-,mlaad,,none
data/processed/en_augmented/LA_T_2606704_aug.wav,en,bonafide,real,-,LA_0094,asvspoof2019la,,none
data/processed/en_augmented/LA_T_2616885_aug.wav,en,bonafide,real,-,LA_0094,asvspoof2019la,,none
data/processed/en_augmented/LA_T_9073024_aug.wav,en,bonafide,real,-,LA_0095,asvspoof2019la,,none
data/processed/en_augmented/LA_T_6487011_aug.wav,en,bonafide,real,-,LA_0087,asvspoof2019la,,rawboost
data/processed/en_mlaad_augmented/hunters_space_16_f000081_aug.wav,en,spoof,tts,ElevenLabs-v3,-,mlaad,,rawboost
data/processed/en_augmented/LA_T_4668575_aug.wav,en,bonafide,real,-,LA_0093,asvspoof2019la,,rawboost+codec
data/processed/en_augmented/LA_T_9971213_aug.wav,en,bonafide,real,-,LA_0094,asvspoof2019la,,codec
data/processed/en_augmented/LA_T_1447757_aug.wav,en,bonafide,real,-,LA_0098,asvspoof2019la,,codec
data/processed/en_mlaad_augmented/wives_and_daughters_59_f000124_aug.wav,en,spoof,tts,ElevenLabs-v3,-,mlaad,,codec
data/processed/en_augmented/LA_T_4300273_aug.wav,en,bonafide,real,-,LA_0089,asvspoof2019la,,codec
data/processed/en_mlaad_augmented/silent_bullet_05_f000151_aug.wav,en,spoof,tts,GPT-SoVITS,-,mlaad,,rawboost
data/processed/en_mlaad_augmented/midnight_passenger_08_f000270_aug.wav,en,spoof,tts,tts_models_multilingual_multi-dataset_xtts_v2,-,mlaad,,none
data/processed/en_mlaad_augmented/wives_and_daughters_50_f000107_aug.wav,en,spoof,tts,ElevenLabs-v2-Multilingual,-,mlaad,,none
data/processed/en_augmented/LA_T_2822179_aug.wav,en,bonafide,real,-,LA_0084,asvspoof2019la,,rawboost
data/processed/en_augmented/LA_T_4484196_aug.wav,en,bonafide,real,-,LA_0090,asvspoof2019la,,codec
data/processed/en_augmented/LA_T_1933449_aug.wav,en,bonafide,real,-,LA_0083,asvspoof2019la,,none
data/processed/en_mlaad_augmented/wives_and_daughters_35_f000179_aug.wav,en,spoof,tts,MOSS-TTS-8B,-,mlaad,,codec
data/processed/en_augmented/LA_T_2862832_aug.wav,en,bonafide,real,-,LA_0097,asvspoof2019la,,none
data/processed/en_augmented/LA_T_2715624_aug.wav,en,bonafide,real,-,LA_0089,asvspoof2019la,,none
data/processed/en_augmented/LA_T_4456087_aug.wav,en,bonafide,real,-,LA_0094,asvspoof2019la,,none
data/processed/en_mlaad_augmented/dorothy_and_wizard_oz_03_f000026_aug.wav,en,spoof,tts,Chatterbox,-,mlaad,,codec
data/processed/en_mlaad_augmented/silent_bullet_06_f000219_aug.wav,en,spoof,tts,ElevenLabs-Turbo-v2.5,-,mlaad,,none
data/processed/en_augmented/LA_T_7839314_aug.wav,en,bonafide,real,-,LA_0084,asvspoof2019la,,codec
data/processed/en_augmented/LA_T_9331433_aug.wav,en,bonafide,real,-,LA_0098,asvspoof2019la,,rawboost
data/processed/en_mlaad_augmented/midnight_passenger_05_f000113_aug.wav,en,spoof,tts,tts_models_multilingual_multi-dataset_xtts_v2,-,mlaad,,rawboost
data/processed/en_augmented/LA_T_9949256_aug.wav,en,bonafide,real,-,LA_0094,asvspoof2019la,,codec
data/processed/en_augmented/LA_T_3860059_aug.wav,en,bonafide,real,-,LA_0093,asvspoof2019la,,none
data/processed/en_mlaad_augmented/wives_and_daughters_33_f000110_aug.wav,en,spoof,tts,Chatterbox,-,mlaad,,rawboost
data/processed/en_mlaad_augmented/northandsouth_46_f000047_aug.wav,en,spoof,tts,minimax_speech-2.6-hd,-,mlaad,,rawboost
data/processed/en_mlaad_augmented/northandsouth_50_f000172_aug.wav,en,spoof,tts,Higgs-Audio-V2,-,mlaad,,rawboost+codec
data/processed/en_augmented/LA_T_3840528_aug.wav,en,bonafide,real,-,LA_0080,asvspoof2019la,,none
data/processed/en_augmented/LA_T_1770624_aug.wav,en,bonafide,real,-,LA_0088,asvspoof2019la,,none
data/processed/en_mlaad_augmented/wives_and_daughters_27_f000007_aug.wav,en,spoof,tts,tts_models_multilingual_multi-dataset_xtts_v2,-,mlaad,,rawboost
data/processed/en_mlaad_augmented/midnight_passenger_13_f000064_aug.wav,en,spoof,tts,ElevenLabs-Turbo-v2.5,-,mlaad,,rawboost
data/processed/en_mlaad_augmented/ozma_of_oz_09_f000025_aug.wav,en,spoof,tts,minimax_speech-2.6-hd,-,mlaad,,rawboost
data/processed/en_mlaad_augmented/rinkitink_baum_04_64kb_f000012_aug.wav,en,spoof,tts,Higgs-Audio-V2,-,mlaad,,none
data/processed/en_mlaad_augmented/wives_and_daughters_23_f000144_aug.wav,en,spoof,tts,Higgs-Audio-V2,-,mlaad,,rawboost
data/processed/en_augmented/LA_T_1394641_aug.wav,en,bonafide,real,-,LA_0087,asvspoof2019la,,none
data/processed/en_mlaad_augmented/jane_eyre_04_f000095_aug.wav,en,spoof,tts,Qwen3-TTS-12Hz-1.7B-Base,-,mlaad,,codec
data/processed/en_augmented/LA_T_9857249_aug.wav,en,bonafide,real,-,LA_0095,asvspoof2019la,,none
data/processed/en_augmented/LA_T_4365113_aug.wav,en,bonafide,real,-,LA_0086,asvspoof2019la,,rawboost+codec
data/processed/en_augmented/LA_T_9569208_aug.wav,en,bonafide,real,-,LA_0097,asvspoof2019la,,rawboost
data/processed/en_augmented/LA_T_4348949_aug.wav,en,bonafide,real,-,LA_0083,asvspoof2019la,,none
data/processed/en_mlaad_augmented/poisoned_pen_07_f000068_aug.wav,en,spoof,tts,ElevenLabs-v2-Multilingual,-,mlaad,,codec
data/processed/en_mlaad_augmented/northandsouth_41_f000143_aug.wav,en,spoof,tts,ElevenLabs-v3,-,mlaad,,none
data/processed/en_augmented/LA_T_2123366_aug.wav,en,bonafide,real,-,LA_0094,asvspoof2019la,,none
data/processed/en_augmented/LA_T_5989009_aug.wav,en,bonafide,real,-,LA_0094,asvspoof2019la,,rawboost
data/processed/en_augmented/LA_T_5061172_aug.wav,en,bonafide,real,-,LA_0088,asvspoof2019la,,rawboost
data/processed/en_mlaad_augmented/midnight_passenger_09_f000235_aug.wav,en,spoof,tts,kokoro,-,mlaad,,rawboost
data/processed/en_augmented/LA_T_2245366_aug.wav,en,bonafide,real,-,LA_0088,asvspoof2019la,,rawboost+codec
data/processed/en_augmented/LA_T_4035112_aug.wav,en,bonafide,real,-,LA_0091,asvspoof2019la,,rawboost+codec
data/processed/en_mlaad_augmented/the_sea_fairies_21_f000036_aug.wav,en,spoof,tts,ElevenLabs-v2-Multilingual,-,mlaad,,codec
data/processed/en_augmented/LA_T_7686559_aug.wav,en,bonafide,real,-,LA_0091,asvspoof2019la,,none
data/processed/en_augmented/LA_T_6390530_aug.wav,en,bonafide,real,-,LA_0086,asvspoof2019la,,rawboost+codec
data/processed/en_mlaad_augmented/northandsouth_29_f000108_aug.wav,en,spoof,tts,Qwen3-TTS-12Hz-1.7B-Base,-,mlaad,,rawboost+codec
data/processed/en_augmented/LA_T_8062147_aug.wav,en,bonafide,real,-,LA_0090,asvspoof2019la,,none
data/processed/en_augmented/LA_T_7633686_aug.wav,en,bonafide,real,-,LA_0096,asvspoof2019la,,rawboost+codec
data/processed/en_mlaad_augmented/dorothy_and_wizard_oz_15_f000035_aug.wav,en,spoof,tts,kokoro,-,mlaad,,rawboost+codec
data/processed/en_augmented/LA_T_6692628_aug.wav,en,bonafide,real,-,LA_0092,asvspoof2019la,,rawboost
data/processed/en_mlaad_augmented/silent_bullet_12_f000079_aug.wav,en,spoof,tts,ElevenLabs-Turbo-v2.5,-,mlaad,,rawboost+codec
data/processed/en_augmented/LA_T_7027837_aug.wav,en,bonafide,real,-,LA_0096,asvspoof2019la,,codec
data/processed/en_mlaad_augmented/wives_and_daughters_34_f000054_aug.wav,en,spoof,tts,minimax_speech-2.6-hd,-,mlaad,,codec
data/processed/en_mlaad_augmented/the_sea_fairies_20_f000151_aug.wav,en,spoof,tts,minimax_speech-2.6-hd,-,mlaad,,none
data/processed/en_augmented/LA_T_9169770_aug.wav,en,bonafide,real,-,LA_0095,asvspoof2019la,,none
data/processed/en_augmented/LA_T_2866573_aug.wav,en,bonafide,real,-,LA_0096,asvspoof2019la,,rawboost+codec
data/processed/en_augmented/LA_T_4053835_aug.wav,en,bonafide,real,-,LA_0079,asvspoof2019la,,rawboost
data/processed/en_mlaad_augmented/jane_eyre_22_f000058_aug.wav,en,spoof,tts,Chatterbox,-,mlaad,,rawboost+codec
data/processed/en_mlaad_augmented/wives_and_daughters_45_f000112_aug.wav,en,spoof,tts,MOSS-TTS-8B,-,mlaad,,codec
data/processed/en_mlaad_augmented/midnight_passenger_03_f000212_aug.wav,en,spoof,tts,Chatterbox-Turbo,-,mlaad,,codec
data/processed/en_mlaad_augmented/pink_fairy_book_39_f000043_aug.wav,en,spoof,tts,ElevenLabs-v3,-,mlaad,,none
data/processed/en_augmented/LA_T_4614402_aug.wav,en,bonafide,real,-,LA_0086,asvspoof2019la,,rawboost+codec
data/processed/en_mlaad_augmented/piratesofersatz_03_leinster_64kb_f000019_aug.wav,en,spoof,tts,ElevenLabs-v3,-,mlaad,,codec
data/processed/en_augmented/LA_T_3831604_aug.wav,en,bonafide,real,-,LA_0085,asvspoof2019la,,rawboost+codec
data/processed/en_mlaad_augmented/wives_and_daughters_07_f000132_aug.wav,en,spoof,tts,Qwen3-TTS-12Hz-1.7B-Base,-,mlaad,,rawboost
data/processed/en_augmented/LA_T_3580508_aug.wav,en,bonafide,real,-,LA_0079,asvspoof2019la,,rawboost+codec
data/processed/en_mlaad_augmented/wives_and_daughters_57_f000119_aug.wav,en,spoof,tts,Chatterbox-Turbo,-,mlaad,,rawboost
data/processed/en_mlaad_augmented/the_sea_fairies_01_f000054_aug.wav,en,spoof,tts,ElevenLabs-v2-Multilingual,-,mlaad,,rawboost+codec
data/processed/en_augmented/LA_T_2003699_aug.wav,en,bonafide,real,-,LA_0096,asvspoof2019la,,rawboost
data/processed/en_mlaad_augmented/wives_and_daughters_26_f000103_aug.wav,en,spoof,tts,Chatterbox-Turbo,-,mlaad,,rawboost+codec
data/processed/en_augmented/LA_T_2634789_aug.wav,en,bonafide,real,-,LA_0081,asvspoof2019la,,rawboost
data/processed/en_mlaad_augmented/wives_and_daughters_36_f000079_aug.wav,en,spoof,tts,tts_models_multilingual_multi-dataset_xtts_v2,-,mlaad,,codec
data/processed/en_mlaad_augmented/midnight_passenger_12_f000098_aug.wav,en,spoof,tts,tts_models_multilingual_multi-dataset_xtts_v2,-,mlaad,,rawboost
data/processed/en_augmented/LA_T_2257126_aug.wav,en,bonafide,real,-,LA_0088,asvspoof2019la,,codec
data/processed/en_mlaad_augmented/rinkitink_baum_18_64kb_f000113_aug.wav,en,spoof,tts,Qwen3-TTS-12Hz-1.7B-Base,-,mlaad,,rawboost
data/processed/en_mlaad_augmented/poisoned_pen_02_f000142_aug.wav,en,spoof,tts,ElevenLabs-Turbo-v2.5,-,mlaad,,none
data/processed/en_mlaad_augmented/midnight_passenger_13_f000031_aug.wav,en,spoof,tts,ElevenLabs-v3,-,mlaad,,rawboost+codec
data/processed/en_mlaad_augmented/midnight_passenger_11_f000185_aug.wav,en,spoof,tts,Chatterbox,-,mlaad,,none
data/processed/en_augmented/LA_T_5654988_aug.wav,en,bonafide,real,-,LA_0090,asvspoof2019la,,rawboost
data/processed/en_augmented/LA_T_4296255_aug.wav,en,spoof,vc,A06,LA_0084,asvspoof2019la,,rawboost
data/processed/en_augmented/LA_T_2139401_aug.wav,en,bonafide,real,-,LA_0086,asvspoof2019la,,rawboost
data/processed/en_mlaad_augmented/wives_and_daughters_08_f000173_aug.wav,en,spoof,tts,ElevenLabs-Turbo-v2.5,-,mlaad,,rawboost
data/processed/en_augmented/LA_T_1459453_aug.wav,en,bonafide,real,-,LA_0097,asvspoof2019la,,rawboost+codec
data/processed/en_augmented/LA_T_1669827_aug.wav,en,bonafide,real,-,LA_0098,asvspoof2019la,,rawboost
data/processed/en_augmented/LA_T_8172146_aug.wav,en,bonafide,real,-,LA_0089,asvspoof2019la,,rawboost+codec
data/processed/en_mlaad_augmented/the_sea_fairies_05_f000039_aug.wav,en,spoof,tts,tts_models_multilingual_multi-dataset_xtts_v2,-,mlaad,,rawboost
data/processed/en_mlaad_augmented/wives_and_daughters_05_f000217_aug.wav,en,spoof,tts,Qwen3-TTS-12Hz-1.7B-Base,-,mlaad,,none
data/processed/en_augmented/LA_T_5637214_aug.wav,en,bonafide,real,-,LA_0084,asvspoof2019la,,none
data/processed/en_mlaad_augmented/jane_eyre_16_f000001_aug.wav,en,spoof,tts,kokoro,-,mlaad,,rawboost+codec
data/processed/en_augmented/LA_T_9431341_aug.wav,en,bonafide,real,-,LA_0079,asvspoof2019la,,rawboost+codec
data/processed/en_mlaad_augmented/jane_eyre_35_f000200_aug.wav,en,spoof,tts,Qwen3-TTS-12Hz-1.7B-Base,-,mlaad,,rawboost
data/processed/en_augmented/LA_T_8406833_aug.wav,en,bonafide,real,-,LA_0088,asvspoof2019la,,codec
data/processed/en_augmented/LA_T_5656942_aug.wav,en,bonafide,real,-,LA_0095,asvspoof2019la,,none
data/processed/en_augmented/LA_T_8196808_aug.wav,en,bonafide,real,-,LA_0084,asvspoof2019la,,rawboost+codec
data/processed/en_augmented/LA_T_7974459_aug.wav,en,bonafide,real,-,LA_0083,asvspoof2019la,,codec
data/processed/en_augmented/LA_T_1853533_aug.wav,en,bonafide,real,-,LA_0092,asvspoof2019la,,rawboost
data/processed/en_augmented/LA_T_5112094_aug.wav,en,bonafide,real,-,LA_0090,asvspoof2019la,,rawboost
data/processed/en_augmented/LA_T_4654973_aug.wav,en,bonafide,real,-,LA_0096,asvspoof2019la,,none
data/processed/en_mlaad_augmented/pink_fairy_book_12_f000193_aug.wav,en,spoof,tts,GPT-SoVITS,-,mlaad,,codec
data/processed/en_mlaad_augmented/jane_eyre_37_f000061_aug.wav,en,spoof,tts,ElevenLabs-v2-Multilingual,-,mlaad,,rawboost
data/processed/en_augmented/LA_T_3025335_aug.wav,en,bonafide,real,-,LA_0094,asvspoof2019la,,rawboost
data/processed/en_mlaad_augmented/northandsouth_41_f000068_aug.wav,en,spoof,tts,tts_models_multilingual_multi-dataset_xtts_v2,-,mlaad,,none
data/processed/en_mlaad_augmented/wives_and_daughters_42_f000033_aug.wav,en,spoof,tts,Higgs-Audio-V2,-,mlaad,,none
data/processed/en_augmented/LA_T_5265204_aug.wav,en,bonafide,real,-,LA_0091,asvspoof2019la,,codec
data/processed/en_augmented/LA_T_1029184_aug.wav,en,bonafide,real,-,LA_0096,asvspoof2019la,,none
data/processed/en_augmented/LA_T_6708956_aug.wav,en,bonafide,real,-,LA_0087,asvspoof2019la,,rawboost
data/processed/en_mlaad_augmented/pink_fairy_book_02_f000030_aug.wav,en,spoof,tts,Higgs-Audio-V2,-,mlaad,,codec
data/processed/en_mlaad_augmented/midnight_passenger_13_f000214_aug.wav,en,spoof,tts,Higgs-Audio-V2,-,mlaad,,none
data/processed/en_augmented/LA_T_3643851_aug.wav,en,bonafide,real,-,LA_0084,asvspoof2019la,,rawboost
data/processed/en_augmented/LA_T_8220892_aug.wav,en,bonafide,real,-,LA_0087,asvspoof2019la,,rawboost
data/processed/en_augmented/LA_T_7776792_aug.wav,en,bonafide,real,-,LA_0091,asvspoof2019la,,none
data/processed/en_mlaad_augmented/dorothy_and_wizard_oz_07_f000019_aug.wav,en,spoof,tts,ElevenLabs-Turbo-v2.5,-,mlaad,,rawboost
data/processed/en_augmented/LA_T_6082136_aug.wav,en,bonafide,real,-,LA_0091,asvspoof2019la,,codec
data/processed/en_mlaad_augmented/the_sea_fairies_14_f000097_aug.wav,en,spoof,tts,MOSS-TTS-8B,-,mlaad,,none
data/processed/en_augmented/LA_T_8726287_aug.wav,en,bonafide,real,-,LA_0088,asvspoof2019la,,rawboost
data/processed/en_mlaad_augmented/jane_eyre_28_f000035_aug.wav,en,spoof,tts,ElevenLabs-Turbo-v2.5,-,mlaad,,rawboost
data/processed/en_mlaad_augmented/northandsouth_14_f000006_aug.wav,en,spoof,tts,Higgs-Audio-V2,-,mlaad,,rawboost
data/processed/en_augmented/LA_T_4328032_aug.wav,en,spoof,tts,A01,LA_0095,asvspoof2019la,,none
data/processed/en_mlaad_augmented/jane_eyre_24_f000225_aug.wav,en,spoof,tts,ElevenLabs-Turbo-v2.5,-,mlaad,,rawboost
data/processed/en_augmented/LA_T_2601192_aug.wav,en,bonafide,real,-,LA_0091,asvspoof2019la,,rawboost
data/processed/en_augmented/LA_T_6507923_aug.wav,en,spoof,vc,A06,LA_0079,asvspoof2019la,,rawboost+codec
data/processed/en_augmented/LA_T_4198628_aug.wav,en,bonafide,real,-,LA_0082,asvspoof2019la,,none
data/processed/en_mlaad_augmented/poisoned_pen_12_f000239_aug.wav,en,spoof,tts,ElevenLabs-v3,-,mlaad,,rawboost
data/processed/en_mlaad_augmented/wives_and_daughters_44_f000085_aug.wav,en,spoof,tts,Chatterbox,-,mlaad,,none
data/processed/en_augmented/LA_T_8353042_aug.wav,en,bonafide,real,-,LA_0092,asvspoof2019la,,none
data/processed/en_mlaad_augmented/skyisland_18_baum_64kb_f000039_aug.wav,en,spoof,tts,ElevenLabs-v2-Multilingual,-,mlaad,,none
data/processed/en_mlaad_augmented/jane_eyre_18_f000002_aug.wav,en,spoof,tts,ElevenLabs-v3,-,mlaad,,rawboost
data/processed/en_augmented/LA_T_8025784_aug.wav,en,bonafide,real,-,LA_0081,asvspoof2019la,,rawboost
data/processed/en_augmented/LA_T_5140325_aug.wav,en,bonafide,real,-,LA_0084,asvspoof2019la,,codec
data/processed/en_augmented/LA_T_9321757_aug.wav,en,bonafide,real,-,LA_0093,asvspoof2019la,,rawboost
data/processed/en_augmented/LA_T_8585150_aug.wav,en,bonafide,real,-,LA_0098,asvspoof2019la,,rawboost
data/processed/en_mlaad_augmented/wives_and_daughters_09_f000148_aug.wav,en,spoof,tts,ElevenLabs-Turbo-v2.5,-,mlaad,,none
data/processed/en_augmented/LA_T_2508565_aug.wav,en,bonafide,real,-,LA_0093,asvspoof2019la,,rawboost
data/processed/en_augmented/LA_T_7121055_aug.wav,en,bonafide,real,-,LA_0088,asvspoof2019la,,none
data/processed/en_augmented/LA_T_6982603_aug.wav,en,bonafide,real,-,LA_0084,asvspoof2019la,,codec
data/processed/en_augmented/LA_T_6370865_aug.wav,en,bonafide,real,-,LA_0079,asvspoof2019la,,rawboost
data/processed/en_augmented/LA_T_2866777_aug.wav,en,bonafide,real,-,LA_0081,asvspoof2019la,,rawboost
data/processed/en_mlaad_augmented/northandsouth_29_f000028_aug.wav,en,spoof,tts,Higgs-Audio-V2,-,mlaad,,rawboost+codec
data/processed/en_augmented/LA_T_5123366_aug.wav,en,bonafide,real,-,LA_0081,asvspoof2019la,,rawboost+codec
data/processed/en_augmented/LA_T_3026804_aug.wav,en,bonafide,real,-,LA_0082,asvspoof2019la,,rawboost
data/processed/en_mlaad_augmented/skyisland_01_baum_64kb_f000041_aug.wav,en,spoof,tts,Higgs-Audio-V2,-,mlaad,,rawboost
data/processed/en_augmented/LA_T_2023579_aug.wav,en,bonafide,real,-,LA_0095,asvspoof2019la,,none
data/processed/en_augmented/LA_T_3560086_aug.wav,en,bonafide,real,-,LA_0095,asvspoof2019la,,rawboost
data/processed/en_augmented/LA_T_9882639_aug.wav,en,bonafide,real,-,LA_0087,asvspoof2019la,,none
data/processed/en_augmented/LA_T_4898635_aug.wav,en,bonafide,real,-,LA_0087,asvspoof2019la,,rawboost
data/processed/en_augmented/LA_T_7447351_aug.wav,en,bonafide,real,-,LA_0096,asvspoof2019la,,none
data/processed/en_mlaad_augmented/jane_eyre_28_f000198_aug.wav,en,spoof,tts,MOSS-TTS-8B,-,mlaad,,none
data/processed/en_augmented/LA_T_1302542_aug.wav,en,bonafide,real,-,LA_0086,asvspoof2019la,,rawboost+codec
data/processed/en_augmented/LA_T_3638527_aug.wav,en,spoof,tts,A03,LA_0079,asvspoof2019la,,none
data/processed/en_augmented/LA_T_8430551_aug.wav,en,bonafide,real,-,LA_0089,asvspoof2019la,,rawboost+codec
data/processed/en_augmented/LA_T_4772321_aug.wav,en,bonafide,real,-,LA_0082,asvspoof2019la,,rawboost+codec
data/processed/en_mlaad_augmented/dorothy_and_wizard_oz_19_f000085_aug.wav,en,spoof,tts,Chatterbox-Turbo,-,mlaad,,none
data/processed/en_mlaad_augmented/jane_eyre_05_f000217_aug.wav,en,spoof,tts,Chatterbox-Turbo,-,mlaad,,rawboost
data/processed/en_augmented/LA_T_7661468_aug.wav,en,bonafide,real,-,LA_0087,asvspoof2019la,,rawboost
data/processed/en_mlaad_augmented/jane_eyre_09_f000129_aug.wav,en,spoof,tts,Chatterbox-Turbo,-,mlaad,,none
data/processed/en_mlaad_augmented/the_sea_fairies_17_f000148_aug.wav,en,spoof,tts,minimax_speech-2.6-hd,-,mlaad,,codec
data/processed/en_augmented/LA_T_8162915_aug.wav,en,bonafide,real,-,LA_0097,asvspoof2019la,,rawboost+codec
data/processed/en_mlaad_augmented/northandsouth_42_f000155_aug.wav,en,spoof,tts,Chatterbox-Turbo,-,mlaad,,rawboost+codec
data/processed/en_augmented/LA_T_1075302_aug.wav,en,bonafide,real,-,LA_0097,asvspoof2019la,,codec
data/processed/en_augmented/LA_T_1141342_aug.wav,en,bonafide,real,-,LA_0091,asvspoof2019la,,rawboost
data/processed/en_mlaad_augmented/poisoned_pen_05_f000173_aug.wav,en,spoof,tts,tts_models_multilingual_multi-dataset_xtts_v2,-,mlaad,,none
data/processed/en_augmented/LA_T_5960681_aug.wav,en,bonafide,real,-,LA_0098,asvspoof2019la,,rawboost
data/processed/en_augmented/LA_T_1160090_aug.wav,en,bonafide,real,-,LA_0087,asvspoof2019la,,rawboost
data/processed/en_mlaad_augmented/northandsouth_36_f000111_aug.wav,en,spoof,tts,Chatterbox,-,mlaad,,none
data/processed/en_augmented/LA_T_8344139_aug.wav,en,bonafide,real,-,LA_0081,asvspoof2019la,,none
data/processed/en_augmented/LA_T_2973329_aug.wav,en,bonafide,real,-,LA_0098,asvspoof2019la,,none
data/processed/en_augmented/LA_T_6958535_aug.wav,en,bonafide,real,-,LA_0087,asvspoof2019la,,rawboost
data/processed/en_mlaad_augmented/wives_and_daughters_17_f000036_aug.wav,en,spoof,tts,Chatterbox,-,mlaad,,none
data/processed/en_mlaad_augmented/jane_eyre_17_f000355_aug.wav,en,spoof,tts,tts_models_multilingual_multi-dataset_xtts_v2,-,mlaad,,rawboost
data/processed/en_mlaad_augmented/jane_eyre_01_f000059_aug.wav,en,spoof,tts,Qwen3-TTS-12Hz-1.7B-Base,-,mlaad,,none
data/processed/en_augmented/LA_T_5879219_aug.wav,en,bonafide,real,-,LA_0095,asvspoof2019la,,rawboost
data/processed/en_augmented/LA_T_8107610_aug.wav,en,bonafide,real,-,LA_0095,asvspoof2019la,,rawboost
data/processed/en_mlaad_augmented/northandsouth_37_f000110_aug.wav,en,spoof,tts,minimax_speech-2.6-hd,-,mlaad,,codec
data/processed/en_augmented/LA_T_1158271_aug.wav,en,spoof,tts,A03,LA_0085,asvspoof2019la,,codec
data/processed/en_mlaad_augmented/jane_eyre_25_f000124_aug.wav,en,spoof,tts,MOSS-TTS-8B,-,mlaad,,none
data/processed/en_augmented/LA_T_7490764_aug.wav,en,bonafide,real,-,LA_0089,asvspoof2019la,,rawboost
data/processed/en_augmented/LA_T_3643681_aug.wav,en,bonafide,real,-,LA_0086,asvspoof2019la,,none
data/processed/en_augmented/LA_T_1269847_aug.wav,en,bonafide,real,-,LA_0083,asvspoof2019la,,rawboost
data/processed/en_mlaad_augmented/wives_and_daughters_05_f000085_aug.wav,en,spoof,tts,GPT-SoVITS,-,mlaad,,rawboost+codec
data/processed/en_mlaad_augmented/wives_and_daughters_51_f000032_aug.wav,en,spoof,tts,ElevenLabs-Turbo-v2.5,-,mlaad,,rawboost
data/processed/en_augmented/LA_T_6144368_aug.wav,en,bonafide,real,-,LA_0089,asvspoof2019la,,none
data/processed/en_mlaad_augmented/wives_and_daughters_10_f000094_aug.wav,en,spoof,tts,GPT-SoVITS,-,mlaad,,none
data/processed/en_mlaad_augmented/northandsouth_20_f000102_aug.wav,en,spoof,tts,MOSS-TTS-8B,-,mlaad,,rawboost
data/processed/en_augmented/LA_T_2454697_aug.wav,en,bonafide,real,-,LA_0084,asvspoof2019la,,rawboost
data/processed/en_mlaad_augmented/piratesofersatz_11_leinster_64kb_f000050_aug.wav,en,spoof,tts,Chatterbox,-,mlaad,,none
data/processed/en_augmented/LA_T_3226167_aug.wav,en,bonafide,real,-,LA_0082,asvspoof2019la,,codec
data/processed/en_mlaad_augmented/northandsouth_13_f000057_aug.wav,en,spoof,tts,tts_models_multilingual_multi-dataset_xtts_v2,-,mlaad,,none
data/processed/en_augmented/LA_T_7975097_aug.wav,en,spoof,tts,A01,LA_0096,asvspoof2019la,,none
data/processed/en_mlaad_augmented/northandsouth_11_f000034_aug.wav,en,spoof,tts,Chatterbox-Turbo,-,mlaad,,codec
data/processed/en_mlaad_augmented/jane_eyre_27_f000153_aug.wav,en,spoof,tts,ElevenLabs-Turbo-v2.5,-,mlaad,,rawboost
data/processed/en_mlaad_augmented/northandsouth_03_f000158_aug.wav,en,spoof,tts,Chatterbox-Turbo,-,mlaad,,rawboost
data/processed/en_augmented/LA_T_2901163_aug.wav,en,bonafide,real,-,LA_0094,asvspoof2019la,,none
data/processed/en_mlaad_augmented/northandsouth_31_f000091_aug.wav,en,spoof,tts,Chatterbox,-,mlaad,,rawboost+codec
data/processed/en_mlaad_augmented/silent_bullet_09_f000103_aug.wav,en,spoof,tts,Qwen3-TTS-12Hz-1.7B-Base,-,mlaad,,rawboost+codec
data/processed/en_mlaad_augmented/wives_and_daughters_16_f000138_aug.wav,en,spoof,tts,ElevenLabs-v3,-,mlaad,,rawboost
data/processed/en_augmented/LA_T_1395369_aug.wav,en,bonafide,real,-,LA_0094,asvspoof2019la,,rawboost+codec
data/processed/en_mlaad_augmented/northandsouth_36_f000064_aug.wav,en,spoof,tts,Higgs-Audio-V2,-,mlaad,,rawboost
data/processed/en_augmented/LA_T_6462285_aug.wav,en,bonafide,real,-,LA_0080,asvspoof2019la,,none
data/processed/en_mlaad_augmented/rinkitink_baum_16_64kb_f000015_aug.wav,en,spoof,tts,GPT-SoVITS,-,mlaad,,rawboost
data/processed/en_augmented/LA_T_9043274_aug.wav,en,bonafide,real,-,LA_0085,asvspoof2019la,,none
data/processed/en_augmented/LA_T_9223743_aug.wav,en,bonafide,real,-,LA_0096,asvspoof2019la,,rawboost+codec
data/processed/en_augmented/LA_T_3110916_aug.wav,en,bonafide,real,-,LA_0091,asvspoof2019la,,none
data/processed/en_mlaad_augmented/piratesofersatz_08_leinster_64kb_f000129_aug.wav,en,spoof,tts,kokoro,-,mlaad,,codec
data/processed/en_augmented/LA_T_8758984_aug.wav,en,bonafide,real,-,LA_0090,asvspoof2019la,,rawboost+codec
data/processed/en_augmented/LA_T_4820938_aug.wav,en,bonafide,real,-,LA_0092,asvspoof2019la,,none
data/processed/en_augmented/LA_T_7514330_aug.wav,en,bonafide,real,-,LA_0087,asvspoof2019la,,none
data/processed/en_augmented/LA_T_2091969_aug.wav,en,bonafide,real,-,LA_0080,asvspoof2019la,,rawboost+codec
data/processed/en_mlaad_augmented/ozma_of_oz_10_f000053_aug.wav,en,spoof,tts,Higgs-Audio-V2,-,mlaad,,rawboost
data/processed/en_augmented/LA_T_1878391_aug.wav,en,bonafide,real,-,LA_0084,asvspoof2019la,,none
data/processed/en_augmented/LA_T_7145903_aug.wav,en,bonafide,real,-,LA_0081,asvspoof2019la,,rawboost
data/processed/en_augmented/LA_T_2299372_aug.wav,en,bonafide,real,-,LA_0098,asvspoof2019la,,none
data/processed/en_augmented/LA_T_8128283_aug.wav,en,spoof,tts,A03,LA_0094,asvspoof2019la,,rawboost
data/processed/en_mlaad_augmented/pink_fairy_book_02_f000001_aug.wav,en,spoof,tts,minimax_speech-2.6-hd,-,mlaad,,codec
data/processed/en_mlaad_augmented/midnight_passenger_01_f000168_aug.wav,en,spoof,tts,Higgs-Audio-V2,-,mlaad,,rawboost
data/processed/en_mlaad_augmented/jane_eyre_37_f000021_aug.wav,en,spoof,tts,tts_models_multilingual_multi-dataset_xtts_v2,-,mlaad,,rawboost+codec
data/processed/en_augmented/LA_T_7521161_aug.wav,en,bonafide,real,-,LA_0098,asvspoof2019la,,rawboost
data/processed/en_augmented/LA_T_4972864_aug.wav,en,bonafide,real,-,LA_0087,asvspoof2019la,,rawboost
data/processed/en_augmented/LA_T_2366817_aug.wav,en,bonafide,real,-,LA_0085,asvspoof2019la,,none
data/processed/en_mlaad_augmented/northandsouth_14_f000038_aug.wav,en,spoof,tts,Chatterbox,-,mlaad,,rawboost
data/processed/en_mlaad_augmented/hunters_space_17_f000008_aug.wav,en,spoof,tts,Higgs-Audio-V2,-,mlaad,,codec
data/processed/en_mlaad_augmented/jane_eyre_34_f000152_aug.wav,en,spoof,tts,Chatterbox-Turbo,-,mlaad,,rawboost
data/processed/en_mlaad_augmented/silent_bullet_11_f000206_aug.wav,en,spoof,tts,Chatterbox-Turbo,-,mlaad,,none
data/processed/en_mlaad_augmented/the_sea_fairies_13_f000034_aug.wav,en,spoof,tts,ElevenLabs-Turbo-v2.5,-,mlaad,,rawboost
data/processed/en_augmented/LA_T_9190599_aug.wav,en,bonafide,real,-,LA_0085,asvspoof2019la,,none
data/processed/en_augmented/LA_T_8853344_aug.wav,en,bonafide,real,-,LA_0085,asvspoof2019la,,rawboost+codec
data/processed/en_augmented/LA_T_7288960_aug.wav,en,bonafide,real,-,LA_0087,asvspoof2019la,,codec
data/processed/en_augmented/LA_T_6371068_aug.wav,en,bonafide,real,-,LA_0083,asvspoof2019la,,rawboost
data/processed/en_augmented/LA_T_8208951_aug.wav,en,bonafide,real,-,LA_0096,asvspoof2019la,,rawboost+codec
data/processed/en_augmented/LA_T_8052308_aug.wav,en,bonafide,real,-,LA_0084,asvspoof2019la,,rawboost
data/processed/en_augmented/LA_T_3127267_aug.wav,en,bonafide,real,-,LA_0085,asvspoof2019la,,codec
data/processed/en_augmented/LA_T_8007489_aug.wav,en,bonafide,real,-,LA_0084,asvspoof2019la,,rawboost+codec
data/processed/en_augmented/LA_T_6059767_aug.wav,en,bonafide,real,-,LA_0092,asvspoof2019la,,rawboost
data/processed/en_mlaad_augmented/midnight_passenger_10_f000065_aug.wav,en,spoof,tts,Chatterbox-Turbo,-,mlaad,,rawboost
data/processed/en_mlaad_augmented/wives_and_daughters_37_f000140_aug.wav,en,spoof,tts,ElevenLabs-v3,-,mlaad,,rawboost
data/processed/en_mlaad_augmented/jane_eyre_25_f000271_aug.wav,en,spoof,tts,GPT-SoVITS,-,mlaad,,rawboost+codec
data/processed/en_mlaad_augmented/jane_eyre_04_f000304_aug.wav,en,spoof,tts,ElevenLabs-v2-Multilingual,-,mlaad,,none
data/processed/en_mlaad_augmented/wives_and_daughters_42_f000084_aug.wav,en,spoof,tts,MOSS-TTS-8B,-,mlaad,,rawboost
data/processed/en_mlaad_augmented/northandsouth_40_f000169_aug.wav,en,spoof,tts,Chatterbox-Turbo,-,mlaad,,none
data/processed/en_mlaad_augmented/skyisland_19_baum_64kb_f000035_aug.wav,en,spoof,tts,tts_models_multilingual_multi-dataset_xtts_v2,-,mlaad,,codec
data/processed/en_augmented/LA_T_2745780_aug.wav,en,bonafide,real,-,LA_0098,asvspoof2019la,,none
data/processed/en_mlaad_augmented/wives_and_daughters_22_f000170_aug.wav,en,spoof,tts,kokoro,-,mlaad,,rawboost+codec
data/processed/en_mlaad_augmented/wives_and_daughters_29_f000241_aug.wav,en,spoof,tts,Higgs-Audio-V2,-,mlaad,,rawboost
data/processed/en_augmented/LA_T_5537857_aug.wav,en,spoof,tts,A03,LA_0083,asvspoof2019la,,none
data/processed/en_mlaad_augmented/northandsouth_27_f000096_aug.wav,en,spoof,tts,tts_models_multilingual_multi-dataset_xtts_v2,-,mlaad,,rawboost+codec
data/processed/en_augmented/LA_T_9793995_aug.wav,en,bonafide,real,-,LA_0088,asvspoof2019la,,none
data/processed/en_augmented/LA_T_3533946_aug.wav,en,bonafide,real,-,LA_0091,asvspoof2019la,,codec
data/processed/en_augmented/LA_T_9944200_aug.wav,en,bonafide,real,-,LA_0085,asvspoof2019la,,none
data/processed/en_mlaad_augmented/wives_and_daughters_47_f000088_aug.wav,en,spoof,tts,ElevenLabs-Turbo-v2.5,-,mlaad,,none
data/processed/en_augmented/LA_T_4895817_aug.wav,en,spoof,tts,A04,LA_0081,asvspoof2019la,,rawboost
data/processed/en_augmented/LA_T_4949284_aug.wav,en,spoof,tts,A01,LA_0098,asvspoof2019la,,rawboost
data/processed/en_mlaad_augmented/jane_eyre_31_f000135_aug.wav,en,spoof,tts,Chatterbox-Turbo,-,mlaad,,none
data/processed/en_augmented/LA_T_3340235_aug.wav,en,bonafide,real,-,LA_0092,asvspoof2019la,,none
data/processed/en_augmented/LA_T_1678844_aug.wav,en,bonafide,real,-,LA_0083,asvspoof2019la,,none
data/processed/en_mlaad_augmented/wives_and_daughters_13_f000118_aug.wav,en,spoof,tts,Chatterbox-Turbo,-,mlaad,,rawboost
data/processed/en_mlaad_augmented/midnight_passenger_01_f000048_aug.wav,en,spoof,tts,Higgs-Audio-V2,-,mlaad,,codec
data/processed/en_mlaad_augmented/pink_fairy_book_33_f000136_aug.wav,en,spoof,tts,Chatterbox-Turbo,-,mlaad,,none
data/processed/en_augmented/LA_T_7677120_aug.wav,en,bonafide,real,-,LA_0079,asvspoof2019la,,rawboost
data/processed/en_mlaad_augmented/pink_fairy_book_23_f000082_aug.wav,en,spoof,tts,tts_models_multilingual_multi-dataset_xtts_v2,-,mlaad,,rawboost
data/processed/en_mlaad_augmented/poisoned_pen_05_f000226_aug.wav,en,spoof,tts,ElevenLabs-v3,-,mlaad,,rawboost+codec
data/processed/en_mlaad_augmented/silent_bullet_03_f000286_aug.wav,en,spoof,tts,Higgs-Audio-V2,-,mlaad,,none
data/processed/en_augmented/LA_T_1805431_aug.wav,en,spoof,tts,A04,LA_0093,asvspoof2019la,,rawboost
data/processed/en_augmented/LA_T_7785251_aug.wav,en,bonafide,real,-,LA_0096,asvspoof2019la,,none
data/processed/en_augmented/LA_T_9951511_aug.wav,en,bonafide,real,-,LA_0091,asvspoof2019la,,rawboost
data/processed/en_augmented/LA_T_2993376_aug.wav,en,bonafide,real,-,LA_0089,asvspoof2019la,,rawboost
data/processed/en_augmented/LA_T_6470867_aug.wav,en,bonafide,real,-,LA_0093,asvspoof2019la,,rawboost+codec
data/processed/en_augmented/LA_T_1831818_aug.wav,en,bonafide,real,-,LA_0084,asvspoof2019la,,rawboost+codec
data/processed/en_mlaad_augmented/the_master_key_17_f000046_aug.wav,en,spoof,tts,Qwen3-TTS-12Hz-1.7B-Base,-,mlaad,,codec
data/processed/en_augmented/LA_T_2888246_aug.wav,en,bonafide,real,-,LA_0081,asvspoof2019la,,codec
data/processed/en_mlaad_augmented/wives_and_daughters_39_f000073_aug.wav,en,spoof,tts,ElevenLabs-v3,-,mlaad,,codec
data/processed/en_augmented/LA_T_2193666_aug.wav,en,bonafide,real,-,LA_0092,asvspoof2019la,,rawboost
data/processed/en_augmented/LA_T_1926066_aug.wav,en,bonafide,real,-,LA_0093,asvspoof2019la,,none
data/processed/en_augmented/LA_T_7698485_aug.wav,en,bonafide,real,-,LA_0092,asvspoof2019la,,none
data/processed/en_augmented/LA_T_4369654_aug.wav,en,bonafide,real,-,LA_0080,asvspoof2019la,,none
data/processed/en_mlaad_augmented/poisoned_pen_01_f000280_aug.wav,en,spoof,tts,Qwen3-TTS-12Hz-1.7B-Base,-,mlaad,,none
data/processed/en_augmented/LA_T_5011936_aug.wav,en,bonafide,real,-,LA_0095,asvspoof2019la,,codec
data/processed/en_mlaad_augmented/silent_bullet_13_f000103_aug.wav,en,spoof,tts,ElevenLabs-Turbo-v2.5,-,mlaad,,none
data/processed/en_augmented/LA_T_7143060_aug.wav,en,bonafide,real,-,LA_0094,asvspoof2019la,,codec
data/processed/en_mlaad_augmented/wives_and_daughters_13_f000052_aug.wav,en,spoof,tts,Higgs-Audio-V2,-,mlaad,,codec
data/processed/en_mlaad_augmented/northandsouth_10_f000050_aug.wav,en,spoof,tts,MOSS-TTS-8B,-,mlaad,,rawboost
data/processed/en_mlaad_augmented/poisoned_pen_05_f000031_aug.wav,en,spoof,tts,ElevenLabs-Turbo-v2.5,-,mlaad,,rawboost
data/processed/en_mlaad_augmented/wives_and_daughters_58_f000147_aug.wav,en,spoof,tts,Chatterbox,-,mlaad,,none
data/processed/en_mlaad_augmented/emerald_city_of_oz_04_f000017_aug.wav,en,spoof,tts,ElevenLabs-v3,-,mlaad,,none
data/processed/en_augmented/LA_T_2284275_aug.wav,en,bonafide,real,-,LA_0096,asvspoof2019la,,none
data/processed/en_augmented/LA_T_9527200_aug.wav,en,bonafide,real,-,LA_0095,asvspoof2019la,,none
data/processed/en_augmented/LA_T_7848595_aug.wav,en,bonafide,real,-,LA_0081,asvspoof2019la,,rawboost
data/processed/en_augmented/LA_T_7301103_aug.wav,en,bonafide,real,-,LA_0086,asvspoof2019la,,none
data/processed/en_mlaad_augmented/pink_fairy_book_15_f000049_aug.wav,en,spoof,tts,ElevenLabs-v2-Multilingual,-,mlaad,,rawboost
data/processed/en_mlaad_augmented/midnight_passenger_04_f000008_aug.wav,en,spoof,tts,ElevenLabs-v3,-,mlaad,,none
data/processed/en_augmented/LA_T_3176879_aug.wav,en,bonafide,real,-,LA_0094,asvspoof2019la,,none
data/processed/en_mlaad_augmented/the_master_key_07_f000005_aug.wav,en,spoof,tts,minimax_speech-2.6-hd,-,mlaad,,none
data/processed/en_mlaad_augmented/northandsouth_42_f000195_aug.wav,en,spoof,tts,ElevenLabs-Turbo-v2.5,-,mlaad,,rawboost
data/processed/en_mlaad_augmented/pink_fairy_book_22_f000018_aug.wav,en,spoof,tts,minimax_speech-2.6-hd,-,mlaad,,codec
data/processed/en_augmented/LA_T_3707104_aug.wav,en,bonafide,real,-,LA_0091,asvspoof2019la,,rawboost
data/processed/en_mlaad_augmented/rinkitink_baum_07_64kb_f000008_aug.wav,en,spoof,tts,minimax_speech-2.6-hd,-,mlaad,,codec
data/processed/en_augmented/LA_T_2841157_aug.wav,en,bonafide,real,-,LA_0097,asvspoof2019la,,none
data/processed/en_augmented/LA_T_7022615_aug.wav,en,bonafide,real,-,LA_0097,asvspoof2019la,,none
data/processed/en_augmented/LA_T_9133356_aug.wav,en,bonafide,real,-,LA_0087,asvspoof2019la,,rawboost
data/processed/en_augmented/LA_T_9048990_aug.wav,en,bonafide,real,-,LA_0092,asvspoof2019la,,rawboost
data/processed/en_mlaad_augmented/jane_eyre_24_f000014_aug.wav,en,spoof,tts,Chatterbox,-,mlaad,,rawboost+codec
data/processed/en_augmented/LA_T_3606713_aug.wav,en,spoof,vc,A05,LA_0087,asvspoof2019la,,none
data/processed/en_augmented/LA_T_2361518_aug.wav,en,bonafide,real,-,LA_0085,asvspoof2019la,,codec
data/processed/en_augmented/LA_T_1152394_aug.wav,en,bonafide,real,-,LA_0096,asvspoof2019la,,none
data/processed/en_augmented/LA_T_9670904_aug.wav,en,bonafide,real,-,LA_0094,asvspoof2019la,,codec
data/processed/en_augmented/LA_T_9901878_aug.wav,en,bonafide,real,-,LA_0097,asvspoof2019la,,rawboost
data/processed/en_augmented/LA_T_8566553_aug.wav,en,bonafide,real,-,LA_0092,asvspoof2019la,,none
data/processed/en_mlaad_augmented/dorothy_and_wizard_oz_17_f000077_aug.wav,en,spoof,tts,ElevenLabs-v3,-,mlaad,,codec
data/processed/en_augmented/LA_T_8415843_aug.wav,en,bonafide,real,-,LA_0085,asvspoof2019la,,rawboost
data/processed/en_mlaad_augmented/piratesofersatz_10_leinster_64kb_f000061_aug.wav,en,spoof,tts,tts_models_multilingual_multi-dataset_xtts_v2,-,mlaad,,rawboost
data/processed/en_mlaad_augmented/silent_bullet_01_f000017_aug.wav,en,spoof,tts,ElevenLabs-v2-Multilingual,-,mlaad,,none
data/processed/en_mlaad_augmented/ozma_of_oz_14_f000030_aug.wav,en,spoof,tts,ElevenLabs-Turbo-v2.5,-,mlaad,,rawboost
data/processed/en_augmented/LA_T_2043279_aug.wav,en,bonafide,real,-,LA_0082,asvspoof2019la,,codec
data/processed/en_augmented/LA_T_3579841_aug.wav,en,bonafide,real,-,LA_0095,asvspoof2019la,,rawboost
data/processed/en_augmented/LA_T_3076054_aug.wav,en,bonafide,real,-,LA_0095,asvspoof2019la,,codec
data/processed/en_augmented/LA_T_6978009_aug.wav,en,bonafide,real,-,LA_0084,asvspoof2019la,,none
data/processed/en_augmented/LA_T_5417170_aug.wav,en,bonafide,real,-,LA_0091,asvspoof2019la,,rawboost+codec
data/processed/en_augmented/LA_T_8847275_aug.wav,en,bonafide,real,-,LA_0094,asvspoof2019la,,none
data/processed/en_mlaad_augmented/wives_and_daughters_21_f000261_aug.wav,en,spoof,tts,tts_models_multilingual_multi-dataset_xtts_v2,-,mlaad,,rawboost
data/processed/en_augmented/LA_T_9333003_aug.wav,en,bonafide,real,-,LA_0098,asvspoof2019la,,codec
data/processed/en_augmented/LA_T_6038833_aug.wav,en,spoof,tts,A03,LA_0086,asvspoof2019la,,codec
data/processed/en_augmented/LA_T_2474244_aug.wav,en,bonafide,real,-,LA_0084,asvspoof2019la,,rawboost
data/processed/en_mlaad_augmented/wives_and_daughters_25_f000143_aug.wav,en,spoof,tts,ElevenLabs-Turbo-v2.5,-,mlaad,,rawboost+codec
data/processed/en_augmented/LA_T_5490522_aug.wav,en,spoof,vc,A06,LA_0082,asvspoof2019la,,codec
data/processed/en_augmented/LA_T_5360887_aug.wav,en,bonafide,real,-,LA_0091,asvspoof2019la,,codec
data/processed/en_augmented/LA_T_8324598_aug.wav,en,bonafide,real,-,LA_0079,asvspoof2019la,,codec
data/processed/en_mlaad_augmented/silent_bullet_09_f000194_aug.wav,en,spoof,tts,Chatterbox-Turbo,-,mlaad,,codec
data/processed/en_mlaad_augmented/pink_fairy_book_31_f000045_aug.wav,en,spoof,tts,minimax_speech-2.6-hd,-,mlaad,,codec
data/processed/en_mlaad_augmented/poisoned_pen_01_f000307_aug.wav,en,spoof,tts,Chatterbox,-,mlaad,,rawboost+codec
data/processed/en_augmented/LA_T_6631167_aug.wav,en,bonafide,real,-,LA_0080,asvspoof2019la,,rawboost
data/processed/en_mlaad_augmented/hunters_space_19_f000043_aug.wav,en,spoof,tts,MOSS-TTS-8B,-,mlaad,,codec
data/processed/en_mlaad_augmented/wives_and_daughters_60_f000100_aug.wav,en,spoof,tts,MOSS-TTS-8B,-,mlaad,,rawboost
data/processed/en_mlaad_augmented/the_sea_fairies_11_f000046_aug.wav,en,spoof,tts,Higgs-Audio-V2,-,mlaad,,none
data/processed/en_augmented/LA_T_2089894_aug.wav,en,bonafide,real,-,LA_0092,asvspoof2019la,,none
data/processed/en_augmented/LA_T_9478659_aug.wav,en,bonafide,real,-,LA_0080,asvspoof2019la,,none
data/processed/en_mlaad_augmented/wives_and_daughters_20_f000166_aug.wav,en,spoof,tts,Chatterbox-Turbo,-,mlaad,,codec
data/processed/en_augmented/LA_T_8209686_aug.wav,en,bonafide,real,-,LA_0085,asvspoof2019la,,none
data/processed/en_mlaad_augmented/jane_eyre_05_f000209_aug.wav,en,spoof,tts,ElevenLabs-Turbo-v2.5,-,mlaad,,rawboost
data/processed/en_augmented/LA_T_5913999_aug.wav,en,spoof,tts,A01,LA_0088,asvspoof2019la,,rawboost
data/processed/en_augmented/LA_T_3247389_aug.wav,en,bonafide,real,-,LA_0079,asvspoof2019la,,rawboost
data/processed/en_mlaad_augmented/wives_and_daughters_04_f000016_aug.wav,en,spoof,tts,minimax_speech-2.6-hd,-,mlaad,,rawboost
data/processed/en_mlaad_augmented/pink_fairy_book_34_f000096_aug.wav,en,spoof,tts,minimax_speech-2.6-hd,-,mlaad,,rawboost+codec
data/processed/en_augmented/LA_T_7303315_aug.wav,en,bonafide,real,-,LA_0089,asvspoof2019la,,rawboost
data/processed/en_mlaad_augmented/silent_bullet_10_f000093_aug.wav,en,spoof,tts,Qwen3-TTS-12Hz-1.7B-Base,-,mlaad,,rawboost
data/processed/en_mlaad_augmented/wives_and_daughters_20_f000123_aug.wav,en,spoof,tts,Higgs-Audio-V2,-,mlaad,,rawboost+codec
data/processed/en_mlaad_augmented/emerald_city_of_oz_10_f000076_aug.wav,en,spoof,tts,GPT-SoVITS,-,mlaad,,none
data/processed/en_augmented/LA_T_9534983_aug.wav,en,bonafide,real,-,LA_0079,asvspoof2019la,,rawboost+codec
data/processed/en_augmented/LA_T_3141223_aug.wav,en,bonafide,real,-,LA_0079,asvspoof2019la,,rawboost
data/processed/en_augmented/LA_T_6993201_aug.wav,en,bonafide,real,-,LA_0087,asvspoof2019la,,codec
data/processed/en_augmented/LA_T_9447463_aug.wav,en,bonafide,real,-,LA_0086,asvspoof2019la,,none
data/processed/en_mlaad_augmented/piratesofersatz_04_leinster_64kb_f000090_aug.wav,en,spoof,tts,ElevenLabs-v2-Multilingual,-,mlaad,,rawboost+codec
data/processed/en_augmented/LA_T_1661773_aug.wav,en,bonafide,real,-,LA_0089,asvspoof2019la,,codec
data/processed/en_augmented/LA_T_1933336_aug.wav,en,bonafide,real,-,LA_0097,asvspoof2019la,,rawboost
data/processed/en_augmented/LA_T_4319970_aug.wav,en,spoof,vc,A05,LA_0098,asvspoof2019la,,rawboost
data/processed/en_augmented/LA_T_8211262_aug.wav,en,bonafide,real,-,LA_0088,asvspoof2019la,,rawboost+codec
data/processed/en_mlaad_augmented/northandsouth_37_f000181_aug.wav,en,spoof,tts,tts_models_multilingual_multi-dataset_xtts_v2,-,mlaad,,rawboost
data/processed/en_augmented/LA_T_3751646_aug.wav,en,bonafide,real,-,LA_0098,asvspoof2019la,,none
data/processed/en_mlaad_augmented/the_master_key_20_f000007_aug.wav,en,spoof,tts,Chatterbox,-,mlaad,,rawboost
data/processed/en_mlaad_augmented/pink_fairy_book_33_f000164_aug.wav,en,spoof,tts,MOSS-TTS-8B,-,mlaad,,none
data/processed/en_mlaad_augmented/pink_fairy_book_32_f000129_aug.wav,en,spoof,tts,Qwen3-TTS-12Hz-1.7B-Base,-,mlaad,,rawboost
data/processed/en_mlaad_augmented/northandsouth_31_f000156_aug.wav,en,spoof,tts,Chatterbox-Turbo,-,mlaad,,codec
data/processed/en_mlaad_augmented/pink_fairy_book_39_f000031_aug.wav,en,spoof,tts,Chatterbox,-,mlaad,,rawboost+codec
data/processed/en_augmented/LA_T_6119283_aug.wav,en,bonafide,real,-,LA_0087,asvspoof2019la,,rawboost
data/processed/en_augmented/LA_T_5322386_aug.wav,en,bonafide,real,-,LA_0097,asvspoof2019la,,rawboost+codec
data/processed/en_mlaad_augmented/poisoned_pen_08_f000140_aug.wav,en,spoof,tts,Chatterbox-Turbo,-,mlaad,,none
data/processed/en_augmented/LA_T_9701712_aug.wav,en,bonafide,real,-,LA_0079,asvspoof2019la,,codec
data/processed/en_mlaad_augmented/poisoned_pen_12_f000154_aug.wav,en,spoof,tts,kokoro,-,mlaad,,rawboost
data/processed/en_mlaad_augmented/northandsouth_21_f000067_aug.wav,en,spoof,tts,ElevenLabs-v2-Multilingual,-,mlaad,,codec
data/processed/en_mlaad_augmented/wives_and_daughters_11_f000203_aug.wav,en,spoof,tts,ElevenLabs-Turbo-v2.5,-,mlaad,,none
data/processed/en_mlaad_augmented/midnight_passenger_10_f000115_aug.wav,en,spoof,tts,ElevenLabs-v2-Multilingual,-,mlaad,,codec
data/processed/en_augmented/LA_T_6839158_aug.wav,en,bonafide,real,-,LA_0089,asvspoof2019la,,none
data/processed/en_augmented/LA_T_9543922_aug.wav,en,bonafide,real,-,LA_0079,asvspoof2019la,,rawboost
data/processed/en_mlaad_augmented/wives_and_daughters_29_f000164_aug.wav,en,spoof,tts,tts_models_multilingual_multi-dataset_xtts_v2,-,mlaad,,rawboost
data/processed/en_augmented/LA_T_9473708_aug.wav,en,spoof,tts,A02,LA_0092,asvspoof2019la,,none
data/processed/en_augmented/LA_T_2127859_aug.wav,en,spoof,vc,A05,LA_0084,asvspoof2019la,,none
data/processed/en_mlaad_augmented/the_master_key_20_f000091_aug.wav,en,spoof,tts,tts_models_multilingual_multi-dataset_xtts_v2,-,mlaad,,rawboost+codec
data/processed/en_mlaad_augmented/hunters_space_05_f000022_aug.wav,en,spoof,tts,Qwen3-TTS-12Hz-1.7B-Base,-,mlaad,,rawboost
data/processed/en_mlaad_augmented/rinkitink_baum_04_64kb_f000110_aug.wav,en,spoof,tts,Qwen3-TTS-12Hz-1.7B-Base,-,mlaad,,none
data/processed/en_augmented/LA_T_5374473_aug.wav,en,bonafide,real,-,LA_0091,asvspoof2019la,,none
data/processed/en_mlaad_augmented/wives_and_daughters_19_f000020_aug.wav,en,spoof,tts,tts_models_multilingual_multi-dataset_xtts_v2,-,mlaad,,none
data/processed/en_mlaad_augmented/skyisland_05_baum_64kb_f000005_aug.wav,en,spoof,tts,GPT-SoVITS,-,mlaad,,rawboost
data/processed/en_augmented/LA_T_5521272_aug.wav,en,bonafide,real,-,LA_0079,asvspoof2019la,,none
data/processed/en_mlaad_augmented/northandsouth_39_f000080_aug.wav,en,spoof,tts,kokoro,-,mlaad,,none
data/processed/en_augmented/LA_T_4940666_aug.wav,en,bonafide,real,-,LA_0082,asvspoof2019la,,rawboost
data/processed/en_augmented/LA_T_5621967_aug.wav,en,bonafide,real,-,LA_0095,asvspoof2019la,,none
data/processed/en_mlaad_augmented/pink_fairy_book_12_f000003_aug.wav,en,spoof,tts,ElevenLabs-Turbo-v2.5,-,mlaad,,rawboost
data/processed/en_augmented/LA_T_6328130_aug.wav,en,bonafide,real,-,LA_0080,asvspoof2019la,,rawboost
data/processed/en_augmented/LA_T_1888223_aug.wav,en,bonafide,real,-,LA_0081,asvspoof2019la,,rawboost
data/processed/en_mlaad_augmented/midnight_passenger_13_f000032_aug.wav,en,spoof,tts,ElevenLabs-v3,-,mlaad,,rawboost
data/processed/en_augmented/LA_T_9573877_aug.wav,en,bonafide,real,-,LA_0089,asvspoof2019la,,none
data/processed/en_augmented/LA_T_4635542_aug.wav,en,bonafide,real,-,LA_0093,asvspoof2019la,,rawboost+codec
data/processed/en_augmented/LA_T_5010828_aug.wav,en,bonafide,real,-,LA_0093,asvspoof2019la,,rawboost
data/processed/en_mlaad_augmented/pink_fairy_book_31_f000101_aug.wav,en,spoof,tts,ElevenLabs-v2-Multilingual,-,mlaad,,rawboost+codec
data/processed/en_mlaad_augmented/jane_eyre_34_f000240_aug.wav,en,spoof,tts,MOSS-TTS-8B,-,mlaad,,rawboost+codec
data/processed/en_augmented/LA_T_6277993_aug.wav,en,bonafide,real,-,LA_0094,asvspoof2019la,,codec
data/processed/en_augmented/LA_T_7953863_aug.wav,en,bonafide,real,-,LA_0090,asvspoof2019la,,rawboost+codec
data/processed/en_augmented/LA_T_4684802_aug.wav,en,bonafide,real,-,LA_0081,asvspoof2019la,,codec
data/processed/en_augmented/LA_T_8925615_aug.wav,en,bonafide,real,-,LA_0096,asvspoof2019la,,none
data/processed/en_augmented/LA_T_3365001_aug.wav,en,bonafide,real,-,LA_0085,asvspoof2019la,,none
data/processed/en_mlaad_augmented/poisoned_pen_10_f000332_aug.wav,en,spoof,tts,tts_models_multilingual_multi-dataset_xtts_v2,-,mlaad,,rawboost
data/processed/en_mlaad_augmented/wives_and_daughters_50_f000164_aug.wav,en,spoof,tts,minimax_speech-2.6-hd,-,mlaad,,none
data/processed/en_augmented/LA_T_8049822_aug.wav,en,bonafide,real,-,LA_0083,asvspoof2019la,,none
data/processed/en_augmented/LA_T_2675422_aug.wav,en,bonafide,real,-,LA_0082,asvspoof2019la,,none
data/processed/en_mlaad_augmented/jane_eyre_28_f000265_aug.wav,en,spoof,tts,Chatterbox-Turbo,-,mlaad,,none
data/processed/en_mlaad_augmented/jane_eyre_30_f000061_aug.wav,en,spoof,tts,ElevenLabs-Turbo-v2.5,-,mlaad,,none
data/processed/en_augmented/LA_T_4825294_aug.wav,en,bonafide,real,-,LA_0095,asvspoof2019la,,rawboost
data/processed/en_mlaad_augmented/the_sea_fairies_06_f000010_aug.wav,en,spoof,tts,Chatterbox,-,mlaad,,none
data/processed/en_augmented/LA_T_4546797_aug.wav,en,bonafide,real,-,LA_0086,asvspoof2019la,,none
data/processed/en_augmented/LA_T_6789290_aug.wav,en,bonafide,real,-,LA_0085,asvspoof2019la,,rawboost
data/processed/en_mlaad_augmented/wives_and_daughters_27_f000143_aug.wav,en,spoof,tts,minimax_speech-2.6-hd,-,mlaad,,none
data/processed/en_mlaad_augmented/jane_eyre_12_f000076_aug.wav,en,spoof,tts,ElevenLabs-v2-Multilingual,-,mlaad,,rawboost
data/processed/en_augmented/LA_T_2534579_aug.wav,en,bonafide,real,-,LA_0093,asvspoof2019la,,none
data/processed/en_augmented/LA_T_6627269_aug.wav,en,bonafide,real,-,LA_0087,asvspoof2019la,,rawboost
data/processed/en_augmented/LA_T_5400219_aug.wav,en,bonafide,real,-,LA_0093,asvspoof2019la,,rawboost+codec
data/processed/en_mlaad_augmented/wives_and_daughters_43_f000039_aug.wav,en,spoof,tts,Higgs-Audio-V2,-,mlaad,,rawboost+codec
data/processed/en_augmented/LA_T_5065822_aug.wav,en,bonafide,real,-,LA_0092,asvspoof2019la,,none
data/processed/en_augmented/LA_T_2642014_aug.wav,en,bonafide,real,-,LA_0096,asvspoof2019la,,rawboost
data/processed/en_augmented/LA_T_7593116_aug.wav,en,bonafide,real,-,LA_0095,asvspoof2019la,,rawboost
data/processed/en_mlaad_augmented/wives_and_daughters_57_f000049_aug.wav,en,spoof,tts,tts_models_multilingual_multi-dataset_xtts_v2,-,mlaad,,rawboost+codec
data/processed/en_augmented/LA_T_7201521_aug.wav,en,bonafide,real,-,LA_0080,asvspoof2019la,,rawboost
data/processed/en_augmented/LA_T_8721428_aug.wav,en,bonafide,real,-,LA_0080,asvspoof2019la,,none
data/processed/en_augmented/LA_T_9108411_aug.wav,en,bonafide,real,-,LA_0090,asvspoof2019la,,none
data/processed/en_mlaad_augmented/pink_fairy_book_32_f000115_aug.wav,en,spoof,tts,GPT-SoVITS,-,mlaad,,none
data/processed/en_mlaad_augmented/jane_eyre_07_f000099_aug.wav,en,spoof,tts,Higgs-Audio-V2,-,mlaad,,none
data/processed/en_mlaad_augmented/dorothy_and_wizard_oz_20_f000007_aug.wav,en,spoof,tts,Higgs-Audio-V2,-,mlaad,,rawboost
data/processed/en_mlaad_augmented/northandsouth_03_f000191_aug.wav,en,spoof,tts,minimax_speech-2.6-hd,-,mlaad,,codec
data/processed/en_augmented/LA_T_6524013_aug.wav,en,bonafide,real,-,LA_0084,asvspoof2019la,,none
data/processed/en_mlaad_augmented/rinkitink_baum_02_64kb_f000058_aug.wav,en,spoof,tts,Higgs-Audio-V2,-,mlaad,,rawboost
data/processed/en_mlaad_augmented/jane_eyre_10_f000146_aug.wav,en,spoof,tts,MOSS-TTS-8B,-,mlaad,,codec
data/processed/en_augmented/LA_T_8273340_aug.wav,en,bonafide,real,-,LA_0092,asvspoof2019la,,rawboost+codec
data/processed/en_mlaad_augmented/jane_eyre_19_f000183_aug.wav,en,spoof,tts,MOSS-TTS-8B,-,mlaad,,rawboost+codec
data/processed/en_augmented/LA_T_3545264_aug.wav,en,bonafide,real,-,LA_0094,asvspoof2019la,,none
data/processed/en_mlaad_augmented/wives_and_daughters_23_f000132_aug.wav,en,spoof,tts,Chatterbox,-,mlaad,,rawboost
data/processed/en_augmented/LA_T_6290647_aug.wav,en,bonafide,real,-,LA_0085,asvspoof2019la,,none
data/processed/en_augmented/LA_T_1302087_aug.wav,en,bonafide,real,-,LA_0085,asvspoof2019la,,rawboost+codec
data/processed/en_mlaad_augmented/emerald_city_of_oz_27_f000006_aug.wav,en,spoof,tts,tts_models_multilingual_multi-dataset_xtts_v2,-,mlaad,,rawboost
data/processed/en_augmented/LA_T_7786868_aug.wav,en,bonafide,real,-,LA_0084,asvspoof2019la,,rawboost+codec
data/processed/en_augmented/LA_T_1946144_aug.wav,en,bonafide,real,-,LA_0091,asvspoof2019la,,rawboost
data/processed/en_augmented/LA_T_2564579_aug.wav,en,bonafide,real,-,LA_0079,asvspoof2019la,,codec
data/processed/en_augmented/LA_T_4481879_aug.wav,en,bonafide,real,-,LA_0082,asvspoof2019la,,none
data/processed/en_augmented/LA_T_8421122_aug.wav,en,bonafide,real,-,LA_0080,asvspoof2019la,,codec
data/processed/en_augmented/LA_T_9923341_aug.wav,en,bonafide,real,-,LA_0083,asvspoof2019la,,rawboost+codec
data/processed/en_augmented/LA_T_5331905_aug.wav,en,spoof,tts,A03,LA_0098,asvspoof2019la,,rawboost
data/processed/en_mlaad_augmented/northandsouth_28_f000005_aug.wav,en,spoof,tts,Qwen3-TTS-12Hz-1.7B-Base,-,mlaad,,rawboost+codec
data/processed/en_augmented/LA_T_6756969_aug.wav,en,bonafide,real,-,LA_0087,asvspoof2019la,,none
data/processed/en_mlaad_augmented/northandsouth_16_f000111_aug.wav,en,spoof,tts,GPT-SoVITS,-,mlaad,,none
data/processed/en_mlaad_augmented/northandsouth_28_f000035_aug.wav,en,spoof,tts,GPT-SoVITS,-,mlaad,,rawboost+codec
data/processed/en_mlaad_augmented/poisoned_pen_12_f000315_aug.wav,en,spoof,tts,MOSS-TTS-8B,-,mlaad,,codec
data/processed/en_mlaad_augmented/pink_fairy_book_29_f000024_aug.wav,en,spoof,tts,Higgs-Audio-V2,-,mlaad,,none
data/processed/en_augmented/LA_T_1651877_aug.wav,en,bonafide,real,-,LA_0080,asvspoof2019la,,rawboost
data/processed/en_augmented/LA_T_3059635_aug.wav,en,bonafide,real,-,LA_0083,asvspoof2019la,,none
data/processed/en_mlaad_augmented/midnight_passenger_10_f000070_aug.wav,en,spoof,tts,Higgs-Audio-V2,-,mlaad,,rawboost
data/processed/en_augmented/LA_T_8289751_aug.wav,en,bonafide,real,-,LA_0091,asvspoof2019la,,rawboost
data/processed/en_augmented/LA_T_6936229_aug.wav,en,bonafide,real,-,LA_0097,asvspoof2019la,,rawboost
data/processed/en_augmented/LA_T_6903114_aug.wav,en,bonafide,real,-,LA_0093,asvspoof2019la,,none
data/processed/en_mlaad_augmented/northandsouth_11_f000103_aug.wav,en,spoof,tts,kokoro,-,mlaad,,none
data/processed/en_mlaad_augmented/pink_fairy_book_10_f000172_aug.wav,en,spoof,tts,ElevenLabs-v2-Multilingual,-,mlaad,,rawboost
data/processed/en_mlaad_augmented/wives_and_daughters_58_f000025_aug.wav,en,spoof,tts,kokoro,-,mlaad,,rawboost+codec
data/processed/en_augmented/LA_T_2100932_aug.wav,en,bonafide,real,-,LA_0097,asvspoof2019la,,rawboost+codec
data/processed/en_mlaad_augmented/wives_and_daughters_48_f000083_aug.wav,en,spoof,tts,kokoro,-,mlaad,,none
data/processed/en_augmented/LA_T_4678305_aug.wav,en,bonafide,real,-,LA_0098,asvspoof2019la,,rawboost
data/processed/en_augmented/LA_T_8512706_aug.wav,en,bonafide,real,-,LA_0097,asvspoof2019la,,rawboost
data/processed/en_augmented/LA_T_7544663_aug.wav,en,bonafide,real,-,LA_0090,asvspoof2019la,,none
data/processed/en_augmented/LA_T_7717952_aug.wav,en,bonafide,real,-,LA_0084,asvspoof2019la,,codec
data/processed/en_mlaad_augmented/the_master_key_10_f000169_aug.wav,en,spoof,tts,ElevenLabs-v3,-,mlaad,,rawboost+codec
data/processed/en_augmented/LA_T_5439165_aug.wav,en,spoof,vc,A05,LA_0083,asvspoof2019la,,none
data/processed/en_augmented/LA_T_6240107_aug.wav,en,bonafide,real,-,LA_0093,asvspoof2019la,,rawboost
data/processed/en_augmented/LA_T_1455233_aug.wav,en,bonafide,real,-,LA_0080,asvspoof2019la,,rawboost
data/processed/en_augmented/LA_T_3447323_aug.wav,en,bonafide,real,-,LA_0088,asvspoof2019la,,codec
data/processed/en_mlaad_augmented/silent_bullet_09_f000067_aug.wav,en,spoof,tts,MOSS-TTS-8B,-,mlaad,,rawboost
data/processed/en_augmented/LA_T_7179987_aug.wav,en,bonafide,real,-,LA_0098,asvspoof2019la,,codec
data/processed/en_augmented/LA_T_1128865_aug.wav,en,bonafide,real,-,LA_0093,asvspoof2019la,,none
data/processed/en_augmented/LA_T_5959553_aug.wav,en,bonafide,real,-,LA_0092,asvspoof2019la,,rawboost
data/processed/en_mlaad_augmented/poisoned_pen_12_f000222_aug.wav,en,spoof,tts,Chatterbox-Turbo,-,mlaad,,none
data/processed/en_mlaad_augmented/rinkitink_baum_07_64kb_f000050_aug.wav,en,spoof,tts,kokoro,-,mlaad,,rawboost
data/processed/en_augmented/LA_T_8918938_aug.wav,en,bonafide,real,-,LA_0083,asvspoof2019la,,rawboost
data/processed/en_mlaad_augmented/emerald_city_of_oz_09_f000048_aug.wav,en,spoof,tts,ElevenLabs-Turbo-v2.5,-,mlaad,,none
data/processed/en_augmented/LA_T_6734950_aug.wav,en,bonafide,real,-,LA_0095,asvspoof2019la,,rawboost
data/processed/en_augmented/LA_T_6647814_aug.wav,en,bonafide,real,-,LA_0098,asvspoof2019la,,codec
data/processed/en_augmented/LA_T_1307755_aug.wav,en,bonafide,real,-,LA_0088,asvspoof2019la,,rawboost+codec
data/processed/en_mlaad_augmented/the_master_key_06_f000086_aug.wav,en,spoof,tts,MOSS-TTS-8B,-,mlaad,,none
data/processed/en_mlaad_augmented/wives_and_daughters_56_f000035_aug.wav,en,spoof,tts,minimax_speech-2.6-hd,-,mlaad,,none
data/processed/en_augmented/LA_T_5988636_aug.wav,en,bonafide,real,-,LA_0093,asvspoof2019la,,none
data/processed/en_augmented/LA_T_6760468_aug.wav,en,spoof,vc,A05,LA_0089,asvspoof2019la,,none
data/processed/en_mlaad_augmented/jane_eyre_21_f000126_aug.wav,en,spoof,tts,tts_models_multilingual_multi-dataset_xtts_v2,-,mlaad,,none
data/processed/en_augmented/LA_T_2559146_aug.wav,en,bonafide,real,-,LA_0088,asvspoof2019la,,rawboost+codec
data/processed/en_mlaad_augmented/piratesofersatz_10_leinster_64kb_f000107_aug.wav,en,spoof,tts,ElevenLabs-v3,-,mlaad,,none
data/processed/en_augmented/LA_T_8089647_aug.wav,en,bonafide,real,-,LA_0094,asvspoof2019la,,rawboost
data/processed/en_mlaad_augmented/midnight_passenger_06_f000229_aug.wav,en,spoof,tts,Chatterbox-Turbo,-,mlaad,,none
data/processed/en_mlaad_augmented/wives_and_daughters_20_f000077_aug.wav,en,spoof,tts,Chatterbox-Turbo,-,mlaad,,rawboost
data/processed/en_augmented/LA_T_9166813_aug.wav,en,bonafide,real,-,LA_0086,asvspoof2019la,,rawboost
data/processed/en_augmented/LA_T_5761909_aug.wav,en,bonafide,real,-,LA_0079,asvspoof2019la,,none
data/processed/en_augmented/LA_T_7317221_aug.wav,en,bonafide,real,-,LA_0084,asvspoof2019la,,rawboost+codec
data/processed/en_augmented/LA_T_6807168_aug.wav,en,bonafide,real,-,LA_0086,asvspoof2019la,,none
data/processed/en_augmented/LA_T_9476394_aug.wav,en,bonafide,real,-,LA_0087,asvspoof2019la,,rawboost
data/processed/en_augmented/LA_T_8100988_aug.wav,en,bonafide,real,-,LA_0091,asvspoof2019la,,none
data/processed/en_augmented/LA_T_1007571_aug.wav,en,bonafide,real,-,LA_0088,asvspoof2019la,,rawboost+codec
data/processed/en_augmented/LA_T_8042177_aug.wav,en,bonafide,real,-,LA_0085,asvspoof2019la,,none
data/processed/en_mlaad_augmented/ozma_of_oz_04_f000078_aug.wav,en,spoof,tts,minimax_speech-2.6-hd,-,mlaad,,none
data/processed/en_augmented/LA_T_8272787_aug.wav,en,bonafide,real,-,LA_0087,asvspoof2019la,,rawboost
data/processed/en_mlaad_augmented/poisoned_pen_04_f000089_aug.wav,en,spoof,tts,Higgs-Audio-V2,-,mlaad,,rawboost
data/processed/en_augmented/LA_T_7248140_aug.wav,en,bonafide,real,-,LA_0079,asvspoof2019la,,rawboost
data/processed/en_augmented/LA_T_8374631_aug.wav,en,bonafide,real,-,LA_0082,asvspoof2019la,,none
data/processed/en_augmented/LA_T_6554775_aug.wav,en,bonafide,real,-,LA_0082,asvspoof2019la,,rawboost
data/processed/en_augmented/LA_T_6015645_aug.wav,en,bonafide,real,-,LA_0087,asvspoof2019la,,none
data/processed/en_mlaad_augmented/rinkitink_baum_09_64kb_f000020_aug.wav,en,spoof,tts,ElevenLabs-v2-Multilingual,-,mlaad,,none
data/processed/en_mlaad_augmented/northandsouth_45_f000016_aug.wav,en,spoof,tts,Chatterbox-Turbo,-,mlaad,,rawboost
data/processed/en_augmented/LA_T_8275432_aug.wav,en,bonafide,real,-,LA_0088,asvspoof2019la,,rawboost
data/processed/en_mlaad_augmented/wives_and_daughters_35_f000208_aug.wav,en,spoof,tts,Qwen3-TTS-12Hz-1.7B-Base,-,mlaad,,codec
data/processed/en_augmented/LA_T_3583591_aug.wav,en,bonafide,real,-,LA_0082,asvspoof2019la,,none
data/processed/en_mlaad_augmented/wives_and_daughters_55_f000149_aug.wav,en,spoof,tts,MOSS-TTS-8B,-,mlaad,,rawboost
data/processed/en_augmented/LA_T_5535201_aug.wav,en,bonafide,real,-,LA_0084,asvspoof2019la,,none
data/processed/en_augmented/LA_T_2281446_aug.wav,en,bonafide,real,-,LA_0094,asvspoof2019la,,none
data/processed/en_augmented/LA_T_4179989_aug.wav,en,bonafide,real,-,LA_0079,asvspoof2019la,,none
data/processed/en_mlaad_augmented/the_sea_fairies_18_f000042_aug.wav,en,spoof,tts,Chatterbox,-,mlaad,,rawboost
data/processed/en_augmented/LA_T_4403320_aug.wav,en,bonafide,real,-,LA_0096,asvspoof2019la,,none
data/processed/en_augmented/LA_T_1856855_aug.wav,en,bonafide,real,-,LA_0088,asvspoof2019la,,none
data/processed/en_augmented/LA_T_4224058_aug.wav,en,bonafide,real,-,LA_0089,asvspoof2019la,,codec
data/processed/en_mlaad_augmented/pink_fairy_book_12_f000104_aug.wav,en,spoof,tts,Higgs-Audio-V2,-,mlaad,,codec
data/processed/en_mlaad_augmented/silent_bullet_03_f000155_aug.wav,en,spoof,tts,Qwen3-TTS-12Hz-1.7B-Base,-,mlaad,,none
data/processed/en_mlaad_augmented/the_sea_fairies_22_f000003_aug.wav,en,spoof,tts,Qwen3-TTS-12Hz-1.7B-Base,-,mlaad,,rawboost
data/processed/en_augmented/LA_T_8083939_aug.wav,en,bonafide,real,-,LA_0088,asvspoof2019la,,none
data/processed/en_mlaad_augmented/jane_eyre_24_f000248_aug.wav,en,spoof,tts,MOSS-TTS-8B,-,mlaad,,rawboost
data/processed/en_mlaad_augmented/wives_and_daughters_10_f000021_aug.wav,en,spoof,tts,Higgs-Audio-V2,-,mlaad,,none
data/processed/en_augmented/LA_T_7089329_aug.wav,en,bonafide,real,-,LA_0089,asvspoof2019la,,none
data/processed/en_augmented/LA_T_7778575_aug.wav,en,bonafide,real,-,LA_0084,asvspoof2019la,,rawboost
data/processed/en_mlaad_augmented/wives_and_daughters_35_f000063_aug.wav,en,spoof,tts,Chatterbox-Turbo,-,mlaad,,rawboost
data/processed/en_mlaad_augmented/wives_and_daughters_53_f000107_aug.wav,en,spoof,tts,ElevenLabs-v2-Multilingual,-,mlaad,,codec
data/processed/en_mlaad_augmented/pink_fairy_book_31_f000004_aug.wav,en,spoof,tts,MOSS-TTS-8B,-,mlaad,,rawboost
data/processed/en_augmented/LA_T_4529370_aug.wav,en,bonafide,real,-,LA_0089,asvspoof2019la,,codec
data/processed/en_mlaad_augmented/wives_and_daughters_45_f000065_aug.wav,en,spoof,tts,ElevenLabs-v2-Multilingual,-,mlaad,,codec
data/processed/en_augmented/LA_T_8035781_aug.wav,en,bonafide,real,-,LA_0080,asvspoof2019la,,none
data/processed/en_mlaad_augmented/northandsouth_03_f000178_aug.wav,en,spoof,tts,GPT-SoVITS,-,mlaad,,rawboost
data/processed/en_mlaad_augmented/ozma_of_oz_05_f000074_aug.wav,en,spoof,tts,Qwen3-TTS-12Hz-1.7B-Base,-,mlaad,,rawboost+codec
data/processed/en_augmented/LA_T_9539101_aug.wav,en,bonafide,real,-,LA_0085,asvspoof2019la,,rawboost
data/processed/en_mlaad_augmented/poisoned_pen_02_f000033_aug.wav,en,spoof,tts,Qwen3-TTS-12Hz-1.7B-Base,-,mlaad,,none
data/processed/en_mlaad_augmented/rinkitink_baum_09_64kb_f000018_aug.wav,en,spoof,tts,kokoro,-,mlaad,,rawboost+codec
data/processed/en_augmented/LA_T_4707993_aug.wav,en,bonafide,real,-,LA_0089,asvspoof2019la,,rawboost+codec
data/processed/en_augmented/LA_T_4674925_aug.wav,en,bonafide,real,-,LA_0094,asvspoof2019la,,codec
data/processed/en_mlaad_augmented/midnight_passenger_07_f000060_aug.wav,en,spoof,tts,ElevenLabs-v3,-,mlaad,,rawboost+codec
data/processed/en_augmented/LA_T_4901591_aug.wav,en,bonafide,real,-,LA_0081,asvspoof2019la,,rawboost
data/processed/en_mlaad_augmented/midnight_passenger_03_f000105_aug.wav,en,spoof,tts,Chatterbox,-,mlaad,,rawboost
data/processed/en_mlaad_augmented/silent_bullet_06_f000007_aug.wav,en,spoof,tts,ElevenLabs-v2-Multilingual,-,mlaad,,none
data/processed/en_augmented/LA_T_1646363_aug.wav,en,bonafide,real,-,LA_0085,asvspoof2019la,,rawboost
data/processed/en_mlaad_augmented/northandsouth_11_f000080_aug.wav,en,spoof,tts,Chatterbox-Turbo,-,mlaad,,rawboost
data/processed/en_augmented/LA_T_9208716_aug.wav,en,bonafide,real,-,LA_0086,asvspoof2019la,,rawboost
data/processed/en_augmented/LA_T_3448969_aug.wav,en,spoof,tts,A01,LA_0079,asvspoof2019la,,none
data/processed/en_augmented/LA_T_1763423_aug.wav,en,bonafide,real,-,LA_0097,asvspoof2019la,,none
data/processed/en_mlaad_augmented/wives_and_daughters_33_f000072_aug.wav,en,spoof,tts,minimax_speech-2.6-hd,-,mlaad,,none
data/processed/en_mlaad_augmented/jane_eyre_07_f000021_aug.wav,en,spoof,tts,minimax_speech-2.6-hd,-,mlaad,,codec
data/processed/en_augmented/LA_T_9675042_aug.wav,en,bonafide,real,-,LA_0082,asvspoof2019la,,none
data/processed/en_mlaad_augmented/pink_fairy_book_22_f000087_aug.wav,en,spoof,tts,GPT-SoVITS,-,mlaad,,none
data/processed/en_mlaad_augmented/the_sea_fairies_08_f000036_aug.wav,en,spoof,tts,Qwen3-TTS-12Hz-1.7B-Base,-,mlaad,,codec
data/processed/en_mlaad_augmented/piratesofersatz_10_leinster_64kb_f000179_aug.wav,en,spoof,tts,ElevenLabs-v3,-,mlaad,,codec
data/processed/en_augmented/LA_T_1236840_aug.wav,en,bonafide,real,-,LA_0098,asvspoof2019la,,rawboost
data/processed/en_mlaad_augmented/piratesofersatz_09_leinster_64kb_f000018_aug.wav,en,spoof,tts,MOSS-TTS-8B,-,mlaad,,none
data/processed/en_augmented/LA_T_6432468_aug.wav,en,bonafide,real,-,LA_0089,asvspoof2019la,,rawboost+codec
data/processed/en_mlaad_augmented/the_sea_fairies_15_f000140_aug.wav,en,spoof,tts,tts_models_multilingual_multi-dataset_xtts_v2,-,mlaad,,none
data/processed/en_mlaad_augmented/northandsouth_50_f000052_aug.wav,en,spoof,tts,MOSS-TTS-8B,-,mlaad,,none
data/processed/en_mlaad_augmented/piratesofersatz_06_leinster_64kb_f000012_aug.wav,en,spoof,tts,ElevenLabs-Turbo-v2.5,-,mlaad,,codec
data/processed/en_mlaad_augmented/northandsouth_42_f000095_aug.wav,en,spoof,tts,Higgs-Audio-V2,-,mlaad,,codec
data/processed/en_mlaad_augmented/northandsouth_08_f000077_aug.wav,en,spoof,tts,GPT-SoVITS,-,mlaad,,none
data/processed/en_mlaad_augmented/wives_and_daughters_26_f000361_aug.wav,en,spoof,tts,kokoro,-,mlaad,,rawboost
data/processed/en_augmented/LA_T_4356490_aug.wav,en,bonafide,real,-,LA_0080,asvspoof2019la,,rawboost
data/processed/en_augmented/LA_T_3769045_aug.wav,en,bonafide,real,-,LA_0088,asvspoof2019la,,none
data/processed/en_mlaad_augmented/poisoned_pen_05_f000295_aug.wav,en,spoof,tts,ElevenLabs-v3,-,mlaad,,rawboost
data/processed/en_mlaad_augmented/rinkitink_baum_23_64kb_f000039_aug.wav,en,spoof,tts,kokoro,-,mlaad,,none
data/processed/en_augmented/LA_T_2304357_aug.wav,en,bonafide,real,-,LA_0083,asvspoof2019la,,rawboost
data/processed/en_augmented/LA_T_4575102_aug.wav,en,bonafide,real,-,LA_0084,asvspoof2019la,,rawboost+codec
data/processed/en_mlaad_augmented/jane_eyre_26_f000074_aug.wav,en,spoof,tts,MOSS-TTS-8B,-,mlaad,,none
data/processed/en_augmented/LA_T_8896720_aug.wav,en,bonafide,real,-,LA_0092,asvspoof2019la,,codec
data/processed/en_mlaad_augmented/poisoned_pen_06_f000263_aug.wav,en,spoof,tts,tts_models_multilingual_multi-dataset_xtts_v2,-,mlaad,,none
data/processed/en_augmented/LA_T_4664739_aug.wav,en,bonafide,real,-,LA_0086,asvspoof2019la,,none
data/processed/en_augmented/LA_T_6710807_aug.wav,en,bonafide,real,-,LA_0084,asvspoof2019la,,rawboost+codec
data/processed/en_mlaad_augmented/midnight_passenger_15_f000094_aug.wav,en,spoof,tts,minimax_speech-2.6-hd,-,mlaad,,rawboost+codec
data/processed/en_augmented/LA_T_6111496_aug.wav,en,spoof,vc,A05,LA_0098,asvspoof2019la,,none
data/processed/en_augmented/LA_T_4140135_aug.wav,en,bonafide,real,-,LA_0088,asvspoof2019la,,rawboost+codec
data/processed/en_augmented/LA_T_5657926_aug.wav,en,bonafide,real,-,LA_0091,asvspoof2019la,,codec
data/processed/en_augmented/LA_T_9174733_aug.wav,en,bonafide,real,-,LA_0098,asvspoof2019la,,rawboost
data/processed/en_augmented/LA_T_3964315_aug.wav,en,bonafide,real,-,LA_0091,asvspoof2019la,,none
data/processed/en_augmented/LA_T_7686633_aug.wav,en,bonafide,real,-,LA_0098,asvspoof2019la,,none
data/processed/en_mlaad_augmented/midnight_passenger_06_f000239_aug.wav,en,spoof,tts,Qwen3-TTS-12Hz-1.7B-Base,-,mlaad,,rawboost
data/processed/en_augmented/LA_T_1923872_aug.wav,en,bonafide,real,-,LA_0082,asvspoof2019la,,rawboost
data/processed/en_mlaad_augmented/midnight_passenger_06_f000050_aug.wav,en,spoof,tts,minimax_speech-2.6-hd,-,mlaad,,none
data/processed/en_augmented/LA_T_1840394_aug.wav,en,bonafide,real,-,LA_0095,asvspoof2019la,,rawboost+codec
data/processed/en_augmented/LA_T_6611269_aug.wav,en,bonafide,real,-,LA_0094,asvspoof2019la,,rawboost+codec
data/processed/en_mlaad_augmented/silent_bullet_12_f000322_aug.wav,en,spoof,tts,ElevenLabs-Turbo-v2.5,-,mlaad,,rawboost
data/processed/en_mlaad_augmented/silent_bullet_11_f000142_aug.wav,en,spoof,tts,Chatterbox,-,mlaad,,rawboost+codec
data/processed/en_augmented/LA_T_5592527_aug.wav,en,bonafide,real,-,LA_0081,asvspoof2019la,,rawboost
data/processed/en_augmented/LA_T_2032733_aug.wav,en,bonafide,real,-,LA_0088,asvspoof2019la,,none
data/processed/en_mlaad_augmented/ozma_of_oz_18_f000030_aug.wav,en,spoof,tts,ElevenLabs-v2-Multilingual,-,mlaad,,rawboost+codec
data/processed/en_augmented/LA_T_3105506_aug.wav,en,bonafide,real,-,LA_0098,asvspoof2019la,,codec
data/processed/en_augmented/LA_T_3551277_aug.wav,en,bonafide,real,-,LA_0096,asvspoof2019la,,codec
data/processed/en_augmented/LA_T_7670239_aug.wav,en,bonafide,real,-,LA_0096,asvspoof2019la,,none
data/processed/en_mlaad_augmented/the_sea_fairies_03_f000011_aug.wav,en,spoof,tts,minimax_speech-2.6-hd,-,mlaad,,codec
data/processed/en_augmented/LA_T_1793666_aug.wav,en,bonafide,real,-,LA_0083,asvspoof2019la,,none
data/processed/en_augmented/LA_T_4900136_aug.wav,en,bonafide,real,-,LA_0088,asvspoof2019la,,none
data/processed/en_augmented/LA_T_7720305_aug.wav,en,bonafide,real,-,LA_0093,asvspoof2019la,,none
data/processed/en_mlaad_augmented/poisoned_pen_02_f000224_aug.wav,en,spoof,tts,Chatterbox,-,mlaad,,rawboost
data/processed/en_mlaad_augmented/wives_and_daughters_10_f000343_aug.wav,en,spoof,tts,ElevenLabs-Turbo-v2.5,-,mlaad,,none
data/processed/en_mlaad_augmented/poisoned_pen_01_f000136_aug.wav,en,spoof,tts,kokoro,-,mlaad,,rawboost
data/processed/en_augmented/LA_T_7850247_aug.wav,en,bonafide,real,-,LA_0095,asvspoof2019la,,none
data/processed/en_augmented/LA_T_7223887_aug.wav,en,bonafide,real,-,LA_0092,asvspoof2019la,,none
data/processed/en_mlaad_augmented/wives_and_daughters_23_f000091_aug.wav,en,spoof,tts,ElevenLabs-v3,-,mlaad,,rawboost+codec
data/processed/en_augmented/LA_T_6496177_aug.wav,en,bonafide,real,-,LA_0082,asvspoof2019la,,codec
data/processed/en_mlaad_augmented/wives_and_daughters_34_f000102_aug.wav,en,spoof,tts,minimax_speech-2.6-hd,-,mlaad,,rawboost+codec
data/processed/en_augmented/LA_T_2207320_aug.wav,en,bonafide,real,-,LA_0091,asvspoof2019la,,codec
data/processed/en_augmented/LA_T_8993559_aug.wav,en,bonafide,real,-,LA_0088,asvspoof2019la,,rawboost
data/processed/en_augmented/LA_T_7316699_aug.wav,en,bonafide,real,-,LA_0090,asvspoof2019la,,rawboost+codec
data/processed/en_mlaad_augmented/jane_eyre_17_f000229_aug.wav,en,spoof,tts,minimax_speech-2.6-hd,-,mlaad,,rawboost+codec
data/processed/en_augmented/LA_T_3130781_aug.wav,en,spoof,vc,A06,LA_0093,asvspoof2019la,,none
data/processed/en_augmented/LA_T_7690633_aug.wav,en,bonafide,real,-,LA_0084,asvspoof2019la,,none
data/processed/en_mlaad_augmented/wives_and_daughters_34_f000158_aug.wav,en,spoof,tts,Qwen3-TTS-12Hz-1.7B-Base,-,mlaad,,rawboost+codec
data/processed/en_mlaad_augmented/northandsouth_35_f000012_aug.wav,en,spoof,tts,kokoro,-,mlaad,,rawboost
data/processed/en_augmented/LA_T_9071029_aug.wav,en,bonafide,real,-,LA_0097,asvspoof2019la,,none
data/processed/en_augmented/LA_T_8571358_aug.wav,en,bonafide,real,-,LA_0084,asvspoof2019la,,rawboost
data/processed/en_augmented/LA_T_3266022_aug.wav,en,bonafide,real,-,LA_0098,asvspoof2019la,,none
data/processed/en_augmented/LA_T_5191549_aug.wav,en,bonafide,real,-,LA_0079,asvspoof2019la,,rawboost
data/processed/en_augmented/LA_T_3325988_aug.wav,en,bonafide,real,-,LA_0083,asvspoof2019la,,codec
data/processed/en_augmented/LA_T_3689595_aug.wav,en,bonafide,real,-,LA_0091,asvspoof2019la,,none
data/processed/en_mlaad_augmented/midnight_passenger_06_f000184_aug.wav,en,spoof,tts,GPT-SoVITS,-,mlaad,,none
data/processed/en_mlaad_augmented/wives_and_daughters_42_f000108_aug.wav,en,spoof,tts,Higgs-Audio-V2,-,mlaad,,none
data/processed/en_mlaad_augmented/jane_eyre_31_f000087_aug.wav,en,spoof,tts,Higgs-Audio-V2,-,mlaad,,rawboost
data/processed/en_augmented/LA_T_4756464_aug.wav,en,bonafide,real,-,LA_0079,asvspoof2019la,,rawboost
data/processed/en_mlaad_augmented/jane_eyre_21_f000308_aug.wav,en,spoof,tts,GPT-SoVITS,-,mlaad,,rawboost
data/processed/en_mlaad_augmented/poisoned_pen_03_f000211_aug.wav,en,spoof,tts,Qwen3-TTS-12Hz-1.7B-Base,-,mlaad,,codec
data/processed/en_augmented/LA_T_9881753_aug.wav,en,bonafide,real,-,LA_0084,asvspoof2019la,,codec
data/processed/en_augmented/LA_T_9741234_aug.wav,en,bonafide,real,-,LA_0081,asvspoof2019la,,none
data/processed/en_augmented/LA_T_3432669_aug.wav,en,spoof,tts,A02,LA_0084,asvspoof2019la,,none
data/processed/en_mlaad_augmented/jane_eyre_37_f000291_aug.wav,en,spoof,tts,MOSS-TTS-8B,-,mlaad,,none
data/processed/en_augmented/LA_T_1864383_aug.wav,en,bonafide,real,-,LA_0083,asvspoof2019la,,rawboost
data/processed/en_mlaad_augmented/poisoned_pen_11_f000268_aug.wav,en,spoof,tts,GPT-SoVITS,-,mlaad,,none
data/processed/en_augmented/LA_T_2507189_aug.wav,en,bonafide,real,-,LA_0098,asvspoof2019la,,none
data/processed/en_mlaad_augmented/piratesofersatz_02_leinster_64kb_f000179_aug.wav,en,spoof,tts,tts_models_multilingual_multi-dataset_xtts_v2,-,mlaad,,rawboost
data/processed/en_augmented/LA_T_4414920_aug.wav,en,bonafide,real,-,LA_0094,asvspoof2019la,,none
data/processed/en_mlaad_augmented/silent_bullet_02_f000303_aug.wav,en,spoof,tts,Higgs-Audio-V2,-,mlaad,,rawboost+codec
data/processed/en_mlaad_augmented/northandsouth_50_f000065_aug.wav,en,spoof,tts,ElevenLabs-v2-Multilingual,-,mlaad,,rawboost
data/processed/en_augmented/LA_T_1504888_aug.wav,en,bonafide,real,-,LA_0083,asvspoof2019la,,none
data/processed/en_augmented/LA_T_3882719_aug.wav,en,bonafide,real,-,LA_0090,asvspoof2019la,,none
data/processed/en_augmented/LA_T_1341430_aug.wav,en,bonafide,real,-,LA_0093,asvspoof2019la,,rawboost
data/processed/en_mlaad_augmented/pink_fairy_book_33_f000102_aug.wav,en,spoof,tts,Chatterbox-Turbo,-,mlaad,,rawboost
data/processed/en_mlaad_augmented/jane_eyre_20_f000142_aug.wav,en,spoof,tts,minimax_speech-2.6-hd,-,mlaad,,none
data/processed/en_mlaad_augmented/rinkitink_baum_01_64kb_f000064_aug.wav,en,spoof,tts,ElevenLabs-v2-Multilingual,-,mlaad,,rawboost
data/processed/en_augmented/LA_T_2726428_aug.wav,en,bonafide,real,-,LA_0088,asvspoof2019la,,rawboost
data/processed/en_augmented/LA_T_6742582_aug.wav,en,bonafide,real,-,LA_0087,asvspoof2019la,,codec
data/processed/en_augmented/LA_T_6642565_aug.wav,en,bonafide,real,-,LA_0090,asvspoof2019la,,rawboost+codec
data/processed/en_augmented/LA_T_8135846_aug.wav,en,bonafide,real,-,LA_0089,asvspoof2019la,,none
data/processed/en_mlaad_augmented/midnight_passenger_07_f000215_aug.wav,en,spoof,tts,GPT-SoVITS,-,mlaad,,rawboost
data/processed/en_augmented/LA_T_7254652_aug.wav,en,bonafide,real,-,LA_0083,asvspoof2019la,,none
data/processed/en_augmented/LA_T_8854115_aug.wav,en,bonafide,real,-,LA_0086,asvspoof2019la,,none
data/processed/en_mlaad_augmented/wives_and_daughters_12_f000157_aug.wav,en,spoof,tts,ElevenLabs-Turbo-v2.5,-,mlaad,,rawboost
data/processed/en_augmented/LA_T_4237787_aug.wav,en,bonafide,real,-,LA_0079,asvspoof2019la,,none
data/processed/en_augmented/LA_T_9177970_aug.wav,en,bonafide,real,-,LA_0089,asvspoof2019la,,none
data/processed/en_mlaad_augmented/silent_bullet_12_f000308_aug.wav,en,spoof,tts,GPT-SoVITS,-,mlaad,,codec
data/processed/en_mlaad_augmented/northandsouth_07_f000066_aug.wav,en,spoof,tts,Higgs-Audio-V2,-,mlaad,,none
data/processed/en_augmented/LA_T_1947138_aug.wav,en,bonafide,real,-,LA_0091,asvspoof2019la,,rawboost
data/processed/en_augmented/LA_T_1477639_aug.wav,en,bonafide,real,-,LA_0086,asvspoof2019la,,rawboost
data/processed/en_mlaad_augmented/northandsouth_15_f000296_aug.wav,en,spoof,tts,Chatterbox,-,mlaad,,rawboost
data/processed/en_augmented/LA_T_2214399_aug.wav,en,spoof,vc,A05,LA_0095,asvspoof2019la,,none
data/processed/en_mlaad_augmented/midnight_passenger_06_f000254_aug.wav,en,spoof,tts,Qwen3-TTS-12Hz-1.7B-Base,-,mlaad,,none
data/processed/en_mlaad_augmented/hunters_space_06_f000053_aug.wav,en,spoof,tts,Chatterbox,-,mlaad,,none
data/processed/en_augmented/LA_T_2465871_aug.wav,en,bonafide,real,-,LA_0087,asvspoof2019la,,none
data/processed/en_augmented/LA_T_6760364_aug.wav,en,bonafide,real,-,LA_0097,asvspoof2019la,,rawboost
data/processed/en_mlaad_augmented/jane_eyre_17_f000292_aug.wav,en,spoof,tts,minimax_speech-2.6-hd,-,mlaad,,rawboost
data/processed/en_augmented/LA_T_9194689_aug.wav,en,bonafide,real,-,LA_0089,asvspoof2019la,,none
data/processed/en_augmented/LA_T_6736628_aug.wav,en,bonafide,real,-,LA_0079,asvspoof2019la,,rawboost
data/processed/en_augmented/LA_T_6553669_aug.wav,en,bonafide,real,-,LA_0090,asvspoof2019la,,codec
data/processed/en_augmented/LA_T_6721654_aug.wav,en,bonafide,real,-,LA_0079,asvspoof2019la,,none
data/processed/en_mlaad_augmented/the_master_key_10_f000077_aug.wav,en,spoof,tts,minimax_speech-2.6-hd,-,mlaad,,none
data/processed/en_augmented/LA_T_6555022_aug.wav,en,bonafide,real,-,LA_0094,asvspoof2019la,,codec
data/processed/en_augmented/LA_T_5662468_aug.wav,en,spoof,tts,A01,LA_0080,asvspoof2019la,,rawboost+codec
data/processed/en_augmented/LA_T_7090581_aug.wav,en,bonafide,real,-,LA_0080,asvspoof2019la,,none
data/processed/en_mlaad_augmented/emerald_city_of_oz_07_f000056_aug.wav,en,spoof,tts,Chatterbox,-,mlaad,,rawboost
data/processed/en_augmented/LA_T_3505871_aug.wav,en,bonafide,real,-,LA_0098,asvspoof2019la,,rawboost
data/processed/en_augmented/LA_T_5067784_aug.wav,en,bonafide,real,-,LA_0090,asvspoof2019la,,codec
data/processed/en_augmented/LA_T_9265598_aug.wav,en,bonafide,real,-,LA_0084,asvspoof2019la,,none
data/processed/en_augmented/LA_T_4240830_aug.wav,en,spoof,tts,A01,LA_0096,asvspoof2019la,,rawboost+codec
data/processed/en_mlaad_augmented/rinkitink_baum_22_64kb_f000041_aug.wav,en,spoof,tts,ElevenLabs-v3,-,mlaad,,none
data/processed/en_augmented/LA_T_7786173_aug.wav,en,bonafide,real,-,LA_0090,asvspoof2019la,,rawboost
data/processed/en_augmented/LA_T_6074694_aug.wav,en,bonafide,real,-,LA_0079,asvspoof2019la,,none
data/processed/en_augmented/LA_T_7890801_aug.wav,en,bonafide,real,-,LA_0090,asvspoof2019la,,none
data/processed/en_augmented/LA_T_1205628_aug.wav,en,spoof,tts,A02,LA_0081,asvspoof2019la,,rawboost+codec
data/processed/en_augmented/LA_T_7300523_aug.wav,en,bonafide,real,-,LA_0081,asvspoof2019la,,rawboost+codec
data/processed/en_augmented/LA_T_9273556_aug.wav,en,bonafide,real,-,LA_0094,asvspoof2019la,,rawboost
data/processed/en_augmented/LA_T_5547883_aug.wav,en,bonafide,real,-,LA_0093,asvspoof2019la,,none
data/processed/en_augmented/LA_T_4817040_aug.wav,en,bonafide,real,-,LA_0082,asvspoof2019la,,rawboost
data/processed/en_mlaad_augmented/northandsouth_32_f000065_aug.wav,en,spoof,tts,tts_models_multilingual_multi-dataset_xtts_v2,-,mlaad,,rawboost
data/processed/en_mlaad_augmented/poisoned_pen_12_f000247_aug.wav,en,spoof,tts,Chatterbox,-,mlaad,,none
data/processed/en_augmented/LA_T_8458654_aug.wav,en,bonafide,real,-,LA_0079,asvspoof2019la,,rawboost
data/processed/en_mlaad_augmented/wives_and_daughters_55_f000176_aug.wav,en,spoof,tts,Higgs-Audio-V2,-,mlaad,,none
data/processed/en_augmented/LA_T_1142757_aug.wav,en,bonafide,real,-,LA_0092,asvspoof2019la,,none
data/processed/en_augmented/LA_T_1041717_aug.wav,en,bonafide,real,-,LA_0092,asvspoof2019la,,rawboost+codec
data/processed/en_augmented/LA_T_4387428_aug.wav,en,bonafide,real,-,LA_0097,asvspoof2019la,,codec
data/processed/en_augmented/LA_T_3121388_aug.wav,en,bonafide,real,-,LA_0080,asvspoof2019la,,rawboost
data/processed/en_mlaad_augmented/the_master_key_10_f000071_aug.wav,en,spoof,tts,minimax_speech-2.6-hd,-,mlaad,,none
data/processed/en_augmented/LA_T_2202862_aug.wav,en,bonafide,real,-,LA_0094,asvspoof2019la,,none
data/processed/en_mlaad_augmented/the_master_key_13_f000027_aug.wav,en,spoof,tts,Chatterbox-Turbo,-,mlaad,,codec
data/processed/en_augmented/LA_T_1459702_aug.wav,en,bonafide,real,-,LA_0081,asvspoof2019la,,rawboost
data/processed/en_augmented/LA_T_7890455_aug.wav,en,bonafide,real,-,LA_0096,asvspoof2019la,,rawboost+codec
data/processed/en_augmented/LA_T_4024715_aug.wav,en,bonafide,real,-,LA_0097,asvspoof2019la,,none
data/processed/en_augmented/LA_T_7310629_aug.wav,en,bonafide,real,-,LA_0088,asvspoof2019la,,none
data/processed/en_mlaad_augmented/wives_and_daughters_11_f000291_aug.wav,en,spoof,tts,Chatterbox-Turbo,-,mlaad,,rawboost
data/processed/en_mlaad_augmented/jane_eyre_30_f000200_aug.wav,en,spoof,tts,Higgs-Audio-V2,-,mlaad,,codec
data/processed/en_augmented/LA_T_1377264_aug.wav,en,bonafide,real,-,LA_0093,asvspoof2019la,,rawboost+codec
data/processed/en_augmented/LA_T_8760338_aug.wav,en,bonafide,real,-,LA_0083,asvspoof2019la,,rawboost
data/processed/en_mlaad_augmented/skyisland_19_baum_64kb_f000020_aug.wav,en,spoof,tts,minimax_speech-2.6-hd,-,mlaad,,none
data/processed/en_mlaad_augmented/silent_bullet_13_f000024_aug.wav,en,spoof,tts,ElevenLabs-v2-Multilingual,-,mlaad,,rawboost+codec
data/processed/en_augmented/LA_T_1773196_aug.wav,en,bonafide,real,-,LA_0091,asvspoof2019la,,none
data/processed/en_mlaad_augmented/wives_and_daughters_10_f000175_aug.wav,en,spoof,tts,Chatterbox-Turbo,-,mlaad,,none
data/processed/en_mlaad_augmented/piratesofersatz_03_leinster_64kb_f000218_aug.wav,en,spoof,tts,MOSS-TTS-8B,-,mlaad,,rawboost
data/processed/en_augmented/LA_T_7803296_aug.wav,en,spoof,tts,A01,LA_0083,asvspoof2019la,,rawboost
data/processed/en_mlaad_augmented/wives_and_daughters_53_f000019_aug.wav,en,spoof,tts,minimax_speech-2.6-hd,-,mlaad,,codec
data/processed/en_augmented/LA_T_8521460_aug.wav,en,bonafide,real,-,LA_0086,asvspoof2019la,,rawboost+codec
data/processed/en_mlaad_augmented/jane_eyre_16_f000134_aug.wav,en,spoof,tts,Chatterbox-Turbo,-,mlaad,,none
data/processed/en_mlaad_augmented/rinkitink_baum_07_64kb_f000005_aug.wav,en,spoof,tts,Chatterbox,-,mlaad,,rawboost
data/processed/en_augmented/LA_T_7432530_aug.wav,en,bonafide,real,-,LA_0088,asvspoof2019la,,rawboost
data/processed/en_augmented/LA_T_5264471_aug.wav,en,bonafide,real,-,LA_0080,asvspoof2019la,,rawboost
data/processed/en_augmented/LA_T_3133284_aug.wav,en,bonafide,real,-,LA_0093,asvspoof2019la,,rawboost
data/processed/en_augmented/LA_T_3477694_aug.wav,en,bonafide,real,-,LA_0081,asvspoof2019la,,rawboost
data/processed/en_mlaad_augmented/piratesofersatz_11_leinster_64kb_f000051_aug.wav,en,spoof,tts,ElevenLabs-v2-Multilingual,-,mlaad,,rawboost+codec
data/processed/en_augmented/LA_T_9581881_aug.wav,en,bonafide,real,-,LA_0097,asvspoof2019la,,none
data/processed/en_augmented/LA_T_5525305_aug.wav,en,bonafide,real,-,LA_0084,asvspoof2019la,,rawboost
data/processed/en_augmented/LA_T_2092466_aug.wav,en,bonafide,real,-,LA_0090,asvspoof2019la,,none
data/processed/en_mlaad_augmented/hunters_space_12_f000014_aug.wav,en,spoof,tts,GPT-SoVITS,-,mlaad,,none
data/processed/en_mlaad_augmented/northandsouth_50_f000046_aug.wav,en,spoof,tts,Higgs-Audio-V2,-,mlaad,,rawboost
data/processed/en_augmented/LA_T_3008265_aug.wav,en,bonafide,real,-,LA_0093,asvspoof2019la,,none
data/processed/en_mlaad_augmented/silent_bullet_06_f000089_aug.wav,en,spoof,tts,tts_models_multilingual_multi-dataset_xtts_v2,-,mlaad,,codec
data/processed/en_augmented/LA_T_2482961_aug.wav,en,bonafide,real,-,LA_0095,asvspoof2019la,,rawboost
data/processed/en_augmented/LA_T_8480400_aug.wav,en,bonafide,real,-,LA_0096,asvspoof2019la,,rawboost+codec
data/processed/en_augmented/LA_T_8507928_aug.wav,en,bonafide,real,-,LA_0079,asvspoof2019la,,none
data/processed/en_augmented/LA_T_7213473_aug.wav,en,bonafide,real,-,LA_0081,asvspoof2019la,,rawboost+codec
data/processed/en_mlaad_augmented/midnight_passenger_13_f000014_aug.wav,en,spoof,tts,ElevenLabs-v2-Multilingual,-,mlaad,,none
data/processed/en_mlaad_augmented/jane_eyre_29_f000045_aug.wav,en,spoof,tts,Chatterbox-Turbo,-,mlaad,,rawboost
data/processed/en_augmented/LA_T_7972168_aug.wav,en,bonafide,real,-,LA_0081,asvspoof2019la,,none
data/processed/en_mlaad_augmented/piratesofersatz_07_leinster_64kb_f000089_aug.wav,en,spoof,tts,ElevenLabs-v2-Multilingual,-,mlaad,,rawboost
data/processed/en_augmented/LA_T_7816568_aug.wav,en,bonafide,real,-,LA_0082,asvspoof2019la,,codec
data/processed/en_augmented/LA_T_5795707_aug.wav,en,bonafide,real,-,LA_0087,asvspoof2019la,,codec
data/processed/en_augmented/LA_T_9408141_aug.wav,en,bonafide,real,-,LA_0082,asvspoof2019la,,rawboost
data/processed/en_mlaad_augmented/northandsouth_39_f000015_aug.wav,en,spoof,tts,Chatterbox-Turbo,-,mlaad,,none
data/processed/en_augmented/LA_T_4864042_aug.wav,en,spoof,vc,A05,LA_0086,asvspoof2019la,,none
data/processed/en_mlaad_augmented/wives_and_daughters_53_f000179_aug.wav,en,spoof,tts,GPT-SoVITS,-,mlaad,,rawboost
data/processed/en_augmented/LA_T_7719451_aug.wav,en,spoof,vc,A05,LA_0090,asvspoof2019la,,none
data/processed/en_augmented/LA_T_1013597_aug.wav,en,bonafide,real,-,LA_0086,asvspoof2019la,,rawboost
data/processed/en_mlaad_augmented/pink_fairy_book_38_f000110_aug.wav,en,spoof,tts,ElevenLabs-v2-Multilingual,-,mlaad,,rawboost
data/processed/en_augmented/LA_T_3515602_aug.wav,en,bonafide,real,-,LA_0093,asvspoof2019la,,none
data/processed/en_mlaad_augmented/jane_eyre_25_f000169_aug.wav,en,spoof,tts,GPT-SoVITS,-,mlaad,,rawboost
data/processed/en_augmented/LA_T_6407273_aug.wav,en,bonafide,real,-,LA_0085,asvspoof2019la,,none
data/processed/en_mlaad_augmented/skyisland_06_baum_64kb_f000071_aug.wav,en,spoof,tts,GPT-SoVITS,-,mlaad,,rawboost+codec
data/processed/en_mlaad_augmented/pink_fairy_book_16_f000077_aug.wav,en,spoof,tts,Chatterbox,-,mlaad,,rawboost
data/processed/en_mlaad_augmented/jane_eyre_01_f000056_aug.wav,en,spoof,tts,Qwen3-TTS-12Hz-1.7B-Base,-,mlaad,,none
data/processed/en_mlaad_augmented/jane_eyre_37_f000443_aug.wav,en,spoof,tts,kokoro,-,mlaad,,none
data/processed/en_mlaad_augmented/northandsouth_43_f000013_aug.wav,en,spoof,tts,MOSS-TTS-8B,-,mlaad,,none
data/processed/en_augmented/LA_T_2195795_aug.wav,en,bonafide,real,-,LA_0094,asvspoof2019la,,rawboost+codec
data/processed/en_mlaad_augmented/poisoned_pen_12_f000053_aug.wav,en,spoof,tts,MOSS-TTS-8B,-,mlaad,,rawboost
data/processed/en_mlaad_augmented/northandsouth_09_f000063_aug.wav,en,spoof,tts,tts_models_multilingual_multi-dataset_xtts_v2,-,mlaad,,none
data/processed/en_augmented/LA_T_8339895_aug.wav,en,bonafide,real,-,LA_0081,asvspoof2019la,,none
data/processed/en_augmented/LA_T_5919047_aug.wav,en,bonafide,real,-,LA_0093,asvspoof2019la,,rawboost
data/processed/en_mlaad_augmented/pink_fairy_book_37_f000056_aug.wav,en,spoof,tts,kokoro,-,mlaad,,none
data/processed/en_augmented/LA_T_5427607_aug.wav,en,bonafide,real,-,LA_0095,asvspoof2019la,,none
data/processed/en_augmented/LA_T_4711197_aug.wav,en,bonafide,real,-,LA_0085,asvspoof2019la,,rawboost
data/processed/en_mlaad_augmented/wives_and_daughters_38_f000175_aug.wav,en,spoof,tts,minimax_speech-2.6-hd,-,mlaad,,codec
data/processed/en_mlaad_augmented/wives_and_daughters_21_f000208_aug.wav,en,spoof,tts,tts_models_multilingual_multi-dataset_xtts_v2,-,mlaad,,rawboost
data/processed/en_mlaad_augmented/jane_eyre_26_f000172_aug.wav,en,spoof,tts,Chatterbox-Turbo,-,mlaad,,rawboost
data/processed/en_mlaad_augmented/jane_eyre_11_f000120_aug.wav,en,spoof,tts,ElevenLabs-v2-Multilingual,-,mlaad,,codec
data/processed/en_augmented/LA_T_9630620_aug.wav,en,bonafide,real,-,LA_0086,asvspoof2019la,,none
data/processed/en_mlaad_augmented/midnight_passenger_12_f000181_aug.wav,en,spoof,tts,Chatterbox,-,mlaad,,codec
data/processed/en_mlaad_augmented/silent_bullet_12_f000323_aug.wav,en,spoof,tts,GPT-SoVITS,-,mlaad,,none
data/processed/en_mlaad_augmented/wives_and_daughters_16_f000160_aug.wav,en,spoof,tts,Qwen3-TTS-12Hz-1.7B-Base,-,mlaad,,rawboost
data/processed/en_mlaad_augmented/wives_and_daughters_31_f000109_aug.wav,en,spoof,tts,Chatterbox,-,mlaad,,none
data/processed/en_mlaad_augmented/poisoned_pen_11_f000197_aug.wav,en,spoof,tts,ElevenLabs-Turbo-v2.5,-,mlaad,,none
data/processed/en_augmented/LA_T_9748392_aug.wav,en,bonafide,real,-,LA_0087,asvspoof2019la,,none
data/processed/en_augmented/LA_T_4030250_aug.wav,en,bonafide,real,-,LA_0091,asvspoof2019la,,none
data/processed/en_augmented/LA_T_6651095_aug.wav,en,bonafide,real,-,LA_0096,asvspoof2019la,,codec
data/processed/en_augmented/LA_T_3581312_aug.wav,en,spoof,tts,A02,LA_0092,asvspoof2019la,,none
data/processed/en_mlaad_augmented/emerald_city_of_oz_30_f000008_aug.wav,en,spoof,tts,ElevenLabs-v2-Multilingual,-,mlaad,,rawboost+codec
data/processed/en_augmented/LA_T_7774011_aug.wav,en,bonafide,real,-,LA_0087,asvspoof2019la,,rawboost
data/processed/en_mlaad_augmented/wives_and_daughters_41_f000137_aug.wav,en,spoof,tts,Chatterbox-Turbo,-,mlaad,,codec
data/processed/en_mlaad_augmented/northandsouth_34_f000088_aug.wav,en,spoof,tts,Higgs-Audio-V2,-,mlaad,,none
data/processed/en_augmented/LA_T_8590705_aug.wav,en,bonafide,real,-,LA_0090,asvspoof2019la,,none
data/processed/en_mlaad_augmented/wives_and_daughters_04_f000138_aug.wav,en,spoof,tts,ElevenLabs-Turbo-v2.5,-,mlaad,,rawboost+codec
data/processed/en_mlaad_augmented/silent_bullet_06_f000342_aug.wav,en,spoof,tts,MOSS-TTS-8B,-,mlaad,,rawboost+codec
data/processed/en_mlaad_augmented/piratesofersatz_03_leinster_64kb_f000013_aug.wav,en,spoof,tts,Chatterbox-Turbo,-,mlaad,,rawboost+codec
data/processed/en_mlaad_augmented/northandsouth_44_f000134_aug.wav,en,spoof,tts,Higgs-Audio-V2,-,mlaad,,rawboost
data/processed/en_augmented/LA_T_7697985_aug.wav,en,bonafide,real,-,LA_0094,asvspoof2019la,,rawboost+codec
data/processed/en_mlaad_augmented/ozma_of_oz_14_f000071_aug.wav,en,spoof,tts,Qwen3-TTS-12Hz-1.7B-Base,-,mlaad,,none
data/processed/en_mlaad_augmented/wives_and_daughters_06_f000025_aug.wav,en,spoof,tts,GPT-SoVITS,-,mlaad,,codec
data/processed/en_augmented/LA_T_9324386_aug.wav,en,bonafide,real,-,LA_0090,asvspoof2019la,,rawboost+codec
data/processed/en_augmented/LA_T_7144134_aug.wav,en,bonafide,real,-,LA_0085,asvspoof2019la,,none
data/processed/en_augmented/LA_T_8448770_aug.wav,en,bonafide,real,-,LA_0091,asvspoof2019la,,rawboost+codec
data/processed/en_mlaad_augmented/ozma_of_oz_13_f000034_aug.wav,en,spoof,tts,ElevenLabs-v3,-,mlaad,,none
data/processed/en_mlaad_augmented/the_sea_fairies_05_f000026_aug.wav,en,spoof,tts,tts_models_multilingual_multi-dataset_xtts_v2,-,mlaad,,rawboost
data/processed/en_augmented/LA_T_8448396_aug.wav,en,bonafide,real,-,LA_0082,asvspoof2019la,,none
data/processed/en_mlaad_augmented/piratesofersatz_09_leinster_64kb_f000120_aug.wav,en,spoof,tts,kokoro,-,mlaad,,codec
data/processed/en_augmented/LA_T_4877664_aug.wav,en,bonafide,real,-,LA_0086,asvspoof2019la,,codec
data/processed/en_augmented/LA_T_2992916_aug.wav,en,bonafide,real,-,LA_0080,asvspoof2019la,,none
data/processed/en_augmented/LA_T_1312618_aug.wav,en,bonafide,real,-,LA_0091,asvspoof2019la,,none
data/processed/en_augmented/LA_T_4923806_aug.wav,en,bonafide,real,-,LA_0093,asvspoof2019la,,rawboost
data/processed/en_mlaad_augmented/jane_eyre_37_f000166_aug.wav,en,spoof,tts,ElevenLabs-v3,-,mlaad,,rawboost
data/processed/en_augmented/LA_T_3228820_aug.wav,en,bonafide,real,-,LA_0086,asvspoof2019la,,none
data/processed/en_augmented/LA_T_2555028_aug.wav,en,bonafide,real,-,LA_0097,asvspoof2019la,,rawboost
data/processed/en_augmented/LA_T_7478918_aug.wav,en,bonafide,real,-,LA_0092,asvspoof2019la,,none
data/processed/en_augmented/LA_T_6457872_aug.wav,en,bonafide,real,-,LA_0083,asvspoof2019la,,codec
data/processed/en_augmented/LA_T_6632904_aug.wav,en,bonafide,real,-,LA_0088,asvspoof2019la,,none
data/processed/en_augmented/LA_T_9330790_aug.wav,en,bonafide,real,-,LA_0096,asvspoof2019la,,rawboost+codec
data/processed/en_mlaad_augmented/northandsouth_14_f000043_aug.wav,en,spoof,tts,tts_models_multilingual_multi-dataset_xtts_v2,-,mlaad,,none
data/processed/en_augmented/LA_T_9519970_aug.wav,en,bonafide,real,-,LA_0083,asvspoof2019la,,none
data/processed/en_augmented/LA_T_4565832_aug.wav,en,bonafide,real,-,LA_0084,asvspoof2019la,,rawboost
data/processed/en_mlaad_augmented/wives_and_daughters_58_f000072_aug.wav,en,spoof,tts,kokoro,-,mlaad,,rawboost
data/processed/en_mlaad_augmented/poisoned_pen_07_f000199_aug.wav,en,spoof,tts,ElevenLabs-v3,-,mlaad,,none
data/processed/en_mlaad_augmented/skyisland_02_baum_64kb_f000056_aug.wav,en,spoof,tts,ElevenLabs-Turbo-v2.5,-,mlaad,,rawboost
data/processed/en_mlaad_augmented/jane_eyre_22_f000058_aug.wav,en,spoof,tts,Qwen3-TTS-12Hz-1.7B-Base,-,mlaad,,none
data/processed/en_mlaad_augmented/midnight_passenger_01_f000185_aug.wav,en,spoof,tts,minimax_speech-2.6-hd,-,mlaad,,rawboost+codec
data/processed/en_augmented/LA_T_8147818_aug.wav,en,bonafide,real,-,LA_0096,asvspoof2019la,,rawboost
data/processed/en_augmented/LA_T_2363469_aug.wav,en,bonafide,real,-,LA_0094,asvspoof2019la,,rawboost+codec
data/processed/en_augmented/LA_T_8276365_aug.wav,en,bonafide,real,-,LA_0098,asvspoof2019la,,none
data/processed/en_augmented/LA_T_8119863_aug.wav,en,bonafide,real,-,LA_0086,asvspoof2019la,,rawboost
data/processed/en_mlaad_augmented/northandsouth_10_f000012_aug.wav,en,spoof,tts,Higgs-Audio-V2,-,mlaad,,codec
data/processed/en_mlaad_augmented/wives_and_daughters_52_f000200_aug.wav,en,spoof,tts,kokoro,-,mlaad,,none
data/processed/en_augmented/LA_T_9762480_aug.wav,en,bonafide,real,-,LA_0096,asvspoof2019la,,none
data/processed/en_augmented/LA_T_3394389_aug.wav,en,bonafide,real,-,LA_0093,asvspoof2019la,,rawboost
data/processed/en_augmented/LA_T_1271820_aug.wav,en,bonafide,real,-,LA_0079,asvspoof2019la,,rawboost+codec
data/processed/en_mlaad_augmented/ozma_of_oz_16_f000054_aug.wav,en,spoof,tts,Chatterbox,-,mlaad,,codec
data/processed/en_augmented/LA_T_5302452_aug.wav,en,bonafide,real,-,LA_0088,asvspoof2019la,,none
data/processed/en_augmented/LA_T_1622807_aug.wav,en,bonafide,real,-,LA_0084,asvspoof2019la,,rawboost+codec
data/processed/en_augmented/LA_T_8127151_aug.wav,en,bonafide,real,-,LA_0097,asvspoof2019la,,rawboost+codec
data/processed/en_augmented/LA_T_7450091_aug.wav,en,bonafide,real,-,LA_0080,asvspoof2019la,,rawboost+codec
data/processed/en_mlaad_augmented/wives_and_daughters_12_f000046_aug.wav,en,spoof,tts,ElevenLabs-v3,-,mlaad,,none
data/processed/en_mlaad_augmented/wives_and_daughters_29_f000025_aug.wav,en,spoof,tts,Chatterbox-Turbo,-,mlaad,,none
data/processed/en_mlaad_augmented/midnight_passenger_03_f000315_aug.wav,en,spoof,tts,MOSS-TTS-8B,-,mlaad,,rawboost+codec
data/processed/en_mlaad_augmented/ozma_of_oz_14_f000096_aug.wav,en,spoof,tts,kokoro,-,mlaad,,rawboost+codec
data/processed/en_mlaad_augmented/rinkitink_baum_18_64kb_f000169_aug.wav,en,spoof,tts,Chatterbox,-,mlaad,,rawboost
data/processed/en_mlaad_augmented/the_sea_fairies_08_f000030_aug.wav,en,spoof,tts,Qwen3-TTS-12Hz-1.7B-Base,-,mlaad,,rawboost
data/processed/en_augmented/LA_T_3163425_aug.wav,en,bonafide,real,-,LA_0083,asvspoof2019la,,none
data/processed/en_mlaad_augmented/poisoned_pen_09_f000045_aug.wav,en,spoof,tts,kokoro,-,mlaad,,none
data/processed/en_augmented/LA_T_2777160_aug.wav,en,bonafide,real,-,LA_0080,asvspoof2019la,,rawboost
data/processed/en_mlaad_augmented/jane_eyre_34_f000375_aug.wav,en,spoof,tts,ElevenLabs-v3,-,mlaad,,rawboost
data/processed/en_augmented/LA_T_1406603_aug.wav,en,bonafide,real,-,LA_0092,asvspoof2019la,,rawboost
data/processed/en_mlaad_augmented/the_master_key_03_f000032_aug.wav,en,spoof,tts,GPT-SoVITS,-,mlaad,,codec
data/processed/en_augmented/LA_T_1608170_aug.wav,en,bonafide,real,-,LA_0079,asvspoof2019la,,rawboost
data/processed/en_augmented/LA_T_4811800_aug.wav,en,bonafide,real,-,LA_0083,asvspoof2019la,,rawboost
data/processed/en_augmented/LA_T_9730601_aug.wav,en,bonafide,real,-,LA_0094,asvspoof2019la,,codec
data/processed/en_mlaad_augmented/rinkitink_baum_01_64kb_f000047_aug.wav,en,spoof,tts,Chatterbox-Turbo,-,mlaad,,codec
data/processed/en_augmented/LA_T_4868237_aug.wav,en,bonafide,real,-,LA_0093,asvspoof2019la,,rawboost+codec
data/processed/en_augmented/LA_T_2622954_aug.wav,en,bonafide,real,-,LA_0092,asvspoof2019la,,none
data/processed/en_augmented/LA_T_6835345_aug.wav,en,bonafide,real,-,LA_0082,asvspoof2019la,,rawboost
data/processed/en_mlaad_augmented/the_master_key_04_f000025_aug.wav,en,spoof,tts,tts_models_multilingual_multi-dataset_xtts_v2,-,mlaad,,none
data/processed/en_mlaad_augmented/wives_and_daughters_03_f000054_aug.wav,en,spoof,tts,kokoro,-,mlaad,,rawboost
data/processed/en_augmented/LA_T_3636245_aug.wav,en,bonafide,real,-,LA_0079,asvspoof2019la,,rawboost+codec
data/processed/en_augmented/LA_T_5786461_aug.wav,en,bonafide,real,-,LA_0083,asvspoof2019la,,rawboost
data/processed/en_mlaad_augmented/poisoned_pen_05_f000271_aug.wav,en,spoof,tts,ElevenLabs-Turbo-v2.5,-,mlaad,,none
data/processed/en_augmented/LA_T_2204578_aug.wav,en,spoof,vc,A06,LA_0080,asvspoof2019la,,none
data/processed/en_mlaad_augmented/jane_eyre_04_f000069_aug.wav,en,spoof,tts,GPT-SoVITS,-,mlaad,,rawboost+codec
data/processed/en_mlaad_augmented/silent_bullet_12_f000332_aug.wav,en,spoof,tts,ElevenLabs-v2-Multilingual,-,mlaad,,none
data/processed/en_augmented/LA_T_1347550_aug.wav,en,bonafide,real,-,LA_0097,asvspoof2019la,,none
data/processed/en_mlaad_augmented/the_master_key_05_f000084_aug.wav,en,spoof,tts,GPT-SoVITS,-,mlaad,,none
data/processed/en_mlaad_augmented/wives_and_daughters_21_f000240_aug.wav,en,spoof,tts,Chatterbox,-,mlaad,,rawboost
data/processed/en_augmented/LA_T_2599995_aug.wav,en,bonafide,real,-,LA_0089,asvspoof2019la,,rawboost
data/processed/en_augmented/LA_T_4584882_aug.wav,en,spoof,tts,A01,LA_0083,asvspoof2019la,,none
data/processed/en_augmented/LA_T_5043225_aug.wav,en,bonafide,real,-,LA_0082,asvspoof2019la,,rawboost+codec
data/processed/en_augmented/LA_T_1158098_aug.wav,en,bonafide,real,-,LA_0084,asvspoof2019la,,none
data/processed/en_augmented/LA_T_4956486_aug.wav,en,bonafide,real,-,LA_0095,asvspoof2019la,,none
data/processed/en_mlaad_augmented/skyisland_23_baum_64kb_f000093_aug.wav,en,spoof,tts,Qwen3-TTS-12Hz-1.7B-Base,-,mlaad,,none
data/processed/en_augmented/LA_T_7700407_aug.wav,en,bonafide,real,-,LA_0086,asvspoof2019la,,rawboost+codec
data/processed/en_mlaad_augmented/midnight_passenger_04_f000076_aug.wav,en,spoof,tts,ElevenLabs-Turbo-v2.5,-,mlaad,,codec
data/processed/en_mlaad_augmented/northandsouth_01_f000026_aug.wav,en,spoof,tts,ElevenLabs-Turbo-v2.5,-,mlaad,,rawboost
data/processed/en_mlaad_augmented/northandsouth_52_f000047_aug.wav,en,spoof,tts,Qwen3-TTS-12Hz-1.7B-Base,-,mlaad,,rawboost
data/processed/en_augmented/LA_T_8963579_aug.wav,en,spoof,tts,A04,LA_0081,asvspoof2019la,,none
data/processed/en_augmented/LA_T_1922746_aug.wav,en,bonafide,real,-,LA_0085,asvspoof2019la,,rawboost
data/processed/en_mlaad_augmented/poisoned_pen_04_f000347_aug.wav,en,spoof,tts,tts_models_multilingual_multi-dataset_xtts_v2,-,mlaad,,none
data/processed/en_augmented/LA_T_7833340_aug.wav,en,bonafide,real,-,LA_0088,asvspoof2019la,,none
data/processed/en_mlaad_augmented/the_sea_fairies_07_f000121_aug.wav,en,spoof,tts,Chatterbox,-,mlaad,,codec
data/processed/en_augmented/LA_T_6025945_aug.wav,en,bonafide,real,-,LA_0095,asvspoof2019la,,none
data/processed/en_augmented/LA_T_5383824_aug.wav,en,bonafide,real,-,LA_0083,asvspoof2019la,,rawboost
data/processed/en_augmented/LA_T_4855072_aug.wav,en,bonafide,real,-,LA_0083,asvspoof2019la,,rawboost
data/processed/en_mlaad_augmented/jane_eyre_15_f000212_aug.wav,en,spoof,tts,kokoro,-,mlaad,,rawboost
data/processed/en_augmented/LA_T_8234497_aug.wav,en,bonafide,real,-,LA_0090,asvspoof2019la,,codec
data/processed/en_mlaad_augmented/northandsouth_16_f000080_aug.wav,en,spoof,tts,MOSS-TTS-8B,-,mlaad,,rawboost
data/processed/en_augmented/LA_T_1411980_aug.wav,en,bonafide,real,-,LA_0080,asvspoof2019la,,none
data/processed/en_augmented/LA_T_6212732_aug.wav,en,bonafide,real,-,LA_0083,asvspoof2019la,,rawboost
data/processed/en_mlaad_augmented/jane_eyre_24_f000376_aug.wav,en,spoof,tts,minimax_speech-2.6-hd,-,mlaad,,rawboost+codec
data/processed/en_augmented/LA_T_9132666_aug.wav,en,bonafide,real,-,LA_0094,asvspoof2019la,,none
data/processed/en_mlaad_augmented/piratesofersatz_08_leinster_64kb_f000102_aug.wav,en,spoof,tts,ElevenLabs-Turbo-v2.5,-,mlaad,,rawboost+codec
data/processed/en_augmented/LA_T_4740750_aug.wav,en,bonafide,real,-,LA_0082,asvspoof2019la,,codec
data/processed/en_mlaad_augmented/jane_eyre_26_f000177_aug.wav,en,spoof,tts,tts_models_multilingual_multi-dataset_xtts_v2,-,mlaad,,rawboost
data/processed/en_mlaad_augmented/the_master_key_04_f000090_aug.wav,en,spoof,tts,tts_models_multilingual_multi-dataset_xtts_v2,-,mlaad,,rawboost
data/processed/en_mlaad_augmented/pink_fairy_book_22_f000126_aug.wav,en,spoof,tts,Qwen3-TTS-12Hz-1.7B-Base,-,mlaad,,none
data/processed/en_mlaad_augmented/jane_eyre_25_f000199_aug.wav,en,spoof,tts,ElevenLabs-v2-Multilingual,-,mlaad,,none
data/processed/en_mlaad_augmented/the_sea_fairies_14_f000106_aug.wav,en,spoof,tts,kokoro,-,mlaad,,none
data/processed/en_mlaad_augmented/pink_fairy_book_34_f000049_aug.wav,en,spoof,tts,tts_models_multilingual_multi-dataset_xtts_v2,-,mlaad,,codec
data/processed/en_augmented/LA_T_8589988_aug.wav,en,bonafide,real,-,LA_0084,asvspoof2019la,,none
data/processed/en_augmented/LA_T_4956729_aug.wav,en,bonafide,real,-,LA_0081,asvspoof2019la,,none
data/processed/en_augmented/LA_T_6175341_aug.wav,en,bonafide,real,-,LA_0097,asvspoof2019la,,codec
data/processed/en_mlaad_augmented/wives_and_daughters_21_f000057_aug.wav,en,spoof,tts,Qwen3-TTS-12Hz-1.7B-Base,-,mlaad,,none
data/processed/en_mlaad_augmented/silent_bullet_12_f000207_aug.wav,en,spoof,tts,Higgs-Audio-V2,-,mlaad,,rawboost+codec
data/processed/en_augmented/LA_T_3385161_aug.wav,en,bonafide,real,-,LA_0095,asvspoof2019la,,none
data/processed/en_mlaad_augmented/emerald_city_of_oz_14_f000050_aug.wav,en,spoof,tts,GPT-SoVITS,-,mlaad,,codec
data/processed/en_mlaad_augmented/northandsouth_51_f000089_aug.wav,en,spoof,tts,GPT-SoVITS,-,mlaad,,none
data/processed/en_augmented/LA_T_2707835_aug.wav,en,bonafide,real,-,LA_0088,asvspoof2019la,,rawboost
data/processed/en_mlaad_augmented/northandsouth_15_f000257_aug.wav,en,spoof,tts,Higgs-Audio-V2,-,mlaad,,none
data/processed/en_augmented/LA_T_2737588_aug.wav,en,bonafide,real,-,LA_0080,asvspoof2019la,,rawboost
data/processed/en_mlaad_augmented/silent_bullet_10_f000085_aug.wav,en,spoof,tts,GPT-SoVITS,-,mlaad,,rawboost
data/processed/en_mlaad_augmented/poisoned_pen_12_f000165_aug.wav,en,spoof,tts,Chatterbox,-,mlaad,,codec
data/processed/en_mlaad_augmented/poisoned_pen_10_f000230_aug.wav,en,spoof,tts,kokoro,-,mlaad,,rawboost
data/processed/en_mlaad_augmented/the_sea_fairies_05_f000009_aug.wav,en,spoof,tts,ElevenLabs-Turbo-v2.5,-,mlaad,,none
data/processed/en_augmented/LA_T_5619335_aug.wav,en,bonafide,real,-,LA_0087,asvspoof2019la,,rawboost
data/processed/en_augmented/LA_T_6521045_aug.wav,en,bonafide,real,-,LA_0090,asvspoof2019la,,codec
data/processed/en_mlaad_augmented/wives_and_daughters_48_f000026_aug.wav,en,spoof,tts,kokoro,-,mlaad,,none
data/processed/en_augmented/LA_T_4369129_aug.wav,en,bonafide,real,-,LA_0082,asvspoof2019la,,rawboost
data/processed/en_augmented/LA_T_9195565_aug.wav,en,bonafide,real,-,LA_0098,asvspoof2019la,,none
data/processed/en_augmented/LA_T_9396899_aug.wav,en,bonafide,real,-,LA_0081,asvspoof2019la,,rawboost
data/processed/en_mlaad_augmented/northandsouth_15_f000014_aug.wav,en,spoof,tts,ElevenLabs-Turbo-v2.5,-,mlaad,,none
data/processed/en_mlaad_augmented/pink_fairy_book_19_f000001_aug.wav,en,spoof,tts,ElevenLabs-Turbo-v2.5,-,mlaad,,none
data/processed/en_augmented/LA_T_2147294_aug.wav,en,bonafide,real,-,LA_0091,asvspoof2019la,,none
data/processed/en_augmented/LA_T_9126862_aug.wav,en,bonafide,real,-,LA_0098,asvspoof2019la,,rawboost
data/processed/en_mlaad_augmented/wives_and_daughters_33_f000028_aug.wav,en,spoof,tts,Chatterbox-Turbo,-,mlaad,,rawboost+codec
data/processed/en_mlaad_augmented/jane_eyre_23_f000065_aug.wav,en,spoof,tts,ElevenLabs-v2-Multilingual,-,mlaad,,none
data/processed/en_mlaad_augmented/wives_and_daughters_41_f000141_aug.wav,en,spoof,tts,Qwen3-TTS-12Hz-1.7B-Base,-,mlaad,,rawboost
data/processed/en_augmented/LA_T_7667992_aug.wav,en,bonafide,real,-,LA_0088,asvspoof2019la,,none
data/processed/en_mlaad_augmented/wives_and_daughters_41_f000035_aug.wav,en,spoof,tts,Chatterbox-Turbo,-,mlaad,,none
data/processed/en_augmented/LA_T_8880327_aug.wav,en,bonafide,real,-,LA_0088,asvspoof2019la,,rawboost
data/processed/en_augmented/LA_T_5896323_aug.wav,en,bonafide,real,-,LA_0088,asvspoof2019la,,rawboost+codec
data/processed/en_mlaad_augmented/silent_bullet_02_f000048_aug.wav,en,spoof,tts,GPT-SoVITS,-,mlaad,,none
data/processed/en_augmented/LA_T_9959600_aug.wav,en,bonafide,real,-,LA_0095,asvspoof2019la,,none
data/processed/en_mlaad_augmented/silent_bullet_03_f000050_aug.wav,en,spoof,tts,kokoro,-,mlaad,,rawboost
data/processed/en_augmented/LA_T_3309337_aug.wav,en,spoof,vc,A06,LA_0083,asvspoof2019la,,none
data/processed/en_mlaad_augmented/wives_and_daughters_39_f000048_aug.wav,en,spoof,tts,kokoro,-,mlaad,,none
data/processed/en_mlaad_augmented/dorothy_and_wizard_oz_09_f000068_aug.wav,en,spoof,tts,tts_models_multilingual_multi-dataset_xtts_v2,-,mlaad,,rawboost+codec
data/processed/en_augmented/LA_T_5125810_aug.wav,en,bonafide,real,-,LA_0090,asvspoof2019la,,rawboost+codec
data/processed/en_mlaad_augmented/rinkitink_baum_13_64kb_f000035_aug.wav,en,spoof,tts,Qwen3-TTS-12Hz-1.7B-Base,-,mlaad,,rawboost+codec
data/processed/en_mlaad_augmented/skyisland_01_baum_64kb_f000085_aug.wav,en,spoof,tts,minimax_speech-2.6-hd,-,mlaad,,rawboost+codec
data/processed/en_mlaad_augmented/northandsouth_42_f000154_aug.wav,en,spoof,tts,GPT-SoVITS,-,mlaad,,codec
data/processed/en_mlaad_augmented/pink_fairy_book_10_f000105_aug.wav,en,spoof,tts,ElevenLabs-v3,-,mlaad,,none
data/processed/en_augmented/LA_T_1787294_aug.wav,en,bonafide,real,-,LA_0093,asvspoof2019la,,none
data/processed/en_augmented/LA_T_1288665_aug.wav,en,spoof,vc,A05,LA_0079,asvspoof2019la,,codec
data/processed/en_mlaad_augmented/jane_eyre_31_f000065_aug.wav,en,spoof,tts,kokoro,-,mlaad,,none
data/processed/en_mlaad_augmented/hunters_space_17_f000055_aug.wav,en,spoof,tts,GPT-SoVITS,-,mlaad,,none
data/processed/en_mlaad_augmented/emerald_city_of_oz_12_f000030_aug.wav,en,spoof,tts,Higgs-Audio-V2,-,mlaad,,none
data/processed/en_augmented/LA_T_3570279_aug.wav,en,bonafide,real,-,LA_0081,asvspoof2019la,,none
data/processed/en_mlaad_augmented/rinkitink_baum_17_64kb_f000046_aug.wav,en,spoof,tts,Qwen3-TTS-12Hz-1.7B-Base,-,mlaad,,rawboost
data/processed/en_mlaad_augmented/wives_and_daughters_54_f000154_aug.wav,en,spoof,tts,Chatterbox-Turbo,-,mlaad,,rawboost
data/processed/en_mlaad_augmented/jane_eyre_29_f000118_aug.wav,en,spoof,tts,Chatterbox,-,mlaad,,rawboost
data/processed/en_augmented/LA_T_8435948_aug.wav,en,bonafide,real,-,LA_0095,asvspoof2019la,,rawboost
data/processed/en_augmented/LA_T_9754656_aug.wav,en,bonafide,real,-,LA_0097,asvspoof2019la,,rawboost
data/processed/en_augmented/LA_T_9603308_aug.wav,en,bonafide,real,-,LA_0084,asvspoof2019la,,none
data/processed/en_mlaad_augmented/wives_and_daughters_38_f000077_aug.wav,en,spoof,tts,Higgs-Audio-V2,-,mlaad,,codec
data/processed/en_augmented/LA_T_7898068_aug.wav,en,bonafide,real,-,LA_0094,asvspoof2019la,,none
data/processed/en_mlaad_augmented/jane_eyre_31_f000084_aug.wav,en,spoof,tts,minimax_speech-2.6-hd,-,mlaad,,rawboost
data/processed/en_mlaad_augmented/jane_eyre_10_f000193_aug.wav,en,spoof,tts,GPT-SoVITS,-,mlaad,,none
data/processed/en_augmented/LA_T_6099597_aug.wav,en,bonafide,real,-,LA_0097,asvspoof2019la,,codec
data/processed/en_augmented/LA_T_3586569_aug.wav,en,bonafide,real,-,LA_0095,asvspoof2019la,,rawboost+codec
data/processed/en_augmented/LA_T_7711596_aug.wav,en,bonafide,real,-,LA_0094,asvspoof2019la,,rawboost
data/processed/en_augmented/LA_T_6957393_aug.wav,en,bonafide,real,-,LA_0080,asvspoof2019la,,none
data/processed/en_augmented/LA_T_7197738_aug.wav,en,bonafide,real,-,LA_0086,asvspoof2019la,,codec
data/processed/en_mlaad_augmented/northandsouth_33_f000036_aug.wav,en,spoof,tts,GPT-SoVITS,-,mlaad,,rawboost
data/processed/en_augmented/LA_T_2607307_aug.wav,en,bonafide,real,-,LA_0098,asvspoof2019la,,none
data/processed/en_augmented/LA_T_6922879_aug.wav,en,bonafide,real,-,LA_0095,asvspoof2019la,,codec
data/processed/en_mlaad_augmented/the_sea_fairies_06_f000076_aug.wav,en,spoof,tts,tts_models_multilingual_multi-dataset_xtts_v2,-,mlaad,,rawboost
data/processed/en_augmented/LA_T_5463262_aug.wav,en,bonafide,real,-,LA_0088,asvspoof2019la,,rawboost
data/processed/en_augmented/LA_T_9863654_aug.wav,en,bonafide,real,-,LA_0087,asvspoof2019la,,rawboost
data/processed/en_mlaad_augmented/the_master_key_03_f000080_aug.wav,en,spoof,tts,MOSS-TTS-8B,-,mlaad,,codec
data/processed/en_mlaad_augmented/jane_eyre_31_f000073_aug.wav,en,spoof,tts,ElevenLabs-v3,-,mlaad,,rawboost
data/processed/en_mlaad_augmented/jane_eyre_33_f000268_aug.wav,en,spoof,tts,Chatterbox,-,mlaad,,none
data/processed/en_mlaad_augmented/wives_and_daughters_09_f000064_aug.wav,en,spoof,tts,GPT-SoVITS,-,mlaad,,rawboost
data/processed/en_mlaad_augmented/hunters_space_05_f000034_aug.wav,en,spoof,tts,ElevenLabs-Turbo-v2.5,-,mlaad,,codec
data/processed/en_mlaad_augmented/poisoned_pen_06_f000337_aug.wav,en,spoof,tts,kokoro,-,mlaad,,none
data/processed/en_mlaad_augmented/midnight_passenger_02_f000025_aug.wav,en,spoof,tts,ElevenLabs-v2-Multilingual,-,mlaad,,none
data/processed/en_augmented/LA_T_4124430_aug.wav,en,bonafide,real,-,LA_0097,asvspoof2019la,,rawboost
data/processed/en_mlaad_augmented/midnight_passenger_14_f000010_aug.wav,en,spoof,tts,Qwen3-TTS-12Hz-1.7B-Base,-,mlaad,,codec
data/processed/en_mlaad_augmented/the_sea_fairies_05_f000104_aug.wav,en,spoof,tts,ElevenLabs-v2-Multilingual,-,mlaad,,none
data/processed/en_augmented/LA_T_9851949_aug.wav,en,bonafide,real,-,LA_0094,asvspoof2019la,,none
data/processed/en_mlaad_augmented/jane_eyre_05_f000211_aug.wav,en,spoof,tts,ElevenLabs-v3,-,mlaad,,rawboost
data/processed/en_augmented/LA_T_4871078_aug.wav,en,bonafide,real,-,LA_0093,asvspoof2019la,,rawboost+codec
data/processed/en_mlaad_augmented/wives_and_daughters_32_f000112_aug.wav,en,spoof,tts,kokoro,-,mlaad,,none
data/processed/en_mlaad_augmented/northandsouth_05_f000190_aug.wav,en,spoof,tts,Chatterbox-Turbo,-,mlaad,,none
data/processed/en_augmented/LA_T_2435826_aug.wav,en,bonafide,real,-,LA_0085,asvspoof2019la,,rawboost+codec
data/processed/en_mlaad_augmented/midnight_passenger_08_f000090_aug.wav,en,spoof,tts,MOSS-TTS-8B,-,mlaad,,none
data/processed/en_augmented/LA_T_3441957_aug.wav,en,bonafide,real,-,LA_0079,asvspoof2019la,,rawboost+codec
data/processed/en_augmented/LA_T_8935555_aug.wav,en,bonafide,real,-,LA_0095,asvspoof2019la,,codec
data/processed/en_augmented/LA_T_8665775_aug.wav,en,bonafide,real,-,LA_0085,asvspoof2019la,,rawboost
data/processed/en_augmented/LA_T_5417767_aug.wav,en,bonafide,real,-,LA_0087,asvspoof2019la,,none
data/processed/en_augmented/LA_T_8651978_aug.wav,en,bonafide,real,-,LA_0087,asvspoof2019la,,rawboost
data/processed/en_mlaad_augmented/wives_and_daughters_57_f000157_aug.wav,en,spoof,tts,Higgs-Audio-V2,-,mlaad,,rawboost+codec
data/processed/en_mlaad_augmented/dorothy_and_wizard_oz_19_f000021_aug.wav,en,spoof,tts,ElevenLabs-Turbo-v2.5,-,mlaad,,rawboost
data/processed/en_mlaad_augmented/poisoned_pen_10_f000172_aug.wav,en,spoof,tts,ElevenLabs-v2-Multilingual,-,mlaad,,none
data/processed/en_augmented/LA_T_8596867_aug.wav,en,bonafide,real,-,LA_0097,asvspoof2019la,,rawboost
data/processed/en_augmented/LA_T_8971567_aug.wav,en,bonafide,real,-,LA_0090,asvspoof2019la,,codec
data/processed/en_mlaad_augmented/poisoned_pen_03_f000014_aug.wav,en,spoof,tts,tts_models_multilingual_multi-dataset_xtts_v2,-,mlaad,,rawboost+codec
data/processed/en_augmented/LA_T_4345283_aug.wav,en,bonafide,real,-,LA_0084,asvspoof2019la,,rawboost
data/processed/en_mlaad_augmented/emerald_city_of_oz_04_f000071_aug.wav,en,spoof,tts,ElevenLabs-Turbo-v2.5,-,mlaad,,none
data/processed/en_augmented/LA_T_1511193_aug.wav,en,bonafide,real,-,LA_0090,asvspoof2019la,,none
data/processed/en_mlaad_augmented/wives_and_daughters_06_f000230_aug.wav,en,spoof,tts,ElevenLabs-Turbo-v2.5,-,mlaad,,rawboost
data/processed/en_augmented/LA_T_1415351_aug.wav,en,bonafide,real,-,LA_0096,asvspoof2019la,,codec
data/processed/en_augmented/LA_T_8362890_aug.wav,en,spoof,vc,A05,LA_0090,asvspoof2019la,,none
data/processed/en_mlaad_augmented/emerald_city_of_oz_15_f000019_aug.wav,en,spoof,tts,GPT-SoVITS,-,mlaad,,rawboost+codec
data/processed/en_augmented/LA_T_6905979_aug.wav,en,bonafide,real,-,LA_0090,asvspoof2019la,,rawboost
data/processed/en_mlaad_augmented/the_master_key_03_f000085_aug.wav,en,spoof,tts,Chatterbox,-,mlaad,,rawboost+codec
data/processed/en_mlaad_augmented/wives_and_daughters_47_f000113_aug.wav,en,spoof,tts,minimax_speech-2.6-hd,-,mlaad,,codec
data/processed/en_mlaad_augmented/jane_eyre_17_f000301_aug.wav,en,spoof,tts,Chatterbox,-,mlaad,,rawboost+codec
data/processed/en_mlaad_augmented/wives_and_daughters_28_f000066_aug.wav,en,spoof,tts,minimax_speech-2.6-hd,-,mlaad,,none
data/processed/en_augmented/LA_T_2545938_aug.wav,en,bonafide,real,-,LA_0096,asvspoof2019la,,none
data/processed/en_mlaad_augmented/jane_eyre_27_f000128_aug.wav,en,spoof,tts,Qwen3-TTS-12Hz-1.7B-Base,-,mlaad,,rawboost+codec
data/processed/en_augmented/LA_T_7473658_aug.wav,en,bonafide,real,-,LA_0089,asvspoof2019la,,none
data/processed/en_mlaad_augmented/the_sea_fairies_01_f000097_aug.wav,en,spoof,tts,minimax_speech-2.6-hd,-,mlaad,,rawboost+codec
data/processed/en_mlaad_augmented/silent_bullet_03_f000104_aug.wav,en,spoof,tts,Chatterbox,-,mlaad,,rawboost+codec
data/processed/en_mlaad_augmented/rinkitink_baum_21_64kb_f000061_aug.wav,en,spoof,tts,kokoro,-,mlaad,,rawboost+codec
data/processed/en_mlaad_augmented/wives_and_daughters_14_f000192_aug.wav,en,spoof,tts,ElevenLabs-v2-Multilingual,-,mlaad,,rawboost+codec
data/processed/en_mlaad_augmented/jane_eyre_15_f000129_aug.wav,en,spoof,tts,MOSS-TTS-8B,-,mlaad,,rawboost
data/processed/en_augmented/LA_T_1599278_aug.wav,en,bonafide,real,-,LA_0087,asvspoof2019la,,rawboost
data/processed/en_mlaad_augmented/jane_eyre_33_f000122_aug.wav,en,spoof,tts,Higgs-Audio-V2,-,mlaad,,rawboost+codec
data/processed/en_mlaad_augmented/wives_and_daughters_23_f000094_aug.wav,en,spoof,tts,ElevenLabs-v3,-,mlaad,,rawboost+codec
data/processed/en_mlaad_augmented/piratesofersatz_04_leinster_64kb_f000164_aug.wav,en,spoof,tts,kokoro,-,mlaad,,rawboost+codec
data/processed/en_augmented/LA_T_6669635_aug.wav,en,bonafide,real,-,LA_0081,asvspoof2019la,,none
data/processed/en_augmented/LA_T_3167085_aug.wav,en,bonafide,real,-,LA_0085,asvspoof2019la,,codec
data/processed/en_mlaad_augmented/poisoned_pen_09_f000377_aug.wav,en,spoof,tts,tts_models_multilingual_multi-dataset_xtts_v2,-,mlaad,,codec
data/processed/en_augmented/LA_T_5326968_aug.wav,en,bonafide,real,-,LA_0093,asvspoof2019la,,rawboost
data/processed/en_augmented/LA_T_4861861_aug.wav,en,bonafide,real,-,LA_0093,asvspoof2019la,,rawboost+codec
data/processed/en_augmented/LA_T_8097695_aug.wav,en,bonafide,real,-,LA_0088,asvspoof2019la,,none
data/processed/en_mlaad_augmented/pink_fairy_book_37_f000054_aug.wav,en,spoof,tts,ElevenLabs-v2-Multilingual,-,mlaad,,rawboost
data/processed/en_augmented/LA_T_7570086_aug.wav,en,bonafide,real,-,LA_0098,asvspoof2019la,,rawboost+codec
data/processed/en_augmented/LA_T_9635654_aug.wav,en,bonafide,real,-,LA_0096,asvspoof2019la,,rawboost
data/processed/en_augmented/LA_T_2009235_aug.wav,en,bonafide,real,-,LA_0094,asvspoof2019la,,rawboost
data/processed/en_augmented/LA_T_4124955_aug.wav,en,bonafide,real,-,LA_0084,asvspoof2019la,,codec
data/processed/en_augmented/LA_T_7597238_aug.wav,en,bonafide,real,-,LA_0088,asvspoof2019la,,none
data/processed/en_augmented/LA_T_1023546_aug.wav,en,bonafide,real,-,LA_0085,asvspoof2019la,,none
data/processed/en_mlaad_augmented/northandsouth_37_f000063_aug.wav,en,spoof,tts,Qwen3-TTS-12Hz-1.7B-Base,-,mlaad,,rawboost
data/processed/en_augmented/LA_T_9772981_aug.wav,en,bonafide,real,-,LA_0082,asvspoof2019la,,rawboost
data/processed/en_augmented/LA_T_2520083_aug.wav,en,bonafide,real,-,LA_0079,asvspoof2019la,,codec
data/processed/en_mlaad_augmented/poisoned_pen_05_f000222_aug.wav,en,spoof,tts,ElevenLabs-v3,-,mlaad,,none
data/processed/en_augmented/LA_T_9506168_aug.wav,en,bonafide,real,-,LA_0097,asvspoof2019la,,rawboost
data/processed/en_mlaad_augmented/midnight_passenger_06_f000185_aug.wav,en,spoof,tts,ElevenLabs-v2-Multilingual,-,mlaad,,rawboost+codec
data/processed/en_augmented/LA_T_5613911_aug.wav,en,bonafide,real,-,LA_0092,asvspoof2019la,,rawboost
data/processed/en_augmented/LA_T_3325414_aug.wav,en,bonafide,real,-,LA_0084,asvspoof2019la,,none
data/processed/en_mlaad_augmented/rinkitink_baum_04_64kb_f000022_aug.wav,en,spoof,tts,Higgs-Audio-V2,-,mlaad,,codec
data/processed/en_augmented/LA_T_6401833_aug.wav,en,bonafide,real,-,LA_0086,asvspoof2019la,,rawboost
data/processed/en_augmented/LA_T_2085766_aug.wav,en,bonafide,real,-,LA_0081,asvspoof2019la,,rawboost
data/processed/en_mlaad_augmented/poisoned_pen_07_f000258_aug.wav,en,spoof,tts,kokoro,-,mlaad,,codec
data/processed/en_mlaad_augmented/jane_eyre_37_f000201_aug.wav,en,spoof,tts,GPT-SoVITS,-,mlaad,,codec
data/processed/en_augmented/LA_T_1874118_aug.wav,en,bonafide,real,-,LA_0091,asvspoof2019la,,none
data/processed/en_mlaad_augmented/northandsouth_37_f000159_aug.wav,en,spoof,tts,Chatterbox-Turbo,-,mlaad,,rawboost
data/processed/en_mlaad_augmented/piratesofersatz_03_leinster_64kb_f000004_aug.wav,en,spoof,tts,Higgs-Audio-V2,-,mlaad,,none
data/processed/en_mlaad_augmented/the_sea_fairies_07_f000183_aug.wav,en,spoof,tts,tts_models_multilingual_multi-dataset_xtts_v2,-,mlaad,,rawboost
data/processed/en_mlaad_augmented/wives_and_daughters_60_f000374_aug.wav,en,spoof,tts,minimax_speech-2.6-hd,-,mlaad,,rawboost
data/processed/en_augmented/LA_T_5051764_aug.wav,en,bonafide,real,-,LA_0084,asvspoof2019la,,rawboost+codec
data/processed/en_mlaad_augmented/wives_and_daughters_34_f000051_aug.wav,en,spoof,tts,GPT-SoVITS,-,mlaad,,none
data/processed/en_augmented/LA_T_6129228_aug.wav,en,bonafide,real,-,LA_0092,asvspoof2019la,,rawboost
data/processed/en_mlaad_augmented/wives_and_daughters_18_f000138_aug.wav,en,spoof,tts,ElevenLabs-Turbo-v2.5,-,mlaad,,rawboost
data/processed/en_mlaad_augmented/jane_eyre_32_f000076_aug.wav,en,spoof,tts,Chatterbox,-,mlaad,,codec
data/processed/en_mlaad_augmented/northandsouth_10_f000122_aug.wav,en,spoof,tts,GPT-SoVITS,-,mlaad,,rawboost+codec
data/processed/en_augmented/LA_T_1732162_aug.wav,en,bonafide,real,-,LA_0090,asvspoof2019la,,none
data/processed/en_augmented/LA_T_3045749_aug.wav,en,bonafide,real,-,LA_0089,asvspoof2019la,,none
data/processed/en_mlaad_augmented/jane_eyre_03_f000015_aug.wav,en,spoof,tts,Higgs-Audio-V2,-,mlaad,,none
data/processed/en_augmented/LA_T_7422329_aug.wav,en,bonafide,real,-,LA_0086,asvspoof2019la,,rawboost+codec
data/processed/en_mlaad_augmented/wives_and_daughters_17_f000166_aug.wav,en,spoof,tts,Qwen3-TTS-12Hz-1.7B-Base,-,mlaad,,rawboost
data/processed/en_mlaad_augmented/rinkitink_baum_21_64kb_f000015_aug.wav,en,spoof,tts,Chatterbox-Turbo,-,mlaad,,rawboost
data/processed/en_mlaad_augmented/midnight_passenger_12_f000037_aug.wav,en,spoof,tts,minimax_speech-2.6-hd,-,mlaad,,none
data/processed/en_augmented/LA_T_6306026_aug.wav,en,bonafide,real,-,LA_0080,asvspoof2019la,,rawboost
data/processed/en_mlaad_augmented/poisoned_pen_08_f000287_aug.wav,en,spoof,tts,tts_models_multilingual_multi-dataset_xtts_v2,-,mlaad,,rawboost
data/processed/en_mlaad_augmented/ozma_of_oz_02_f000094_aug.wav,en,spoof,tts,GPT-SoVITS,-,mlaad,,rawboost
data/processed/en_augmented/LA_T_6620806_aug.wav,en,bonafide,real,-,LA_0083,asvspoof2019la,,rawboost
data/processed/en_mlaad_augmented/jane_eyre_10_f000099_aug.wav,en,spoof,tts,MOSS-TTS-8B,-,mlaad,,none
data/processed/en_mlaad_augmented/wives_and_daughters_48_f000183_aug.wav,en,spoof,tts,Chatterbox,-,mlaad,,rawboost+codec
data/processed/en_mlaad_augmented/jane_eyre_16_f000035_aug.wav,en,spoof,tts,tts_models_multilingual_multi-dataset_xtts_v2,-,mlaad,,rawboost
data/processed/en_mlaad_augmented/wives_and_daughters_13_f000018_aug.wav,en,spoof,tts,Qwen3-TTS-12Hz-1.7B-Base,-,mlaad,,rawboost
data/processed/en_augmented/LA_T_9749112_aug.wav,en,bonafide,real,-,LA_0084,asvspoof2019la,,none
data/processed/en_mlaad_augmented/wives_and_daughters_05_f000137_aug.wav,en,spoof,tts,ElevenLabs-Turbo-v2.5,-,mlaad,,rawboost
data/processed/en_mlaad_augmented/jane_eyre_27_f000485_aug.wav,en,spoof,tts,MOSS-TTS-8B,-,mlaad,,rawboost
data/processed/en_mlaad_augmented/northandsouth_39_f000126_aug.wav,en,spoof,tts,kokoro,-,mlaad,,none
data/processed/en_augmented/LA_T_6418846_aug.wav,en,spoof,vc,A05,LA_0092,asvspoof2019la,,rawboost+codec
data/processed/en_augmented/LA_T_7183032_aug.wav,en,bonafide,real,-,LA_0081,asvspoof2019la,,codec
data/processed/en_augmented/LA_T_1743583_aug.wav,en,bonafide,real,-,LA_0095,asvspoof2019la,,rawboost
data/processed/en_augmented/LA_T_7057601_aug.wav,en,spoof,vc,A06,LA_0087,asvspoof2019la,,rawboost
data/processed/en_augmented/LA_T_9754081_aug.wav,en,bonafide,real,-,LA_0088,asvspoof2019la,,none
data/processed/en_augmented/LA_T_5043547_aug.wav,en,bonafide,real,-,LA_0098,asvspoof2019la,,rawboost
data/processed/en_augmented/LA_T_9803720_aug.wav,en,bonafide,real,-,LA_0079,asvspoof2019la,,rawboost
data/processed/en_augmented/LA_T_2857301_aug.wav,en,bonafide,real,-,LA_0098,asvspoof2019la,,rawboost
data/processed/en_mlaad_augmented/poisoned_pen_03_f000108_aug.wav,en,spoof,tts,GPT-SoVITS,-,mlaad,,codec
data/processed/en_mlaad_augmented/pink_fairy_book_40_f000025_aug.wav,en,spoof,tts,tts_models_multilingual_multi-dataset_xtts_v2,-,mlaad,,rawboost+codec
data/processed/en_mlaad_augmented/rinkitink_baum_03_64kb_f000074_aug.wav,en,spoof,tts,tts_models_multilingual_multi-dataset_xtts_v2,-,mlaad,,none
data/processed/en_augmented/LA_T_4057520_aug.wav,en,bonafide,real,-,LA_0093,asvspoof2019la,,codec
data/processed/en_augmented/LA_T_4676270_aug.wav,en,bonafide,real,-,LA_0093,asvspoof2019la,,rawboost+codec
data/processed/en_mlaad_augmented/hunters_space_05_f000127_aug.wav,en,spoof,tts,GPT-SoVITS,-,mlaad,,none
data/processed/en_mlaad_augmented/northandsouth_03_f000061_aug.wav,en,spoof,tts,Higgs-Audio-V2,-,mlaad,,rawboost
data/processed/en_mlaad_augmented/jane_eyre_26_f000014_aug.wav,en,spoof,tts,minimax_speech-2.6-hd,-,mlaad,,rawboost+codec
data/processed/en_augmented/LA_T_6999716_aug.wav,en,bonafide,real,-,LA_0095,asvspoof2019la,,rawboost
data/processed/en_mlaad_augmented/jane_eyre_15_f000180_aug.wav,en,spoof,tts,ElevenLabs-v3,-,mlaad,,none
data/processed/en_mlaad_augmented/dorothy_and_wizard_oz_14_f000048_aug.wav,en,spoof,tts,tts_models_multilingual_multi-dataset_xtts_v2,-,mlaad,,none
data/processed/en_mlaad_augmented/jane_eyre_15_f000079_aug.wav,en,spoof,tts,Higgs-Audio-V2,-,mlaad,,none
data/processed/en_mlaad_augmented/skyisland_21_baum_64kb_f000100_aug.wav,en,spoof,tts,kokoro,-,mlaad,,none
data/processed/en_mlaad_augmented/northandsouth_22_f000020_aug.wav,en,spoof,tts,MOSS-TTS-8B,-,mlaad,,rawboost+codec
data/processed/en_augmented/LA_T_3963452_aug.wav,en,bonafide,real,-,LA_0085,asvspoof2019la,,none
data/processed/en_mlaad_augmented/midnight_passenger_13_f000026_aug.wav,en,spoof,tts,kokoro,-,mlaad,,none
data/processed/en_mlaad_augmented/wives_and_daughters_18_f000193_aug.wav,en,spoof,tts,ElevenLabs-v3,-,mlaad,,codec
data/processed/en_mlaad_augmented/northandsouth_35_f000126_aug.wav,en,spoof,tts,tts_models_multilingual_multi-dataset_xtts_v2,-,mlaad,,rawboost
data/processed/en_augmented/LA_T_5161420_aug.wav,en,bonafide,real,-,LA_0079,asvspoof2019la,,none
data/processed/en_mlaad_augmented/silent_bullet_04_f000124_aug.wav,en,spoof,tts,minimax_speech-2.6-hd,-,mlaad,,codec
data/processed/en_augmented/LA_T_3487529_aug.wav,en,bonafide,real,-,LA_0093,asvspoof2019la,,rawboost+codec
data/processed/en_augmented/LA_T_2699884_aug.wav,en,bonafide,real,-,LA_0082,asvspoof2019la,,none
data/processed/en_mlaad_augmented/wives_and_daughters_18_f000166_aug.wav,en,spoof,tts,kokoro,-,mlaad,,none
data/processed/en_augmented/LA_T_2113561_aug.wav,en,bonafide,real,-,LA_0086,asvspoof2019la,,rawboost
data/processed/en_augmented/LA_T_5170336_aug.wav,en,bonafide,real,-,LA_0086,asvspoof2019la,,none
data/processed/en_augmented/LA_T_4036336_aug.wav,en,bonafide,real,-,LA_0087,asvspoof2019la,,rawboost
data/processed/en_augmented/LA_T_4254409_aug.wav,en,bonafide,real,-,LA_0090,asvspoof2019la,,rawboost
data/processed/en_mlaad_augmented/piratesofersatz_04_leinster_64kb_f000136_aug.wav,en,spoof,tts,MOSS-TTS-8B,-,mlaad,,rawboost
data/processed/en_mlaad_augmented/wives_and_daughters_58_f000189_aug.wav,en,spoof,tts,Chatterbox-Turbo,-,mlaad,,rawboost
data/processed/en_mlaad_augmented/midnight_passenger_15_f000084_aug.wav,en,spoof,tts,minimax_speech-2.6-hd,-,mlaad,,rawboost
data/processed/en_augmented/LA_T_1419430_aug.wav,en,spoof,vc,A05,LA_0091,asvspoof2019la,,rawboost
data/processed/en_augmented/LA_T_8162147_aug.wav,en,bonafide,real,-,LA_0081,asvspoof2019la,,rawboost
data/processed/en_mlaad_augmented/wives_and_daughters_28_f000194_aug.wav,en,spoof,tts,Higgs-Audio-V2,-,mlaad,,rawboost
data/processed/en_augmented/LA_T_5109896_aug.wav,en,bonafide,real,-,LA_0092,asvspoof2019la,,rawboost
data/processed/en_augmented/LA_T_6298599_aug.wav,en,bonafide,real,-,LA_0096,asvspoof2019la,,rawboost
data/processed/en_mlaad_augmented/northandsouth_33_f000060_aug.wav,en,spoof,tts,Higgs-Audio-V2,-,mlaad,,none
data/processed/en_augmented/LA_T_2642748_aug.wav,en,bonafide,real,-,LA_0096,asvspoof2019la,,none
data/processed/en_augmented/LA_T_5050748_aug.wav,en,bonafide,real,-,LA_0094,asvspoof2019la,,none
data/processed/en_mlaad_augmented/jane_eyre_34_f000117_aug.wav,en,spoof,tts,ElevenLabs-Turbo-v2.5,-,mlaad,,rawboost+codec
data/processed/en_mlaad_augmented/the_sea_fairies_22_f000055_aug.wav,en,spoof,tts,ElevenLabs-v2-Multilingual,-,mlaad,,codec
data/processed/en_augmented/LA_T_4298489_aug.wav,en,bonafide,real,-,LA_0086,asvspoof2019la,,rawboost
data/processed/en_mlaad_augmented/silent_bullet_06_f000012_aug.wav,en,spoof,tts,tts_models_multilingual_multi-dataset_xtts_v2,-,mlaad,,none
data/processed/en_mlaad_augmented/jane_eyre_11_f000032_aug.wav,en,spoof,tts,minimax_speech-2.6-hd,-,mlaad,,rawboost+codec
data/processed/en_augmented/LA_T_9387015_aug.wav,en,bonafide,real,-,LA_0098,asvspoof2019la,,rawboost
data/processed/en_augmented/LA_T_4155454_aug.wav,en,bonafide,real,-,LA_0079,asvspoof2019la,,none
data/processed/en_augmented/LA_T_7740663_aug.wav,en,bonafide,real,-,LA_0087,asvspoof2019la,,rawboost+codec
data/processed/en_augmented/LA_T_1883173_aug.wav,en,spoof,vc,A05,LA_0096,asvspoof2019la,,none
data/processed/en_mlaad_augmented/northandsouth_01_f000181_aug.wav,en,spoof,tts,Qwen3-TTS-12Hz-1.7B-Base,-,mlaad,,rawboost
data/processed/en_mlaad_augmented/the_master_key_16_f000037_aug.wav,en,spoof,tts,ElevenLabs-Turbo-v2.5,-,mlaad,,rawboost
data/processed/en_augmented/LA_T_3595333_aug.wav,en,bonafide,real,-,LA_0080,asvspoof2019la,,rawboost
data/processed/en_augmented/LA_T_3492130_aug.wav,en,bonafide,real,-,LA_0083,asvspoof2019la,,none
data/processed/en_augmented/LA_T_3426616_aug.wav,en,bonafide,real,-,LA_0089,asvspoof2019la,,rawboost
data/processed/en_augmented/LA_T_4971377_aug.wav,en,bonafide,real,-,LA_0091,asvspoof2019la,,none
data/processed/en_mlaad_augmented/jane_eyre_34_f000442_aug.wav,en,spoof,tts,ElevenLabs-v2-Multilingual,-,mlaad,,rawboost
data/processed/en_augmented/LA_T_1821843_aug.wav,en,bonafide,real,-,LA_0090,asvspoof2019la,,rawboost+codec
data/processed/en_augmented/LA_T_7386069_aug.wav,en,bonafide,real,-,LA_0093,asvspoof2019la,,rawboost
data/processed/en_augmented/LA_T_7310231_aug.wav,en,bonafide,real,-,LA_0087,asvspoof2019la,,rawboost+codec
data/processed/en_mlaad_augmented/northandsouth_15_f000235_aug.wav,en,spoof,tts,Chatterbox-Turbo,-,mlaad,,none
data/processed/en_mlaad_augmented/wives_and_daughters_28_f000086_aug.wav,en,spoof,tts,ElevenLabs-v2-Multilingual,-,mlaad,,none
data/processed/en_mlaad_augmented/wives_and_daughters_31_f000104_aug.wav,en,spoof,tts,tts_models_multilingual_multi-dataset_xtts_v2,-,mlaad,,none
data/processed/en_augmented/LA_T_8214944_aug.wav,en,bonafide,real,-,LA_0088,asvspoof2019la,,none
data/processed/en_augmented/LA_T_7457149_aug.wav,en,bonafide,real,-,LA_0087,asvspoof2019la,,rawboost
data/processed/en_augmented/LA_T_6275615_aug.wav,en,bonafide,real,-,LA_0095,asvspoof2019la,,rawboost
data/processed/en_augmented/LA_T_8955767_aug.wav,en,bonafide,real,-,LA_0089,asvspoof2019la,,codec
data/processed/en_mlaad_augmented/silent_bullet_12_f000110_aug.wav,en,spoof,tts,GPT-SoVITS,-,mlaad,,rawboost
data/processed/en_augmented/LA_T_9713701_aug.wav,en,bonafide,real,-,LA_0085,asvspoof2019la,,none
data/processed/en_augmented/LA_T_6334483_aug.wav,en,bonafide,real,-,LA_0092,asvspoof2019la,,rawboost
data/processed/en_augmented/LA_T_7566003_aug.wav,en,bonafide,real,-,LA_0085,asvspoof2019la,,none
data/processed/en_mlaad_augmented/silent_bullet_02_f000199_aug.wav,en,spoof,tts,kokoro,-,mlaad,,none
data/processed/en_augmented/LA_T_2500033_aug.wav,en,bonafide,real,-,LA_0081,asvspoof2019la,,rawboost
data/processed/en_mlaad_augmented/wives_and_daughters_24_f000029_aug.wav,en,spoof,tts,tts_models_multilingual_multi-dataset_xtts_v2,-,mlaad,,rawboost
data/processed/en_mlaad_augmented/wives_and_daughters_18_f000253_aug.wav,en,spoof,tts,Higgs-Audio-V2,-,mlaad,,rawboost
data/processed/en_augmented/LA_T_1720721_aug.wav,en,spoof,tts,A03,LA_0090,asvspoof2019la,,rawboost
data/processed/en_mlaad_augmented/the_sea_fairies_01_f000029_aug.wav,en,spoof,tts,Chatterbox-Turbo,-,mlaad,,rawboost
data/processed/en_augmented/LA_T_9969620_aug.wav,en,bonafide,real,-,LA_0089,asvspoof2019la,,none
data/processed/en_mlaad_augmented/jane_eyre_03_f000135_aug.wav,en,spoof,tts,Higgs-Audio-V2,-,mlaad,,none
data/processed/en_mlaad_augmented/the_master_key_13_f000088_aug.wav,en,spoof,tts,Chatterbox,-,mlaad,,rawboost
data/processed/en_augmented/LA_T_4761325_aug.wav,en,spoof,tts,A04,LA_0093,asvspoof2019la,,none
data/processed/en_augmented/LA_T_1569477_aug.wav,en,bonafide,real,-,LA_0090,asvspoof2019la,,rawboost+codec
data/processed/en_mlaad_augmented/poisoned_pen_09_f000185_aug.wav,en,spoof,tts,Higgs-Audio-V2,-,mlaad,,none
data/processed/en_mlaad_augmented/hunters_space_03_f000071_aug.wav,en,spoof,tts,Higgs-Audio-V2,-,mlaad,,rawboost+codec
data/processed/en_augmented/LA_T_8111539_aug.wav,en,bonafide,real,-,LA_0089,asvspoof2019la,,none
data/processed/en_augmented/LA_T_6926903_aug.wav,en,bonafide,real,-,LA_0092,asvspoof2019la,,none
data/processed/en_mlaad_augmented/wives_and_daughters_26_f000184_aug.wav,en,spoof,tts,Higgs-Audio-V2,-,mlaad,,none
data/processed/en_mlaad_augmented/wives_and_daughters_52_f000177_aug.wav,en,spoof,tts,Chatterbox-Turbo,-,mlaad,,none
data/processed/en_mlaad_augmented/dorothy_and_wizard_oz_04_f000080_aug.wav,en,spoof,tts,ElevenLabs-v3,-,mlaad,,rawboost
data/processed/en_augmented/LA_T_5625330_aug.wav,en,bonafide,real,-,LA_0093,asvspoof2019la,,codec
data/processed/en_mlaad_augmented/piratesofersatz_10_leinster_64kb_f000031_aug.wav,en,spoof,tts,ElevenLabs-v3,-,mlaad,,rawboost
data/processed/en_mlaad_augmented/the_sea_fairies_01_f000060_aug.wav,en,spoof,tts,ElevenLabs-Turbo-v2.5,-,mlaad,,rawboost
data/processed/en_mlaad_augmented/hunters_space_10_f000023_aug.wav,en,spoof,tts,tts_models_multilingual_multi-dataset_xtts_v2,-,mlaad,,rawboost
data/processed/en_augmented/LA_T_6594586_aug.wav,en,bonafide,real,-,LA_0089,asvspoof2019la,,rawboost+codec
data/processed/en_augmented/LA_T_5410799_aug.wav,en,bonafide,real,-,LA_0094,asvspoof2019la,,rawboost
data/processed/en_mlaad_augmented/dorothy_and_wizard_oz_01_f000067_aug.wav,en,spoof,tts,MOSS-TTS-8B,-,mlaad,,rawboost
data/processed/en_augmented/LA_T_3629702_aug.wav,en,spoof,tts,A01,LA_0095,asvspoof2019la,,rawboost+codec
data/processed/en_mlaad_augmented/dorothy_and_wizard_oz_19_f000075_aug.wav,en,spoof,tts,Higgs-Audio-V2,-,mlaad,,none
data/processed/en_mlaad_augmented/piratesofersatz_08_leinster_64kb_f000011_aug.wav,en,spoof,tts,ElevenLabs-v2-Multilingual,-,mlaad,,none
data/processed/en_augmented/LA_T_3060760_aug.wav,en,bonafide,real,-,LA_0083,asvspoof2019la,,rawboost
data/processed/en_augmented/LA_T_2542674_aug.wav,en,bonafide,real,-,LA_0097,asvspoof2019la,,none
data/processed/en_mlaad_augmented/midnight_passenger_10_f000200_aug.wav,en,spoof,tts,MOSS-TTS-8B,-,mlaad,,none
data/processed/en_augmented/LA_T_8747294_aug.wav,en,bonafide,real,-,LA_0098,asvspoof2019la,,rawboost
data/processed/en_mlaad_augmented/wives_and_daughters_29_f000051_aug.wav,en,spoof,tts,Higgs-Audio-V2,-,mlaad,,none
data/processed/en_mlaad_augmented/poisoned_pen_08_f000221_aug.wav,en,spoof,tts,tts_models_multilingual_multi-dataset_xtts_v2,-,mlaad,,none
data/processed/en_augmented/LA_T_2202252_aug.wav,en,bonafide,real,-,LA_0087,asvspoof2019la,,rawboost+codec
data/processed/en_augmented/LA_T_3967178_aug.wav,en,bonafide,real,-,LA_0089,asvspoof2019la,,rawboost
data/processed/en_augmented/LA_T_9266357_aug.wav,en,bonafide,real,-,LA_0097,asvspoof2019la,,none
data/processed/en_augmented/LA_T_5520907_aug.wav,en,bonafide,real,-,LA_0086,asvspoof2019la,,rawboost+codec
data/processed/en_mlaad_augmented/northandsouth_23_f000042_aug.wav,en,spoof,tts,MOSS-TTS-8B,-,mlaad,,rawboost+codec
data/processed/en_mlaad_augmented/the_master_key_14_f000118_aug.wav,en,spoof,tts,Chatterbox-Turbo,-,mlaad,,rawboost+codec
data/processed/en_mlaad_augmented/pink_fairy_book_23_f000022_aug.wav,en,spoof,tts,ElevenLabs-v3,-,mlaad,,codec
data/processed/en_augmented/LA_T_6676313_aug.wav,en,bonafide,real,-,LA_0081,asvspoof2019la,,codec
data/processed/en_augmented/LA_T_5167256_aug.wav,en,bonafide,real,-,LA_0082,asvspoof2019la,,none
data/processed/en_mlaad_augmented/silent_bullet_10_f000163_aug.wav,en,spoof,tts,ElevenLabs-v2-Multilingual,-,mlaad,,codec
data/processed/en_augmented/LA_T_4948515_aug.wav,en,bonafide,real,-,LA_0093,asvspoof2019la,,rawboost
data/processed/en_mlaad_augmented/jane_eyre_27_f000199_aug.wav,en,spoof,tts,ElevenLabs-v3,-,mlaad,,none
data/processed/en_augmented/LA_T_1267917_aug.wav,en,bonafide,real,-,LA_0098,asvspoof2019la,,rawboost+codec
data/processed/en_augmented/LA_T_6322694_aug.wav,en,spoof,tts,A01,LA_0090,asvspoof2019la,,rawboost
data/processed/en_mlaad_augmented/northandsouth_47_f000035_aug.wav,en,spoof,tts,minimax_speech-2.6-hd,-,mlaad,,rawboost+codec
data/processed/en_augmented/LA_T_7087021_aug.wav,en,bonafide,real,-,LA_0088,asvspoof2019la,,rawboost
data/processed/en_augmented/LA_T_8974364_aug.wav,en,bonafide,real,-,LA_0085,asvspoof2019la,,none
data/processed/en_mlaad_augmented/jane_eyre_35_f000233_aug.wav,en,spoof,tts,GPT-SoVITS,-,mlaad,,codec
data/processed/en_mlaad_augmented/northandsouth_22_f000173_aug.wav,en,spoof,tts,Qwen3-TTS-12Hz-1.7B-Base,-,mlaad,,rawboost
data/processed/en_mlaad_augmented/the_sea_fairies_22_f000061_aug.wav,en,spoof,tts,MOSS-TTS-8B,-,mlaad,,rawboost+codec
data/processed/en_augmented/LA_T_8086458_aug.wav,en,bonafide,real,-,LA_0094,asvspoof2019la,,rawboost
data/processed/en_mlaad_augmented/jane_eyre_14_f000149_aug.wav,en,spoof,tts,Qwen3-TTS-12Hz-1.7B-Base,-,mlaad,,none
data/processed/en_mlaad_augmented/dorothy_and_wizard_oz_04_f000095_aug.wav,en,spoof,tts,minimax_speech-2.6-hd,-,mlaad,,rawboost+codec
data/processed/en_augmented/LA_T_5052270_aug.wav,en,bonafide,real,-,LA_0080,asvspoof2019la,,none
data/processed/en_mlaad_augmented/jane_eyre_29_f000070_aug.wav,en,spoof,tts,GPT-SoVITS,-,mlaad,,rawboost
data/processed/en_mlaad_augmented/the_sea_fairies_21_f000011_aug.wav,en,spoof,tts,ElevenLabs-Turbo-v2.5,-,mlaad,,none
data/processed/en_augmented/LA_T_8026644_aug.wav,en,bonafide,real,-,LA_0092,asvspoof2019la,,codec
data/processed/en_mlaad_augmented/piratesofersatz_04_leinster_64kb_f000113_aug.wav,en,spoof,tts,minimax_speech-2.6-hd,-,mlaad,,none
data/processed/en_mlaad_augmented/northandsouth_27_f000117_aug.wav,en,spoof,tts,Chatterbox-Turbo,-,mlaad,,rawboost
data/processed/en_augmented/LA_T_4564345_aug.wav,en,bonafide,real,-,LA_0095,asvspoof2019la,,rawboost+codec
data/processed/en_mlaad_augmented/silent_bullet_04_f000147_aug.wav,en,spoof,tts,tts_models_multilingual_multi-dataset_xtts_v2,-,mlaad,,rawboost+codec
data/processed/en_mlaad_augmented/hunters_space_04_f000029_aug.wav,en,spoof,tts,GPT-SoVITS,-,mlaad,,rawboost
data/processed/en_mlaad_augmented/northandsouth_10_f000147_aug.wav,en,spoof,tts,ElevenLabs-v3,-,mlaad,,none
data/processed/en_mlaad_augmented/midnight_passenger_14_f000240_aug.wav,en,spoof,tts,GPT-SoVITS,-,mlaad,,none
data/processed/en_augmented/LA_T_6093991_aug.wav,en,bonafide,real,-,LA_0096,asvspoof2019la,,codec
data/processed/en_augmented/LA_T_9022965_aug.wav,en,bonafide,real,-,LA_0085,asvspoof2019la,,none
data/processed/en_mlaad_augmented/pink_fairy_book_16_f000071_aug.wav,en,spoof,tts,ElevenLabs-v2-Multilingual,-,mlaad,,rawboost+codec
data/processed/en_mlaad_augmented/northandsouth_46_f000053_aug.wav,en,spoof,tts,Chatterbox,-,mlaad,,rawboost+codec
data/processed/en_augmented/LA_T_6597785_aug.wav,en,bonafide,real,-,LA_0097,asvspoof2019la,,rawboost
data/processed/en_mlaad_augmented/wives_and_daughters_37_f000072_aug.wav,en,spoof,tts,ElevenLabs-v3,-,mlaad,,rawboost
data/processed/en_mlaad_augmented/the_sea_fairies_13_f000071_aug.wav,en,spoof,tts,ElevenLabs-v3,-,mlaad,,rawboost
data/processed/en_augmented/LA_T_3751912_aug.wav,en,bonafide,real,-,LA_0096,asvspoof2019la,,none
data/processed/en_mlaad_augmented/northandsouth_40_f000030_aug.wav,en,spoof,tts,MOSS-TTS-8B,-,mlaad,,rawboost+codec
data/processed/en_mlaad_augmented/midnight_passenger_01_f000004_aug.wav,en,spoof,tts,Chatterbox-Turbo,-,mlaad,,rawboost
data/processed/en_augmented/LA_T_8093170_aug.wav,en,bonafide,real,-,LA_0086,asvspoof2019la,,rawboost
data/processed/en_augmented/LA_T_4255653_aug.wav,en,bonafide,real,-,LA_0083,asvspoof2019la,,codec
data/processed/en_augmented/LA_T_3187715_aug.wav,en,bonafide,real,-,LA_0079,asvspoof2019la,,rawboost+codec
data/processed/en_mlaad_augmented/pink_fairy_book_26_f000019_aug.wav,en,spoof,tts,Chatterbox-Turbo,-,mlaad,,rawboost
data/processed/en_mlaad_augmented/rinkitink_baum_18_64kb_f000001_aug.wav,en,spoof,tts,kokoro,-,mlaad,,none
data/processed/en_augmented/LA_T_6460762_aug.wav,en,bonafide,real,-,LA_0096,asvspoof2019la,,none
data/processed/en_augmented/LA_T_9557645_aug.wav,en,bonafide,real,-,LA_0098,asvspoof2019la,,none
data/processed/en_augmented/LA_T_7807441_aug.wav,en,bonafide,real,-,LA_0092,asvspoof2019la,,rawboost+codec
data/processed/en_augmented/LA_T_3611811_aug.wav,en,bonafide,real,-,LA_0082,asvspoof2019la,,none
data/processed/en_mlaad_augmented/hunters_space_02_f000069_aug.wav,en,spoof,tts,ElevenLabs-v2-Multilingual,-,mlaad,,none
data/processed/en_mlaad_augmented/emerald_city_of_oz_29_f000037_aug.wav,en,spoof,tts,Chatterbox,-,mlaad,,codec
data/processed/en_mlaad_augmented/pink_fairy_book_12_f000069_aug.wav,en,spoof,tts,tts_models_multilingual_multi-dataset_xtts_v2,-,mlaad,,none
data/processed/en_augmented/LA_T_7915229_aug.wav,en,bonafide,real,-,LA_0089,asvspoof2019la,,codec
data/processed/en_mlaad_augmented/midnight_passenger_12_f000162_aug.wav,en,spoof,tts,Chatterbox,-,mlaad,,codec
data/processed/en_augmented/LA_T_7843393_aug.wav,en,bonafide,real,-,LA_0085,asvspoof2019la,,rawboost+codec
data/processed/en_mlaad_augmented/piratesofersatz_02_leinster_64kb_f000046_aug.wav,en,spoof,tts,Qwen3-TTS-12Hz-1.7B-Base,-,mlaad,,none
data/processed/en_mlaad_augmented/pink_fairy_book_12_f000225_aug.wav,en,spoof,tts,tts_models_multilingual_multi-dataset_xtts_v2,-,mlaad,,codec
data/processed/en_augmented/LA_T_9275052_aug.wav,en,bonafide,real,-,LA_0083,asvspoof2019la,,rawboost
data/processed/en_augmented/LA_T_2537892_aug.wav,en,bonafide,real,-,LA_0091,asvspoof2019la,,rawboost
data/processed/en_augmented/LA_T_9251617_aug.wav,en,bonafide,real,-,LA_0092,asvspoof2019la,,none
data/processed/en_augmented/LA_T_2528047_aug.wav,en,bonafide,real,-,LA_0090,asvspoof2019la,,none
data/processed/en_augmented/LA_T_6722790_aug.wav,en,bonafide,real,-,LA_0092,asvspoof2019la,,none
data/processed/en_augmented/LA_T_5364220_aug.wav,en,bonafide,real,-,LA_0096,asvspoof2019la,,rawboost
data/processed/en_mlaad_augmented/wives_and_daughters_37_f000130_aug.wav,en,spoof,tts,ElevenLabs-v2-Multilingual,-,mlaad,,rawboost+codec
data/processed/en_augmented/LA_T_2669204_aug.wav,en,bonafide,real,-,LA_0092,asvspoof2019la,,rawboost
data/processed/en_augmented/LA_T_6017121_aug.wav,en,bonafide,real,-,LA_0089,asvspoof2019la,,none
data/processed/en_mlaad_augmented/rinkitink_baum_15_64kb_f000022_aug.wav,en,spoof,tts,Chatterbox-Turbo,-,mlaad,,none
data/processed/en_mlaad_augmented/jane_eyre_34_f000153_aug.wav,en,spoof,tts,minimax_speech-2.6-hd,-,mlaad,,codec
data/processed/en_augmented/LA_T_4027900_aug.wav,en,bonafide,real,-,LA_0083,asvspoof2019la,,codec
data/processed/en_augmented/LA_T_2432967_aug.wav,en,bonafide,real,-,LA_0091,asvspoof2019la,,none
data/processed/en_mlaad_augmented/poisoned_pen_10_f000188_aug.wav,en,spoof,tts,ElevenLabs-v2-Multilingual,-,mlaad,,rawboost
data/processed/en_augmented/LA_T_5696560_aug.wav,en,bonafide,real,-,LA_0092,asvspoof2019la,,rawboost
data/processed/en_augmented/LA_T_7702835_aug.wav,en,bonafide,real,-,LA_0086,asvspoof2019la,,none
data/processed/en_mlaad_augmented/emerald_city_of_oz_03_f000007_aug.wav,en,spoof,tts,MOSS-TTS-8B,-,mlaad,,codec
data/processed/en_augmented/LA_T_2646474_aug.wav,en,bonafide,real,-,LA_0088,asvspoof2019la,,none
data/processed/en_augmented/LA_T_3732188_aug.wav,en,bonafide,real,-,LA_0096,asvspoof2019la,,codec
data/processed/en_augmented/LA_T_2319006_aug.wav,en,bonafide,real,-,LA_0098,asvspoof2019la,,rawboost
data/processed/en_mlaad_augmented/poisoned_pen_03_f000184_aug.wav,en,spoof,tts,ElevenLabs-Turbo-v2.5,-,mlaad,,none
data/processed/en_augmented/LA_T_2824772_aug.wav,en,bonafide,real,-,LA_0083,asvspoof2019la,,codec
data/processed/en_mlaad_augmented/wives_and_daughters_41_f000203_aug.wav,en,spoof,tts,GPT-SoVITS,-,mlaad,,rawboost
data/processed/en_augmented/LA_T_9389215_aug.wav,en,bonafide,real,-,LA_0089,asvspoof2019la,,rawboost
data/processed/en_mlaad_augmented/pink_fairy_book_21_f000001_aug.wav,en,spoof,tts,GPT-SoVITS,-,mlaad,,none
data/processed/en_augmented/LA_T_6541095_aug.wav,en,bonafide,real,-,LA_0081,asvspoof2019la,,none
data/processed/en_mlaad_augmented/the_sea_fairies_08_f000025_aug.wav,en,spoof,tts,Chatterbox-Turbo,-,mlaad,,none
data/processed/en_mlaad_augmented/the_master_key_05_f000101_aug.wav,en,spoof,tts,kokoro,-,mlaad,,rawboost
data/processed/en_augmented/LA_T_6144753_aug.wav,en,bonafide,real,-,LA_0095,asvspoof2019la,,rawboost
data/processed/en_augmented/LA_T_3913974_aug.wav,en,bonafide,real,-,LA_0098,asvspoof2019la,,codec
data/processed/en_mlaad_augmented/wives_and_daughters_52_f000219_aug.wav,en,spoof,tts,Higgs-Audio-V2,-,mlaad,,none
data/processed/en_mlaad_augmented/wives_and_daughters_45_f000080_aug.wav,en,spoof,tts,ElevenLabs-v3,-,mlaad,,rawboost
data/processed/en_mlaad_augmented/silent_bullet_10_f000019_aug.wav,en,spoof,tts,Higgs-Audio-V2,-,mlaad,,codec
data/processed/en_augmented/LA_T_7537165_aug.wav,en,spoof,tts,A02,LA_0082,asvspoof2019la,,codec
data/processed/en_augmented/LA_T_1392484_aug.wav,en,bonafide,real,-,LA_0089,asvspoof2019la,,rawboost
data/processed/en_mlaad_augmented/emerald_city_of_oz_25_f000047_aug.wav,en,spoof,tts,Chatterbox,-,mlaad,,none
data/processed/en_mlaad_augmented/pink_fairy_book_12_f000294_aug.wav,en,spoof,tts,ElevenLabs-v3,-,mlaad,,rawboost+codec
data/processed/en_augmented/LA_T_3230541_aug.wav,en,bonafide,real,-,LA_0087,asvspoof2019la,,rawboost
data/processed/en_mlaad_augmented/emerald_city_of_oz_02_f000028_aug.wav,en,spoof,tts,Higgs-Audio-V2,-,mlaad,,rawboost
data/processed/en_mlaad_augmented/northandsouth_29_f000121_aug.wav,en,spoof,tts,tts_models_multilingual_multi-dataset_xtts_v2,-,mlaad,,none
data/processed/en_augmented/LA_T_6864430_aug.wav,en,bonafide,real,-,LA_0094,asvspoof2019la,,rawboost
data/processed/en_mlaad_augmented/jane_eyre_02_f000012_aug.wav,en,spoof,tts,Chatterbox-Turbo,-,mlaad,,rawboost
data/processed/en_mlaad_augmented/wives_and_daughters_51_f000043_aug.wav,en,spoof,tts,kokoro,-,mlaad,,rawboost
data/processed/en_mlaad_augmented/emerald_city_of_oz_12_f000003_aug.wav,en,spoof,tts,Chatterbox,-,mlaad,,none
data/processed/en_augmented/LA_T_7961517_aug.wav,en,bonafide,real,-,LA_0090,asvspoof2019la,,none
data/processed/en_augmented/LA_T_7512717_aug.wav,en,bonafide,real,-,LA_0089,asvspoof2019la,,rawboost
data/processed/en_augmented/LA_T_3537526_aug.wav,en,bonafide,real,-,LA_0095,asvspoof2019la,,rawboost
data/processed/en_augmented/LA_T_7367042_aug.wav,en,bonafide,real,-,LA_0082,asvspoof2019la,,rawboost
data/processed/en_mlaad_augmented/silent_bullet_13_f000130_aug.wav,en,spoof,tts,ElevenLabs-v2-Multilingual,-,mlaad,,none
data/processed/en_mlaad_augmented/wives_and_daughters_39_f000162_aug.wav,en,spoof,tts,minimax_speech-2.6-hd,-,mlaad,,codec
data/processed/en_augmented/LA_T_9243374_aug.wav,en,bonafide,real,-,LA_0087,asvspoof2019la,,codec
data/processed/en_mlaad_augmented/wives_and_daughters_13_f000074_aug.wav,en,spoof,tts,ElevenLabs-Turbo-v2.5,-,mlaad,,rawboost
data/processed/en_augmented/LA_T_6766056_aug.wav,en,bonafide,real,-,LA_0082,asvspoof2019la,,none
data/processed/en_augmented/LA_T_6902662_aug.wav,en,bonafide,real,-,LA_0085,asvspoof2019la,,rawboost
data/processed/en_augmented/LA_T_5832791_aug.wav,en,bonafide,real,-,LA_0094,asvspoof2019la,,none
data/processed/en_augmented/LA_T_9711208_aug.wav,en,bonafide,real,-,LA_0090,asvspoof2019la,,none
data/processed/en_mlaad_augmented/silent_bullet_08_f000255_aug.wav,en,spoof,tts,GPT-SoVITS,-,mlaad,,codec
data/processed/en_augmented/LA_T_1252644_aug.wav,en,spoof,tts,A03,LA_0090,asvspoof2019la,,codec
data/processed/en_mlaad_augmented/silent_bullet_07_f000236_aug.wav,en,spoof,tts,MOSS-TTS-8B,-,mlaad,,none
data/processed/en_augmented/LA_T_9074196_aug.wav,en,bonafide,real,-,LA_0081,asvspoof2019la,,rawboost
data/processed/en_augmented/LA_T_1050008_aug.wav,en,bonafide,real,-,LA_0098,asvspoof2019la,,none
data/processed/en_augmented/LA_T_2175978_aug.wav,en,bonafide,real,-,LA_0097,asvspoof2019la,,rawboost
data/processed/en_augmented/LA_T_9737995_aug.wav,en,bonafide,real,-,LA_0098,asvspoof2019la,,none
data/processed/en_augmented/LA_T_3888223_aug.wav,en,bonafide,real,-,LA_0094,asvspoof2019la,,codec
data/processed/en_mlaad_augmented/wives_and_daughters_40_f000022_aug.wav,en,spoof,tts,kokoro,-,mlaad,,codec
data/processed/en_augmented/LA_T_8147741_aug.wav,en,bonafide,real,-,LA_0082,asvspoof2019la,,codec
data/processed/en_augmented/LA_T_8169980_aug.wav,en,bonafide,real,-,LA_0097,asvspoof2019la,,codec
data/processed/en_mlaad_augmented/hunters_space_02_f000005_aug.wav,en,spoof,tts,Chatterbox,-,mlaad,,rawboost
data/processed/en_mlaad_augmented/jane_eyre_20_f000103_aug.wav,en,spoof,tts,GPT-SoVITS,-,mlaad,,rawboost
data/processed/en_mlaad_augmented/silent_bullet_03_f000002_aug.wav,en,spoof,tts,GPT-SoVITS,-,mlaad,,none
data/processed/en_augmented/LA_T_6602884_aug.wav,en,bonafide,real,-,LA_0084,asvspoof2019la,,none
data/processed/en_augmented/LA_T_4860972_aug.wav,en,bonafide,real,-,LA_0087,asvspoof2019la,,none
data/processed/en_mlaad_augmented/hunters_space_04_f000039_aug.wav,en,spoof,tts,ElevenLabs-v2-Multilingual,-,mlaad,,none
data/processed/en_augmented/LA_T_9105169_aug.wav,en,spoof,tts,A01,LA_0081,asvspoof2019la,,rawboost
data/processed/en_augmented/LA_T_1130924_aug.wav,en,bonafide,real,-,LA_0087,asvspoof2019la,,none
data/processed/en_mlaad_augmented/emerald_city_of_oz_10_f000085_aug.wav,en,spoof,tts,kokoro,-,mlaad,,none
data/processed/en_augmented/LA_T_1625761_aug.wav,en,bonafide,real,-,LA_0080,asvspoof2019la,,codec
data/processed/en_augmented/LA_T_8686549_aug.wav,en,bonafide,real,-,LA_0098,asvspoof2019la,,codec
data/processed/en_augmented/LA_T_6067965_aug.wav,en,bonafide,real,-,LA_0098,asvspoof2019la,,none
data/processed/en_augmented/LA_T_6935436_aug.wav,en,bonafide,real,-,LA_0092,asvspoof2019la,,none
data/processed/en_augmented/LA_T_1397401_aug.wav,en,bonafide,real,-,LA_0081,asvspoof2019la,,none
data/processed/en_augmented/LA_T_2386039_aug.wav,en,bonafide,real,-,LA_0080,asvspoof2019la,,rawboost
data/processed/en_augmented/LA_T_7558374_aug.wav,en,bonafide,real,-,LA_0089,asvspoof2019la,,none
data/processed/en_mlaad_augmented/jane_eyre_23_f000052_aug.wav,en,spoof,tts,Qwen3-TTS-12Hz-1.7B-Base,-,mlaad,,rawboost+codec
data/processed/en_mlaad_augmented/rinkitink_baum_22_64kb_f000038_aug.wav,en,spoof,tts,Higgs-Audio-V2,-,mlaad,,rawboost
data/processed/en_augmented/LA_T_6720241_aug.wav,en,bonafide,real,-,LA_0090,asvspoof2019la,,none
data/processed/en_augmented/LA_T_3046012_aug.wav,en,bonafide,real,-,LA_0087,asvspoof2019la,,codec
data/processed/en_mlaad_augmented/piratesofersatz_09_leinster_64kb_f000131_aug.wav,en,spoof,tts,Qwen3-TTS-12Hz-1.7B-Base,-,mlaad,,rawboost
data/processed/en_augmented/LA_T_1114980_aug.wav,en,bonafide,real,-,LA_0085,asvspoof2019la,,rawboost
data/processed/en_augmented/LA_T_1424186_aug.wav,en,spoof,tts,A02,LA_0081,asvspoof2019la,,rawboost+codec
data/processed/en_augmented/LA_T_8814910_aug.wav,en,bonafide,real,-,LA_0085,asvspoof2019la,,codec
data/processed/en_augmented/LA_T_2192287_aug.wav,en,bonafide,real,-,LA_0089,asvspoof2019la,,rawboost+codec
data/processed/en_augmented/LA_T_1255705_aug.wav,en,bonafide,real,-,LA_0093,asvspoof2019la,,none
data/processed/en_mlaad_augmented/midnight_passenger_12_f000213_aug.wav,en,spoof,tts,ElevenLabs-Turbo-v2.5,-,mlaad,,rawboost
data/processed/en_mlaad_augmented/wives_and_daughters_22_f000032_aug.wav,en,spoof,tts,Chatterbox,-,mlaad,,none
data/processed/en_augmented/LA_T_6212674_aug.wav,en,bonafide,real,-,LA_0089,asvspoof2019la,,none
data/processed/en_mlaad_augmented/silent_bullet_12_f000095_aug.wav,en,spoof,tts,ElevenLabs-Turbo-v2.5,-,mlaad,,none
data/processed/en_mlaad_augmented/jane_eyre_14_f000093_aug.wav,en,spoof,tts,Higgs-Audio-V2,-,mlaad,,rawboost
data/processed/en_mlaad_augmented/hunters_space_03_f000090_aug.wav,en,spoof,tts,MOSS-TTS-8B,-,mlaad,,rawboost+codec
data/processed/en_augmented/LA_T_2838981_aug.wav,en,bonafide,real,-,LA_0079,asvspoof2019la,,rawboost
data/processed/en_augmented/LA_T_6618587_aug.wav,en,bonafide,real,-,LA_0079,asvspoof2019la,,rawboost
data/processed/en_augmented/LA_T_3119779_aug.wav,en,bonafide,real,-,LA_0082,asvspoof2019la,,rawboost
data/processed/en_augmented/LA_T_5918833_aug.wav,en,bonafide,real,-,LA_0083,asvspoof2019la,,none
data/processed/en_mlaad_augmented/jane_eyre_18_f000092_aug.wav,en,spoof,tts,kokoro,-,mlaad,,rawboost
data/processed/en_mlaad_augmented/northandsouth_42_f000164_aug.wav,en,spoof,tts,Qwen3-TTS-12Hz-1.7B-Base,-,mlaad,,rawboost
data/processed/en_mlaad_augmented/midnight_passenger_06_f000135_aug.wav,en,spoof,tts,ElevenLabs-v3,-,mlaad,,none
data/processed/en_mlaad_augmented/hunters_space_12_f000075_aug.wav,en,spoof,tts,kokoro,-,mlaad,,rawboost
data/processed/en_augmented/LA_T_6423802_aug.wav,en,bonafide,real,-,LA_0081,asvspoof2019la,,none
data/processed/en_mlaad_augmented/piratesofersatz_08_leinster_64kb_f000086_aug.wav,en,spoof,tts,tts_models_multilingual_multi-dataset_xtts_v2,-,mlaad,,rawboost
data/processed/en_mlaad_augmented/emerald_city_of_oz_22_f000009_aug.wav,en,spoof,tts,Qwen3-TTS-12Hz-1.7B-Base,-,mlaad,,rawboost+codec
data/processed/en_augmented/LA_T_5264330_aug.wav,en,bonafide,real,-,LA_0090,asvspoof2019la,,rawboost+codec
data/processed/en_mlaad_augmented/wives_and_daughters_02_f000223_aug.wav,en,spoof,tts,ElevenLabs-v2-Multilingual,-,mlaad,,codec
data/processed/en_augmented/LA_T_6632006_aug.wav,en,bonafide,real,-,LA_0082,asvspoof2019la,,none
data/processed/en_mlaad_augmented/the_sea_fairies_15_f000155_aug.wav,en,spoof,tts,Qwen3-TTS-12Hz-1.7B-Base,-,mlaad,,rawboost+codec
data/processed/en_augmented/LA_T_9172266_aug.wav,en,spoof,vc,A05,LA_0086,asvspoof2019la,,rawboost
data/processed/en_mlaad_augmented/the_master_key_14_f000087_aug.wav,en,spoof,tts,minimax_speech-2.6-hd,-,mlaad,,rawboost+codec
data/processed/en_mlaad_augmented/hunters_space_07_f000057_aug.wav,en,spoof,tts,GPT-SoVITS,-,mlaad,,rawboost+codec
data/processed/en_mlaad_augmented/wives_and_daughters_15_f000089_aug.wav,en,spoof,tts,tts_models_multilingual_multi-dataset_xtts_v2,-,mlaad,,none
data/processed/en_mlaad_augmented/jane_eyre_14_f000227_aug.wav,en,spoof,tts,Higgs-Audio-V2,-,mlaad,,rawboost
data/processed/en_mlaad_augmented/northandsouth_24_f000060_aug.wav,en,spoof,tts,MOSS-TTS-8B,-,mlaad,,codec
data/processed/en_mlaad_augmented/pink_fairy_book_32_f000112_aug.wav,en,spoof,tts,ElevenLabs-v3,-,mlaad,,codec
data/processed/en_augmented/LA_T_8615006_aug.wav,en,bonafide,real,-,LA_0081,asvspoof2019la,,none
data/processed/en_augmented/LA_T_8305834_aug.wav,en,bonafide,real,-,LA_0089,asvspoof2019la,,none
data/processed/en_mlaad_augmented/wives_and_daughters_35_f000265_aug.wav,en,spoof,tts,Chatterbox,-,mlaad,,none
data/processed/en_mlaad_augmented/piratesofersatz_03_leinster_64kb_f000168_aug.wav,en,spoof,tts,Qwen3-TTS-12Hz-1.7B-Base,-,mlaad,,none
data/processed/en_augmented/LA_T_2610237_aug.wav,en,bonafide,real,-,LA_0080,asvspoof2019la,,none
data/processed/en_mlaad_augmented/northandsouth_06_f000043_aug.wav,en,spoof,tts,ElevenLabs-v2-Multilingual,-,mlaad,,none
data/processed/en_augmented/LA_T_6435392_aug.wav,en,bonafide,real,-,LA_0086,asvspoof2019la,,codec
data/processed/en_mlaad_augmented/wives_and_daughters_42_f000139_aug.wav,en,spoof,tts,Chatterbox,-,mlaad,,none
data/processed/en_mlaad_augmented/hunters_space_17_f000026_aug.wav,en,spoof,tts,tts_models_multilingual_multi-dataset_xtts_v2,-,mlaad,,rawboost
data/processed/en_augmented/LA_T_3704574_aug.wav,en,bonafide,real,-,LA_0082,asvspoof2019la,,none
data/processed/en_augmented/LA_T_6731739_aug.wav,en,bonafide,real,-,LA_0096,asvspoof2019la,,none
data/processed/en_augmented/LA_T_1423202_aug.wav,en,bonafide,real,-,LA_0087,asvspoof2019la,,rawboost
data/processed/en_augmented/LA_T_2801814_aug.wav,en,bonafide,real,-,LA_0085,asvspoof2019la,,none
data/processed/en_mlaad_augmented/jane_eyre_34_f000337_aug.wav,en,spoof,tts,MOSS-TTS-8B,-,mlaad,,codec
data/processed/en_mlaad_augmented/poisoned_pen_06_f000174_aug.wav,en,spoof,tts,ElevenLabs-Turbo-v2.5,-,mlaad,,none
data/processed/en_augmented/LA_T_9734633_aug.wav,en,bonafide,real,-,LA_0096,asvspoof2019la,,rawboost
data/processed/en_mlaad_augmented/the_sea_fairies_01_f000030_aug.wav,en,spoof,tts,kokoro,-,mlaad,,rawboost
data/processed/en_augmented/LA_T_8140876_aug.wav,en,bonafide,real,-,LA_0081,asvspoof2019la,,codec
data/processed/en_mlaad_augmented/poisoned_pen_07_f000161_aug.wav,en,spoof,tts,tts_models_multilingual_multi-dataset_xtts_v2,-,mlaad,,rawboost
data/processed/en_augmented/LA_T_9320200_aug.wav,en,bonafide,real,-,LA_0083,asvspoof2019la,,rawboost+codec
data/processed/en_augmented/LA_T_9678657_aug.wav,en,bonafide,real,-,LA_0090,asvspoof2019la,,rawboost+codec
data/processed/en_mlaad_augmented/jane_eyre_27_f000053_aug.wav,en,spoof,tts,MOSS-TTS-8B,-,mlaad,,rawboost
data/processed/en_augmented/LA_T_5260333_aug.wav,en,bonafide,real,-,LA_0092,asvspoof2019la,,rawboost+codec
data/processed/en_mlaad_augmented/jane_eyre_14_f000066_aug.wav,en,spoof,tts,Higgs-Audio-V2,-,mlaad,,rawboost+codec
data/processed/en_mlaad_augmented/jane_eyre_18_f000086_aug.wav,en,spoof,tts,minimax_speech-2.6-hd,-,mlaad,,rawboost
data/processed/en_mlaad_augmented/silent_bullet_11_f000010_aug.wav,en,spoof,tts,Qwen3-TTS-12Hz-1.7B-Base,-,mlaad,,rawboost
data/processed/en_mlaad_augmented/dorothy_and_wizard_oz_09_f000103_aug.wav,en,spoof,tts,GPT-SoVITS,-,mlaad,,codec
data/processed/en_augmented/LA_T_2371044_aug.wav,en,bonafide,real,-,LA_0088,asvspoof2019la,,rawboost
data/processed/en_augmented/LA_T_5118997_aug.wav,en,bonafide,real,-,LA_0088,asvspoof2019la,,rawboost
data/processed/en_mlaad_augmented/piratesofersatz_04_leinster_64kb_f000080_aug.wav,en,spoof,tts,MOSS-TTS-8B,-,mlaad,,none
data/processed/en_mlaad_augmented/silent_bullet_07_f000276_aug.wav,en,spoof,tts,tts_models_multilingual_multi-dataset_xtts_v2,-,mlaad,,none
data/processed/en_augmented/LA_T_4983711_aug.wav,en,bonafide,real,-,LA_0083,asvspoof2019la,,rawboost
data/processed/en_augmented/LA_T_1080623_aug.wav,en,bonafide,real,-,LA_0091,asvspoof2019la,,rawboost
data/processed/en_mlaad_augmented/jane_eyre_25_f000248_aug.wav,en,spoof,tts,Chatterbox-Turbo,-,mlaad,,rawboost+codec
data/processed/en_mlaad_augmented/skyisland_13_baum_64kb_f000039_aug.wav,en,spoof,tts,tts_models_multilingual_multi-dataset_xtts_v2,-,mlaad,,none
data/processed/en_mlaad_augmented/wives_and_daughters_22_f000153_aug.wav,en,spoof,tts,Qwen3-TTS-12Hz-1.7B-Base,-,mlaad,,none
data/processed/en_mlaad_augmented/dorothy_and_wizard_oz_16_f000076_aug.wav,en,spoof,tts,Higgs-Audio-V2,-,mlaad,,rawboost
data/processed/en_mlaad_augmented/emerald_city_of_oz_20_f000056_aug.wav,en,spoof,tts,kokoro,-,mlaad,,rawboost+codec
data/processed/en_mlaad_augmented/emerald_city_of_oz_12_f000073_aug.wav,en,spoof,tts,minimax_speech-2.6-hd,-,mlaad,,none
data/processed/en_mlaad_augmented/ozma_of_oz_01_f000054_aug.wav,en,spoof,tts,Qwen3-TTS-12Hz-1.7B-Base,-,mlaad,,none
data/processed/en_mlaad_augmented/northandsouth_29_f000031_aug.wav,en,spoof,tts,ElevenLabs-v2-Multilingual,-,mlaad,,none
data/processed/en_augmented/LA_T_8925956_aug.wav,en,bonafide,real,-,LA_0090,asvspoof2019la,,none
data/processed/en_augmented/LA_T_4566714_aug.wav,en,bonafide,real,-,LA_0086,asvspoof2019la,,rawboost+codec
data/processed/en_mlaad_augmented/jane_eyre_25_f000018_aug.wav,en,spoof,tts,Qwen3-TTS-12Hz-1.7B-Base,-,mlaad,,codec
data/processed/en_augmented/LA_T_1378563_aug.wav,en,bonafide,real,-,LA_0093,asvspoof2019la,,rawboost
data/processed/en_augmented/LA_T_5372373_aug.wav,en,bonafide,real,-,LA_0097,asvspoof2019la,,codec
data/processed/en_augmented/LA_T_9226313_aug.wav,en,bonafide,real,-,LA_0083,asvspoof2019la,,none
data/processed/en_augmented/LA_T_1569908_aug.wav,en,bonafide,real,-,LA_0082,asvspoof2019la,,rawboost+codec
data/processed/en_mlaad_augmented/poisoned_pen_09_f000254_aug.wav,en,spoof,tts,Qwen3-TTS-12Hz-1.7B-Base,-,mlaad,,rawboost
data/processed/en_mlaad_augmented/jane_eyre_20_f000311_aug.wav,en,spoof,tts,ElevenLabs-v2-Multilingual,-,mlaad,,rawboost
data/processed/en_mlaad_augmented/the_sea_fairies_09_f000072_aug.wav,en,spoof,tts,Qwen3-TTS-12Hz-1.7B-Base,-,mlaad,,rawboost
data/processed/en_augmented/LA_T_8124095_aug.wav,en,bonafide,real,-,LA_0081,asvspoof2019la,,none
data/processed/en_mlaad_augmented/dorothy_and_wizard_oz_01_f000103_aug.wav,en,spoof,tts,MOSS-TTS-8B,-,mlaad,,codec
data/processed/en_augmented/LA_T_3877061_aug.wav,en,bonafide,real,-,LA_0089,asvspoof2019la,,none
data/processed/en_mlaad_augmented/silent_bullet_03_f000026_aug.wav,en,spoof,tts,ElevenLabs-v2-Multilingual,-,mlaad,,none
data/processed/en_augmented/LA_T_6812855_aug.wav,en,bonafide,real,-,LA_0084,asvspoof2019la,,codec
data/processed/en_augmented/LA_T_9075670_aug.wav,en,bonafide,real,-,LA_0082,asvspoof2019la,,rawboost+codec
data/processed/en_augmented/LA_T_5428638_aug.wav,en,bonafide,real,-,LA_0088,asvspoof2019la,,rawboost
data/processed/en_augmented/LA_T_8874328_aug.wav,en,bonafide,real,-,LA_0087,asvspoof2019la,,codec
data/processed/en_augmented/LA_T_2507487_aug.wav,en,bonafide,real,-,LA_0092,asvspoof2019la,,none
data/processed/en_mlaad_augmented/wives_and_daughters_50_f000232_aug.wav,en,spoof,tts,Chatterbox-Turbo,-,mlaad,,none
data/processed/en_mlaad_augmented/wives_and_daughters_23_f000088_aug.wav,en,spoof,tts,ElevenLabs-v2-Multilingual,-,mlaad,,rawboost
data/processed/en_augmented/LA_T_6657121_aug.wav,en,bonafide,real,-,LA_0095,asvspoof2019la,,rawboost+codec
data/processed/en_augmented/LA_T_7210987_aug.wav,en,bonafide,real,-,LA_0090,asvspoof2019la,,rawboost
data/processed/en_mlaad_augmented/wives_and_daughters_60_f000362_aug.wav,en,spoof,tts,Higgs-Audio-V2,-,mlaad,,rawboost
data/processed/en_augmented/LA_T_5336219_aug.wav,en,bonafide,real,-,LA_0098,asvspoof2019la,,rawboost+codec
data/processed/en_mlaad_augmented/wives_and_daughters_17_f000123_aug.wav,en,spoof,tts,minimax_speech-2.6-hd,-,mlaad,,rawboost+codec
data/processed/en_augmented/LA_T_7946710_aug.wav,en,bonafide,real,-,LA_0090,asvspoof2019la,,rawboost
data/processed/en_mlaad_augmented/ozma_of_oz_11_f000046_aug.wav,en,spoof,tts,ElevenLabs-Turbo-v2.5,-,mlaad,,none
data/processed/en_mlaad_augmented/jane_eyre_33_f000039_aug.wav,en,spoof,tts,MOSS-TTS-8B,-,mlaad,,rawboost+codec
data/processed/en_mlaad_augmented/silent_bullet_05_f000019_aug.wav,en,spoof,tts,Qwen3-TTS-12Hz-1.7B-Base,-,mlaad,,none
data/processed/en_mlaad_augmented/wives_and_daughters_18_f000088_aug.wav,en,spoof,tts,minimax_speech-2.6-hd,-,mlaad,,rawboost
data/processed/en_augmented/LA_T_5824253_aug.wav,en,bonafide,real,-,LA_0084,asvspoof2019la,,none
data/processed/en_augmented/LA_T_8682959_aug.wav,en,bonafide,real,-,LA_0079,asvspoof2019la,,rawboost+codec
data/processed/en_mlaad_augmented/silent_bullet_11_f000008_aug.wav,en,spoof,tts,Qwen3-TTS-12Hz-1.7B-Base,-,mlaad,,rawboost+codec
data/processed/en_mlaad_augmented/poisoned_pen_10_f000241_aug.wav,en,spoof,tts,Chatterbox,-,mlaad,,none
data/processed/en_augmented/LA_T_3477527_aug.wav,en,bonafide,real,-,LA_0097,asvspoof2019la,,codec
data/processed/en_augmented/LA_T_7504201_aug.wav,en,bonafide,real,-,LA_0083,asvspoof2019la,,codec
data/processed/en_mlaad_augmented/piratesofersatz_03_leinster_64kb_f000067_aug.wav,en,spoof,tts,ElevenLabs-Turbo-v2.5,-,mlaad,,none
data/processed/en_augmented/LA_T_6910683_aug.wav,en,bonafide,real,-,LA_0088,asvspoof2019la,,codec
data/processed/en_mlaad_augmented/wives_and_daughters_22_f000134_aug.wav,en,spoof,tts,Chatterbox-Turbo,-,mlaad,,rawboost+codec
data/processed/en_mlaad_augmented/northandsouth_15_f000103_aug.wav,en,spoof,tts,MOSS-TTS-8B,-,mlaad,,rawboost
data/processed/en_augmented/LA_T_6441166_aug.wav,en,bonafide,real,-,LA_0082,asvspoof2019la,,codec
data/processed/en_augmented/LA_T_3614268_aug.wav,en,bonafide,real,-,LA_0096,asvspoof2019la,,rawboost
data/processed/en_mlaad_augmented/rinkitink_baum_06_64kb_f000104_aug.wav,en,spoof,tts,Chatterbox-Turbo,-,mlaad,,rawboost+codec
data/processed/en_augmented/LA_T_4594945_aug.wav,en,bonafide,real,-,LA_0098,asvspoof2019la,,rawboost
data/processed/en_mlaad_augmented/rinkitink_baum_08_64kb_f000006_aug.wav,en,spoof,tts,Chatterbox,-,mlaad,,rawboost+codec
data/processed/en_augmented/LA_T_4839122_aug.wav,en,bonafide,real,-,LA_0085,asvspoof2019la,,codec
data/processed/en_augmented/LA_T_3204342_aug.wav,en,bonafide,real,-,LA_0089,asvspoof2019la,,none
data/processed/en_mlaad_augmented/midnight_passenger_02_f000113_aug.wav,en,spoof,tts,Higgs-Audio-V2,-,mlaad,,rawboost+codec
data/processed/en_mlaad_augmented/piratesofersatz_07_leinster_64kb_f000191_aug.wav,en,spoof,tts,tts_models_multilingual_multi-dataset_xtts_v2,-,mlaad,,none
data/processed/en_augmented/LA_T_9161988_aug.wav,en,bonafide,real,-,LA_0087,asvspoof2019la,,rawboost+codec
data/processed/en_mlaad_augmented/skyisland_15_baum_64kb_f000035_aug.wav,en,spoof,tts,Chatterbox-Turbo,-,mlaad,,none
data/processed/en_augmented/LA_T_2269650_aug.wav,en,bonafide,real,-,LA_0094,asvspoof2019la,,codec
data/processed/en_mlaad_augmented/poisoned_pen_01_f000011_aug.wav,en,spoof,tts,Qwen3-TTS-12Hz-1.7B-Base,-,mlaad,,none
data/processed/en_augmented/LA_T_8597023_aug.wav,en,bonafide,real,-,LA_0082,asvspoof2019la,,rawboost
data/processed/en_augmented/LA_T_1486451_aug.wav,en,bonafide,real,-,LA_0096,asvspoof2019la,,codec
data/processed/en_augmented/LA_T_5633732_aug.wav,en,bonafide,real,-,LA_0084,asvspoof2019la,,rawboost
data/processed/en_augmented/LA_T_9671043_aug.wav,en,bonafide,real,-,LA_0095,asvspoof2019la,,none
data/processed/en_mlaad_augmented/jane_eyre_15_f000084_aug.wav,en,spoof,tts,ElevenLabs-v3,-,mlaad,,codec
data/processed/en_augmented/LA_T_2504535_aug.wav,en,bonafide,real,-,LA_0094,asvspoof2019la,,none
data/processed/en_mlaad_augmented/rinkitink_baum_05_64kb_f000118_aug.wav,en,spoof,tts,ElevenLabs-v2-Multilingual,-,mlaad,,none
data/processed/en_augmented/LA_T_8097328_aug.wav,en,bonafide,real,-,LA_0093,asvspoof2019la,,codec
data/processed/en_mlaad_augmented/northandsouth_42_f000188_aug.wav,en,spoof,tts,Qwen3-TTS-12Hz-1.7B-Base,-,mlaad,,rawboost+codec
data/processed/en_augmented/LA_T_8405652_aug.wav,en,bonafide,real,-,LA_0084,asvspoof2019la,,rawboost
data/processed/en_mlaad_augmented/wives_and_daughters_12_f000090_aug.wav,en,spoof,tts,MOSS-TTS-8B,-,mlaad,,none
data/processed/en_augmented/LA_T_4293504_aug.wav,en,bonafide,real,-,LA_0086,asvspoof2019la,,rawboost
data/processed/en_mlaad_augmented/rinkitink_baum_07_64kb_f000001_aug.wav,en,spoof,tts,Higgs-Audio-V2,-,mlaad,,none
data/processed/en_augmented/LA_T_1699801_aug.wav,en,bonafide,real,-,LA_0079,asvspoof2019la,,rawboost
data/processed/en_augmented/LA_T_7579441_aug.wav,en,bonafide,real,-,LA_0097,asvspoof2019la,,rawboost
data/processed/en_mlaad_augmented/the_sea_fairies_07_f000044_aug.wav,en,spoof,tts,tts_models_multilingual_multi-dataset_xtts_v2,-,mlaad,,codec
data/processed/en_mlaad_augmented/northandsouth_12_f000037_aug.wav,en,spoof,tts,ElevenLabs-Turbo-v2.5,-,mlaad,,codec
data/processed/en_mlaad_augmented/piratesofersatz_09_leinster_64kb_f000092_aug.wav,en,spoof,tts,Qwen3-TTS-12Hz-1.7B-Base,-,mlaad,,codec
data/processed/en_mlaad_augmented/jane_eyre_31_f000046_aug.wav,en,spoof,tts,kokoro,-,mlaad,,rawboost+codec
data/processed/en_mlaad_augmented/piratesofersatz_10_leinster_64kb_f000121_aug.wav,en,spoof,tts,MOSS-TTS-8B,-,mlaad,,rawboost+codec
data/processed/en_augmented/LA_T_5511230_aug.wav,en,bonafide,real,-,LA_0089,asvspoof2019la,,none
data/processed/en_mlaad_augmented/emerald_city_of_oz_26_f000009_aug.wav,en,spoof,tts,minimax_speech-2.6-hd,-,mlaad,,none
data/processed/en_augmented/LA_T_4350540_aug.wav,en,bonafide,real,-,LA_0086,asvspoof2019la,,codec
data/processed/en_augmented/LA_T_8583125_aug.wav,en,bonafide,real,-,LA_0091,asvspoof2019la,,none
data/processed/en_mlaad_augmented/northandsouth_03_f000039_aug.wav,en,spoof,tts,minimax_speech-2.6-hd,-,mlaad,,rawboost+codec
data/processed/en_augmented/LA_T_6376473_aug.wav,en,bonafide,real,-,LA_0094,asvspoof2019la,,rawboost+codec
data/processed/en_mlaad_augmented/northandsouth_37_f000193_aug.wav,en,spoof,tts,Chatterbox,-,mlaad,,rawboost
data/processed/en_augmented/LA_T_1897758_aug.wav,en,bonafide,real,-,LA_0096,asvspoof2019la,,rawboost
data/processed/en_mlaad_augmented/the_sea_fairies_02_f000048_aug.wav,en,spoof,tts,ElevenLabs-v2-Multilingual,-,mlaad,,rawboost+codec
data/processed/en_augmented/LA_T_7967427_aug.wav,en,bonafide,real,-,LA_0081,asvspoof2019la,,rawboost
data/processed/en_augmented/LA_T_6740492_aug.wav,en,bonafide,real,-,LA_0097,asvspoof2019la,,none
data/processed/en_mlaad_augmented/poisoned_pen_12_f000072_aug.wav,en,spoof,tts,tts_models_multilingual_multi-dataset_xtts_v2,-,mlaad,,codec
data/processed/en_augmented/LA_T_9910541_aug.wav,en,spoof,tts,A02,LA_0094,asvspoof2019la,,none
data/processed/en_mlaad_augmented/pink_fairy_book_17_f000027_aug.wav,en,spoof,tts,ElevenLabs-v3,-,mlaad,,rawboost+codec
data/processed/en_mlaad_augmented/midnight_passenger_13_f000126_aug.wav,en,spoof,tts,ElevenLabs-v2-Multilingual,-,mlaad,,rawboost
data/processed/en_mlaad_augmented/poisoned_pen_09_f000220_aug.wav,en,spoof,tts,GPT-SoVITS,-,mlaad,,rawboost
data/processed/en_augmented/LA_T_2224597_aug.wav,en,bonafide,real,-,LA_0090,asvspoof2019la,,rawboost+codec
data/processed/en_augmented/LA_T_6799312_aug.wav,en,bonafide,real,-,LA_0083,asvspoof2019la,,rawboost
data/processed/en_mlaad_augmented/jane_eyre_34_f000128_aug.wav,en,spoof,tts,ElevenLabs-v2-Multilingual,-,mlaad,,rawboost
data/processed/en_augmented/LA_T_7467165_aug.wav,en,bonafide,real,-,LA_0094,asvspoof2019la,,rawboost+codec
data/processed/en_mlaad_augmented/dorothy_and_wizard_oz_14_f000062_aug.wav,en,spoof,tts,Chatterbox-Turbo,-,mlaad,,rawboost
data/processed/en_augmented/LA_T_1197695_aug.wav,en,bonafide,real,-,LA_0083,asvspoof2019la,,none
data/processed/en_augmented/LA_T_9671407_aug.wav,en,bonafide,real,-,LA_0090,asvspoof2019la,,rawboost
data/processed/en_augmented/LA_T_6324213_aug.wav,en,bonafide,real,-,LA_0089,asvspoof2019la,,rawboost
data/processed/en_mlaad_augmented/northandsouth_10_f000124_aug.wav,en,spoof,tts,ElevenLabs-v3,-,mlaad,,rawboost
data/processed/en_mlaad_augmented/northandsouth_39_f000061_aug.wav,en,spoof,tts,Chatterbox-Turbo,-,mlaad,,none
data/processed/en_mlaad_augmented/emerald_city_of_oz_08_f000030_aug.wav,en,spoof,tts,tts_models_multilingual_multi-dataset_xtts_v2,-,mlaad,,codec
data/processed/en_mlaad_augmented/pink_fairy_book_15_f000072_aug.wav,en,spoof,tts,MOSS-TTS-8B,-,mlaad,,none
data/processed/en_augmented/LA_T_1378085_aug.wav,en,bonafide,real,-,LA_0094,asvspoof2019la,,rawboost+codec
data/processed/en_augmented/LA_T_1783185_aug.wav,en,bonafide,real,-,LA_0097,asvspoof2019la,,rawboost
data/processed/en_augmented/LA_T_4667091_aug.wav,en,bonafide,real,-,LA_0083,asvspoof2019la,,none
data/processed/en_augmented/LA_T_4926626_aug.wav,en,bonafide,real,-,LA_0085,asvspoof2019la,,codec
data/processed/en_augmented/LA_T_9469062_aug.wav,en,bonafide,real,-,LA_0088,asvspoof2019la,,rawboost
data/processed/en_mlaad_augmented/wives_and_daughters_22_f000215_aug.wav,en,spoof,tts,ElevenLabs-v2-Multilingual,-,mlaad,,rawboost
data/processed/en_mlaad_augmented/northandsouth_35_f000194_aug.wav,en,spoof,tts,Qwen3-TTS-12Hz-1.7B-Base,-,mlaad,,rawboost
data/processed/en_mlaad_augmented/wives_and_daughters_29_f000198_aug.wav,en,spoof,tts,GPT-SoVITS,-,mlaad,,codec
data/processed/en_augmented/LA_T_6812192_aug.wav,en,bonafide,real,-,LA_0095,asvspoof2019la,,rawboost
data/processed/en_mlaad_augmented/the_master_key_02_f000025_aug.wav,en,spoof,tts,ElevenLabs-Turbo-v2.5,-,mlaad,,rawboost+codec
data/processed/en_mlaad_augmented/the_sea_fairies_06_f000114_aug.wav,en,spoof,tts,Qwen3-TTS-12Hz-1.7B-Base,-,mlaad,,none
data/processed/en_augmented/LA_T_6592806_aug.wav,en,bonafide,real,-,LA_0095,asvspoof2019la,,rawboost+codec
data/processed/en_augmented/LA_T_3237001_aug.wav,en,bonafide,real,-,LA_0098,asvspoof2019la,,codec
data/processed/en_mlaad_augmented/wives_and_daughters_60_f000160_aug.wav,en,spoof,tts,Qwen3-TTS-12Hz-1.7B-Base,-,mlaad,,rawboost
data/processed/en_augmented/LA_T_8423394_aug.wav,en,bonafide,real,-,LA_0083,asvspoof2019la,,none
data/processed/en_augmented/LA_T_9784585_aug.wav,en,bonafide,real,-,LA_0084,asvspoof2019la,,rawboost
data/processed/en_augmented/LA_T_4822766_aug.wav,en,bonafide,real,-,LA_0079,asvspoof2019la,,rawboost
data/processed/en_augmented/LA_T_9622854_aug.wav,en,bonafide,real,-,LA_0091,asvspoof2019la,,none
data/processed/en_mlaad_augmented/skyisland_10_baum_64kb_f000068_aug.wav,en,spoof,tts,ElevenLabs-v3,-,mlaad,,rawboost+codec
data/processed/en_mlaad_augmented/northandsouth_04_f000193_aug.wav,en,spoof,tts,Higgs-Audio-V2,-,mlaad,,rawboost
data/processed/en_mlaad_augmented/midnight_passenger_08_f000261_aug.wav,en,spoof,tts,Qwen3-TTS-12Hz-1.7B-Base,-,mlaad,,rawboost
data/processed/en_augmented/LA_T_7746591_aug.wav,en,bonafide,real,-,LA_0083,asvspoof2019la,,none
data/processed/en_augmented/LA_T_4300434_aug.wav,en,bonafide,real,-,LA_0092,asvspoof2019la,,rawboost
data/processed/en_augmented/LA_T_3848963_aug.wav,en,bonafide,real,-,LA_0090,asvspoof2019la,,rawboost
data/processed/en_augmented/LA_T_5096578_aug.wav,en,bonafide,real,-,LA_0079,asvspoof2019la,,rawboost
data/processed/en_augmented/LA_T_7541141_aug.wav,en,bonafide,real,-,LA_0094,asvspoof2019la,,none
data/processed/en_mlaad_augmented/wives_and_daughters_22_f000066_aug.wav,en,spoof,tts,kokoro,-,mlaad,,rawboost
data/processed/en_mlaad_augmented/wives_and_daughters_38_f000047_aug.wav,en,spoof,tts,Qwen3-TTS-12Hz-1.7B-Base,-,mlaad,,rawboost+codec
data/processed/en_mlaad_augmented/wives_and_daughters_41_f000092_aug.wav,en,spoof,tts,GPT-SoVITS,-,mlaad,,none
data/processed/en_augmented/LA_T_6439061_aug.wav,en,spoof,vc,A05,LA_0089,asvspoof2019la,,none
data/processed/en_augmented/LA_T_9549153_aug.wav,en,bonafide,real,-,LA_0095,asvspoof2019la,,rawboost
data/processed/en_augmented/LA_T_3336416_aug.wav,en,bonafide,real,-,LA_0093,asvspoof2019la,,rawboost
data/processed/en_mlaad_augmented/the_sea_fairies_06_f000015_aug.wav,en,spoof,tts,Higgs-Audio-V2,-,mlaad,,none
data/processed/en_augmented/LA_T_1636151_aug.wav,en,bonafide,real,-,LA_0092,asvspoof2019la,,rawboost
data/processed/en_augmented/LA_T_4128527_aug.wav,en,bonafide,real,-,LA_0088,asvspoof2019la,,rawboost+codec
data/processed/en_mlaad_augmented/hunters_space_12_f000029_aug.wav,en,spoof,tts,minimax_speech-2.6-hd,-,mlaad,,rawboost
data/processed/en_augmented/LA_T_4980224_aug.wav,en,bonafide,real,-,LA_0098,asvspoof2019la,,none
data/processed/en_augmented/LA_T_1000406_aug.wav,en,bonafide,real,-,LA_0089,asvspoof2019la,,rawboost+codec
data/processed/en_augmented/LA_T_6034182_aug.wav,en,bonafide,real,-,LA_0086,asvspoof2019la,,rawboost
data/processed/en_mlaad_augmented/wives_and_daughters_32_f000214_aug.wav,en,spoof,tts,Chatterbox,-,mlaad,,rawboost
data/processed/en_mlaad_augmented/rinkitink_baum_14_64kb_f000096_aug.wav,en,spoof,tts,Chatterbox-Turbo,-,mlaad,,none
data/processed/en_augmented/LA_T_7944475_aug.wav,en,bonafide,real,-,LA_0083,asvspoof2019la,,none
data/processed/en_mlaad_augmented/silent_bullet_07_f000320_aug.wav,en,spoof,tts,MOSS-TTS-8B,-,mlaad,,none
data/processed/en_mlaad_augmented/poisoned_pen_07_f000003_aug.wav,en,spoof,tts,ElevenLabs-Turbo-v2.5,-,mlaad,,none
data/processed/en_augmented/LA_T_8200308_aug.wav,en,bonafide,real,-,LA_0081,asvspoof2019la,,rawboost
data/processed/en_mlaad_augmented/northandsouth_05_f000045_aug.wav,en,spoof,tts,GPT-SoVITS,-,mlaad,,rawboost
data/processed/en_augmented/LA_T_4334140_aug.wav,en,bonafide,real,-,LA_0086,asvspoof2019la,,none
data/processed/en_mlaad_augmented/silent_bullet_07_f000067_aug.wav,en,spoof,tts,minimax_speech-2.6-hd,-,mlaad,,rawboost
data/processed/en_mlaad_augmented/jane_eyre_09_f000008_aug.wav,en,spoof,tts,Chatterbox-Turbo,-,mlaad,,rawboost
data/processed/en_mlaad_augmented/poisoned_pen_02_f000205_aug.wav,en,spoof,tts,kokoro,-,mlaad,,codec
data/processed/en_mlaad_augmented/piratesofersatz_05_leinster_64kb_f000183_aug.wav,en,spoof,tts,MOSS-TTS-8B,-,mlaad,,rawboost+codec
data/processed/en_mlaad_augmented/midnight_passenger_15_f000164_aug.wav,en,spoof,tts,ElevenLabs-v2-Multilingual,-,mlaad,,none
data/processed/en_mlaad_augmented/wives_and_daughters_35_f000132_aug.wav,en,spoof,tts,Chatterbox,-,mlaad,,none
data/processed/en_mlaad_augmented/poisoned_pen_04_f000077_aug.wav,en,spoof,tts,kokoro,-,mlaad,,rawboost
data/processed/en_mlaad_augmented/wives_and_daughters_30_f000102_aug.wav,en,spoof,tts,ElevenLabs-v3,-,mlaad,,codec
data/processed/en_augmented/LA_T_3686789_aug.wav,en,bonafide,real,-,LA_0090,asvspoof2019la,,rawboost
data/processed/en_augmented/LA_T_4769298_aug.wav,en,bonafide,real,-,LA_0082,asvspoof2019la,,none
data/processed/en_mlaad_augmented/poisoned_pen_06_f000288_aug.wav,en,spoof,tts,GPT-SoVITS,-,mlaad,,none
data/processed/en_mlaad_augmented/rinkitink_baum_19_64kb_f000044_aug.wav,en,spoof,tts,kokoro,-,mlaad,,rawboost+codec
data/processed/en_mlaad_augmented/northandsouth_37_f000191_aug.wav,en,spoof,tts,ElevenLabs-v3,-,mlaad,,rawboost
data/processed/en_augmented/LA_T_3219776_aug.wav,en,bonafide,real,-,LA_0097,asvspoof2019la,,rawboost+codec
data/processed/en_augmented/LA_T_4171687_aug.wav,en,bonafide,real,-,LA_0092,asvspoof2019la,,rawboost
data/processed/en_augmented/LA_T_1130943_aug.wav,en,bonafide,real,-,LA_0095,asvspoof2019la,,none
data/processed/en_augmented/LA_T_3208992_aug.wav,en,bonafide,real,-,LA_0082,asvspoof2019la,,none
data/processed/en_augmented/LA_T_3314192_aug.wav,en,bonafide,real,-,LA_0097,asvspoof2019la,,none
data/processed/en_augmented/LA_T_6636159_aug.wav,en,bonafide,real,-,LA_0092,asvspoof2019la,,rawboost+codec
data/processed/en_augmented/LA_T_2066209_aug.wav,en,bonafide,real,-,LA_0098,asvspoof2019la,,none
data/processed/en_mlaad_augmented/poisoned_pen_04_f000102_aug.wav,en,spoof,tts,Qwen3-TTS-12Hz-1.7B-Base,-,mlaad,,rawboost+codec
data/processed/en_augmented/LA_T_4006888_aug.wav,en,bonafide,real,-,LA_0087,asvspoof2019la,,rawboost
data/processed/en_mlaad_augmented/emerald_city_of_oz_23_f000026_aug.wav,en,spoof,tts,tts_models_multilingual_multi-dataset_xtts_v2,-,mlaad,,rawboost
data/processed/en_augmented/LA_T_7698914_aug.wav,en,bonafide,real,-,LA_0090,asvspoof2019la,,none
data/processed/en_mlaad_augmented/pink_fairy_book_14_f000016_aug.wav,en,spoof,tts,ElevenLabs-Turbo-v2.5,-,mlaad,,none
data/processed/en_mlaad_augmented/jane_eyre_14_f000163_aug.wav,en,spoof,tts,ElevenLabs-v2-Multilingual,-,mlaad,,none
data/processed/en_augmented/LA_T_1896623_aug.wav,en,bonafide,real,-,LA_0098,asvspoof2019la,,none
data/processed/en_augmented/LA_T_8038233_aug.wav,en,bonafide,real,-,LA_0082,asvspoof2019la,,rawboost
data/processed/en_augmented/LA_T_3915181_aug.wav,en,bonafide,real,-,LA_0082,asvspoof2019la,,none
data/processed/en_mlaad_augmented/dorothy_and_wizard_oz_05_f000009_aug.wav,en,spoof,tts,minimax_speech-2.6-hd,-,mlaad,,codec
data/processed/en_mlaad_augmented/rinkitink_baum_14_64kb_f000075_aug.wav,en,spoof,tts,Chatterbox,-,mlaad,,rawboost
data/processed/en_mlaad_augmented/northandsouth_18_f000130_aug.wav,en,spoof,tts,ElevenLabs-Turbo-v2.5,-,mlaad,,rawboost
data/processed/en_augmented/LA_T_8853276_aug.wav,en,bonafide,real,-,LA_0080,asvspoof2019la,,codec
data/processed/en_augmented/LA_T_6776173_aug.wav,en,bonafide,real,-,LA_0087,asvspoof2019la,,none
data/processed/en_mlaad_augmented/jane_eyre_21_f000371_aug.wav,en,spoof,tts,Chatterbox,-,mlaad,,rawboost
data/processed/en_augmented/LA_T_3204710_aug.wav,en,bonafide,real,-,LA_0084,asvspoof2019la,,rawboost
data/processed/en_mlaad_augmented/hunters_space_07_f000039_aug.wav,en,spoof,tts,tts_models_multilingual_multi-dataset_xtts_v2,-,mlaad,,none
data/processed/en_augmented/LA_T_8845558_aug.wav,en,bonafide,real,-,LA_0081,asvspoof2019la,,codec
data/processed/en_augmented/LA_T_6630920_aug.wav,en,bonafide,real,-,LA_0088,asvspoof2019la,,rawboost
data/processed/en_mlaad_augmented/the_master_key_11_f000053_aug.wav,en,spoof,tts,ElevenLabs-Turbo-v2.5,-,mlaad,,codec
data/processed/en_augmented/LA_T_3058432_aug.wav,en,bonafide,real,-,LA_0084,asvspoof2019la,,none
data/processed/en_mlaad_augmented/wives_and_daughters_38_f000083_aug.wav,en,spoof,tts,Qwen3-TTS-12Hz-1.7B-Base,-,mlaad,,rawboost
data/processed/en_mlaad_augmented/skyisland_18_baum_64kb_f000054_aug.wav,en,spoof,tts,Higgs-Audio-V2,-,mlaad,,rawboost
data/processed/en_augmented/LA_T_7279842_aug.wav,en,bonafide,real,-,LA_0086,asvspoof2019la,,rawboost+codec
data/processed/en_augmented/LA_T_1410416_aug.wav,en,bonafide,real,-,LA_0087,asvspoof2019la,,rawboost
data/processed/en_augmented/LA_T_7990660_aug.wav,en,bonafide,real,-,LA_0085,asvspoof2019la,,codec
data/processed/en_mlaad_augmented/wives_and_daughters_16_f000125_aug.wav,en,spoof,tts,MOSS-TTS-8B,-,mlaad,,none
data/processed/en_mlaad_augmented/dorothy_and_wizard_oz_18_f000023_aug.wav,en,spoof,tts,Chatterbox,-,mlaad,,rawboost
data/processed/en_augmented/LA_T_4710920_aug.wav,en,bonafide,real,-,LA_0082,asvspoof2019la,,codec
data/processed/en_mlaad_augmented/the_sea_fairies_15_f000143_aug.wav,en,spoof,tts,ElevenLabs-v3,-,mlaad,,none
data/processed/en_mlaad_augmented/northandsouth_41_f000151_aug.wav,en,spoof,tts,GPT-SoVITS,-,mlaad,,none
data/processed/en_augmented/LA_T_2848593_aug.wav,en,bonafide,real,-,LA_0080,asvspoof2019la,,rawboost+codec
data/processed/en_mlaad_augmented/poisoned_pen_04_f000335_aug.wav,en,spoof,tts,ElevenLabs-v2-Multilingual,-,mlaad,,none
data/processed/en_augmented/LA_T_4694860_aug.wav,en,bonafide,real,-,LA_0093,asvspoof2019la,,rawboost+codec
data/processed/en_mlaad_augmented/piratesofersatz_10_leinster_64kb_f000008_aug.wav,en,spoof,tts,ElevenLabs-Turbo-v2.5,-,mlaad,,none
data/processed/en_mlaad_augmented/skyisland_15_baum_64kb_f000022_aug.wav,en,spoof,tts,Higgs-Audio-V2,-,mlaad,,rawboost+codec
data/processed/en_augmented/LA_T_9107429_aug.wav,en,bonafide,real,-,LA_0079,asvspoof2019la,,codec
data/processed/en_mlaad_augmented/wives_and_daughters_06_f000167_aug.wav,en,spoof,tts,ElevenLabs-Turbo-v2.5,-,mlaad,,rawboost
data/processed/en_augmented/LA_T_1738816_aug.wav,en,bonafide,real,-,LA_0097,asvspoof2019la,,codec
data/processed/en_augmented/LA_T_2945445_aug.wav,en,bonafide,real,-,LA_0081,asvspoof2019la,,none
data/processed/en_augmented/LA_T_6650735_aug.wav,en,bonafide,real,-,LA_0081,asvspoof2019la,,codec
data/processed/en_augmented/LA_T_4957496_aug.wav,en,bonafide,real,-,LA_0090,asvspoof2019la,,rawboost+codec
data/processed/en_augmented/LA_T_9896961_aug.wav,en,bonafide,real,-,LA_0097,asvspoof2019la,,rawboost
data/processed/en_mlaad_augmented/silent_bullet_03_f000161_aug.wav,en,spoof,tts,Higgs-Audio-V2,-,mlaad,,rawboost+codec
data/processed/en_mlaad_augmented/northandsouth_25_f000016_aug.wav,en,spoof,tts,MOSS-TTS-8B,-,mlaad,,none
data/processed/en_mlaad_augmented/the_sea_fairies_07_f000124_aug.wav,en,spoof,tts,Chatterbox-Turbo,-,mlaad,,rawboost
data/processed/en_mlaad_augmented/wives_and_daughters_15_f000007_aug.wav,en,spoof,tts,Chatterbox-Turbo,-,mlaad,,none
data/processed/en_mlaad_augmented/wives_and_daughters_54_f000122_aug.wav,en,spoof,tts,Qwen3-TTS-12Hz-1.7B-Base,-,mlaad,,none
data/processed/en_mlaad_augmented/wives_and_daughters_42_f000043_aug.wav,en,spoof,tts,tts_models_multilingual_multi-dataset_xtts_v2,-,mlaad,,rawboost
data/processed/en_mlaad_augmented/rinkitink_baum_06_64kb_f000041_aug.wav,en,spoof,tts,Chatterbox-Turbo,-,mlaad,,rawboost+codec
data/processed/en_augmented/LA_T_6650609_aug.wav,en,spoof,tts,A02,LA_0086,asvspoof2019la,,none
data/processed/en_augmented/LA_T_5103637_aug.wav,en,bonafide,real,-,LA_0082,asvspoof2019la,,rawboost+codec
data/processed/en_mlaad_augmented/northandsouth_16_f000106_aug.wav,en,spoof,tts,tts_models_multilingual_multi-dataset_xtts_v2,-,mlaad,,none
data/processed/en_mlaad_augmented/wives_and_daughters_26_f000117_aug.wav,en,spoof,tts,Qwen3-TTS-12Hz-1.7B-Base,-,mlaad,,rawboost
data/processed/en_augmented/LA_T_1756992_aug.wav,en,bonafide,real,-,LA_0082,asvspoof2019la,,none
data/processed/en_augmented/LA_T_2697752_aug.wav,en,spoof,vc,A05,LA_0091,asvspoof2019la,,codec
data/processed/en_mlaad_augmented/emerald_city_of_oz_10_f000062_aug.wav,en,spoof,tts,ElevenLabs-Turbo-v2.5,-,mlaad,,rawboost+codec
data/processed/en_augmented/LA_T_7905464_aug.wav,en,bonafide,real,-,LA_0080,asvspoof2019la,,rawboost+codec
data/processed/en_mlaad_augmented/wives_and_daughters_57_f000023_aug.wav,en,spoof,tts,Qwen3-TTS-12Hz-1.7B-Base,-,mlaad,,rawboost
data/processed/en_augmented/LA_T_8927591_aug.wav,en,bonafide,real,-,LA_0089,asvspoof2019la,,rawboost
data/processed/en_augmented/LA_T_2174946_aug.wav,en,spoof,vc,A05,LA_0089,asvspoof2019la,,none
data/processed/en_mlaad_augmented/northandsouth_20_f000115_aug.wav,en,spoof,tts,ElevenLabs-Turbo-v2.5,-,mlaad,,rawboost
data/processed/en_augmented/LA_T_2709262_aug.wav,en,bonafide,real,-,LA_0083,asvspoof2019la,,none
data/processed/en_augmented/LA_T_6859654_aug.wav,en,bonafide,real,-,LA_0085,asvspoof2019la,,rawboost
data/processed/en_mlaad_augmented/midnight_passenger_07_f000081_aug.wav,en,spoof,tts,tts_models_multilingual_multi-dataset_xtts_v2,-,mlaad,,rawboost
data/processed/en_augmented/LA_T_3877261_aug.wav,en,bonafide,real,-,LA_0080,asvspoof2019la,,rawboost
data/processed/en_augmented/LA_T_1745993_aug.wav,en,bonafide,real,-,LA_0088,asvspoof2019la,,rawboost
data/processed/en_augmented/LA_T_9650425_aug.wav,en,bonafide,real,-,LA_0081,asvspoof2019la,,none
data/processed/en_mlaad_augmented/jane_eyre_37_f000292_aug.wav,en,spoof,tts,Chatterbox-Turbo,-,mlaad,,codec
data/processed/en_mlaad_augmented/ozma_of_oz_04_f000008_aug.wav,en,spoof,tts,GPT-SoVITS,-,mlaad,,codec
data/processed/en_augmented/LA_T_4169604_aug.wav,en,bonafide,real,-,LA_0082,asvspoof2019la,,codec
data/processed/en_augmented/LA_T_3679258_aug.wav,en,bonafide,real,-,LA_0084,asvspoof2019la,,rawboost+codec
data/processed/en_mlaad_augmented/jane_eyre_20_f000153_aug.wav,en,spoof,tts,Qwen3-TTS-12Hz-1.7B-Base,-,mlaad,,none
data/processed/en_augmented/LA_T_4043474_aug.wav,en,bonafide,real,-,LA_0085,asvspoof2019la,,none
data/processed/en_mlaad_augmented/wives_and_daughters_33_f000022_aug.wav,en,spoof,tts,minimax_speech-2.6-hd,-,mlaad,,none
data/processed/en_mlaad_augmented/jane_eyre_12_f000218_aug.wav,en,spoof,tts,Chatterbox,-,mlaad,,codec
data/processed/en_augmented/LA_T_5834325_aug.wav,en,bonafide,real,-,LA_0088,asvspoof2019la,,rawboost+codec
data/processed/en_augmented/LA_T_3228713_aug.wav,en,bonafide,real,-,LA_0085,asvspoof2019la,,none
data/processed/en_mlaad_augmented/pink_fairy_book_10_f000115_aug.wav,en,spoof,tts,Chatterbox,-,mlaad,,codec
data/processed/en_augmented/LA_T_8283217_aug.wav,en,bonafide,real,-,LA_0087,asvspoof2019la,,rawboost
data/processed/en_mlaad_augmented/pink_fairy_book_26_f000023_aug.wav,en,spoof,tts,MOSS-TTS-8B,-,mlaad,,rawboost
data/processed/en_mlaad_augmented/silent_bullet_03_f000273_aug.wav,en,spoof,tts,tts_models_multilingual_multi-dataset_xtts_v2,-,mlaad,,rawboost+codec
data/processed/en_augmented/LA_T_5792324_aug.wav,en,bonafide,real,-,LA_0090,asvspoof2019la,,rawboost
data/processed/en_mlaad_augmented/dorothy_and_wizard_oz_05_f000022_aug.wav,en,spoof,tts,GPT-SoVITS,-,mlaad,,codec
data/processed/en_augmented/LA_T_3754513_aug.wav,en,bonafide,real,-,LA_0090,asvspoof2019la,,none
data/processed/en_mlaad_augmented/wives_and_daughters_09_f000135_aug.wav,en,spoof,tts,ElevenLabs-Turbo-v2.5,-,mlaad,,codec
data/processed/en_augmented/LA_T_6795804_aug.wav,en,bonafide,real,-,LA_0082,asvspoof2019la,,rawboost
data/processed/en_augmented/LA_T_2774875_aug.wav,en,bonafide,real,-,LA_0081,asvspoof2019la,,rawboost
data/processed/en_augmented/LA_T_6499936_aug.wav,en,bonafide,real,-,LA_0085,asvspoof2019la,,rawboost
data/processed/en_augmented/LA_T_7466998_aug.wav,en,bonafide,real,-,LA_0092,asvspoof2019la,,rawboost
data/processed/en_augmented/LA_T_5132134_aug.wav,en,bonafide,real,-,LA_0086,asvspoof2019la,,rawboost
data/processed/en_augmented/LA_T_6239874_aug.wav,en,bonafide,real,-,LA_0098,asvspoof2019la,,none
data/processed/en_augmented/LA_T_2361751_aug.wav,en,bonafide,real,-,LA_0079,asvspoof2019la,,codec
data/processed/en_augmented/LA_T_5774498_aug.wav,en,bonafide,real,-,LA_0080,asvspoof2019la,,rawboost+codec
data/processed/en_augmented/LA_T_8387777_aug.wav,en,bonafide,real,-,LA_0083,asvspoof2019la,,rawboost+codec
data/processed/en_augmented/LA_T_7958352_aug.wav,en,bonafide,real,-,LA_0089,asvspoof2019la,,none
data/processed/en_mlaad_augmented/wives_and_daughters_06_f000062_aug.wav,en,spoof,tts,minimax_speech-2.6-hd,-,mlaad,,rawboost
data/processed/en_mlaad_augmented/skyisland_17_baum_64kb_f000051_aug.wav,en,spoof,tts,GPT-SoVITS,-,mlaad,,rawboost
data/processed/en_augmented/LA_T_7856471_aug.wav,en,bonafide,real,-,LA_0080,asvspoof2019la,,none
data/processed/en_mlaad_augmented/wives_and_daughters_53_f000037_aug.wav,en,spoof,tts,ElevenLabs-Turbo-v2.5,-,mlaad,,none
data/processed/en_mlaad_augmented/pink_fairy_book_12_f000071_aug.wav,en,spoof,tts,Chatterbox,-,mlaad,,codec
data/processed/en_augmented/LA_T_7009144_aug.wav,en,bonafide,real,-,LA_0092,asvspoof2019la,,none
data/processed/en_augmented/LA_T_6296859_aug.wav,en,bonafide,real,-,LA_0093,asvspoof2019la,,rawboost+codec
data/processed/en_augmented/LA_T_7851926_aug.wav,en,bonafide,real,-,LA_0082,asvspoof2019la,,rawboost
data/processed/en_augmented/LA_T_3165954_aug.wav,en,bonafide,real,-,LA_0092,asvspoof2019la,,rawboost+codec
data/processed/en_augmented/LA_T_4925419_aug.wav,en,bonafide,real,-,LA_0085,asvspoof2019la,,none
data/processed/en_mlaad_augmented/wives_and_daughters_21_f000081_aug.wav,en,spoof,tts,kokoro,-,mlaad,,rawboost
data/processed/en_augmented/LA_T_8355506_aug.wav,en,bonafide,real,-,LA_0096,asvspoof2019la,,codec
data/processed/en_augmented/LA_T_8647496_aug.wav,en,bonafide,real,-,LA_0080,asvspoof2019la,,codec
data/processed/en_augmented/LA_T_4511853_aug.wav,en,bonafide,real,-,LA_0093,asvspoof2019la,,codec
data/processed/en_mlaad_augmented/jane_eyre_32_f000044_aug.wav,en,spoof,tts,ElevenLabs-v3,-,mlaad,,codec
