path,lang,label,technique,system_id,speaker_id,source,text,augmentation
data/processed/ko_augmented/zeroth_129_003_2327_aug.wav,ko,bonafide,real,-,zeroth_129,zeroth_korean,합참의 예상이 맞다면 이번 발사는 올해 들어 여덟 번째 시험발사된 무수단 미사일이 된다,rawboost
data/processed/ko_augmented/zeroth_154_003_0827_aug.wav,ko,bonafide,real,-,zeroth_154,zeroth_korean,쿨리발리는 이천 년대 중반 세리프 쿠아치와 함께 파리제 십 구 구네트워크라는 자생적인 테러조직에 함께 가담한 적이 있다,rawboost+codec
data/processed/ko_mlaad_augmented/poisoned_pen_12_f000100_aug.wav,ko,spoof,tts,Qwen3-TTS-12Hz-1.7B-Base,-,mlaad,,codec
data/processed/ko_augmented/zeroth_189_003_0260_aug.wav,ko,bonafide,real,-,zeroth_189,zeroth_korean,가족생활 가치관에서 중심축이 자녀에서 개인 부부로 옮겨가고 있는 것으로 풀이된다,rawboost+codec
data/processed/ko_mlaad_augmented/the_sea_fairies_14_f000085_aug.wav,ko,spoof,tts,tts_models_multilingual_multi-dataset_bark,-,mlaad,,rawboost+codec
data/processed/ko_augmented/zeroth_157_003_2479_aug.wav,ko,bonafide,real,-,zeroth_157,zeroth_korean,통준위는 녹음 파일을 언론에 제공하지 말라고 주최 측에 요구했다고 한다,none
data/processed/ko_augmented/kss_10515_aug.wav,ko,spoof,tts,mms-tts-kor,vits_default,kss_transcript,밖이 아직 캄캄해.,rawboost
data/processed/ko_augmented/zeroth_197_003_0170_aug.wav,ko,bonafide,real,-,zeroth_197,zeroth_korean,지금 헬기에서 비춰주는 세월호 뒷부분을 보면 님께서 말씀하신 세 축 이게 그만큼 배가 빠져나온 겁니다,none
data/processed/ko_augmented/kss_04355_aug.wav,ko,bonafide,real,-,kss_speaker,kss,사람들이 마을 회관에 모여 있다.,none
data/processed/ko_augmented/zeroth_160_003_2182_aug.wav,ko,bonafide,real,-,zeroth_160,zeroth_korean,앞으로의 한 일 관계가 어떻게 되어야 하느냐는 질문에 다른 나라와 똑같이 전략적으로 생각해야 한다는 응답이 삼십 칠 쩜 팔 퍼센트로 가장 많았다,rawboost+codec
data/processed/ko_mlaad_augmented/emerald_city_of_oz_11_f000058_aug.wav,ko,spoof,tts,tts_models_multilingual_multi-dataset_bark,-,mlaad,,none
data/processed/ko_augmented/zeroth_160_003_1239_aug.wav,ko,bonafide,real,-,zeroth_160,zeroth_korean,아울러 획정 기준은 현행 공직선거법을 근거로 게리맨더링을 방지하고 지역대표성을 확보하는 등 기본 원칙을 지킨다는 방침이다,rawboost
data/processed/ko_augmented/kss_12377_aug.wav,ko,spoof,tts,mms-tts-kor,vits_default,kss_transcript,통화 중이에요.,rawboost
data/processed/ko_augmented/zeroth_188_003_2418_aug.wav,ko,bonafide,real,-,zeroth_188,zeroth_korean,서울도시철도 역시 육천 사백 칠십 오 억원의 수익을 냈으나 비용이 구천 이백 삼십 오 억원에 이르면서 이천 칠백 육십 억원의 적자를 냈다,none
data/processed/ko_mlaad_augmented/jane_eyre_26_f000094_aug.wav,ko,spoof,tts,OmniVoice,-,mlaad,,none
data/processed/ko_augmented/zeroth_106_003_0354_aug.wav,ko,bonafide,real,-,zeroth_106,zeroth_korean,설사 다수의 생각에 반하는 내용의 대자보가 붙더라도 학생들은 반박 대자보를 게재하거나 포스트잇에 자신의 의견을 담아 대자보 곁에 붙여놓지 대자보를 훼손하지는 않는다,codec
data/processed/ko_augmented/zeroth_212_003_1102_aug.wav,ko,bonafide,real,-,zeroth_212,zeroth_korean,스마트펜의 가능성과 상상력을 중시하는 이 대표의 패기에 반했지만 안정된 수입과 직장을 원하는 가족의 눈길을 외면할 수는 없었다,rawboost
data/processed/ko_augmented/zeroth_143_003_0437_aug.wav,ko,bonafide,real,-,zeroth_143,zeroth_korean,대부분 전기는 기업이 사용 가정용 전기에 누진제 적용하는 국가 거의 없어 많이 쓴다고 돈 더 내게 하는 상품이 어딨나,none
data/processed/ko_augmented/kss_01567_aug.wav,ko,bonafide,real,-,kss_speaker,kss,노약자석이나 장애인석에 앉으면 마음이 불편합니다.,none
data/processed/ko_augmented/zeroth_158_003_0189_aug.wav,ko,bonafide,real,-,zeroth_158,zeroth_korean,제주로 오기 전 직업은 사무 관리직이 가장 많고 자영업 판매 서비스직 순이나 이주 후 직업은 자영업 판매 서비스직 일 차 산업 순으로 나타났다,none
data/processed/ko_mlaad_augmented/midnight_passenger_01_f000060_aug.wav,ko,spoof,tts,MOSS-TTS-1.7B,-,mlaad,,none
data/processed/ko_augmented/zeroth_182_003_1508_aug.wav,ko,bonafide,real,-,zeroth_182,zeroth_korean,자기계발비가 너무 적어 가족당 외출을 한 달에 한 두 번밖에 못할 명세서도 등장했다,none
data/processed/ko_augmented/zeroth_173_003_1401_aug.wav,ko,bonafide,real,-,zeroth_173,zeroth_korean,검찰 관계자는 십 칠 일 내부 기류는 기본적으로 구속영장 청구가 불가피하다는 인식이라고 말했다,none
data/processed/ko_mlaad_augmented/jane_eyre_17_f000244_aug.wav,ko,spoof,tts,MOSS-TTS-1.7B,-,mlaad,,rawboost
data/processed/ko_augmented/zeroth_115_003_2145_aug.wav,ko,bonafide,real,-,zeroth_115,zeroth_korean,문체부 상황을 잘 아는 한 고위 관계자는 그때 차은택이 봐주면 통과된다는 소문이 막 돌았다,none
data/processed/ko_augmented/kss_01066_aug.wav,ko,bonafide,real,-,kss_speaker,kss,아들을 보고 싶은 마음이 간절합니다.,rawboost
data/processed/ko_augmented/zeroth_153_003_1000_aug.wav,ko,bonafide,real,-,zeroth_153,zeroth_korean,어느 정도 비계가 붙어있는 게 맛있는 부위인 걸 모르는 사람이 어디 있습니까,none
data/processed/ko_augmented/zeroth_119_003_2644_aug.wav,ko,bonafide,real,-,zeroth_119,zeroth_korean,자신이 꽃임을 잊어버린 마흔 일곱 명의 위안부 여성이 아직 살아 있다,rawboost
data/processed/ko_mlaad_augmented/northandsouth_42_f000184_aug.wav,ko,spoof,tts,OmniVoice,-,mlaad,,rawboost+codec
data/processed/ko_augmented/zeroth_113_003_1638_aug.wav,ko,bonafide,real,-,zeroth_113,zeroth_korean,네가 하루 이틀 정도 고민해 보고 나서 어떤 방법이 좋을지 그리고 왜 그렇게 생각하는지 함께 얘기해 볼까,rawboost
data/processed/ko_mlaad_augmented/northandsouth_50_f000030_aug.wav,ko,spoof,tts,Chatterbox Multilingual,-,mlaad,,rawboost
data/processed/ko_mlaad_augmented/silent_bullet_02_f000069_aug.wav,ko,spoof,tts,Fish-S2-Pro,-,mlaad,,none
data/processed/ko_mlaad_augmented/pink_fairy_book_12_f000193_aug.wav,ko,spoof,tts,tts_models_multilingual_multi-dataset_xtts_v2,-,mlaad,,rawboost
data/processed/ko_mlaad_augmented/silent_bullet_11_f000331_aug.wav,ko,spoof,tts,Chatterbox Multilingual,-,mlaad,,none
data/processed/ko_mlaad_augmented/jane_eyre_27_f000583_aug.wav,ko,spoof,tts,Qwen3-TTS-12Hz-1.7B-Base,-,mlaad,,rawboost+codec
data/processed/ko_mlaad_augmented/northandsouth_38_f000229_aug.wav,ko,spoof,tts,Qwen3-TTS-12Hz-0.6B-Base,-,mlaad,,none
data/processed/ko_augmented/zeroth_180_003_0514_aug.wav,ko,bonafide,real,-,zeroth_180,zeroth_korean,북한에선 남녀 모두에게 책임을 묻고 피해자인 여성은 사회적으로 매장된다는 것이 탈북 여성들의 공통된 증언이다,rawboost
data/processed/ko_augmented/zeroth_175_003_0059_aug.wav,ko,bonafide,real,-,zeroth_175,zeroth_korean,지난 이천 팔 년부터 사 대강을 기록하고 있는 이철재 에코큐레이터가 십 이 일 금강을 찾았다,rawboost
data/processed/ko_augmented/zeroth_142_003_0128_aug.wav,ko,bonafide,real,-,zeroth_142,zeroth_korean,경비병과 여호와의 증인은 만화 영화에 나오는 톰과 제리 같았는데 증인들이 출판물을 숨기면 경비병들은 그것을 찾으려고 애썼습니다,rawboost+codec
data/processed/ko_augmented/zeroth_106_003_2072_aug.wav,ko,bonafide,real,-,zeroth_106,zeroth_korean,안민석 우선 성난 민심을 조롱하는 대통령의 말씀이었다고 생각 되는데요,rawboost
data/processed/ko_augmented/zeroth_197_003_1548_aug.wav,ko,bonafide,real,-,zeroth_197,zeroth_korean,다수의 선정작을 가려낸 재난안전교육 및 한글 활용 등 여타 부문과 대조를 이루는 부분이다,none
data/processed/ko_augmented/zeroth_202_003_1758_aug.wav,ko,bonafide,real,-,zeroth_202,zeroth_korean,그게 한 천 육백 억 원이 넘는 것으로 그렇게 알려지고 있습니다,codec
data/processed/ko_mlaad_augmented/skyisland_15_baum_64kb_f000078_aug.wav,ko,spoof,tts,tts_models_multilingual_multi-dataset_xtts_v2,-,mlaad,,rawboost
data/processed/ko_mlaad_augmented/wives_and_daughters_41_f000006_aug.wav,ko,spoof,tts,Qwen3-TTS-12Hz-0.6B-Base,-,mlaad,,rawboost+codec
data/processed/ko_augmented/zeroth_110_003_1335_aug.wav,ko,bonafide,real,-,zeroth_110,zeroth_korean,이투스의 이천 십 오 년 개별기준 매출액은 이천 구십 일 억원으로 전년 대비 이십 구 쩜 육 삼 퍼센트의 성장했다,none
data/processed/ko_augmented/zeroth_208_003_1742_aug.wav,ko,bonafide,real,-,zeroth_208,zeroth_korean,한편 야권에서는 검사 출신보다는 판사 출신을 선호하는 기류가 강한 것으로 알려졌다,rawboost+codec
data/processed/ko_mlaad_augmented/pink_fairy_book_04_f000012_aug.wav,ko,spoof,tts,Chatterbox Multilingual,-,mlaad,,rawboost
data/processed/ko_augmented/kss_09080_aug.wav,ko,bonafide,real,-,kss_speaker,kss,요즘 살이 쪄서 고민이에요.,codec
data/processed/ko_mlaad_augmented/silent_bullet_03_f000163_aug.wav,ko,spoof,tts,MOSS-TTS-8B,-,mlaad,,rawboost
data/processed/ko_augmented/zeroth_157_003_0991_aug.wav,ko,bonafide,real,-,zeroth_157,zeroth_korean,한국과 중국의 연말 표정이 사뭇 다른 것 중의 하나가구세군 자선냄비다,codec
data/processed/ko_augmented/zeroth_210_003_1089_aug.wav,ko,bonafide,real,-,zeroth_210,zeroth_korean,이게 십 퍼센트 정도도 안 되는 건데 나머지 구십 퍼센트의 아이들은 학교에서의 모든 혜택에서 배제되는 현상이고요,none
data/processed/ko_augmented/zeroth_162_003_1767_aug.wav,ko,bonafide,real,-,zeroth_162,zeroth_korean,납치 용의자인 사십 대 남성은 지난 십 사 일 오후 강원도 원주시에서 숨진채 발견됐다,rawboost
data/processed/ko_augmented/zeroth_145_003_1868_aug.wav,ko,bonafide,real,-,zeroth_145,zeroth_korean,아래에 있는 쿠폰을 작성하여 쿠폰에 나오는 주소나 이 잡지 오 면에 나오는 해당 주소로 보내시면 이 팜플렛을 받아 보실 수 있습니다,rawboost+codec
data/processed/ko_mlaad_augmented/piratesofersatz_02_leinster_64kb_f000155_aug.wav,ko,spoof,tts,Higgs-Audio-V2,-,mlaad,,none
data/processed/ko_augmented/zeroth_190_003_2504_aug.wav,ko,bonafide,real,-,zeroth_190,zeroth_korean,쿠키뉴스 인터넷을 통해 자살 정보를 공유하고 동반자살까지 실행에 옮기는 위험한 사태가 현실에서 버젓이 일어나고 있는 것으로 드러났다,rawboost
data/processed/ko_mlaad_augmented/pink_fairy_book_12_f000276_aug.wav,ko,spoof,tts,MOSS-TTS-8B,-,mlaad,,codec
data/processed/ko_mlaad_augmented/jane_eyre_34_f000352_aug.wav,ko,spoof,tts,MOSS-TTS-8B,-,mlaad,,rawboost
data/processed/ko_mlaad_augmented/jane_eyre_27_f000245_aug.wav,ko,spoof,tts,OmniVoice,-,mlaad,,codec
data/processed/ko_mlaad_augmented/silent_bullet_11_f000081_aug.wav,ko,spoof,tts,tts_models_multilingual_multi-dataset_xtts_v2,-,mlaad,,none
data/processed/ko_augmented/kss_01163_aug.wav,ko,bonafide,real,-,kss_speaker,kss,이 근처 괜찮은 식당을 알아요.,rawboost
data/processed/ko_augmented/kss_02662_aug.wav,ko,spoof,tts,mms-tts-kor,vits_default,kss_transcript,가방은 거기에 내려놓으세요.,none
data/processed/ko_augmented/zeroth_108_003_1014_aug.wav,ko,bonafide,real,-,zeroth_108,zeroth_korean,그런데 누구에는 더 많은 얘기를 나누고 누구에게는 한 마디만 나누고 그러면 그것이 바로 측근이 되고 내가 더 실세다 하는 것들이 생겨나잖아요,rawboost
data/processed/ko_mlaad_augmented/silent_bullet_03_f000153_aug.wav,ko,spoof,tts,Qwen3-TTS-12Hz-1.7B-Base,-,mlaad,,rawboost+codec
data/processed/ko_augmented/zeroth_109_003_1972_aug.wav,ko,bonafide,real,-,zeroth_109,zeroth_korean,전문가들과 탈북자 사회에서 내놓는 해석은 크게 두 가지다,rawboost
data/processed/ko_mlaad_augmented/rinkitink_baum_18_64kb_f000066_aug.wav,ko,spoof,tts,Fish-S2-Pro,-,mlaad,,rawboost
data/processed/ko_augmented/zeroth_189_003_0764_aug.wav,ko,bonafide,real,-,zeroth_189,zeroth_korean,표면적으로는 청와대와 김영나 박물관장 사이의 갈등이다,rawboost
data/processed/ko_mlaad_augmented/northandsouth_51_f000033_aug.wav,ko,spoof,tts,Qwen3-TTS-12Hz-1.7B-Base,-,mlaad,,rawboost
data/processed/ko_augmented/zeroth_123_003_1675_aug.wav,ko,bonafide,real,-,zeroth_123,zeroth_korean,주 사장은 최근 몇 년 동안 증권가에서 뜨거운 인물이었다,codec
data/processed/ko_mlaad_augmented/dorothy_and_wizard_oz_19_f000059_aug.wav,ko,spoof,tts,VoxCPM2,-,mlaad,,none
data/processed/ko_mlaad_augmented/midnight_passenger_08_f000038_aug.wav,ko,spoof,tts,Chatterbox Multilingual,-,mlaad,,rawboost
data/processed/ko_mlaad_augmented/northandsouth_44_f000041_aug.wav,ko,spoof,tts,Chatterbox Multilingual,-,mlaad,,none
data/processed/ko_mlaad_augmented/northandsouth_32_f000028_aug.wav,ko,spoof,tts,OmniVoice,-,mlaad,,rawboost
data/processed/ko_mlaad_augmented/skyisland_11_baum_64kb_f000049_aug.wav,ko,spoof,tts,minimax_speech-02-turbo,-,mlaad,,rawboost+codec
data/processed/ko_mlaad_augmented/wives_and_daughters_16_f000044_aug.wav,ko,spoof,tts,Chatterbox Multilingual,-,mlaad,,rawboost
data/processed/ko_augmented/zeroth_107_003_2668_aug.wav,ko,bonafide,real,-,zeroth_107,zeroth_korean,그 누군가가 방탄소년단이 되고 우리가 더 큰 목소리로 그 문제들에 관해 얘기할 수 있게 된다면 더욱 큰 힘을 가지게 될 것이라며 음악적 주제의식에 대해 솔직히 답했다,none
data/processed/ko_mlaad_augmented/pink_fairy_book_30_f000003_aug.wav,ko,spoof,tts,minimax_speech-02-turbo,-,mlaad,,rawboost+codec
data/processed/ko_mlaad_augmented/the_sea_fairies_17_f000025_aug.wav,ko,spoof,tts,Higgs-Audio-V2,-,mlaad,,rawboost
data/processed/ko_augmented/zeroth_127_003_2104_aug.wav,ko,bonafide,real,-,zeroth_127,zeroth_korean,이제 목표한 오백 만원을 채워 은행에 가져가려는데 천장 안에 넣은 손을 아무리 휘저어도 닿는 것이 없었다,rawboost
data/processed/ko_mlaad_augmented/northandsouth_30_f000086_aug.wav,ko,spoof,tts,tts_models_multilingual_multi-dataset_bark,-,mlaad,,codec
data/processed/ko_mlaad_augmented/poisoned_pen_05_f000013_aug.wav,ko,spoof,tts,Qwen3-TTS-12Hz-0.6B-Base,-,mlaad,,codec
data/processed/ko_mlaad_augmented/wives_and_daughters_02_f000223_aug.wav,ko,spoof,tts,tts_models_multilingual_multi-dataset_bark,-,mlaad,,none
data/processed/ko_augmented/zeroth_164_003_1659_aug.wav,ko,bonafide,real,-,zeroth_164,zeroth_korean,또 인근 시마네 후쿠이현에 있는 원전은 별다른 이상은 관측되지 않은 것으로 전해졌다,rawboost
data/processed/ko_augmented/zeroth_125_003_1947_aug.wav,ko,bonafide,real,-,zeroth_125,zeroth_korean,동양인이기 때문에 받는 어쩔 수 없는 차별 같은 건 좀 있으셨나요,rawboost
data/processed/ko_mlaad_augmented/wives_and_daughters_51_f000186_aug.wav,ko,spoof,tts,MOSS-TTS-1.7B,-,mlaad,,codec
data/processed/ko_augmented/kss_03119_aug.wav,ko,bonafide,real,-,kss_speaker,kss,욕심에는 끝이 없다.,rawboost+codec
data/processed/ko_augmented/zeroth_115_003_0127_aug.wav,ko,bonafide,real,-,zeroth_115,zeroth_korean,대한변호사협회 대변인을 지낸 최진녕 변호사 연결이 되어 있습니다,none
data/processed/ko_augmented/kss_03386_aug.wav,ko,bonafide,real,-,kss_speaker,kss,너 일부러 그런 거지?,rawboost+codec
data/processed/ko_mlaad_augmented/northandsouth_03_f000080_aug.wav,ko,spoof,tts,Chatterbox Multilingual,-,mlaad,,none
data/processed/ko_mlaad_augmented/northandsouth_06_f000078_aug.wav,ko,spoof,tts,MOSS-TTS-1.7B,-,mlaad,,codec
data/processed/ko_mlaad_augmented/jane_eyre_07_f000153_aug.wav,ko,spoof,tts,Qwen3-TTS-12Hz-0.6B-Base,-,mlaad,,codec
data/processed/ko_augmented/zeroth_141_003_2438_aug.wav,ko,bonafide,real,-,zeroth_141,zeroth_korean,그러면서 적어도 사 월 십 육 일만큼은 국민과 함께 아픔을 나눠야 진정한 지도자일 것이라고 지적했다,none
data/processed/ko_mlaad_augmented/the_master_key_04_f000120_aug.wav,ko,spoof,tts,OmniVoice,-,mlaad,,none
data/processed/ko_augmented/kss_07903_aug.wav,ko,bonafide,real,-,kss_speaker,kss,이 청소기는 선이 너무 짧아서 쓰기가 불편해요.,none
data/processed/ko_augmented/zeroth_162_003_2137_aug.wav,ko,bonafide,real,-,zeroth_162,zeroth_korean,만약 사망할 정도로 큰 충격을 받았다면 부딪치는 소리가 크게 났을 텐데 남자친구가 인지하지 못했다는 것이 의아하다,none
data/processed/ko_mlaad_augmented/wives_and_daughters_57_f000083_aug.wav,ko,spoof,tts,tts_models_multilingual_multi-dataset_bark,-,mlaad,,codec
data/processed/ko_mlaad_augmented/jane_eyre_28_f000359_aug.wav,ko,spoof,tts,Chatterbox Multilingual,-,mlaad,,rawboost+codec
data/processed/ko_augmented/kss_00543_aug.wav,ko,bonafide,real,-,kss_speaker,kss,자리에 앉아 졸다가 한 정거장을 지나쳤다.,rawboost
data/processed/ko_augmented/zeroth_125_003_2529_aug.wav,ko,bonafide,real,-,zeroth_125,zeroth_korean,지시한 적도 없고 요구한 적도 없다며 선관위에서 낸 보도자료만 봤는데 거기엔 특정하게 이름이 명기돼 있지 않다,rawboost+codec
data/processed/ko_mlaad_augmented/rinkitink_baum_23_64kb_f000040_aug.wav,ko,spoof,tts,Qwen3-TTS-12Hz-1.7B-Base,-,mlaad,,codec
data/processed/ko_augmented/zeroth_131_003_2418_aug.wav,ko,bonafide,real,-,zeroth_131,zeroth_korean,서울도시철도 역시 육천 사백 칠십 오 억원의 수익을 냈으나 비용이 구천 이백 삼십 오 억원에 이르면서 이천 칠백 육십 억원의 적자를 냈다,rawboost
data/processed/ko_mlaad_augmented/northandsouth_50_f000153_aug.wav,ko,spoof,tts,minimax_speech-02-turbo,-,mlaad,,none
data/processed/ko_mlaad_augmented/silent_bullet_08_f000229_aug.wav,ko,spoof,tts,Higgs-Audio-V2,-,mlaad,,rawboost
data/processed/ko_augmented/kss_02575_aug.wav,ko,bonafide,real,-,kss_speaker,kss,제 방 정말 엉망이죠?,none
data/processed/ko_mlaad_augmented/jane_eyre_30_f000107_aug.wav,ko,spoof,tts,Fish-S2-Pro,-,mlaad,,codec
data/processed/ko_augmented/zeroth_177_003_0884_aug.wav,ko,bonafide,real,-,zeroth_177,zeroth_korean,멧돼지를 멀리서 발견했을 경우에는 멧돼지의 주의를 끌지 않도록 행동해야 합니다,none
data/processed/ko_mlaad_augmented/skyisland_03_baum_64kb_f000019_aug.wav,ko,spoof,tts,OmniVoice,-,mlaad,,none
data/processed/ko_mlaad_augmented/wives_and_daughters_18_f000181_aug.wav,ko,spoof,tts,MOSS-TTS-8B,-,mlaad,,rawboost+codec
data/processed/ko_augmented/kss_03439_aug.wav,ko,bonafide,real,-,kss_speaker,kss,이 호텔은 방마다 에어컨을 갖추고 있다.,codec
data/processed/ko_mlaad_augmented/emerald_city_of_oz_13_f000036_aug.wav,ko,spoof,tts,Qwen3-TTS-12Hz-1.7B-Base,-,mlaad,,rawboost
data/processed/ko_mlaad_augmented/ozma_of_oz_06_f000113_aug.wav,ko,spoof,tts,OmniVoice,-,mlaad,,none
data/processed/ko_mlaad_augmented/silent_bullet_01_f000016_aug.wav,ko,spoof,tts,MOSS-TTS-1.7B,-,mlaad,,rawboost
data/processed/ko_augmented/zeroth_184_003_3000_aug.wav,ko,bonafide,real,-,zeroth_184,zeroth_korean,또 삼성의 자동차 산업 진출은 이 부회장이 경영을 할 때 피해야겠다고 생각하는 중복 투자다,none
data/processed/ko_mlaad_augmented/jane_eyre_34_f000159_aug.wav,ko,spoof,tts,minimax_speech-02-turbo,-,mlaad,,rawboost+codec
data/processed/ko_augmented/zeroth_197_003_1160_aug.wav,ko,bonafide,real,-,zeroth_197,zeroth_korean,지난달 사 일 고서점가인 도쿄의 간다진보 정 한국 서적 전문 북카페 책거리에서는 미생의 일본 팬들이 모임을 가졌다,rawboost
data/processed/ko_mlaad_augmented/emerald_city_of_oz_09_f000021_aug.wav,ko,spoof,tts,VoxCPM2,-,mlaad,,rawboost
data/processed/ko_augmented/kss_11807_aug.wav,ko,bonafide,real,-,kss_speaker,kss,"나는 아내에게 같이 가자고 설득했지만, 아내는 듣지 않았다.",rawboost
data/processed/ko_augmented/zeroth_117_003_2988_aug.wav,ko,bonafide,real,-,zeroth_117,zeroth_korean,그녀가 사실을 이야기 할 수 있도록 설득하는 것이 중요하다,rawboost+codec
data/processed/ko_mlaad_augmented/northandsouth_34_f000049_aug.wav,ko,spoof,tts,OmniVoice,-,mlaad,,codec
data/processed/ko_mlaad_augmented/pink_fairy_book_39_f000022_aug.wav,ko,spoof,tts,Chatterbox Multilingual,-,mlaad,,rawboost
data/processed/ko_mlaad_augmented/jane_eyre_18_f000167_aug.wav,ko,spoof,tts,OmniVoice,-,mlaad,,rawboost
data/processed/ko_mlaad_augmented/the_sea_fairies_17_f000012_aug.wav,ko,spoof,tts,OmniVoice,-,mlaad,,none
data/processed/ko_mlaad_augmented/poisoned_pen_11_f000119_aug.wav,ko,spoof,tts,VoxCPM2,-,mlaad,,rawboost+codec
data/processed/ko_augmented/zeroth_167_003_2208_aug.wav,ko,bonafide,real,-,zeroth_167,zeroth_korean,동네 주민은 마씨는 정말로 대단한 엄마다라며 지난 이십 여년간 하루도 빠짐없이 두 아들을 극진히 보살폈다고 말했다,none
data/processed/ko_mlaad_augmented/wives_and_daughters_46_f000188_aug.wav,ko,spoof,tts,tts_models_multilingual_multi-dataset_bark,-,mlaad,,none
data/processed/ko_mlaad_augmented/jane_eyre_24_f000172_aug.wav,ko,spoof,tts,minimax_speech-02-turbo,-,mlaad,,rawboost+codec
data/processed/ko_augmented/zeroth_209_003_2497_aug.wav,ko,bonafide,real,-,zeroth_209,zeroth_korean,아마 북한에서 흔히 외교관들이 올 때 저도 사실 올 때 회견을 발표해서 제가 백 만 달러를 가지고 탈출했다고 이야기를 했거든요,codec
data/processed/ko_mlaad_augmented/jane_eyre_03_f000082_aug.wav,ko,spoof,tts,Fish-S2-Pro,-,mlaad,,codec
data/processed/ko_augmented/kss_07438_aug.wav,ko,spoof,tts,mms-tts-kor,vits_default,kss_transcript,지금은 감기 때문에 밥맛이 없어요.,none
data/processed/ko_augmented/zeroth_185_from_zeroth_180_003_0514_aug.wav,ko,spoof,vc,rvc_zeroth_185,zeroth_185,rvc_from_zeroth_180,북한에선 남녀 모두에게 책임을 묻고 피해자인 여성은 사회적으로 매장된다는 것이 탈북 여성들의 공통된 증언이다,rawboost
data/processed/ko_mlaad_augmented/ozma_of_oz_09_f000038_aug.wav,ko,spoof,tts,OmniVoice,-,mlaad,,codec
data/processed/ko_augmented/zeroth_123_003_0952_aug.wav,ko,bonafide,real,-,zeroth_123,zeroth_korean,홍 후보는 바보처럼 리스트를 만드니 그걸 누가 공무원이 책임을 지느냐며 그걸 뿌리고 보안시절 다섯 공시절에 민주인사 리스트를 만들어 미행하고 도청하는 식으로 알려 버렸다,codec
data/processed/ko_augmented/zeroth_185_from_zeroth_145_003_2990_aug.wav,ko,spoof,vc,rvc_zeroth_185,zeroth_185,rvc_from_zeroth_145,사실 한 성서 필자는 마음속에서 일어나는 그러한 충돌을 싸움으로 묘사했습니다,rawboost
data/processed/ko_mlaad_augmented/wives_and_daughters_04_f000245_aug.wav,ko,spoof,tts,minimax_speech-02-turbo,-,mlaad,,none
data/processed/ko_augmented/kss_01219_aug.wav,ko,bonafide,real,-,kss_speaker,kss,인생은 짧고 예술은 길다.,codec
data/processed/ko_mlaad_augmented/the_master_key_10_f000104_aug.wav,ko,spoof,tts,VoxCPM2,-,mlaad,,rawboost
data/processed/ko_augmented/zeroth_120_003_0361_aug.wav,ko,bonafide,real,-,zeroth_120,zeroth_korean,일언이폐지하고 우리 반도 민중도 내지 동포와 같이 나라를 위하여 살고 나라를 위하여 죽자고 각오합시다,rawboost
data/processed/ko_augmented/kss_07957_aug.wav,ko,bonafide,real,-,kss_speaker,kss,이번 축제에는 인기 가수들을 초청할 예정입니다.,rawboost
data/processed/ko_augmented/zeroth_141_003_1274_aug.wav,ko,bonafide,real,-,zeroth_141,zeroth_korean,반면 여권이 좌편향의 표적으로 삼은 칠 종의 검정 한국사 검정교과서는 주체사상의 실체가 아닌 비판적 소개에 집중했다,none
data/processed/ko_mlaad_augmented/northandsouth_15_f000265_aug.wav,ko,spoof,tts,Chatterbox Multilingual,-,mlaad,,rawboost
data/processed/ko_mlaad_augmented/northandsouth_15_f000158_aug.wav,ko,spoof,tts,Chatterbox Multilingual,-,mlaad,,rawboost
data/processed/ko_mlaad_augmented/emerald_city_of_oz_26_f000099_aug.wav,ko,spoof,tts,Qwen3-TTS-12Hz-0.6B-Base,-,mlaad,,none
data/processed/ko_augmented/zeroth_124_003_1144_aug.wav,ko,bonafide,real,-,zeroth_124,zeroth_korean,예를 들면 그들은 부모에게 감사하기보다는 점점 더 많은 것을 요구하고 자신들이 받는 것에 대해 불만스러워하며 공격적이 고 다른 사람을 배려하지 않는다,codec
data/processed/ko_augmented/zeroth_120_003_1437_aug.wav,ko,bonafide,real,-,zeroth_120,zeroth_korean,이에 대해 한 건설사의 임원은 엘시티 더샵의 분양가는 솔직히 과하다며 현재 불안한 국내 부동산시장 상황을 볼 때 막바지 투기를 부추기는 것으로 보인다고 말했다,none
data/processed/ko_augmented/zeroth_218_003_2371_aug.wav,ko,bonafide,real,-,zeroth_218,zeroth_korean,백 한 경비단장은 물론 부단장도 부임 일 년 뒤 총경에서 경무관으로 승진하는 게 관행이다,none
data/processed/ko_augmented/kss_02856_aug.wav,ko,bonafide,real,-,kss_speaker,kss,다음 역에서 내리세요.,none
data/processed/ko_augmented/zeroth_139_003_0034_aug.wav,ko,bonafide,real,-,zeroth_139,zeroth_korean,테러단이 파견됐으니 우리국민 위해 시도가 있는 것이다,none
data/processed/ko_mlaad_augmented/emerald_city_of_oz_26_f000003_aug.wav,ko,spoof,tts,tts_models_multilingual_multi-dataset_xtts_v2,-,mlaad,,rawboost
data/processed/ko_mlaad_augmented/jane_eyre_27_f000493_aug.wav,ko,spoof,tts,Chatterbox Multilingual,-,mlaad,,none
data/processed/ko_augmented/zeroth_199_003_2734_aug.wav,ko,bonafide,real,-,zeroth_199,zeroth_korean,대학 연구진은 방사성탄소 연대측정을 시작할 때조차 이 책이 일 천 삼백 년 이상 된 것이라고 기대하지 않았는데 가장 오래된 것으로 밝혀져 매우 기쁘다고 말했다,rawboost
data/processed/ko_augmented/zeroth_208_003_1711_aug.wav,ko,bonafide,real,-,zeroth_208,zeroth_korean,단통법이 있어도 불법 보조금은 음성적으로 횡행해왔지만 해당 정책이 종료되면 공시지원금 과다 마케팅이 벌어질 수 있다,rawboost
data/processed/ko_mlaad_augmented/wives_and_daughters_40_f000094_aug.wav,ko,spoof,tts,OmniVoice,-,mlaad,,none
data/processed/ko_augmented/zeroth_151_003_1746_aug.wav,ko,bonafide,real,-,zeroth_151,zeroth_korean,이날 완치된 다섯 번 환자처럼 면역력이 튼튼하고 기저 질환이 없으면 치료가 어렵지 않다는 것이 의료진의 설명이다,codec
data/processed/ko_mlaad_augmented/piratesofersatz_04_leinster_64kb_f000154_aug.wav,ko,spoof,tts,minimax_speech-02-turbo,-,mlaad,,rawboost+codec
data/processed/ko_mlaad_augmented/pink_fairy_book_31_f000015_aug.wav,ko,spoof,tts,Qwen3-TTS-12Hz-1.7B-Base,-,mlaad,,codec
data/processed/ko_mlaad_augmented/midnight_passenger_12_f000129_aug.wav,ko,spoof,tts,Fish-S2-Pro,-,mlaad,,codec
data/processed/ko_mlaad_augmented/jane_eyre_18_f000125_aug.wav,ko,spoof,tts,Fish-S2-Pro,-,mlaad,,none
data/processed/ko_mlaad_augmented/hunters_space_18_f000048_aug.wav,ko,spoof,tts,Qwen3-TTS-12Hz-1.7B-Base,-,mlaad,,codec
data/processed/ko_mlaad_augmented/wives_and_daughters_32_f000282_aug.wav,ko,spoof,tts,Qwen3-TTS-12Hz-1.7B-Base,-,mlaad,,rawboost+codec
data/processed/ko_augmented/zeroth_218_003_1386_aug.wav,ko,bonafide,real,-,zeroth_218,zeroth_korean,이날 박창진 사무장은 내 지인으로부터 메신저 연락이 왔는데 나에 대한 찌라시가 돌고 있다고 한다고 전했다,rawboost
data/processed/ko_augmented/kss_08267_aug.wav,ko,bonafide,real,-,kss_speaker,kss,우리 팀에 들어올래요?,rawboost+codec
data/processed/ko_mlaad_augmented/pink_fairy_book_30_f000048_aug.wav,ko,spoof,tts,Higgs-Audio-V2,-,mlaad,,none
data/processed/ko_augmented/zeroth_215_003_1555_aug.wav,ko,bonafide,real,-,zeroth_215,zeroth_korean,미국 로스앤젤레스에서 서류상 등록만으로 학생비자를 유지시켜주는 가짜 대학교를 세워 수백만 달러를 벌어온 한국계 운영자 일당이 십 일 일 연방 당국의 단속에 적발됐다,codec
data/processed/ko_augmented/zeroth_174_003_1241_aug.wav,ko,bonafide,real,-,zeroth_174,zeroth_korean,서울중부경찰서 을지지구대 양모 경위와 이모 경장은 신고 내용과 유사한 오토바이를 발견했다는 공조 요청을 받고 현장에 출동했다,none
data/processed/ko_augmented/zeroth_153_003_0815_aug.wav,ko,bonafide,real,-,zeroth_153,zeroth_korean,미리 준비한 거 자체가 문제는 아니잖아요 그렇죠 라고 동의를 구하듯 질문했습니다,rawboost+codec
data/processed/ko_augmented/zeroth_200_from_zeroth_107_003_1282_aug.wav,ko,spoof,vc,rvc_zeroth_200,zeroth_200,rvc_from_zeroth_107,넣으면 고소한 향이 나지만 많이 끓이면 쓴맛이 날 수 있으니까 마지막에 살짝만 뿌려주세요,rawboost+codec
data/processed/ko_mlaad_augmented/wives_and_daughters_57_f000024_aug.wav,ko,spoof,tts,Higgs-Audio-V2,-,mlaad,,rawboost
data/processed/ko_augmented/zeroth_145_003_2636_aug.wav,ko,bonafide,real,-,zeroth_145,zeroth_korean,때문에 박 대통령의 이날 발언을 두고 박심 을 우회적으로 내비친 것 아니냐는 해석이 나왔다,none
data/processed/ko_mlaad_augmented/jane_eyre_04_f000249_aug.wav,ko,spoof,tts,Qwen3-TTS-12Hz-0.6B-Base,-,mlaad,,rawboost
data/processed/ko_augmented/zeroth_150_003_1423_aug.wav,ko,bonafide,real,-,zeroth_150,zeroth_korean,강릉시 주변에 스물 개 해수욕장이 있는데 비키니 전용이라든가 여성 전용 해수욕장이라는 특화사업을 한 적은 없네요,rawboost+codec
data/processed/ko_mlaad_augmented/wives_and_daughters_07_f000070_aug.wav,ko,spoof,tts,tts_models_multilingual_multi-dataset_xtts_v2,-,mlaad,,codec
data/processed/ko_augmented/kss_02579_aug.wav,ko,spoof,tts,mms-tts-kor,vits_default,kss_transcript,걸레로 바닥 좀 닦아라.,none
data/processed/ko_mlaad_augmented/wives_and_daughters_56_f000031_aug.wav,ko,spoof,tts,tts_models_multilingual_multi-dataset_bark,-,mlaad,,rawboost+codec
data/processed/ko_augmented/zeroth_188_003_1507_aug.wav,ko,bonafide,real,-,zeroth_188,zeroth_korean,중국은 이밖에 만재배수량 이천 에서 사천 팔백 톤에 이르는 상륙함도 다수 보유하고 있는 등 상당한 상륙전 능력을 갖추고 있다,none
data/processed/ko_augmented/zeroth_193_003_2880_aug.wav,ko,bonafide,real,-,zeroth_193,zeroth_korean,야당 지지자들은 문 대표의 무능에 진절머리를 낼 테고 떨어지는 지지율 소리에 의원들은 좌불안석일 것이다,rawboost
data/processed/ko_mlaad_augmented/pink_fairy_book_34_f000067_aug.wav,ko,spoof,tts,MOSS-TTS-1.7B,-,mlaad,,rawboost
data/processed/ko_mlaad_augmented/northandsouth_38_f000268_aug.wav,ko,spoof,tts,minimax_speech-02-turbo,-,mlaad,,none
data/processed/ko_mlaad_augmented/ozma_of_oz_09_f000090_aug.wav,ko,spoof,tts,OmniVoice,-,mlaad,,rawboost
data/processed/ko_augmented/zeroth_191_003_2382_aug.wav,ko,bonafide,real,-,zeroth_191,zeroth_korean,또 두 사람의 교제기간은 그리 길지 않았으나 여러 방면에서 공통적인 관심사가 많아 대화가 잘 통하였습니다,none
data/processed/ko_augmented/zeroth_176_003_1193_aug.wav,ko,bonafide,real,-,zeroth_176,zeroth_korean,오히려 비판세력에 대해 행동으로 맞서기까지 하고 있다,rawboost
data/processed/ko_mlaad_augmented/the_sea_fairies_03_f000053_aug.wav,ko,spoof,tts,MOSS-TTS-8B,-,mlaad,,rawboost
data/processed/ko_augmented/kss_03756_aug.wav,ko,bonafide,real,-,kss_speaker,kss,고집 부리지 마라.,none
data/processed/ko_augmented/kss_06427_aug.wav,ko,bonafide,real,-,kss_speaker,kss,하루가 너무 길었어.,rawboost
data/processed/ko_mlaad_augmented/jane_eyre_14_f000046_aug.wav,ko,spoof,tts,Chatterbox Multilingual,-,mlaad,,rawboost
data/processed/ko_augmented/zeroth_189_003_2954_aug.wav,ko,bonafide,real,-,zeroth_189,zeroth_korean,집에서 인정받은 최 씨는 이제 나가서도 당당히 자신이 미혼모임을 밝힌다,none
data/processed/ko_augmented/zeroth_123_003_2522_aug.wav,ko,bonafide,real,-,zeroth_123,zeroth_korean,하지만 박씨는 서울 노원구에 있는 집에서 송파구 잠실 석촌호수까지 지하철을 타고 오가는 동안 아무런 제지를 받지 않았다,codec
data/processed/ko_augmented/zeroth_187_003_0193_aug.wav,ko,bonafide,real,-,zeroth_187,zeroth_korean,그 바람에 나의 몸도 겹쳐 쓰러지며 한창 피어난 노란 동백꽃 속으로 폭 파묻혀 버렸다,rawboost
data/processed/ko_augmented/zeroth_139_003_2405_aug.wav,ko,bonafide,real,-,zeroth_139,zeroth_korean,하지만 병원 문 닫으면 이 환자들이 갈 곳이 없지 않느냐고 되물었다,none
data/processed/ko_mlaad_augmented/the_sea_fairies_07_f000033_aug.wav,ko,spoof,tts,Fish-S2-Pro,-,mlaad,,none
data/processed/ko_augmented/zeroth_213_003_2424_aug.wav,ko,bonafide,real,-,zeroth_213,zeroth_korean,특히 지금 같으면 역사교과서 국정화라든가 누리과정 문제나 대학 구조개혁 같은 주요 정책들을 기획하고 타 부처하고 조율하는 역할을 하는 그런 자리입니다,rawboost
data/processed/ko_mlaad_augmented/the_sea_fairies_01_f000059_aug.wav,ko,spoof,tts,minimax_speech-02-turbo,-,mlaad,,codec
data/processed/ko_mlaad_augmented/dorothy_and_wizard_oz_02_f000032_aug.wav,ko,spoof,tts,OmniVoice,-,mlaad,,none
data/processed/ko_augmented/kss_02790_aug.wav,ko,bonafide,real,-,kss_speaker,kss,제자리 달리기는 아주 좋은 준비 운동입니다.,codec
data/processed/ko_augmented/zeroth_182_003_1450_aug.wav,ko,bonafide,real,-,zeroth_182,zeroth_korean,따라서 남편이 아내를 신체적으로 자주 학대한다면 피해자는 별거할 수 있다,none
data/processed/ko_mlaad_augmented/jane_eyre_24_f000267_aug.wav,ko,spoof,tts,OmniVoice,-,mlaad,,rawboost+codec
data/processed/ko_mlaad_augmented/wives_and_daughters_47_f000134_aug.wav,ko,spoof,tts,Chatterbox Multilingual,-,mlaad,,rawboost+codec
data/processed/ko_mlaad_augmented/the_master_key_03_f000042_aug.wav,ko,spoof,tts,tts_models_multilingual_multi-dataset_bark,-,mlaad,,rawboost+codec
data/processed/ko_mlaad_augmented/wives_and_daughters_08_f000252_aug.wav,ko,spoof,tts,OmniVoice,-,mlaad,,rawboost
data/processed/ko_mlaad_augmented/jane_eyre_15_f000065_aug.wav,ko,spoof,tts,minimax_speech-02-turbo,-,mlaad,,none
data/processed/ko_mlaad_augmented/hunters_space_05_f000026_aug.wav,ko,spoof,tts,tts_models_multilingual_multi-dataset_bark,-,mlaad,,none
data/processed/ko_augmented/zeroth_201_from_zeroth_122_003_1940_aug.wav,ko,spoof,vc,rvc_zeroth_201,zeroth_201,rvc_from_zeroth_122,언론은 이십 오 일쯤 도발 가능성중국 해군의 최신형 이지스 구축함 시닝호의 실전훈련 모습,rawboost
data/processed/ko_augmented/kss_02924_aug.wav,ko,bonafide,real,-,kss_speaker,kss,마지막으로 건강검진을 받으신 게 언제죠?,rawboost+codec
data/processed/ko_mlaad_augmented/pink_fairy_book_33_f000007_aug.wav,ko,spoof,tts,OmniVoice,-,mlaad,,rawboost+codec
data/processed/ko_mlaad_augmented/silent_bullet_07_f000098_aug.wav,ko,spoof,tts,Qwen3-TTS-12Hz-1.7B-Base,-,mlaad,,codec
data/processed/ko_augmented/zeroth_167_003_1489_aug.wav,ko,bonafide,real,-,zeroth_167,zeroth_korean,너무 늦은감이 있지만 그래도 하나하나 모든 것들이 차근차근 제자리를 찾고 있다고 생각한다고 밝혔다,rawboost+codec
data/processed/ko_mlaad_augmented/wives_and_daughters_22_f000170_aug.wav,ko,spoof,tts,MOSS-TTS-8B,-,mlaad,,none
data/processed/ko_mlaad_augmented/ozma_of_oz_04_f000018_aug.wav,ko,spoof,tts,MOSS-TTS-8B,-,mlaad,,rawboost
data/processed/ko_augmented/zeroth_111_003_2098_aug.wav,ko,bonafide,real,-,zeroth_111,zeroth_korean,뉴욕타임스는 이십 육 일 유네스코 지정 세계문화유산 칠 곳 중 사 곳이 심각하게 훼손됐다며 강진이 일어난 카트만두 계곡에 문화유산이 몰려 있어 피해가 컸다고 전했다,rawboost+codec
data/processed/ko_augmented/zeroth_201_from_zeroth_211_003_2874_aug.wav,ko,spoof,vc,rvc_zeroth_201,zeroth_201,rvc_from_zeroth_211,그곳에서 여호와의 천사가 불타는 덤불 가운데서 모세에게 나타났습니다,rawboost+codec
data/processed/ko_augmented/zeroth_190_003_0218_aug.wav,ko,bonafide,real,-,zeroth_190,zeroth_korean,앞쪽에는 단상을 비롯해 대형 텔레비전이 덮개로 덮여있었다,rawboost
data/processed/ko_mlaad_augmented/the_master_key_11_f000065_aug.wav,ko,spoof,tts,MOSS-TTS-8B,-,mlaad,,none
data/processed/ko_augmented/kss_08508_aug.wav,ko,spoof,tts,mms-tts-kor,vits_default,kss_transcript,어려움은 없으신가요?,codec
data/processed/ko_mlaad_augmented/midnight_passenger_03_f000142_aug.wav,ko,spoof,tts,MOSS-TTS-8B,-,mlaad,,rawboost
data/processed/ko_mlaad_augmented/northandsouth_18_f000090_aug.wav,ko,spoof,tts,Higgs-Audio-V2,-,mlaad,,codec
data/processed/ko_mlaad_augmented/emerald_city_of_oz_24_f000045_aug.wav,ko,spoof,tts,MOSS-TTS-1.7B,-,mlaad,,none
data/processed/ko_augmented/zeroth_201_from_zeroth_130_003_0426_aug.wav,ko,spoof,vc,rvc_zeroth_201,zeroth_201,rvc_from_zeroth_130,피곤한 싸움과 적당한 회복 앞에서 크고 작은 반항은 항상 어느 순간 사그라졌다,codec
data/processed/ko_augmented/zeroth_175_003_2394_aug.wav,ko,bonafide,real,-,zeroth_175,zeroth_korean,재정 열악한 지자체에 골프장은 달콤한 유혹지방자치단체가 골프장 유치 등에 열을 올린 건 지방세 때문이다,rawboost
data/processed/ko_mlaad_augmented/wives_and_daughters_10_f000044_aug.wav,ko,spoof,tts,MOSS-TTS-1.7B,-,mlaad,,none
data/processed/ko_mlaad_augmented/northandsouth_12_f000013_aug.wav,ko,spoof,tts,minimax_speech-02-turbo,-,mlaad,,rawboost
data/processed/ko_mlaad_augmented/poisoned_pen_09_f000391_aug.wav,ko,spoof,tts,Higgs-Audio-V2,-,mlaad,,none
data/processed/ko_mlaad_augmented/hunters_space_10_f000070_aug.wav,ko,spoof,tts,Qwen3-TTS-12Hz-0.6B-Base,-,mlaad,,none
data/processed/ko_mlaad_augmented/the_sea_fairies_16_f000077_aug.wav,ko,spoof,tts,OmniVoice,-,mlaad,,rawboost
data/processed/ko_augmented/zeroth_141_003_2290_aug.wav,ko,bonafide,real,-,zeroth_141,zeroth_korean,부친은 누군가 동행해 우리 둘만의 시간을 허락하지 않았고 만남은 냉랭했다며 숙소로 안내하지도 않았고 어쩌다 다쳤는지 전투에 참여했는지도 말하지 않았다고 전했다,none
data/processed/ko_augmented/zeroth_115_003_2812_aug.wav,ko,bonafide,real,-,zeroth_115,zeroth_korean,태양풍이란 태양에서 끊임없이 방출되는 에너지를 띤 미립자의 흐름을 말합니다,rawboost
data/processed/ko_augmented/kss_04266_aug.wav,ko,bonafide,real,-,kss_speaker,kss,주량이 얼마나 되세요?,codec
data/processed/ko_augmented/zeroth_210_003_2114_aug.wav,ko,bonafide,real,-,zeroth_210,zeroth_korean,정보당국은 북한이 조업권 판매로 칠천 오백 만 달러를 벌어들여 김 위원장의 통치자금으로 사용하고 있는 것으로 파악하고 있다,codec
data/processed/ko_augmented/kss_08084_aug.wav,ko,bonafide,real,-,kss_speaker,kss,대중교통을 이용하시는 게 어때요?,codec
data/processed/ko_augmented/kss_04196_aug.wav,ko,bonafide,real,-,kss_speaker,kss,너무 짜면 물 마셔.,rawboost+codec
data/processed/ko_mlaad_augmented/wives_and_daughters_34_f000068_aug.wav,ko,spoof,tts,Higgs-Audio-V2,-,mlaad,,rawboost
data/processed/ko_augmented/kss_08511_aug.wav,ko,bonafide,real,-,kss_speaker,kss,어머니는 제가 어서 결혼하기를 바라세요.,rawboost+codec
data/processed/ko_mlaad_augmented/jane_eyre_34_f000114_aug.wav,ko,spoof,tts,MOSS-TTS-8B,-,mlaad,,rawboost+codec
data/processed/ko_mlaad_augmented/midnight_passenger_04_f000101_aug.wav,ko,spoof,tts,tts_models_multilingual_multi-dataset_bark,-,mlaad,,rawboost
data/processed/ko_mlaad_augmented/wives_and_daughters_22_f000116_aug.wav,ko,spoof,tts,MOSS-TTS-1.7B,-,mlaad,,rawboost
data/processed/ko_mlaad_augmented/pink_fairy_book_36_f000103_aug.wav,ko,spoof,tts,tts_models_multilingual_multi-dataset_bark,-,mlaad,,none
data/processed/ko_augmented/kss_11628_aug.wav,ko,bonafide,real,-,kss_speaker,kss,돈이 생기면 갚을게요.,none
data/processed/ko_augmented/zeroth_142_003_0802_aug.wav,ko,bonafide,real,-,zeroth_142,zeroth_korean,콩에 대한 자료라면 무엇이든 구해 읽었고 누구를 만나도 콩의 중요성을 설파했다,none
data/processed/ko_augmented/zeroth_151_003_0837_aug.wav,ko,bonafide,real,-,zeroth_151,zeroth_korean,김현정 끝으로 국민들에게 하시고 싶은 말씀 있다면 한 말씀 해주시겠어요,none
data/processed/ko_mlaad_augmented/emerald_city_of_oz_17_f000022_aug.wav,ko,spoof,tts,Qwen3-TTS-12Hz-1.7B-Base,-,mlaad,,none
data/processed/ko_augmented/zeroth_129_003_1911_aug.wav,ko,bonafide,real,-,zeroth_129,zeroth_korean,임슬옹 또한 수경이가 아직 고등학교 졸업을 하지 않았다,none
data/processed/ko_mlaad_augmented/wives_and_daughters_19_f000062_aug.wav,ko,spoof,tts,Qwen3-TTS-12Hz-1.7B-Base,-,mlaad,,rawboost
data/processed/ko_mlaad_augmented/jane_eyre_26_f000056_aug.wav,ko,spoof,tts,tts_models_multilingual_multi-dataset_bark,-,mlaad,,codec
data/processed/ko_augmented/kss_07183_aug.wav,ko,bonafide,real,-,kss_speaker,kss,생맥주,none
data/processed/ko_augmented/zeroth_204_003_0972_aug.wav,ko,bonafide,real,-,zeroth_204,zeroth_korean,기자회견에 이어 오후에는 새정치 실현을 위한 집중 토론회를 개최 신당의 기조에 대한 의견을 수렴하고 신당의 정치 세력화를 성공시키기 위한 지역별 부문별 의견을 청취할 예정이다,none
data/processed/ko_mlaad_augmented/pink_fairy_book_31_f000048_aug.wav,ko,spoof,tts,Higgs-Audio-V2,-,mlaad,,none
data/processed/ko_augmented/kss_09436_aug.wav,ko,bonafide,real,-,kss_speaker,kss,"한식으로 할까, 아니면 일식으로 할까?",none
data/processed/ko_augmented/zeroth_169_003_0015_aug.wav,ko,bonafide,real,-,zeroth_169,zeroth_korean,한술 더 떠 여당 의원들은 국회 예결특위에서 강신명 경찰청장을 압박 신변보호 조치를 하겠다는 답변까지 얻어냈습니다,rawboost+codec
data/processed/ko_augmented/zeroth_170_003_2566_aug.wav,ko,bonafide,real,-,zeroth_170,zeroth_korean,일정 시간이 지나면 터지도록 만들어진 폭발물 타이머가 부착돼 있다,rawboost
data/processed/ko_mlaad_augmented/skyisland_09_baum_64kb_f000012_aug.wav,ko,spoof,tts,MOSS-TTS-8B,-,mlaad,,rawboost
data/processed/ko_augmented/zeroth_205_003_1143_aug.wav,ko,bonafide,real,-,zeroth_205,zeroth_korean,구 솔직히 삼십 에서 사십 대 분들에겐 화가 안 나요,codec
data/processed/ko_augmented/zeroth_216_003_0334_aug.wav,ko,bonafide,real,-,zeroth_216,zeroth_korean,저희들이 생각하는 가장 유력한 증거는 현재 화물차에 접수돼 있던 차량에 보면 블랙박스가 있지 않습니까,rawboost
data/processed/ko_mlaad_augmented/midnight_passenger_08_f000260_aug.wav,ko,spoof,tts,minimax_speech-02-turbo,-,mlaad,,rawboost
data/processed/ko_mlaad_augmented/wives_and_daughters_56_f000164_aug.wav,ko,spoof,tts,OmniVoice,-,mlaad,,rawboost
data/processed/ko_mlaad_augmented/northandsouth_22_f000202_aug.wav,ko,spoof,tts,Chatterbox Multilingual,-,mlaad,,rawboost
data/processed/ko_augmented/zeroth_203_003_2665_aug.wav,ko,bonafide,real,-,zeroth_203,zeroth_korean,그 외에 특별한 업무가 있다면 소셜네트워크서비스에 노출되는 카드뉴스나 동영상뉴스를 제작하고 업로드하는 거였다,codec
data/processed/ko_mlaad_augmented/northandsouth_43_f000158_aug.wav,ko,spoof,tts,tts_models_multilingual_multi-dataset_bark,-,mlaad,,rawboost+codec
data/processed/ko_mlaad_augmented/poisoned_pen_11_f000014_aug.wav,ko,spoof,tts,Qwen3-TTS-12Hz-0.6B-Base,-,mlaad,,rawboost+codec
data/processed/ko_augmented/zeroth_133_003_0249_aug.wav,ko,bonafide,real,-,zeroth_133,zeroth_korean,천 오백 육십 년경에 스페인 사람들은 버뮤다에 돼지를 들여왔습니다,none
data/processed/ko_mlaad_augmented/poisoned_pen_05_f000097_aug.wav,ko,spoof,tts,tts_models_multilingual_multi-dataset_bark,-,mlaad,,rawboost
data/processed/ko_mlaad_augmented/jane_eyre_17_f000145_aug.wav,ko,spoof,tts,MOSS-TTS-8B,-,mlaad,,none
data/processed/ko_augmented/zeroth_142_003_0337_aug.wav,ko,bonafide,real,-,zeroth_142,zeroth_korean,재판부는 김씨에게 육체적 정신적 피로가 누적된 상태에서 심근경색이 발생한 것으로 보인다고 판단했다,none
data/processed/ko_mlaad_augmented/dorothy_and_wizard_oz_04_f000014_aug.wav,ko,spoof,tts,MOSS-TTS-1.7B,-,mlaad,,rawboost
data/processed/ko_augmented/zeroth_172_003_0646_aug.wav,ko,bonafide,real,-,zeroth_172,zeroth_korean,이런 현상 이면에는 자동차회사의 직영 정비공장이나 외산차 전문수리점의 부추김도 한몫했다는 지적이다,rawboost+codec
data/processed/ko_mlaad_augmented/silent_bullet_05_f000055_aug.wav,ko,spoof,tts,OmniVoice,-,mlaad,,rawboost
data/processed/ko_mlaad_augmented/wives_and_daughters_34_f000024_aug.wav,ko,spoof,tts,Fish-S2-Pro,-,mlaad,,none
data/processed/ko_augmented/zeroth_202_003_2222_aug.wav,ko,bonafide,real,-,zeroth_202,zeroth_korean,중동호흡기증후군 삼 차 감염 환자가 사 일 새벽 두 명 더 추가되면서 다섯 명으로 늘었다,rawboost
data/processed/ko_mlaad_augmented/northandsouth_03_f000039_aug.wav,ko,spoof,tts,OmniVoice,-,mlaad,,none
data/processed/ko_mlaad_augmented/the_master_key_04_f000076_aug.wav,ko,spoof,tts,minimax_speech-02-turbo,-,mlaad,,none
data/processed/ko_mlaad_augmented/silent_bullet_10_f000058_aug.wav,ko,spoof,tts,Chatterbox Multilingual,-,mlaad,,rawboost
data/processed/ko_augmented/zeroth_168_003_1220_aug.wav,ko,bonafide,real,-,zeroth_168,zeroth_korean,조폭의 자금으로 굴러가는 지하경제 규모만 백 이십 일 조원에 이르는 것으로 대검찰청은 추정하고 있다,rawboost+codec
data/processed/ko_mlaad_augmented/silent_bullet_02_f000114_aug.wav,ko,spoof,tts,tts_models_multilingual_multi-dataset_bark,-,mlaad,,none
data/processed/ko_mlaad_augmented/the_sea_fairies_03_f000112_aug.wav,ko,spoof,tts,OmniVoice,-,mlaad,,rawboost
data/processed/ko_augmented/kss_03236_aug.wav,ko,bonafide,real,-,kss_speaker,kss,진실은 드러나게 되어 있다.,rawboost+codec
data/processed/ko_augmented/zeroth_168_003_0470_aug.wav,ko,bonafide,real,-,zeroth_168,zeroth_korean,어떤 걸 보호받을 수 있는지 어떤 걸 주의해야 하는지 알려줘야 하는 거 아닌가,none
data/processed/ko_augmented/zeroth_122_003_0147_aug.wav,ko,bonafide,real,-,zeroth_122,zeroth_korean,때때로 자해는 우울증 양극성 장애 강박 장애 식욕 이상 등 다른 질환의 부산물이다,rawboost+codec
data/processed/ko_augmented/zeroth_216_003_2548_aug.wav,ko,bonafide,real,-,zeroth_216,zeroth_korean,적어도 새누리당에 비해 완승을 거뒀다면서도 비례대표 공천은 검증이 다소 부실한 점이 있었고 중앙위 결정과 권한을 소홀하게 생각해 걱정이 많았다,rawboost+codec
data/processed/ko_augmented/zeroth_190_003_0844_aug.wav,ko,bonafide,real,-,zeroth_190,zeroth_korean,김씨가 가입한 공무원 준비 커뮤니티는 현직 게시판에 셀프 소개팅 관련 글이 넘쳐나면서 지난 유 월부터 전용 게시판을 별도로 마련했다,rawboost
data/processed/ko_mlaad_augmented/jane_eyre_20_f000170_aug.wav,ko,spoof,tts,OmniVoice,-,mlaad,,none
data/processed/ko_mlaad_augmented/jane_eyre_38_f000047_aug.wav,ko,spoof,tts,Fish-S2-Pro,-,mlaad,,codec
data/processed/ko_augmented/kss_10357_aug.wav,ko,spoof,tts,mms-tts-kor,vits_default,kss_transcript,쪽지를 다 읽고 나서 옆으로 넘겨라.,none
data/processed/ko_augmented/kss_08744_aug.wav,ko,bonafide,real,-,kss_speaker,kss,가스 잠근 거 확실해?,rawboost
data/processed/ko_augmented/zeroth_210_003_0855_aug.wav,ko,bonafide,real,-,zeroth_210,zeroth_korean,문 전 대표는 지지자 백 여명과 현장을 찾아 훼손 상황을 확인하고 전문가 의견을 청취했다,rawboost
data/processed/ko_augmented/zeroth_179_003_0322_aug.wav,ko,bonafide,real,-,zeroth_179,zeroth_korean,국내 최대 규모의 전자제품 양판점인 롯데하이마트의 휴대전화 시장 역습이 시작됐다,codec
data/processed/ko_augmented/zeroth_183_003_0650_aug.wav,ko,bonafide,real,-,zeroth_183,zeroth_korean,대부분의 여론조사에서 유승민 사퇴에 공감 안 한다는 응답이 공감한다는 응답을 앞질렀다,none
data/processed/ko_mlaad_augmented/dorothy_and_wizard_oz_03_f000072_aug.wav,ko,spoof,tts,minimax_speech-02-turbo,-,mlaad,,none
data/processed/ko_augmented/kss_10446_aug.wav,ko,bonafide,real,-,kss_speaker,kss,최근에 몸무게가 15킬로 줄었어요.,rawboost+codec
data/processed/ko_augmented/zeroth_211_003_2389_aug.wav,ko,bonafide,real,-,zeroth_211,zeroth_korean,이남신 한국비정규노동센터 소장은 외주업체 노동자 입장에서는 열악한 조건을 감내하며 관행처럼 일했을 가능성이 높다고 했다,codec
data/processed/ko_augmented/zeroth_128_003_0274_aug.wav,ko,bonafide,real,-,zeroth_128,zeroth_korean,이들의 탈당이 현실화 될 경우 그 파장은 일파만파로 번져 결국 새정치민주연합은 분당에 직면할 것으로 예상된다,rawboost
data/processed/ko_augmented/zeroth_155_003_1988_aug.wav,ko,bonafide,real,-,zeroth_155,zeroth_korean,내 말을 전혀 믿지 않던 경찰의 태도가 조금 바뀌기 시작한 건 역설적이지만 시 인권센터 결정문 덕분이다,none
data/processed/ko_mlaad_augmented/wives_and_daughters_15_f000063_aug.wav,ko,spoof,tts,Chatterbox Multilingual,-,mlaad,,none
data/processed/ko_augmented/zeroth_116_003_2682_aug.wav,ko,bonafide,real,-,zeroth_116,zeroth_korean,사건은 일단락됐지만 전당대회가 끝난지 두 주차 만에 추 대표와 당의 허니문이 끝나게 된 계기가 됐다는 평가다,rawboost
data/processed/ko_augmented/zeroth_124_003_2684_aug.wav,ko,bonafide,real,-,zeroth_124,zeroth_korean,도시의 사람들은 나무와 자원을 확보하기 위해 아프리카 밀림을 파괴해 나갔다,codec
data/processed/ko_mlaad_augmented/northandsouth_01_f000029_aug.wav,ko,spoof,tts,Higgs-Audio-V2,-,mlaad,,rawboost+codec
data/processed/ko_mlaad_augmented/jane_eyre_27_f000555_aug.wav,ko,spoof,tts,OmniVoice,-,mlaad,,none
data/processed/ko_augmented/zeroth_141_003_2471_aug.wav,ko,bonafide,real,-,zeroth_141,zeroth_korean,우리가 규제라고 생각하는 것이 아니라 교육 현장에서 규제라고 생각하는 것이 중요하다,none
data/processed/ko_augmented/zeroth_124_003_2186_aug.wav,ko,bonafide,real,-,zeroth_124,zeroth_korean,근로능력평가는 의학적 평가와 활동능력 평가 두 가지로 이뤄진다,none
data/processed/ko_augmented/zeroth_109_003_0080_aug.wav,ko,bonafide,real,-,zeroth_109,zeroth_korean,전용 공항 시설로 자가용 비행기 업계 비상할까현재 국내 자가용 비행기 업계는 아직 날개를 펴지 못하고 있다,rawboost+codec
data/processed/ko_mlaad_augmented/wives_and_daughters_23_f000124_aug.wav,ko,spoof,tts,MOSS-TTS-1.7B,-,mlaad,,codec
data/processed/ko_mlaad_augmented/northandsouth_45_f000059_aug.wav,ko,spoof,tts,Qwen3-TTS-12Hz-0.6B-Base,-,mlaad,,rawboost
data/processed/ko_augmented/zeroth_215_003_0427_aug.wav,ko,bonafide,real,-,zeroth_215,zeroth_korean,그렇게 하면서 그는 또한 혁신적인 수공학 기술을 전격 도입하였습니다,none
data/processed/ko_mlaad_augmented/northandsouth_32_f000023_aug.wav,ko,spoof,tts,Fish-S2-Pro,-,mlaad,,rawboost+codec
data/processed/ko_augmented/zeroth_165_003_2155_aug.wav,ko,bonafide,real,-,zeroth_165,zeroth_korean,레이트켑의 사연은 온라인 성금 모금 사이트인 고펀드미닷컴에 올려져 지난 사 일 오후까지 삼 천 구백 달러가 모금됐다,codec
data/processed/ko_augmented/kss_08767_aug.wav,ko,bonafide,real,-,kss_speaker,kss,고속도로가 거대한 주차장이 되어 버렸어요.,rawboost+codec
data/processed/ko_augmented/zeroth_187_003_0070_aug.wav,ko,bonafide,real,-,zeroth_187,zeroth_korean,우선 조윤선 후보자 부부의 일 년 생활비가 오 억 원이었다는 보도가 나오면서 관심이 모아졌고요,rawboost
data/processed/ko_augmented/zeroth_180_003_0299_aug.wav,ko,bonafide,real,-,zeroth_180,zeroth_korean,재계약 과정에서도 수당 상여금 요청을 번번이 거부당한 박씨는 결국 올 이 월 서울지방노동위원회에 차별시정 신청을 냈다,rawboost
data/processed/ko_mlaad_augmented/poisoned_pen_02_f000316_aug.wav,ko,spoof,tts,Chatterbox Multilingual,-,mlaad,,rawboost
data/processed/ko_augmented/kss_04388_aug.wav,ko,bonafide,real,-,kss_speaker,kss,복도에 물건을 놓아 두면 안 됩니다.,rawboost
data/processed/ko_augmented/kss_05417_aug.wav,ko,bonafide,real,-,kss_speaker,kss,1년이 넘도록 실업자 신세예요.,rawboost
data/processed/ko_augmented/zeroth_106_003_0325_aug.wav,ko,bonafide,real,-,zeroth_106,zeroth_korean,가방을 비롯한 수하물들을 컨베이어 벨트 위에 가능한 한 납작하게 올려놓으십시오,rawboost
data/processed/ko_mlaad_augmented/northandsouth_50_f000034_aug.wav,ko,spoof,tts,Fish-S2-Pro,-,mlaad,,rawboost
data/processed/ko_augmented/zeroth_133_003_2180_aug.wav,ko,bonafide,real,-,zeroth_133,zeroth_korean,이십 이 일 브뤼셀 말베이크역 주변 도로가 경찰 차량으로 통제됐다,rawboost+codec
data/processed/ko_mlaad_augmented/pink_fairy_book_39_f000017_aug.wav,ko,spoof,tts,Fish-S2-Pro,-,mlaad,,rawboost+codec
data/processed/ko_mlaad_augmented/midnight_passenger_07_f000103_aug.wav,ko,spoof,tts,Qwen3-TTS-12Hz-0.6B-Base,-,mlaad,,rawboost
data/processed/ko_mlaad_augmented/pink_fairy_book_32_f000149_aug.wav,ko,spoof,tts,OmniVoice,-,mlaad,,none
data/processed/ko_augmented/zeroth_155_003_0142_aug.wav,ko,bonafide,real,-,zeroth_155,zeroth_korean,그리고 다시 경남기업의 신기수 회장의 도움을 받고 주변 지인들의 도움을 받아서 성북동으로 이사를 가지 않습니까,none
data/processed/ko_augmented/zeroth_202_003_0476_aug.wav,ko,bonafide,real,-,zeroth_202,zeroth_korean,그는 일단 유치원 예산을 갖고 여섯 개월이라도 편성해 재앙을 막자는 상황이지만 녹록한 상황이 아니다,rawboost
data/processed/ko_augmented/zeroth_163_003_1159_aug.wav,ko,bonafide,real,-,zeroth_163,zeroth_korean,결국 좌석 등받이 때문에 칠천 미터 상공에서 싸움을 벌이다가 장쑤성 난퉁공항에 비행기가 비상 착륙하는 소동까지 빚어졌습니다,rawboost+codec
data/processed/ko_mlaad_augmented/wives_and_daughters_32_f000272_aug.wav,ko,spoof,tts,OmniVoice,-,mlaad,,none
data/processed/ko_augmented/zeroth_109_003_0046_aug.wav,ko,bonafide,real,-,zeroth_109,zeroth_korean,이 전 회장의 장례식은 별세 시점인 십 사 일을 기준으로 일곱 일장으로 치뤄진다,rawboost+codec
data/processed/ko_augmented/zeroth_206_003_0591_aug.wav,ko,bonafide,real,-,zeroth_206,zeroth_korean,그러던 어느 날 뜻밖의 사건이 벌어져 이 도시와 일본 전체가 새로운 전기를 맞게 되었습니다,none
data/processed/ko_augmented/zeroth_199_003_1982_aug.wav,ko,bonafide,real,-,zeroth_199,zeroth_korean,카카오 관계자는 장애의 범위와 원인을 확인하고 있다 고 말했다,rawboost
data/processed/ko_mlaad_augmented/wives_and_daughters_04_f000196_aug.wav,ko,spoof,tts,Higgs-Audio-V2,-,mlaad,,rawboost
data/processed/ko_mlaad_augmented/jane_eyre_23_f000062_aug.wav,ko,spoof,tts,Fish-S2-Pro,-,mlaad,,none
data/processed/ko_augmented/zeroth_107_003_0307_aug.wav,ko,bonafide,real,-,zeroth_107,zeroth_korean,그리고 사퇴하기 전에 대국민 사과 밑 새누리당에도 사과를 해야 하는데 지금 전혀 사과 기미가 없고요,codec
data/processed/ko_augmented/zeroth_211_003_0782_aug.wav,ko,bonafide,real,-,zeroth_211,zeroth_korean,인턴 특종 에베레스트 포스터는 모두 고 노무현 전 대통령을 희화화하거나 조롱하는 이미지가 담겼다,rawboost
data/processed/ko_mlaad_augmented/pink_fairy_book_31_f000088_aug.wav,ko,spoof,tts,VoxCPM2,-,mlaad,,none
data/processed/ko_augmented/kss_12699_aug.wav,ko,bonafide,real,-,kss_speaker,kss,역시 예상했던 대로구나.,none
data/processed/ko_augmented/kss_06894_aug.wav,ko,bonafide,real,-,kss_speaker,kss,수면을 취하는 데 어려움을 겪은 적이 있나요?,none
data/processed/ko_mlaad_augmented/jane_eyre_31_f000143_aug.wav,ko,spoof,tts,tts_models_multilingual_multi-dataset_bark,-,mlaad,,rawboost
data/processed/ko_mlaad_augmented/ozma_of_oz_17_f000022_aug.wav,ko,spoof,tts,tts_models_multilingual_multi-dataset_xtts_v2,-,mlaad,,rawboost
data/processed/ko_mlaad_augmented/silent_bullet_02_f000153_aug.wav,ko,spoof,tts,OmniVoice,-,mlaad,,rawboost+codec
data/processed/ko_augmented/zeroth_129_003_2616_aug.wav,ko,bonafide,real,-,zeroth_129,zeroth_korean,교육부 관계자는 이영 차관이 해임을 포함해 조치를 논의하겠다고 밝혔고 그 후 진전된 내용은 없다고 했다,rawboost+codec
data/processed/ko_augmented/zeroth_206_003_0216_aug.wav,ko,bonafide,real,-,zeroth_206,zeroth_korean,뉴욕타임스는 월마트의 임금 인상은 이천 팔 년 글로벌 금융 위기 이후 정체됐던 임금 상승의 신호탄이 될 것이라며 회복세를 보이는 미국 경제에 청신호라고 전했다,rawboost+codec
data/processed/ko_mlaad_augmented/poisoned_pen_05_f000223_aug.wav,ko,spoof,tts,OmniVoice,-,mlaad,,rawboost
data/processed/ko_augmented/zeroth_200_from_zeroth_187_003_1033_aug.wav,ko,spoof,vc,rvc_zeroth_200,zeroth_200,rvc_from_zeroth_187,올보르 구치소 관계자는 정 씨의 아기가 정 씨를 보러 면회를 올 수는 있어도 정 씨가 아기를 보러 나갈 수는 없다고 부인했다,none
data/processed/ko_mlaad_augmented/silent_bullet_03_f000209_aug.wav,ko,spoof,tts,Fish-S2-Pro,-,mlaad,,rawboost
data/processed/ko_mlaad_augmented/hunters_space_06_f000054_aug.wav,ko,spoof,tts,Fish-S2-Pro,-,mlaad,,rawboost
data/processed/ko_mlaad_augmented/wives_and_daughters_56_f000072_aug.wav,ko,spoof,tts,MOSS-TTS-8B,-,mlaad,,none
data/processed/ko_augmented/kss_11737_aug.wav,ko,bonafide,real,-,kss_speaker,kss,물은 수소와 산소로 이루어져 있다.,none
data/processed/ko_mlaad_augmented/pink_fairy_book_14_f000119_aug.wav,ko,spoof,tts,Qwen3-TTS-12Hz-1.7B-Base,-,mlaad,,rawboost
data/processed/ko_augmented/zeroth_218_003_0631_aug.wav,ko,bonafide,real,-,zeroth_218,zeroth_korean,이 사건을 수사 중인 시흥경찰서 수사본부는 칠 일 오전 발견된 시신 손에서 지문을 채취 확인한 결과 중국 동포 한모씨로 확인됐다고 밝혔다,none
data/processed/ko_augmented/zeroth_150_003_2293_aug.wav,ko,bonafide,real,-,zeroth_150,zeroth_korean,마음만 먹으면 어떤 사람보다도 정신과 의사는 범행하기가 쉽고 편안한 위치에 있습니다,rawboost
data/processed/ko_augmented/kss_00915_aug.wav,ko,bonafide,real,-,kss_speaker,kss,저를 소개하겠습니다.,none
data/processed/ko_augmented/zeroth_134_003_2547_aug.wav,ko,bonafide,real,-,zeroth_134,zeroth_korean,박 의원은 특히 남양주에 라고 말하면서 눈물을 보였고 어린 시절 그곳에서 뛰어놀다 삼 선 국회의원이 됐고 아무런 배경도 없이 오직 땀과 눈물로 앞만 보고 달렸다,codec
data/processed/ko_mlaad_augmented/emerald_city_of_oz_17_f000125_aug.wav,ko,spoof,tts,minimax_speech-02-turbo,-,mlaad,,rawboost
data/processed/ko_mlaad_augmented/poisoned_pen_01_f000268_aug.wav,ko,spoof,tts,VoxCPM2,-,mlaad,,rawboost
data/processed/ko_augmented/kss_05633_aug.wav,ko,bonafide,real,-,kss_speaker,kss,경기가 작년보다 더 안 좋아요.,rawboost
data/processed/ko_augmented/zeroth_135_003_0656_aug.wav,ko,bonafide,real,-,zeroth_135,zeroth_korean,거액의 손해배상 소송 외에도 항소심 이후 상고를 준비해야 할 가능성도 배제할 순 없습니다,rawboost
data/processed/ko_augmented/zeroth_186_003_2290_aug.wav,ko,bonafide,real,-,zeroth_186,zeroth_korean,부친은 누군가 동행해 우리 둘만의 시간을 허락하지 않았고 만남은 냉랭했다며 숙소로 안내하지도 않았고 어쩌다 다쳤는지 전투에 참여했는지도 말하지 않았다고 전했다,codec
data/processed/ko_mlaad_augmented/poisoned_pen_01_f000241_aug.wav,ko,spoof,tts,MOSS-TTS-8B,-,mlaad,,rawboost
data/processed/ko_augmented/kss_11468_aug.wav,ko,bonafide,real,-,kss_speaker,kss,침대가 참 포근해요.,codec
data/processed/ko_augmented/zeroth_115_003_1351_aug.wav,ko,bonafide,real,-,zeroth_115,zeroth_korean,일베저장소를 운영하는 유비에이치는 최근 일베에 채용공고를 냈다,none
data/processed/ko_mlaad_augmented/jane_eyre_35_f000231_aug.wav,ko,spoof,tts,Fish-S2-Pro,-,mlaad,,codec
data/processed/ko_augmented/kss_07085_aug.wav,ko,bonafide,real,-,kss_speaker,kss,사실 내 생각은 달라.,codec
data/processed/ko_augmented/zeroth_214_003_2105_aug.wav,ko,bonafide,real,-,zeroth_214,zeroth_korean,그마저도 남편이 다른 회사로 옮기면서 차가 필요해 중고차를 구매하자 지원대상에서 제외됐다,none
data/processed/ko_mlaad_augmented/the_sea_fairies_03_f000143_aug.wav,ko,spoof,tts,OmniVoice,-,mlaad,,rawboost
data/processed/ko_augmented/zeroth_129_003_1274_aug.wav,ko,bonafide,real,-,zeroth_129,zeroth_korean,반면 여권이 좌편향의 표적으로 삼은 칠 종의 검정 한국사 검정교과서는 주체사상의 실체가 아닌 비판적 소개에 집중했다,rawboost+codec
data/processed/ko_augmented/kss_00849_aug.wav,ko,bonafide,real,-,kss_speaker,kss,그 남자가 범인으로 생각됩니다.,codec
data/processed/ko_mlaad_augmented/skyisland_17_baum_64kb_f000067_aug.wav,ko,spoof,tts,OmniVoice,-,mlaad,,rawboost
data/processed/ko_augmented/zeroth_122_003_1277_aug.wav,ko,bonafide,real,-,zeroth_122,zeroth_korean,이번에도 미사일 자체는 그 정도의 투사능력이 있었던 것이다,rawboost+codec
data/processed/ko_mlaad_augmented/jane_eyre_16_f000065_aug.wav,ko,spoof,tts,Qwen3-TTS-12Hz-0.6B-Base,-,mlaad,,none
data/processed/ko_augmented/zeroth_141_003_0230_aug.wav,ko,bonafide,real,-,zeroth_141,zeroth_korean,이 고사총은 대공용이 주임무지만 사람 특히 정적이나 정치범 등을 대상으로 한 것은 북한 외에는 없다는 것이 전문가들의 전언이다,none
data/processed/ko_mlaad_augmented/wives_and_daughters_39_f000176_aug.wav,ko,spoof,tts,Qwen3-TTS-12Hz-1.7B-Base,-,mlaad,,codec
data/processed/ko_mlaad_augmented/jane_eyre_13_f000188_aug.wav,ko,spoof,tts,MOSS-TTS-1.7B,-,mlaad,,rawboost+codec
data/processed/ko_augmented/kss_08159_aug.wav,ko,bonafide,real,-,kss_speaker,kss,여행 중에는 단독으로 행동하면 안 된다.,rawboost
data/processed/ko_augmented/kss_04192_aug.wav,ko,bonafide,real,-,kss_speaker,kss,국을 뭘로 양념했어요?,rawboost+codec
data/processed/ko_augmented/zeroth_172_003_1692_aug.wav,ko,bonafide,real,-,zeroth_172,zeroth_korean,그리고 아웃렛은 재고 상품을 싸게 판다고 해서 붙은 이름인데 이런 아웃렛들 정말 물건을 싸게 팔고 있을까요,none
data/processed/ko_augmented/zeroth_185_from_zeroth_162_003_0725_aug.wav,ko,spoof,vc,rvc_zeroth_185,zeroth_185,rvc_from_zeroth_162,야권은 여당에서 분명한 입장을 표해야 한다고 연일 압박 수위를 높이고 있다,none
data/processed/ko_mlaad_augmented/poisoned_pen_03_f000031_aug.wav,ko,spoof,tts,Qwen3-TTS-12Hz-1.7B-Base,-,mlaad,,rawboost+codec
data/processed/ko_mlaad_augmented/dorothy_and_wizard_oz_08_f000090_aug.wav,ko,spoof,tts,Qwen3-TTS-12Hz-0.6B-Base,-,mlaad,,none
data/processed/ko_mlaad_augmented/poisoned_pen_12_f000239_aug.wav,ko,spoof,tts,OmniVoice,-,mlaad,,rawboost
data/processed/ko_augmented/zeroth_192_003_2140_aug.wav,ko,bonafide,real,-,zeroth_192,zeroth_korean,기재부 관계자는 특수활동비의 경우 총액 편성 총액 결산이기 때문에 결산 때 세부 내역까지 상세히 들여다보지 않는다고 했다,rawboost
data/processed/ko_mlaad_augmented/silent_bullet_01_f000009_aug.wav,ko,spoof,tts,Qwen3-TTS-12Hz-0.6B-Base,-,mlaad,,rawboost+codec
data/processed/ko_augmented/zeroth_141_003_1940_aug.wav,ko,bonafide,real,-,zeroth_141,zeroth_korean,언론은 이십 오 일쯤 도발 가능성중국 해군의 최신형 이지스 구축함 시닝호의 실전훈련 모습,rawboost
data/processed/ko_mlaad_augmented/piratesofersatz_05_leinster_64kb_f000146_aug.wav,ko,spoof,tts,Higgs-Audio-V2,-,mlaad,,none
data/processed/ko_augmented/zeroth_159_003_1034_aug.wav,ko,bonafide,real,-,zeroth_159,zeroth_korean,맞벌이 시절 가사도우미가 하던 일은 고스란히 내 몫이 됐다,none
data/processed/ko_mlaad_augmented/the_sea_fairies_12_f000070_aug.wav,ko,spoof,tts,Fish-S2-Pro,-,mlaad,,codec
data/processed/ko_mlaad_augmented/jane_eyre_12_f000163_aug.wav,ko,spoof,tts,Qwen3-TTS-12Hz-1.7B-Base,-,mlaad,,rawboost
data/processed/ko_augmented/zeroth_181_003_0676_aug.wav,ko,bonafide,real,-,zeroth_181,zeroth_korean,그러나 군 당국은 보안사항이라며 방공 시스템은 끝내 공개하지 않았다,codec
data/processed/ko_mlaad_augmented/jane_eyre_04_f000221_aug.wav,ko,spoof,tts,Higgs-Audio-V2,-,mlaad,,none
data/processed/ko_augmented/zeroth_169_003_1003_aug.wav,ko,bonafide,real,-,zeroth_169,zeroth_korean,황정화 이건 사실 법 적용을 어떻게 할 것인가의 문제일 텐데요,codec
data/processed/ko_mlaad_augmented/northandsouth_35_f000134_aug.wav,ko,spoof,tts,MOSS-TTS-8B,-,mlaad,,rawboost
data/processed/ko_mlaad_augmented/northandsouth_22_f000138_aug.wav,ko,spoof,tts,OmniVoice,-,mlaad,,rawboost+codec
data/processed/ko_augmented/kss_07438_aug.wav,ko,bonafide,real,-,kss_speaker,kss,지금은 감기 때문에 밥맛이 없어요.,rawboost+codec
data/processed/ko_mlaad_augmented/poisoned_pen_06_f000119_aug.wav,ko,spoof,tts,Higgs-Audio-V2,-,mlaad,,none
data/processed/ko_mlaad_augmented/wives_and_daughters_11_f000033_aug.wav,ko,spoof,tts,MOSS-TTS-8B,-,mlaad,,codec
data/processed/ko_mlaad_augmented/jane_eyre_20_f000041_aug.wav,ko,spoof,tts,VoxCPM2,-,mlaad,,none
data/processed/ko_mlaad_augmented/wives_and_daughters_19_f000050_aug.wav,ko,spoof,tts,VoxCPM2,-,mlaad,,none
data/processed/ko_augmented/zeroth_106_003_1401_aug.wav,ko,bonafide,real,-,zeroth_106,zeroth_korean,검찰 관계자는 십 칠 일 내부 기류는 기본적으로 구속영장 청구가 불가피하다는 인식이라고 말했다,none
data/processed/ko_mlaad_augmented/hunters_space_09_f000024_aug.wav,ko,spoof,tts,tts_models_multilingual_multi-dataset_bark,-,mlaad,,codec
data/processed/ko_augmented/kss_07156_aug.wav,ko,bonafide,real,-,kss_speaker,kss,좀 적게 먹으려고 노력 중이야.,codec
data/processed/ko_mlaad_augmented/piratesofersatz_01_leinster_64kb_f000188_aug.wav,ko,spoof,tts,Higgs-Audio-V2,-,mlaad,,codec
data/processed/ko_augmented/zeroth_166_003_1367_aug.wav,ko,bonafide,real,-,zeroth_166,zeroth_korean,나만 죽이는 구나 그래서 처음엔 외국에 좀 가있으려고 했다,none
data/processed/ko_augmented/zeroth_119_003_1966_aug.wav,ko,bonafide,real,-,zeroth_119,zeroth_korean,십대 청소년들의 낭만적인 관계가 대부분 애처로울 정도로 짧게 끝나 버리는 것도 놀라운 일이 아닙니다,codec
data/processed/ko_augmented/zeroth_183_003_2367_aug.wav,ko,bonafide,real,-,zeroth_183,zeroth_korean,육 일 통계청에 따르면 이천 십 사 년 기준 한국인의 여가 시간은 통계를 처음 내기 시작한 천 구백 구십 구 년보다 오히려 짧아졌다,none
data/processed/ko_mlaad_augmented/northandsouth_40_f000086_aug.wav,ko,spoof,tts,Fish-S2-Pro,-,mlaad,,codec
data/processed/ko_mlaad_augmented/wives_and_daughters_45_f000014_aug.wav,ko,spoof,tts,OmniVoice,-,mlaad,,rawboost
data/processed/ko_augmented/zeroth_155_003_2644_aug.wav,ko,bonafide,real,-,zeroth_155,zeroth_korean,자신이 꽃임을 잊어버린 마흔 일곱 명의 위안부 여성이 아직 살아 있다,rawboost+codec
data/processed/ko_mlaad_augmented/jane_eyre_11_f000048_aug.wav,ko,spoof,tts,tts_models_multilingual_multi-dataset_bark,-,mlaad,,none
data/processed/ko_augmented/zeroth_164_003_2119_aug.wav,ko,bonafide,real,-,zeroth_164,zeroth_korean,그러니까 아마 대통령이 그 말씀을 하시고 개성공단을 중단하시고 하실 때 이미 벌써 여러 가지 시나리오가 검토되었을 것입니다,none
data/processed/ko_mlaad_augmented/ozma_of_oz_15_f000052_aug.wav,ko,spoof,tts,Fish-S2-Pro,-,mlaad,,rawboost
data/processed/ko_augmented/kss_09457_aug.wav,ko,bonafide,real,-,kss_speaker,kss,대충 헤아려 보니 스무 개 정도 되는 거 같아요.,none
data/processed/ko_augmented/zeroth_157_003_2954_aug.wav,ko,bonafide,real,-,zeroth_157,zeroth_korean,집에서 인정받은 최 씨는 이제 나가서도 당당히 자신이 미혼모임을 밝힌다,rawboost
data/processed/ko_augmented/zeroth_179_003_1398_aug.wav,ko,bonafide,real,-,zeroth_179,zeroth_korean,먼저 안내인의 마을로 가서 우리와 동행할 두 명의 피그미족 약초 채집꾼들인 제르멘과 발라레를 만납니다,none
data/processed/ko_augmented/zeroth_159_003_2780_aug.wav,ko,bonafide,real,-,zeroth_159,zeroth_korean,혹시 가능하다면 성서를 한 부 구할 수 있는지 궁금합니다,none
data/processed/ko_augmented/zeroth_165_003_2678_aug.wav,ko,bonafide,real,-,zeroth_165,zeroth_korean,부동산 백 십 사 는 수도권 아파트 매매가격이 구 월 한달간 평균 영 쩜 칠 육 퍼센트 상승했다고 이 일 밝혔다,rawboost
data/processed/ko_augmented/kss_09254_aug.wav,ko,bonafide,real,-,kss_speaker,kss,저희 은행에 계좌가 있으신가요?,codec
data/processed/ko_augmented/zeroth_108_003_1373_aug.wav,ko,bonafide,real,-,zeroth_108,zeroth_korean,이밖에도 올해 강남권 재건축 아파트 일 만 삼천 가구가 이주에 나설 예정이어서 연립 다세대주택으로 이주하는 세입자들은 더욱 늘어날 것으로 전망된다,codec
data/processed/ko_mlaad_augmented/rinkitink_baum_22_64kb_f000007_aug.wav,ko,spoof,tts,Qwen3-TTS-12Hz-1.7B-Base,-,mlaad,,none
data/processed/ko_mlaad_augmented/pink_fairy_book_06_f000060_aug.wav,ko,spoof,tts,MOSS-TTS-8B,-,mlaad,,none
data/processed/ko_augmented/zeroth_193_003_1265_aug.wav,ko,bonafide,real,-,zeroth_193,zeroth_korean,간통 남녀가 짜고 법정에서 배우자를 상대로 오리발을 내밀기도 하고 피해 배우자는 더 많은 위자료를 얻기 위해 불법 도청을 서슴지 않는 경우도 많아지고 있다,rawboost+codec
data/processed/ko_mlaad_augmented/wives_and_daughters_60_f000107_aug.wav,ko,spoof,tts,MOSS-TTS-8B,-,mlaad,,codec
data/processed/ko_mlaad_augmented/the_sea_fairies_21_f000049_aug.wav,ko,spoof,tts,Fish-S2-Pro,-,mlaad,,none
data/processed/ko_augmented/kss_10081_aug.wav,ko,bonafide,real,-,kss_speaker,kss,인터넷 덕분에 전 세계 사람들하고 이야기할 수 있게 되었어요.,rawboost
data/processed/ko_augmented/zeroth_217_003_1850_aug.wav,ko,bonafide,real,-,zeroth_217,zeroth_korean,각 정당과 무소속 후보들은 치열한 예선을 거쳐 이제 당락을 가르는 십 여 일간의 진검승부에 나섰다,codec
data/processed/ko_augmented/zeroth_215_003_1771_aug.wav,ko,bonafide,real,-,zeroth_215,zeroth_korean,일단 여기까지는 자기 휴대전화기를 통한 무제한 데이터 이용에 한정된 얘기다,rawboost
data/processed/ko_mlaad_augmented/midnight_passenger_03_f000090_aug.wav,ko,spoof,tts,minimax_speech-02-turbo,-,mlaad,,none
data/processed/ko_mlaad_augmented/silent_bullet_03_f000178_aug.wav,ko,spoof,tts,Fish-S2-Pro,-,mlaad,,rawboost
data/processed/ko_augmented/zeroth_136_003_0081_aug.wav,ko,bonafide,real,-,zeroth_136,zeroth_korean,모두가 언어를 공부하고 있었고 영어를 잘했기 때문에 그들에게 영어로 된 청소년은 묻는다 책 삼십 권을 전할 수 있었지요,rawboost+codec
data/processed/ko_augmented/zeroth_194_003_2622_aug.wav,ko,bonafide,real,-,zeroth_194,zeroth_korean,핫 플레이스가 된 동네의 그늘 하루가 다르게 새로운 가게들이 속속 들어서는 망원동,none
data/processed/ko_augmented/zeroth_119_003_2855_aug.wav,ko,bonafide,real,-,zeroth_119,zeroth_korean,이 때문에 입주자 모집공고 전부터 시프트 입주권 편법 거래 등이 인터넷에 떠도는 등 부작용도 낳고 있어 제도 개선이 필요하다는 지적도 적지 않다,rawboost
data/processed/ko_mlaad_augmented/ozma_of_oz_13_f000067_aug.wav,ko,spoof,tts,Fish-S2-Pro,-,mlaad,,rawboost
data/processed/ko_augmented/zeroth_177_003_1569_aug.wav,ko,bonafide,real,-,zeroth_177,zeroth_korean,독일 아디다스는 무인공장 덕분에 이십 삼 년 만에 자국에 신발공장을 열었다,codec
data/processed/ko_mlaad_augmented/jane_eyre_33_f000038_aug.wav,ko,spoof,tts,Qwen3-TTS-12Hz-0.6B-Base,-,mlaad,,rawboost+codec
data/processed/ko_augmented/zeroth_151_003_1243_aug.wav,ko,bonafide,real,-,zeroth_151,zeroth_korean,트럭은 다섯 미터를 더 달려 박씨의 하반신을 으깨고 지나갔다,codec
data/processed/ko_augmented/kss_03084_aug.wav,ko,spoof,tts,mms-tts-kor,vits_default,kss_transcript,아들 녀석은 공부랑은 담을 쌓았어요.,none
data/processed/ko_mlaad_augmented/the_master_key_03_f000047_aug.wav,ko,spoof,tts,tts_models_multilingual_multi-dataset_bark,-,mlaad,,rawboost
data/processed/ko_mlaad_augmented/poisoned_pen_08_f000306_aug.wav,ko,spoof,tts,Qwen3-TTS-12Hz-0.6B-Base,-,mlaad,,rawboost+codec
data/processed/ko_mlaad_augmented/wives_and_daughters_17_f000082_aug.wav,ko,spoof,tts,OmniVoice,-,mlaad,,none
data/processed/ko_augmented/kss_08554_aug.wav,ko,bonafide,real,-,kss_speaker,kss,돈이 있으면 좀 빌려 줄래?,rawboost
data/processed/ko_mlaad_augmented/silent_bullet_12_f000111_aug.wav,ko,spoof,tts,tts_models_multilingual_multi-dataset_xtts_v2,-,mlaad,,none
data/processed/ko_augmented/zeroth_208_003_2312_aug.wav,ko,bonafide,real,-,zeroth_208,zeroth_korean,최순실 국정농단 사건과 관련해 안봉근 전 청와대 국정홍보비서관이 지난 십 사 일 오전 서울 서초구 서울중앙지검에 출두하고 있다,none
data/processed/ko_mlaad_augmented/pink_fairy_book_32_f000039_aug.wav,ko,spoof,tts,MOSS-TTS-8B,-,mlaad,,codec
data/processed/ko_augmented/zeroth_201_from_zeroth_170_003_0704_aug.wav,ko,spoof,vc,rvc_zeroth_201,zeroth_201,rvc_from_zeroth_170,구두변론을 자청해서는 단상에 서서 강 재판관을 국회 측 수석대리인이라고 지칭해 물의를 빚었다,rawboost
data/processed/ko_augmented/zeroth_146_003_2896_aug.wav,ko,bonafide,real,-,zeroth_146,zeroth_korean,최근 일정한 직업 없이 생활한 이들은 이 천여만원의 빚을 졌고 월세 오십 이 만원짜리 다세대 주택에서 살았다,none
data/processed/ko_mlaad_augmented/northandsouth_15_f000009_aug.wav,ko,spoof,tts,tts_models_multilingual_multi-dataset_xtts_v2,-,mlaad,,rawboost
data/processed/ko_mlaad_augmented/wives_and_daughters_16_f000165_aug.wav,ko,spoof,tts,Qwen3-TTS-12Hz-0.6B-Base,-,mlaad,,rawboost+codec
data/processed/ko_augmented/zeroth_143_003_2744_aug.wav,ko,bonafide,real,-,zeroth_143,zeroth_korean,일본에서는 당시의 태풍을 신풍 즉 국가를 수호한 신성한 바람이라고 일컫는다,rawboost
data/processed/ko_augmented/kss_11865_aug.wav,ko,bonafide,real,-,kss_speaker,kss,셋째 주까지 신청하셔야 합니다.,rawboost
data/processed/ko_augmented/zeroth_151_003_2623_aug.wav,ko,bonafide,real,-,zeroth_151,zeroth_korean,신병 치료를 위해 병원에 입원해 있는 윤씨는 일체의 언론 접촉을 거부하고 있다,rawboost
data/processed/ko_augmented/kss_11932_aug.wav,ko,bonafide,real,-,kss_speaker,kss,시금치에는 철이 풍부하다.,none
data/processed/ko_augmented/zeroth_201_from_kss_12687_aug.wav,ko,spoof,vc,rvc_zeroth_201,zeroth_201,rvc_from_kss_speaker,여직원이 전체의 50% 정도 됩니다.,none
data/processed/ko_augmented/zeroth_155_003_2677_aug.wav,ko,bonafide,real,-,zeroth_155,zeroth_korean,청와대의 조오영 전 행정관이 서초구청의 조이제 전 국장을 통해 정보를 입수한 게 맞는지 사실관계부터 들여다볼 필요가 있다,rawboost
data/processed/ko_augmented/zeroth_215_003_1508_aug.wav,ko,bonafide,real,-,zeroth_215,zeroth_korean,자기계발비가 너무 적어 가족당 외출을 한 달에 한 두 번밖에 못할 명세서도 등장했다,codec
data/processed/ko_augmented/zeroth_158_003_0810_aug.wav,ko,bonafide,real,-,zeroth_158,zeroth_korean,낯선 곳에 묵다 보니 누굴 만날 때 차림새가 엉망이었다,none
data/processed/ko_augmented/zeroth_154_003_0636_aug.wav,ko,bonafide,real,-,zeroth_154,zeroth_korean,이러한 전략적 요충지의 이점을 제일 먼저 깨달은 사람들은 로마인들이 아니었습니다,rawboost
data/processed/ko_augmented/kss_02295_aug.wav,ko,bonafide,real,-,kss_speaker,kss,이번 주말에 가족들과 아버지 산소에 갈 생각입니다.,rawboost
data/processed/ko_augmented/kss_10267_aug.wav,ko,spoof,tts,mms-tts-kor,vits_default,kss_transcript,괜찮으시면 질문 몇 가지 해도 될까요?,rawboost
data/processed/ko_augmented/zeroth_182_003_2800_aug.wav,ko,bonafide,real,-,zeroth_182,zeroth_korean,크리스티의 청각 장애는 여전히 우리 모두에게 도전이 되는 것입니다,none
data/processed/ko_augmented/zeroth_188_003_0126_aug.wav,ko,bonafide,real,-,zeroth_188,zeroth_korean,이 과정에서 일부 주주의 반대로 송광수 사외이사와 박재완 사외이사 신종균 사내이사 이사 보수한도 승인의 건 등 총 사 차례의 안건에 대한 찬반 투표가 진행됐다,none
data/processed/ko_mlaad_augmented/hunters_space_14_f000107_aug.wav,ko,spoof,tts,OmniVoice,-,mlaad,,codec
data/processed/ko_augmented/kss_07717_aug.wav,ko,bonafide,real,-,kss_speaker,kss,그의 인생은 불행의 연속이었다.,none
data/processed/ko_augmented/zeroth_196_003_0312_aug.wav,ko,bonafide,real,-,zeroth_196,zeroth_korean,이들은 전날 모임에서와 마찬가지로 현 지도부로는 총선이 어렵다며 문 대표의 사퇴 필요성과 전당대회 개최를 통한 지도부 교체에 대해 공감대를 형성했다,rawboost
data/processed/ko_augmented/kss_04055_aug.wav,ko,bonafide,real,-,kss_speaker,kss,한글은 매우 과학적이다.,rawboost
data/processed/ko_augmented/zeroth_123_003_1482_aug.wav,ko,bonafide,real,-,zeroth_123,zeroth_korean,백내장으로 시력도 나빠져 코 앞에 있는 사물도 분간하기 어려워한다,none
data/processed/ko_augmented/zeroth_176_003_0809_aug.wav,ko,bonafide,real,-,zeroth_176,zeroth_korean,매달 지원금이 들어와서 경제적인 부분도 부담이 덜 됩니다,none
data/processed/ko_mlaad_augmented/pink_fairy_book_14_f000144_aug.wav,ko,spoof,tts,Fish-S2-Pro,-,mlaad,,rawboost
data/processed/ko_augmented/kss_11549_aug.wav,ko,bonafide,real,-,kss_speaker,kss,이 아파트는 한 평에 3천만 원이 넘어요.,none
data/processed/ko_mlaad_augmented/poisoned_pen_08_f000109_aug.wav,ko,spoof,tts,Qwen3-TTS-12Hz-0.6B-Base,-,mlaad,,none
data/processed/ko_augmented/zeroth_211_003_0412_aug.wav,ko,bonafide,real,-,zeroth_211,zeroth_korean,부모가 당신이 뮤직 비디오를 보는 것에 동의한다면 당신은 선택적이 되고 성서로 훈련받은 지각력을 사용하여 보기에 적합한 것과 적합하지 않은 것을 구별할 필요가 있습니다,codec
data/processed/ko_augmented/zeroth_113_003_2669_aug.wav,ko,bonafide,real,-,zeroth_113,zeroth_korean,어머니나 아버지가 녹내장에 걸린 사람은 녹내장에 걸릴 위험성이 세 배 내지 다섯 배로 높아집니다,none
data/processed/ko_mlaad_augmented/poisoned_pen_07_f000366_aug.wav,ko,spoof,tts,VoxCPM2,-,mlaad,,none
data/processed/ko_mlaad_augmented/jane_eyre_27_f000535_aug.wav,ko,spoof,tts,Higgs-Audio-V2,-,mlaad,,codec
data/processed/ko_augmented/zeroth_111_003_1745_aug.wav,ko,bonafide,real,-,zeroth_111,zeroth_korean,하지만 삼 당이 합의해 개헌안을 발의해도 민주당이 흔쾌한 자세를 보이지 않아 대선 전 이뤄지기는 어려울 것이라고 전망했다,none
data/processed/ko_mlaad_augmented/dorothy_and_wizard_oz_14_f000020_aug.wav,ko,spoof,tts,Fish-S2-Pro,-,mlaad,,rawboost
data/processed/ko_mlaad_augmented/northandsouth_39_f000152_aug.wav,ko,spoof,tts,MOSS-TTS-8B,-,mlaad,,none
data/processed/ko_augmented/zeroth_172_003_0711_aug.wav,ko,bonafide,real,-,zeroth_172,zeroth_korean,나는 새로운 머리 모양에다 약간의 화장과 안경으로 변장을 하고 린다와 함께 전파 활동에 나섰습니다,rawboost
data/processed/ko_mlaad_augmented/emerald_city_of_oz_16_f000085_aug.wav,ko,spoof,tts,MOSS-TTS-1.7B,-,mlaad,,none
data/processed/ko_augmented/zeroth_164_003_2985_aug.wav,ko,bonafide,real,-,zeroth_164,zeroth_korean,앵커 한 고등학교가 얼마 전 이 학년 학부모들에게 발송한 가정통신문입니다,codec
data/processed/ko_augmented/kss_02291_aug.wav,ko,bonafide,real,-,kss_speaker,kss,진심으로 애도의 말씀을 드립니다.,rawboost
data/processed/ko_mlaad_augmented/wives_and_daughters_54_f000121_aug.wav,ko,spoof,tts,MOSS-TTS-1.7B,-,mlaad,,rawboost
data/processed/ko_augmented/zeroth_125_003_2399_aug.wav,ko,bonafide,real,-,zeroth_125,zeroth_korean,해당 인사를 파면하라는 목소리가 커지고 있지만 정작 교육부 내부기류는 미온적이어서 징계 여부와 수위가 주목된다,rawboost
data/processed/ko_augmented/kss_07334_aug.wav,ko,bonafide,real,-,kss_speaker,kss,면접에 앞서 간단한 테스트가 있습니다.,rawboost
data/processed/ko_mlaad_augmented/midnight_passenger_08_f000257_aug.wav,ko,spoof,tts,Fish-S2-Pro,-,mlaad,,codec
data/processed/ko_augmented/zeroth_163_003_2664_aug.wav,ko,bonafide,real,-,zeroth_163,zeroth_korean,유종헌안녕들 하십니까 시작된 게시판 외부인이 대자보 훼손하다니대자보를 작성자에게 다시 돌려주고 나니 해당 대자보가 붙어있던 정경대 후문은 한바탕 난리가 나 있었다,rawboost+codec
data/processed/ko_augmented/zeroth_218_003_1621_aug.wav,ko,bonafide,real,-,zeroth_218,zeroth_korean,그러나 비박계 유승민 의원은 침묵을 지키며 박 대통령의 퇴장을 바라만 봤다,codec
data/processed/ko_augmented/zeroth_134_003_2083_aug.wav,ko,bonafide,real,-,zeroth_134,zeroth_korean,정부는 전국에 있는 사 대 강 보를 통해 확보된 물을 더 효율적으로 활용할 수 있도록 사 대 강 수자원 활용 개선 방안 용역도 시행 중이다,codec
data/processed/ko_mlaad_augmented/wives_and_daughters_02_f000246_aug.wav,ko,spoof,tts,MOSS-TTS-8B,-,mlaad,,codec
data/processed/ko_mlaad_augmented/midnight_passenger_10_f000114_aug.wav,ko,spoof,tts,OmniVoice,-,mlaad,,rawboost
data/processed/ko_mlaad_augmented/poisoned_pen_10_f000331_aug.wav,ko,spoof,tts,tts_models_multilingual_multi-dataset_xtts_v2,-,mlaad,,rawboost+codec
data/processed/ko_augmented/kss_03823_aug.wav,ko,bonafide,real,-,kss_speaker,kss,100퍼센트 장담합니다.,none
data/processed/ko_augmented/zeroth_169_003_1260_aug.wav,ko,bonafide,real,-,zeroth_169,zeroth_korean,여덟 명만 불러서 조사하고 말아서는 안되는 것 아닌가라고 말했다,none
data/processed/ko_mlaad_augmented/midnight_passenger_03_f000140_aug.wav,ko,spoof,tts,MOSS-TTS-8B,-,mlaad,,none
data/processed/ko_mlaad_augmented/jane_eyre_24_f000195_aug.wav,ko,spoof,tts,Higgs-Audio-V2,-,mlaad,,rawboost
data/processed/ko_mlaad_augmented/wives_and_daughters_56_f000022_aug.wav,ko,spoof,tts,Qwen3-TTS-12Hz-0.6B-Base,-,mlaad,,rawboost
data/processed/ko_augmented/kss_08049_aug.wav,ko,bonafide,real,-,kss_speaker,kss,20대 초반으로 보이세요.,rawboost
data/processed/ko_augmented/zeroth_157_003_1811_aug.wav,ko,bonafide,real,-,zeroth_157,zeroth_korean,전 임신 중이었는데 아이가 더 나은 삶을 살게 해 주고 싶었어요,none
data/processed/ko_augmented/zeroth_195_003_2240_aug.wav,ko,bonafide,real,-,zeroth_195,zeroth_korean,작년 이탈리아에선 마테오 렌치 현 총리가 무솔리니 이후 최연소인 삼십 구 세 나이로 총리직에 올랐다,codec
data/processed/ko_mlaad_augmented/dorothy_and_wizard_oz_05_f000059_aug.wav,ko,spoof,tts,Qwen3-TTS-12Hz-1.7B-Base,-,mlaad,,none
data/processed/ko_mlaad_augmented/skyisland_10_baum_64kb_f000046_aug.wav,ko,spoof,tts,Chatterbox Multilingual,-,mlaad,,none
data/processed/ko_augmented/kss_03366_aug.wav,ko,bonafide,real,-,kss_speaker,kss,새 학교에 적응하는 일은 쉽지 않았다.,none
data/processed/ko_mlaad_augmented/poisoned_pen_08_f000255_aug.wav,ko,spoof,tts,Qwen3-TTS-12Hz-1.7B-Base,-,mlaad,,none
data/processed/ko_mlaad_augmented/poisoned_pen_07_f000381_aug.wav,ko,spoof,tts,tts_models_multilingual_multi-dataset_bark,-,mlaad,,rawboost
data/processed/ko_augmented/zeroth_117_003_0204_aug.wav,ko,bonafide,real,-,zeroth_117,zeroth_korean,만일 하느님께서 실제로 모든 것을 예지하신다면 아담과 하와를 창조하시기도 전에 그들이 자신에게 불순종할 것이라는 사실을 알고 계셨을 것입니다,none
data/processed/ko_mlaad_augmented/northandsouth_04_f000068_aug.wav,ko,spoof,tts,Chatterbox Multilingual,-,mlaad,,rawboost+codec
data/processed/ko_augmented/zeroth_204_003_0301_aug.wav,ko,bonafide,real,-,zeroth_204,zeroth_korean,가비 홀즈워스는 현지 매체 디 인포메이션과의 인터뷰에서 캘러닉이 회사 고위 임원 다섯 명과 이천 십 사 년 중반 출장 차 서울을 찾았을 때 에스코트 바에 갔다고 말했다,codec
data/processed/ko_mlaad_augmented/wives_and_daughters_44_f000186_aug.wav,ko,spoof,tts,Qwen3-TTS-12Hz-1.7B-Base,-,mlaad,,codec
data/processed/ko_mlaad_augmented/northandsouth_42_f000188_aug.wav,ko,spoof,tts,Qwen3-TTS-12Hz-0.6B-Base,-,mlaad,,none
data/processed/ko_mlaad_augmented/dorothy_and_wizard_oz_15_f000023_aug.wav,ko,spoof,tts,MOSS-TTS-1.7B,-,mlaad,,none
data/processed/ko_mlaad_augmented/wives_and_daughters_57_f000141_aug.wav,ko,spoof,tts,Chatterbox Multilingual,-,mlaad,,codec
data/processed/ko_augmented/kss_09450_aug.wav,ko,spoof,tts,mms-tts-kor,vits_default,kss_transcript,학생증 보여주시면 15퍼센트 할인해 드립니다.,rawboost
data/processed/ko_augmented/zeroth_125_003_1618_aug.wav,ko,bonafide,real,-,zeroth_125,zeroth_korean,이게 유족들을 격분시켜서 지금까지도 요양비 신청을 못 하게 만드는 이유가 된 겁니다,rawboost
data/processed/ko_mlaad_augmented/wives_and_daughters_18_f000242_aug.wav,ko,spoof,tts,VoxCPM2,-,mlaad,,rawboost
data/processed/ko_mlaad_augmented/wives_and_daughters_12_f000050_aug.wav,ko,spoof,tts,tts_models_multilingual_multi-dataset_bark,-,mlaad,,rawboost+codec
data/processed/ko_mlaad_augmented/jane_eyre_29_f000029_aug.wav,ko,spoof,tts,VoxCPM2,-,mlaad,,rawboost
data/processed/ko_augmented/zeroth_156_003_2594_aug.wav,ko,bonafide,real,-,zeroth_156,zeroth_korean,그분은 완벽한 제어력을 가지고 계시며 결코 과민 반응을 보이지 않으십니다,none
data/processed/ko_mlaad_augmented/midnight_passenger_08_f000060_aug.wav,ko,spoof,tts,minimax_speech-02-turbo,-,mlaad,,rawboost
data/processed/ko_augmented/zeroth_204_003_0776_aug.wav,ko,bonafide,real,-,zeroth_204,zeroth_korean,정치권에서는 이십 일 경 이 의원이 무소속 출마를 선언할 것이라는 전망이 나오고 있다,none
data/processed/ko_augmented/kss_08271_aug.wav,ko,spoof,tts,mms-tts-kor,vits_default,kss_transcript,가방 들어 드릴까요?,rawboost
data/processed/ko_augmented/zeroth_173_003_2573_aug.wav,ko,bonafide,real,-,zeroth_173,zeroth_korean,국회 추천이라고 했으니까 새누리당은 사사건건 딴지를 걸면서 시간을 끌 것이다,none
data/processed/ko_augmented/zeroth_157_003_2937_aug.wav,ko,bonafide,real,-,zeroth_157,zeroth_korean,문재인 더민주 대표가 최근 천 의원에게 당대 당 통합을 공식적으로 제안한 것도 천 의원의 고심을 깊어 만들게 한 대목이다,none
data/processed/ko_augmented/kss_05904_aug.wav,ko,bonafide,real,-,kss_speaker,kss,자전거 탈 때 헬멧 쓰는 거 잊지 마.,rawboost
data/processed/ko_mlaad_augmented/poisoned_pen_03_f000323_aug.wav,ko,spoof,tts,OmniVoice,-,mlaad,,rawboost+codec
data/processed/ko_augmented/zeroth_134_003_1750_aug.wav,ko,bonafide,real,-,zeroth_134,zeroth_korean,급할수록 돌아가라 이해와 인내 사이노출 천장과 도장한 벽체로 포인트를 준 주택 방 모습,none
data/processed/ko_augmented/zeroth_182_003_1135_aug.wav,ko,bonafide,real,-,zeroth_182,zeroth_korean,십 이 월 이십 팔 일 새정치민주연합이 더불어민주당으로 이름을 바꾸기까지 당내 여론이나 소셜네트워크서비스의 반응을 보면서 이 시가 떠올랐습니다,rawboost+codec
data/processed/ko_augmented/zeroth_117_003_0227_aug.wav,ko,bonafide,real,-,zeroth_117,zeroth_korean,시속 여든 킬로미터를 넘으면 차체 뒷부분이 마흔 센티미터가량 길어져 주변 공기가 쉽게 빠져나가게 설계됐습니다,rawboost
data/processed/ko_augmented/kss_06230_aug.wav,ko,bonafide,real,-,kss_speaker,kss,아무 때나 괜찮아.,none
data/processed/ko_mlaad_augmented/skyisland_08_baum_64kb_f000021_aug.wav,ko,spoof,tts,Fish-S2-Pro,-,mlaad,,rawboost+codec
data/processed/ko_augmented/zeroth_140_003_1912_aug.wav,ko,bonafide,real,-,zeroth_140,zeroth_korean,서울시나라의 저출산이 심각하니 여성은 출산을 해야 하는 의무를 가진 기계일 뿐이다,rawboost
data/processed/ko_augmented/zeroth_117_003_1208_aug.wav,ko,bonafide,real,-,zeroth_117,zeroth_korean,이런 모독적인 발언은 오히려 헌재 재판관들이 대통령 파면 쪽으로 마음을 굳히는 데 결정적인 역할을 한 것으로 알려졌다,rawboost+codec
data/processed/ko_augmented/zeroth_193_003_1837_aug.wav,ko,bonafide,real,-,zeroth_193,zeroth_korean,함영진 부동산 백 열 네 리서치센터장은 장기적으로는 미분양이 줄어들겠지만 앞으로 쏟아질 입주물량을 고려하면 한동안 미분양을 털기가 만만찮을 것 같다고 말했다,none
data/processed/ko_mlaad_augmented/the_sea_fairies_03_f000030_aug.wav,ko,spoof,tts,Chatterbox Multilingual,-,mlaad,,codec
data/processed/ko_mlaad_augmented/jane_eyre_33_f000165_aug.wav,ko,spoof,tts,OmniVoice,-,mlaad,,rawboost
data/processed/ko_augmented/kss_02781_aug.wav,ko,spoof,tts,mms-tts-kor,vits_default,kss_transcript,발을 밟아서 죄송합니다.,rawboost+codec
data/processed/ko_mlaad_augmented/jane_eyre_34_f000306_aug.wav,ko,spoof,tts,tts_models_multilingual_multi-dataset_bark,-,mlaad,,rawboost+codec
data/processed/ko_augmented/zeroth_158_003_2704_aug.wav,ko,bonafide,real,-,zeroth_158,zeroth_korean,나머지 세 명은 한은 금통위가 연내 금리를 인상할 것으로 내다봤다,none
data/processed/ko_augmented/zeroth_197_003_0917_aug.wav,ko,bonafide,real,-,zeroth_197,zeroth_korean,앵커 공천 배제 대상으로 지목된 박지원 의원은 검찰에 공천권을 맡길 순 없다며 즉각 반발했습니다,rawboost
data/processed/ko_augmented/kss_05207_aug.wav,ko,bonafide,real,-,kss_speaker,kss,최근 길거리 범죄가 심각한 문제가 되고 있다.,none
data/processed/ko_mlaad_augmented/jane_eyre_14_f000073_aug.wav,ko,spoof,tts,minimax_speech-02-turbo,-,mlaad,,codec
data/processed/ko_mlaad_augmented/silent_bullet_08_f000153_aug.wav,ko,spoof,tts,OmniVoice,-,mlaad,,rawboost+codec
data/processed/ko_mlaad_augmented/piratesofersatz_07_leinster_64kb_f000179_aug.wav,ko,spoof,tts,tts_models_multilingual_multi-dataset_xtts_v2,-,mlaad,,rawboost
data/processed/ko_mlaad_augmented/emerald_city_of_oz_25_f000050_aug.wav,ko,spoof,tts,OmniVoice,-,mlaad,,rawboost+codec
data/processed/ko_mlaad_augmented/ozma_of_oz_16_f000048_aug.wav,ko,spoof,tts,Chatterbox Multilingual,-,mlaad,,none
data/processed/ko_augmented/zeroth_110_003_2366_aug.wav,ko,bonafide,real,-,zeroth_110,zeroth_korean,부모님이나 선생님이 나를 다른 사람하고 비교할 때면 정말 미치겠어요,none
data/processed/ko_augmented/zeroth_191_003_2451_aug.wav,ko,bonafide,real,-,zeroth_191,zeroth_korean,그는 지난해 십 이 월 이십 사 일 집행유예형을 선고받고 풀려났다,rawboost
data/processed/ko_augmented/zeroth_175_003_1068_aug.wav,ko,bonafide,real,-,zeroth_175,zeroth_korean,고영태 씨가 국정농단 사건의 내부 고발자에서 그래도 고영태 씨도 수사해야 된다 이런 이야기가 나온 결정적인 계기가 고영태 씨 녹취록이었습니다,rawboost
data/processed/ko_augmented/kss_06112_aug.wav,ko,bonafide,real,-,kss_speaker,kss,올해 겨울은 이상하게 따뜻하다.,none
data/processed/ko_augmented/zeroth_190_003_0186_aug.wav,ko,bonafide,real,-,zeroth_190,zeroth_korean,조계종이 한 위원장 사태 이후 종단 차원의 입장을 발표한 것은 처음이다,none
data/processed/ko_augmented/zeroth_130_003_0426_aug.wav,ko,bonafide,real,-,zeroth_130,zeroth_korean,피곤한 싸움과 적당한 회복 앞에서 크고 작은 반항은 항상 어느 순간 사그라졌다,none
data/processed/ko_augmented/zeroth_114_003_1888_aug.wav,ko,bonafide,real,-,zeroth_114,zeroth_korean,이동통신업체들이 가장 많은 보조금을 받을 수 있던 요금제 기준을 지금보다 낮추는 방안을 추진한다,rawboost
data/processed/ko_augmented/kss_07059_aug.wav,ko,bonafide,real,-,kss_speaker,kss,아무 때나 좋아요.,codec
data/processed/ko_augmented/zeroth_110_003_1253_aug.wav,ko,bonafide,real,-,zeroth_110,zeroth_korean,특히 공부에 흥미가 없는 아이들은 공부 효율이 가장 높을 때까지 미뤘다 공부한다는 식으로 벼락치기를 합리화하는 일이 많다,rawboost
data/processed/ko_mlaad_augmented/the_master_key_04_f000061_aug.wav,ko,spoof,tts,Chatterbox Multilingual,-,mlaad,,none
data/processed/ko_mlaad_augmented/the_sea_fairies_03_f000147_aug.wav,ko,spoof,tts,MOSS-TTS-1.7B,-,mlaad,,none
data/processed/ko_mlaad_augmented/midnight_passenger_08_f000218_aug.wav,ko,spoof,tts,Chatterbox Multilingual,-,mlaad,,rawboost+codec
data/processed/ko_mlaad_augmented/wives_and_daughters_32_f000086_aug.wav,ko,spoof,tts,tts_models_multilingual_multi-dataset_bark,-,mlaad,,none
data/processed/ko_mlaad_augmented/northandsouth_22_f000193_aug.wav,ko,spoof,tts,MOSS-TTS-1.7B,-,mlaad,,rawboost+codec
data/processed/ko_mlaad_augmented/midnight_passenger_05_f000174_aug.wav,ko,spoof,tts,Higgs-Audio-V2,-,mlaad,,rawboost+codec
data/processed/ko_mlaad_augmented/northandsouth_20_f000031_aug.wav,ko,spoof,tts,tts_models_multilingual_multi-dataset_bark,-,mlaad,,rawboost
data/processed/ko_augmented/zeroth_215_003_2662_aug.wav,ko,bonafide,real,-,zeroth_215,zeroth_korean,하지만 그 해에 영국의 저술가이자 예술가이자 해적인 윌리엄 댐피어가 해적선인 시그닛 호를 타고 항해하던 도중에 우연히 이곳 해안에 들르게 되었습니다,rawboost
data/processed/ko_mlaad_augmented/rinkitink_baum_01_64kb_f000073_aug.wav,ko,spoof,tts,MOSS-TTS-1.7B,-,mlaad,,none
data/processed/ko_mlaad_augmented/dorothy_and_wizard_oz_11_f000092_aug.wav,ko,spoof,tts,MOSS-TTS-8B,-,mlaad,,rawboost
data/processed/ko_mlaad_augmented/dorothy_and_wizard_oz_14_f000024_aug.wav,ko,spoof,tts,Chatterbox Multilingual,-,mlaad,,rawboost+codec
data/processed/ko_mlaad_augmented/northandsouth_01_f000050_aug.wav,ko,spoof,tts,OmniVoice,-,mlaad,,rawboost+codec
data/processed/ko_augmented/zeroth_136_003_0644_aug.wav,ko,bonafide,real,-,zeroth_136,zeroth_korean,그리고 천 오백 삼십 육 년에는 쇤베르크 추기경이 코페르니쿠스에게 그의 견해를 온전히 기술한 책을 출판하도록 촉구하는 글을 보냈습니다,rawboost
data/processed/ko_augmented/kss_01249_aug.wav,ko,bonafide,real,-,kss_speaker,kss,칼이 굉장히 날카로우니까 조심해.,none
data/processed/ko_augmented/kss_08585_aug.wav,ko,bonafide,real,-,kss_speaker,kss,저는 키에 비해서 몸무게가 가벼워요.,none
data/processed/ko_augmented/zeroth_200_from_zeroth_215_003_0670_aug.wav,ko,spoof,vc,rvc_zeroth_200,zeroth_200,rvc_from_zeroth_215,그 일을 위해서라면 모든 것을 다 걸겠다는 정도의 자세는 보여달라고 말했다,rawboost
data/processed/ko_augmented/kss_08591_aug.wav,ko,spoof,tts,mms-tts-kor,vits_default,kss_transcript,내일 점심 같이할까?,rawboost
data/processed/ko_mlaad_augmented/poisoned_pen_02_f000127_aug.wav,ko,spoof,tts,tts_models_multilingual_multi-dataset_xtts_v2,-,mlaad,,codec
data/processed/ko_mlaad_augmented/emerald_city_of_oz_20_f000048_aug.wav,ko,spoof,tts,tts_models_multilingual_multi-dataset_bark,-,mlaad,,rawboost
data/processed/ko_augmented/zeroth_153_003_2079_aug.wav,ko,bonafide,real,-,zeroth_153,zeroth_korean,의료계의 연구원들은 아스페르거 증후군이 가벼운 형태의 자폐증인지 아니면 전혀 다른 장애인지 확실한 결정을 내리지 못하고 있습니다,none
data/processed/ko_augmented/kss_04044_aug.wav,ko,bonafide,real,-,kss_speaker,kss,앗 지갑을 놓고 왔어!,codec
data/processed/ko_mlaad_augmented/midnight_passenger_04_f000206_aug.wav,ko,spoof,tts,minimax_speech-02-turbo,-,mlaad,,none
data/processed/ko_mlaad_augmented/ozma_of_oz_14_f000044_aug.wav,ko,spoof,tts,Fish-S2-Pro,-,mlaad,,none
data/processed/ko_mlaad_augmented/piratesofersatz_03_leinster_64kb_f000119_aug.wav,ko,spoof,tts,minimax_speech-02-turbo,-,mlaad,,rawboost
data/processed/ko_augmented/kss_09103_aug.wav,ko,bonafide,real,-,kss_speaker,kss,아버지는 공무원이셨어요.,codec
data/processed/ko_mlaad_augmented/poisoned_pen_03_f000233_aug.wav,ko,spoof,tts,tts_models_multilingual_multi-dataset_bark,-,mlaad,,none
data/processed/ko_augmented/zeroth_185_from_kss_04192_aug.wav,ko,spoof,vc,rvc_zeroth_185,zeroth_185,rvc_from_kss_speaker,국을 뭘로 양념했어요?,rawboost
data/processed/ko_mlaad_augmented/jane_eyre_27_f000335_aug.wav,ko,spoof,tts,OmniVoice,-,mlaad,,rawboost
data/processed/ko_mlaad_augmented/pink_fairy_book_36_f000159_aug.wav,ko,spoof,tts,MOSS-TTS-1.7B,-,mlaad,,none
data/processed/ko_augmented/zeroth_115_003_1316_aug.wav,ko,bonafide,real,-,zeroth_115,zeroth_korean,목적은 다르지만 결국 모두 명품이 주는 보상심리에서 비롯됐다는 게 전문가들 분석이다,none
data/processed/ko_augmented/zeroth_213_003_2998_aug.wav,ko,bonafide,real,-,zeroth_213,zeroth_korean,북한이 삼십 육 년 만에 개막한 노동당 제 칠 차 대회를 이틀 째 진행 중인 칠 일 오후 북한 상공이 텅 비어 있다,rawboost
data/processed/ko_augmented/kss_10696_aug.wav,ko,bonafide,real,-,kss_speaker,kss,정말 맛없다!,codec
data/processed/ko_augmented/zeroth_195_003_2495_aug.wav,ko,bonafide,real,-,zeroth_195,zeroth_korean,경찰은 소년의 시신은 이십 사 일 인근 수풀에서 발견됐으며 용의자들을 이십 사 이십 오 일에 걸쳐 모두 붙잡았다고 설명했다,none
data/processed/ko_augmented/kss_12687_aug.wav,ko,bonafide,real,-,kss_speaker,kss,여직원이 전체의 50% 정도 됩니다.,none
data/processed/ko_mlaad_augmented/wives_and_daughters_18_f000123_aug.wav,ko,spoof,tts,Chatterbox Multilingual,-,mlaad,,none
data/processed/ko_augmented/kss_02510_aug.wav,ko,bonafide,real,-,kss_speaker,kss,충분한 수면과 휴식을 취하셔야 합니다.,rawboost
data/processed/ko_mlaad_augmented/silent_bullet_09_f000169_aug.wav,ko,spoof,tts,minimax_speech-02-turbo,-,mlaad,,none
data/processed/ko_augmented/zeroth_218_003_1088_aug.wav,ko,bonafide,real,-,zeroth_218,zeroth_korean,십 일 한강 잠실 상수원 보호구역에서도 이와 비슷하게 잘린 소와 돼지 등 사체 이십 여 구가 발견됐다,codec
data/processed/ko_augmented/zeroth_175_003_1900_aug.wav,ko,bonafide,real,-,zeroth_175,zeroth_korean,홍 지사는 전국 광역지방자치단체 최초로 채무 제로를 달성하겠다는 목표도 밝혔다,none
data/processed/ko_augmented/kss_05126_aug.wav,ko,bonafide,real,-,kss_speaker,kss,이 연극은 미성년자 관람 불가예요.,none
data/processed/ko_augmented/zeroth_159_003_2543_aug.wav,ko,bonafide,real,-,zeroth_159,zeroth_korean,국방부는 이 같은 조사내용을 십 일 발표하고 북 도발에 응당한 혹독한 대가를 치르게 할 것이라고 밝혔다,none
data/processed/ko_mlaad_augmented/wives_and_daughters_17_f000174_aug.wav,ko,spoof,tts,VoxCPM2,-,mlaad,,rawboost
data/processed/ko_augmented/zeroth_181_003_2526_aug.wav,ko,bonafide,real,-,zeroth_181,zeroth_korean,하루도 병원을 떠나지 못한 어머니는 아름다운 캠퍼스를 걷는 딸의 모습을 꿈꾸고 있다,rawboost+codec
data/processed/ko_mlaad_augmented/rinkitink_baum_09_64kb_f000026_aug.wav,ko,spoof,tts,Qwen3-TTS-12Hz-0.6B-Base,-,mlaad,,none
data/processed/ko_augmented/kss_06684_aug.wav,ko,bonafide,real,-,kss_speaker,kss,자리가 꽉 찼는데요.,none
data/processed/ko_mlaad_augmented/northandsouth_13_f000118_aug.wav,ko,spoof,tts,minimax_speech-02-turbo,-,mlaad,,none
data/processed/ko_mlaad_augmented/piratesofersatz_12_leinster_64kb_f000008_aug.wav,ko,spoof,tts,minimax_speech-02-turbo,-,mlaad,,none
data/processed/ko_mlaad_augmented/poisoned_pen_06_f000109_aug.wav,ko,spoof,tts,Qwen3-TTS-12Hz-1.7B-Base,-,mlaad,,rawboost+codec
data/processed/ko_mlaad_augmented/wives_and_daughters_22_f000100_aug.wav,ko,spoof,tts,Chatterbox Multilingual,-,mlaad,,none
data/processed/ko_mlaad_augmented/wives_and_daughters_26_f000359_aug.wav,ko,spoof,tts,MOSS-TTS-8B,-,mlaad,,none
data/processed/ko_augmented/zeroth_136_003_2130_aug.wav,ko,bonafide,real,-,zeroth_136,zeroth_korean,경찰도 김포경찰서장을 팀장으로 형사과와 경기남부청 과학수사팀 요원 등 일흔 여명을 투입해 수사 전담팀을 구성하고 사고 원인 조사에 본격적으로 착수했다,none
data/processed/ko_augmented/kss_01436_aug.wav,ko,bonafide,real,-,kss_speaker,kss,네가 이번에 내린 결정은 현명하지 못했어.,none
data/processed/ko_augmented/zeroth_136_003_0897_aug.wav,ko,bonafide,real,-,zeroth_136,zeroth_korean,인권위의 권고는 양심적 병역 거부를 인정하지 않는 현재의 병역법을 옹호한 헌법 재판소의 최근 결정과는 대조적이라고 코리아 타임스 지는 보도한다,none
data/processed/ko_augmented/zeroth_178_003_1709_aug.wav,ko,bonafide,real,-,zeroth_178,zeroth_korean,반품당한 불량제품을 불우이웃에 기부품으로 내놓기도 했습니다,rawboost
data/processed/ko_mlaad_augmented/wives_and_daughters_48_f000043_aug.wav,ko,spoof,tts,tts_models_multilingual_multi-dataset_xtts_v2,-,mlaad,,rawboost+codec
data/processed/ko_mlaad_augmented/northandsouth_07_f000087_aug.wav,ko,spoof,tts,Fish-S2-Pro,-,mlaad,,none
data/processed/ko_augmented/zeroth_135_003_1544_aug.wav,ko,bonafide,real,-,zeroth_135,zeroth_korean,대중들은 문혁이 재연될 경우 어렵게 일궈 온 개혁개방의 경제 성과는 순식간에 사라지고 가난만 남을 뿐이라는데 의견을 같이 합니다,none
data/processed/ko_mlaad_augmented/pink_fairy_book_12_f000237_aug.wav,ko,spoof,tts,tts_models_multilingual_multi-dataset_xtts_v2,-,mlaad,,rawboost
data/processed/ko_mlaad_augmented/piratesofersatz_03_leinster_64kb_f000134_aug.wav,ko,spoof,tts,tts_models_multilingual_multi-dataset_xtts_v2,-,mlaad,,rawboost
data/processed/ko_mlaad_augmented/northandsouth_08_f000140_aug.wav,ko,spoof,tts,VoxCPM2,-,mlaad,,codec
data/processed/ko_augmented/kss_11422_aug.wav,ko,bonafide,real,-,kss_speaker,kss,이 냉장고의 판매 가격은 얼마예요?,none
data/processed/ko_mlaad_augmented/silent_bullet_02_f000231_aug.wav,ko,spoof,tts,minimax_speech-02-turbo,-,mlaad,,rawboost+codec
data/processed/ko_augmented/zeroth_114_003_1554_aug.wav,ko,bonafide,real,-,zeroth_114,zeroth_korean,단지 특별법상에 아주 구체적인 내용으로 어떻게 구성을 하고 이런 내용은 없지만 분명히 준비할 수 있는 다리가 존재할 수 있도록 규정이 되어 있습니다,rawboost+codec
data/processed/ko_augmented/kss_05215_aug.wav,ko,bonafide,real,-,kss_speaker,kss,그 죄수는 두 명의 간수를 죽였다.,none
data/processed/ko_augmented/zeroth_110_003_2147_aug.wav,ko,bonafide,real,-,zeroth_110,zeroth_korean,그리하여 증인들은 수많은 사람들의 마음속에서 하느님의 말씀에 대한 사랑이 다시 불타오르도록 도와 왔습니다,rawboost
data/processed/ko_augmented/zeroth_138_003_0118_aug.wav,ko,bonafide,real,-,zeroth_138,zeroth_korean,우선 이름 주소 전화번호 전자 우편 주소를 기재하십시오,rawboost
data/processed/ko_mlaad_augmented/wives_and_daughters_19_f000176_aug.wav,ko,spoof,tts,Chatterbox Multilingual,-,mlaad,,codec
data/processed/ko_mlaad_augmented/northandsouth_18_f000013_aug.wav,ko,spoof,tts,Higgs-Audio-V2,-,mlaad,,rawboost+codec
data/processed/ko_augmented/zeroth_111_003_1688_aug.wav,ko,bonafide,real,-,zeroth_111,zeroth_korean,군 당국은 점의 정체가 확인되지 않아 아직은 미확인 물체로 판단하고 분석 중이다,rawboost
data/processed/ko_augmented/zeroth_205_003_2453_aug.wav,ko,bonafide,real,-,zeroth_205,zeroth_korean,이 회사는 또 차량유지비로 지난해 칠백 팔십 이 만원 이천 십 사 년 칠백 이 만원을 썼다,rawboost
data/processed/ko_augmented/kss_03469_aug.wav,ko,bonafide,real,-,kss_speaker,kss,비가 와서 게임이 중단되었다.,rawboost
data/processed/ko_augmented/kss_11540_aug.wav,ko,bonafide,real,-,kss_speaker,kss,앉을 때 허리 펴라.,rawboost
data/processed/ko_augmented/zeroth_214_003_1677_aug.wav,ko,bonafide,real,-,zeroth_214,zeroth_korean,국세청과 지방자치단체들이 일제히 세무조사에 나섰지만 외국계 담배회사들이 거둔 이천 억원대 탈세에 한정돼 있다,rawboost
data/processed/ko_mlaad_augmented/piratesofersatz_06_leinster_64kb_f000193_aug.wav,ko,spoof,tts,OmniVoice,-,mlaad,,rawboost+codec
data/processed/ko_augmented/zeroth_157_003_1431_aug.wav,ko,bonafide,real,-,zeroth_157,zeroth_korean,그 사건에 있어서는 처음에 사고 낸 거 그것은 수리 견적이 백 육십 오 만 원 나왔는데요,rawboost
data/processed/ko_mlaad_augmented/ozma_of_oz_12_f000006_aug.wav,ko,spoof,tts,Higgs-Audio-V2,-,mlaad,,rawboost
data/processed/ko_mlaad_augmented/pink_fairy_book_13_f000067_aug.wav,ko,spoof,tts,tts_models_multilingual_multi-dataset_xtts_v2,-,mlaad,,codec
data/processed/ko_augmented/kss_04124_aug.wav,ko,spoof,tts,mms-tts-kor,vits_default,kss_transcript,종이랑 볼펜을 좀 얻을 수 있을까요?,rawboost
data/processed/ko_augmented/kss_01090_aug.wav,ko,bonafide,real,-,kss_speaker,kss,소화가 안 될 때는 죽 같은 음식을 드세요.,rawboost+codec
data/processed/ko_augmented/zeroth_135_003_2130_aug.wav,ko,bonafide,real,-,zeroth_135,zeroth_korean,경찰도 김포경찰서장을 팀장으로 형사과와 경기남부청 과학수사팀 요원 등 일흔 여명을 투입해 수사 전담팀을 구성하고 사고 원인 조사에 본격적으로 착수했다,none
data/processed/ko_augmented/zeroth_210_003_2729_aug.wav,ko,bonafide,real,-,zeroth_210,zeroth_korean,주변국들이 이런 사업을 가만히 지켜보고 있을 리가 없다,rawboost
data/processed/ko_augmented/zeroth_129_003_1290_aug.wav,ko,bonafide,real,-,zeroth_129,zeroth_korean,지금 박근혜 후보에게 지난 대선 때 표를 던진 사람들 모두가 오 쩜 일 육 을 혁명으로 긍정적으로 보는 게 아니라는 사실을 대통령께서 알았으면 좋겠습니다,rawboost
data/processed/ko_augmented/zeroth_191_003_2563_aug.wav,ko,bonafide,real,-,zeroth_191,zeroth_korean,다른 사람과 비교할 때 얻을 수 있는 유익이 있습니까,rawboost
data/processed/ko_augmented/zeroth_177_003_0748_aug.wav,ko,bonafide,real,-,zeroth_177,zeroth_korean,박재홍 사단법인 탁틴내일의 이현숙 상임대표와 함께 필리핀 안에 있는 코피노 문제 짚어봤습니다,codec
data/processed/ko_augmented/kss_11765_aug.wav,ko,spoof,tts,mms-tts-kor,vits_default,kss_transcript,이것은 암 치료에 사용됩니다.,none
data/processed/ko_augmented/kss_09193_aug.wav,ko,bonafide,real,-,kss_speaker,kss,점심으로 김밥과 라면을 먹었어요.,codec
data/processed/ko_mlaad_augmented/skyisland_07_baum_64kb_f000047_aug.wav,ko,spoof,tts,tts_models_multilingual_multi-dataset_xtts_v2,-,mlaad,,none
data/processed/ko_augmented/kss_06193_aug.wav,ko,bonafide,real,-,kss_speaker,kss,주말 어떻게 보냈어?,rawboost
data/processed/ko_mlaad_augmented/pink_fairy_book_32_f000043_aug.wav,ko,spoof,tts,tts_models_multilingual_multi-dataset_xtts_v2,-,mlaad,,none
data/processed/ko_mlaad_augmented/wives_and_daughters_57_f000147_aug.wav,ko,spoof,tts,Qwen3-TTS-12Hz-1.7B-Base,-,mlaad,,rawboost
data/processed/ko_augmented/zeroth_127_003_2096_aug.wav,ko,bonafide,real,-,zeroth_127,zeroth_korean,와이제이콥스메디칼이요 안 수석은 먼저 박 씨가 보낸 선물에 대해 아내로부터 점수를 많이 땄다며 고마움을 표시합니다,rawboost
data/processed/ko_augmented/kss_09701_aug.wav,ko,bonafide,real,-,kss_speaker,kss,저는 은행에서 일하고 있습니다.,none
data/processed/ko_mlaad_augmented/rinkitink_baum_06_64kb_f000110_aug.wav,ko,spoof,tts,VoxCPM2,-,mlaad,,rawboost+codec
data/processed/ko_mlaad_augmented/pink_fairy_book_26_f000051_aug.wav,ko,spoof,tts,MOSS-TTS-8B,-,mlaad,,none
data/processed/ko_mlaad_augmented/northandsouth_46_f000307_aug.wav,ko,spoof,tts,OmniVoice,-,mlaad,,rawboost+codec
data/processed/ko_augmented/zeroth_130_003_2198_aug.wav,ko,bonafide,real,-,zeroth_130,zeroth_korean,서강대 정옥현 교수는 애플이 폭스콘을 통해 미국에 공장을 추가로 설립하거나 브라질 공장을 미국으로 이전하는 타협안을 내놓을 수 있다고 말했다,rawboost
data/processed/ko_mlaad_augmented/hunters_space_08_f000072_aug.wav,ko,spoof,tts,MOSS-TTS-8B,-,mlaad,,rawboost
data/processed/ko_mlaad_augmented/rinkitink_baum_01_64kb_f000070_aug.wav,ko,spoof,tts,MOSS-TTS-1.7B,-,mlaad,,rawboost+codec
data/processed/ko_mlaad_augmented/jane_eyre_25_f000023_aug.wav,ko,spoof,tts,Chatterbox Multilingual,-,mlaad,,rawboost
data/processed/ko_augmented/zeroth_119_003_0202_aug.wav,ko,bonafide,real,-,zeroth_119,zeroth_korean,사진과 실제 급식이 일치하는지를 학교운영위원회가 일일이 확인해야 하는데 현실적으로 불가능하기 때문입니다,none
data/processed/ko_augmented/zeroth_172_003_0927_aug.wav,ko,bonafide,real,-,zeroth_172,zeroth_korean,박씨는 또 새벽 한 시 삼십 분이 되자 광화문광장에 배치된 경찰들이 철수하기 시작했다,none
data/processed/ko_mlaad_augmented/jane_eyre_15_f000034_aug.wav,ko,spoof,tts,Higgs-Audio-V2,-,mlaad,,none
data/processed/ko_augmented/zeroth_115_003_0878_aug.wav,ko,bonafide,real,-,zeroth_115,zeroth_korean,그래서 자원 봉사를 조직하는 사람들은 인력 부족으로 난감해하고 있으며 자원 봉사 프로그램에 참여할 인원을 구하느라고 애를 먹고 있다,rawboost
data/processed/ko_mlaad_augmented/midnight_passenger_03_f000139_aug.wav,ko,spoof,tts,Qwen3-TTS-12Hz-1.7B-Base,-,mlaad,,none
data/processed/ko_mlaad_augmented/ozma_of_oz_03_f000078_aug.wav,ko,spoof,tts,Chatterbox Multilingual,-,mlaad,,rawboost
data/processed/ko_augmented/zeroth_184_003_2971_aug.wav,ko,bonafide,real,-,zeroth_184,zeroth_korean,오히려 그는 사람들이 이 문제에 대해 서로 다른 결정을 내릴 수 있다는 사실을 인정하였습니다,none
data/processed/ko_mlaad_augmented/rinkitink_baum_11_64kb_f000040_aug.wav,ko,spoof,tts,Higgs-Audio-V2,-,mlaad,,codec
data/processed/ko_mlaad_augmented/wives_and_daughters_55_f000143_aug.wav,ko,spoof,tts,tts_models_multilingual_multi-dataset_xtts_v2,-,mlaad,,rawboost
data/processed/ko_augmented/kss_06241_aug.wav,ko,bonafide,real,-,kss_speaker,kss,A: 몇 시야? B: 세 시 사십 분.,none
data/processed/ko_mlaad_augmented/jane_eyre_32_f000228_aug.wav,ko,spoof,tts,MOSS-TTS-8B,-,mlaad,,codec
data/processed/ko_mlaad_augmented/piratesofersatz_04_leinster_64kb_f000280_aug.wav,ko,spoof,tts,Qwen3-TTS-12Hz-0.6B-Base,-,mlaad,,rawboost+codec
data/processed/ko_mlaad_augmented/wives_and_daughters_13_f000091_aug.wav,ko,spoof,tts,Fish-S2-Pro,-,mlaad,,none
data/processed/ko_augmented/zeroth_143_003_1952_aug.wav,ko,bonafide,real,-,zeroth_143,zeroth_korean,흑인인 플래내건은 나를 이 끝까지 오게 한 것은 교회 총격사건이라면서 내 총알에 희생자 이름 이니셜이 새겨져 있다고 말했다,none
data/processed/ko_augmented/zeroth_123_003_1127_aug.wav,ko,bonafide,real,-,zeroth_123,zeroth_korean,아마존은 상품 배송에 드론을 이용하겠다며 아마존 프라임에어 계획을 발표했다,none
data/processed/ko_augmented/zeroth_161_003_0488_aug.wav,ko,bonafide,real,-,zeroth_161,zeroth_korean,삼성전자는 아직 이사 일정은 잡지 않았지만 삼성생명 삼성화재 삼성증권 삼성카드 등 금융계열사들의 서초 사옥 이사 일정이 잡히는 대로 수원사업장으로 전원 내려갈 방침이다,none
data/processed/ko_augmented/zeroth_161_003_2200_aug.wav,ko,bonafide,real,-,zeroth_161,zeroth_korean,판후이 두 단은 백 칠십 팔 은 이세돌의 도전정신과 포기하지 않는 인내를 보여주는 한 수였으며 그의 노력은 이 대국의 승리로 보상받았다고 적었다,none
data/processed/ko_mlaad_augmented/rinkitink_baum_10_64kb_f000023_aug.wav,ko,spoof,tts,MOSS-TTS-8B,-,mlaad,,rawboost+codec
data/processed/ko_augmented/zeroth_205_003_1014_aug.wav,ko,bonafide,real,-,zeroth_205,zeroth_korean,그런데 누구에는 더 많은 얘기를 나누고 누구에게는 한 마디만 나누고 그러면 그것이 바로 측근이 되고 내가 더 실세다 하는 것들이 생겨나잖아요,codec
data/processed/ko_augmented/zeroth_202_003_1892_aug.wav,ko,bonafide,real,-,zeroth_202,zeroth_korean,국정 공백 탄핵 정국 관리 헌재 재판관 구성의 문제 때문이다,rawboost+codec
data/processed/ko_augmented/kss_12605_aug.wav,ko,spoof,tts,mms-tts-kor,vits_default,kss_transcript,두 사람 친구 아니야?,rawboost
data/processed/ko_augmented/zeroth_171_003_2062_aug.wav,ko,bonafide,real,-,zeroth_171,zeroth_korean,농심은 일반라면보다 두 배 두툼한 면발의 우육탕면을 선보였고 팔도는 올해 출시 스물 다섯 주년을 맞은 왕뚜껑의 면발을 기존보다 영 쩜 일 밀리미터 두껍게 개선했다,rawboost
data/processed/ko_mlaad_augmented/northandsouth_28_f000237_aug.wav,ko,spoof,tts,Qwen3-TTS-12Hz-0.6B-Base,-,mlaad,,rawboost+codec
data/processed/ko_augmented/zeroth_192_003_0225_aug.wav,ko,bonafide,real,-,zeroth_192,zeroth_korean,노엘이 출산하는 아기는 건강함을 알려 주는 분홍빛을 띨 수도 있고 생기 없이 푸른빛을 띠어 산소가 부족함을 나타낼 수도 있다,none
data/processed/ko_mlaad_augmented/midnight_passenger_01_f000084_aug.wav,ko,spoof,tts,tts_models_multilingual_multi-dataset_bark,-,mlaad,,rawboost
data/processed/ko_mlaad_augmented/northandsouth_47_f000053_aug.wav,ko,spoof,tts,VoxCPM2,-,mlaad,,rawboost
data/processed/ko_mlaad_augmented/wives_and_daughters_29_f000071_aug.wav,ko,spoof,tts,tts_models_multilingual_multi-dataset_xtts_v2,-,mlaad,,none
data/processed/ko_mlaad_augmented/silent_bullet_05_f000092_aug.wav,ko,spoof,tts,minimax_speech-02-turbo,-,mlaad,,none
data/processed/ko_mlaad_augmented/the_master_key_14_f000014_aug.wav,ko,spoof,tts,minimax_speech-02-turbo,-,mlaad,,rawboost+codec
data/processed/ko_augmented/kss_08255_aug.wav,ko,bonafide,real,-,kss_speaker,kss,올해 들어 등록금이 많이 올랐어요.,rawboost+codec
data/processed/ko_augmented/zeroth_140_003_0611_aug.wav,ko,bonafide,real,-,zeroth_140,zeroth_korean,화가 임옥상씨가 십 팔 일 서울 광화문광장에서 열린 문화예술계 블랙리스트 진상규명 및 책임자 처벌과 예술검열을 반대하는 문화예술인들의 예술행동에 참여하고 있다,rawboost
data/processed/ko_mlaad_augmented/the_sea_fairies_17_f000147_aug.wav,ko,spoof,tts,Chatterbox Multilingual,-,mlaad,,codec
data/processed/ko_augmented/kss_01113_aug.wav,ko,bonafide,real,-,kss_speaker,kss,그 옷차림은 오늘 모임에 걸맞지 않은 것 같아.,codec
data/processed/ko_mlaad_augmented/northandsouth_19_f000018_aug.wav,ko,spoof,tts,Qwen3-TTS-12Hz-0.6B-Base,-,mlaad,,none
data/processed/ko_mlaad_augmented/wives_and_daughters_28_f000008_aug.wav,ko,spoof,tts,tts_models_multilingual_multi-dataset_bark,-,mlaad,,none
data/processed/ko_augmented/zeroth_185_from_zeroth_125_003_1947_aug.wav,ko,spoof,vc,rvc_zeroth_185,zeroth_185,rvc_from_zeroth_125,동양인이기 때문에 받는 어쩔 수 없는 차별 같은 건 좀 있으셨나요,rawboost
data/processed/ko_mlaad_augmented/jane_eyre_30_f000185_aug.wav,ko,spoof,tts,VoxCPM2,-,mlaad,,rawboost+codec
data/processed/ko_augmented/zeroth_155_003_2698_aug.wav,ko,bonafide,real,-,zeroth_155,zeroth_korean,또 적절하지 않다 이런 비판은 피하기는 어려울 것 같습니다,none
data/processed/ko_augmented/zeroth_217_003_1490_aug.wav,ko,bonafide,real,-,zeroth_217,zeroth_korean,임화섭 특파원 미국 내브래스카주 오마하의 동물원에 만취한 여성이 몰래 들어갔다가 호랑이에 물렸다,codec
data/processed/ko_mlaad_augmented/northandsouth_44_f000035_aug.wav,ko,spoof,tts,Fish-S2-Pro,-,mlaad,,none
data/processed/ko_augmented/zeroth_152_from_zeroth_117_003_2988_aug.wav,ko,spoof,vc,rvc_zeroth_152,zeroth_152,rvc_from_zeroth_117,그녀가 사실을 이야기 할 수 있도록 설득하는 것이 중요하다,none
data/processed/ko_mlaad_augmented/the_sea_fairies_17_f000007_aug.wav,ko,spoof,tts,Fish-S2-Pro,-,mlaad,,codec
data/processed/ko_mlaad_augmented/jane_eyre_05_f000137_aug.wav,ko,spoof,tts,tts_models_multilingual_multi-dataset_xtts_v2,-,mlaad,,codec
data/processed/ko_mlaad_augmented/wives_and_daughters_52_f000135_aug.wav,ko,spoof,tts,MOSS-TTS-8B,-,mlaad,,none
data/processed/ko_mlaad_augmented/pink_fairy_book_34_f000031_aug.wav,ko,spoof,tts,VoxCPM2,-,mlaad,,rawboost
data/processed/ko_augmented/zeroth_188_003_2670_aug.wav,ko,bonafide,real,-,zeroth_188,zeroth_korean,제가 속해 있는 지부의 범위보다 더 큰 규모의 공동체죠,rawboost
data/processed/ko_mlaad_augmented/northandsouth_48_f000006_aug.wav,ko,spoof,tts,tts_models_multilingual_multi-dataset_bark,-,mlaad,,rawboost
data/processed/ko_mlaad_augmented/northandsouth_40_f000162_aug.wav,ko,spoof,tts,tts_models_multilingual_multi-dataset_bark,-,mlaad,,rawboost
data/processed/ko_augmented/zeroth_182_003_2985_aug.wav,ko,bonafide,real,-,zeroth_182,zeroth_korean,앵커 한 고등학교가 얼마 전 이 학년 학부모들에게 발송한 가정통신문입니다,none
data/processed/ko_augmented/zeroth_185_from_zeroth_167_003_0510_aug.wav,ko,spoof,vc,rvc_zeroth_185,zeroth_185,rvc_from_zeroth_167,십 오 일 박근혜 대통령 변호인으로 유영하 변호사가 선임됐다고 알려졌다,rawboost+codec
data/processed/ko_augmented/zeroth_180_003_1740_aug.wav,ko,bonafide,real,-,zeroth_180,zeroth_korean,김진태 새누리당 의원은 이십 세 때 찍은 구강 사진을 보면 스무살 청년의 치아 상태로 볼 수 없다,none
data/processed/ko_augmented/zeroth_153_003_1242_aug.wav,ko,bonafide,real,-,zeroth_153,zeroth_korean,이 대표는 이 자리에서 젊은 여러분들의 열정과 충정이야말로 새누리당의 희망이라며 그래서 제가 결심했고 날짜까지 박았잖나라고 하소연했다,rawboost+codec
data/processed/ko_mlaad_augmented/pink_fairy_book_18_f000012_aug.wav,ko,spoof,tts,OmniVoice,-,mlaad,,none
data/processed/ko_augmented/kss_09757_aug.wav,ko,bonafide,real,-,kss_speaker,kss,이게 요즘 십대들 사이에서 제일 인기가 있는 모델이에요.,rawboost
data/processed/ko_augmented/zeroth_138_003_0331_aug.wav,ko,bonafide,real,-,zeroth_138,zeroth_korean,그러나 언제부터인가 강아지들이 점점 이상한 행동을 보이기 시작했다,rawboost+codec
data/processed/ko_mlaad_augmented/silent_bullet_11_f000307_aug.wav,ko,spoof,tts,Higgs-Audio-V2,-,mlaad,,none
data/processed/ko_augmented/zeroth_144_003_2834_aug.wav,ko,bonafide,real,-,zeroth_144,zeroth_korean,로브달은 자신의 환자들에게 패스트푸드의 위험성을 보여주기 위해 지난 이천 십 년 일 월 팔 일 이 메뉴를 사서 사무실에 비치한 이래 지금까지 이를 유지하고 있는 것으로 전해진다,none
data/processed/ko_augmented/zeroth_133_003_1449_aug.wav,ko,bonafide,real,-,zeroth_133,zeroth_korean,그래서 천 구백 구십 사 년 말 즈음에 나도 운동을 시작했습니다,rawboost+codec
data/processed/ko_augmented/zeroth_207_003_1926_aug.wav,ko,bonafide,real,-,zeroth_207,zeroth_korean,올해로 사업 영위 삼십 이 년째인데 이 회사는 그동안 한 번도 성인으로 살지 못했다,rawboost
data/processed/ko_mlaad_augmented/rinkitink_baum_18_64kb_f000095_aug.wav,ko,spoof,tts,MOSS-TTS-8B,-,mlaad,,none
data/processed/ko_mlaad_augmented/skyisland_21_baum_64kb_f000055_aug.wav,ko,spoof,tts,Fish-S2-Pro,-,mlaad,,rawboost
data/processed/ko_augmented/zeroth_204_003_2268_aug.wav,ko,bonafide,real,-,zeroth_204,zeroth_korean,다만 지금까지 미국 정부가 세균전을 공식 부인하고 있어 보고서만으로 한국전쟁에서 미군이 진짜로 세균무기를 사용했다고 확신할 수는 없다,rawboost
data/processed/ko_augmented/zeroth_107_003_1669_aug.wav,ko,bonafide,real,-,zeroth_107,zeroth_korean,미래부 개편 스마트일자리 프로젝트로 사 차 산업혁명 준비 저성장 늪에 빠진 대한민국이 재도약하기 위해 사 차 산업혁명 물결 속에서 어떤 전략을 취해야 할까요,rawboost+codec
data/processed/ko_augmented/kss_10925_aug.wav,ko,bonafide,real,-,kss_speaker,kss,모레 오전에 들를게요.,codec
data/processed/ko_augmented/zeroth_164_003_0916_aug.wav,ko,bonafide,real,-,zeroth_164,zeroth_korean,처음에 몇몇 사람은 미신 때문에 지하에서 채굴하는 것을 두려워한 나머지 지표면에서 금을 찾기 시작했습니다,codec
data/processed/ko_augmented/kss_02772_aug.wav,ko,bonafide,real,-,kss_speaker,kss,저는 우리 집 앞 공원을 걷는 걸 좋아해요.,rawboost+codec
data/processed/ko_mlaad_augmented/northandsouth_51_f000033_aug.wav,ko,spoof,tts,Qwen3-TTS-12Hz-0.6B-Base,-,mlaad,,codec
data/processed/ko_mlaad_augmented/dorothy_and_wizard_oz_17_f000023_aug.wav,ko,spoof,tts,Fish-S2-Pro,-,mlaad,,none
data/processed/ko_augmented/zeroth_107_003_2053_aug.wav,ko,bonafide,real,-,zeroth_107,zeroth_korean,그는 또 이정현 새누리당 대표가 자기 당 비박계에게 대선주자 지지율을 다 합쳐도 십 퍼센트도 안 되는데 떠든다고 독설을 퍼부었다며 이건 분당하자는 통첩으로 보인다고 비난했다,none
data/processed/ko_augmented/kss_12348_aug.wav,ko,bonafide,real,-,kss_speaker,kss,음악 틀까?,codec
data/processed/ko_mlaad_augmented/northandsouth_29_f000050_aug.wav,ko,spoof,tts,tts_models_multilingual_multi-dataset_bark,-,mlaad,,rawboost+codec
data/processed/ko_augmented/kss_00892_aug.wav,ko,spoof,tts,mms-tts-kor,vits_default,kss_transcript,의사 선생님이 운동을 시작하라고 하셨다.,rawboost
data/processed/ko_augmented/kss_09192_aug.wav,ko,bonafide,real,-,kss_speaker,kss,흡연 구역은 어디입니까?,rawboost
data/processed/ko_mlaad_augmented/northandsouth_10_f000143_aug.wav,ko,spoof,tts,MOSS-TTS-1.7B,-,mlaad,,none
data/processed/ko_augmented/zeroth_182_003_0820_aug.wav,ko,bonafide,real,-,zeroth_182,zeroth_korean,보복 범죄 사범의 구속 비율은 점차 높아져 이천 십 삼 년에 칠십 쩜 팔 퍼센트에 달했으며 판결 결과는 절반에 가까운 사십 사 쩜 오 퍼센트가 집행유예였다,none
data/processed/ko_augmented/zeroth_189_003_1862_aug.wav,ko,bonafide,real,-,zeroth_189,zeroth_korean,이 노부인은 세계의 주요 금융 기관들 가운데 하나인 영국은행입니다,rawboost
data/processed/ko_mlaad_augmented/wives_and_daughters_25_f000018_aug.wav,ko,spoof,tts,minimax_speech-02-turbo,-,mlaad,,rawboost
data/processed/ko_mlaad_augmented/piratesofersatz_04_leinster_64kb_f000075_aug.wav,ko,spoof,tts,Higgs-Audio-V2,-,mlaad,,rawboost
data/processed/ko_augmented/zeroth_131_003_2726_aug.wav,ko,bonafide,real,-,zeroth_131,zeroth_korean,쏘나타의 지난달 판매량은 전월 대비 일 쩜 구 퍼센트 감소해 두 달 연속 하락세를 기록했다,none
data/processed/ko_augmented/zeroth_216_003_0876_aug.wav,ko,bonafide,real,-,zeroth_216,zeroth_korean,일반적으로 반죽을 만들 때는 우유나 물 또는 우유와 물을 섞어서 사용합니다,codec
data/processed/ko_augmented/kss_09968_aug.wav,ko,bonafide,real,-,kss_speaker,kss,가방을 보관할 만한 장소가 있을까요?,rawboost+codec
data/processed/ko_mlaad_augmented/piratesofersatz_07_leinster_64kb_f000025_aug.wav,ko,spoof,tts,minimax_speech-02-turbo,-,mlaad,,rawboost
data/processed/ko_augmented/zeroth_218_003_0860_aug.wav,ko,bonafide,real,-,zeroth_218,zeroth_korean,시간이 흐를수록 피고인 박씨에게 불리한 재판부의 판결이 이어지자 법정 안에 방청객으로 앉아 있던 피고인 박씨의 가족들 사이에서 불만의 소리가 터져 나왔다,none
data/processed/ko_augmented/kss_12132_aug.wav,ko,bonafide,real,-,kss_speaker,kss,손등에도 크림 발라라.,none
data/processed/ko_augmented/zeroth_166_003_1797_aug.wav,ko,bonafide,real,-,zeroth_166,zeroth_korean,한 마디로 청와대 인사에 최순실의 입김이 작용한다는 이야깁니다,none
data/processed/ko_mlaad_augmented/skyisland_01_baum_64kb_f000032_aug.wav,ko,spoof,tts,MOSS-TTS-8B,-,mlaad,,rawboost
data/processed/ko_augmented/zeroth_122_003_0258_aug.wav,ko,bonafide,real,-,zeroth_122,zeroth_korean,사상 초유의 가축 질병 멀티 바이러스 대란이 닥쳤지만 현장에선 제대로 된 보고조차 이뤄지지 않고 컨트롤타워 역할을 해야 할 황 권한대행은 내용을 파악하지 못하고 있다,none
data/processed/ko_augmented/zeroth_198_003_0290_aug.wav,ko,bonafide,real,-,zeroth_198,zeroth_korean,그러나 사건 이후 지금까지 다섯 개월여간 마을 행사와 모임이 전혀 없었다,rawboost
data/processed/ko_augmented/zeroth_146_003_0942_aug.wav,ko,bonafide,real,-,zeroth_146,zeroth_korean,미국은 지난해 시 월과 올해 일 월 잇달아 남중국해 스프래틀리 제도와 파라셀 군도에 군함을 진입시켰고 일본은 미국의 이런 행보를 강력히 지지하고 나섰다,none
data/processed/ko_mlaad_augmented/hunters_space_06_f000035_aug.wav,ko,spoof,tts,MOSS-TTS-8B,-,mlaad,,rawboost
data/processed/ko_mlaad_augmented/jane_eyre_33_f000169_aug.wav,ko,spoof,tts,Fish-S2-Pro,-,mlaad,,rawboost
data/processed/ko_mlaad_augmented/wives_and_daughters_02_f000235_aug.wav,ko,spoof,tts,Qwen3-TTS-12Hz-0.6B-Base,-,mlaad,,rawboost
data/processed/ko_mlaad_augmented/pink_fairy_book_31_f000127_aug.wav,ko,spoof,tts,Qwen3-TTS-12Hz-1.7B-Base,-,mlaad,,rawboost
data/processed/ko_augmented/zeroth_130_003_0457_aug.wav,ko,bonafide,real,-,zeroth_130,zeroth_korean,오 일 오후 두 시 서울 종로구 대학로 마로니에 공원에서 열린 서울지역 대학생들의 박근혜 정권 퇴진,rawboost
data/processed/ko_mlaad_augmented/jane_eyre_30_f000094_aug.wav,ko,spoof,tts,Chatterbox Multilingual,-,mlaad,,rawboost
data/processed/ko_mlaad_augmented/midnight_passenger_07_f000153_aug.wav,ko,spoof,tts,minimax_speech-02-turbo,-,mlaad,,rawboost
data/processed/ko_augmented/kss_12416_aug.wav,ko,bonafide,real,-,kss_speaker,kss,이번에는 당신 의견에 따르겠습니다.,none
data/processed/ko_augmented/zeroth_200_from_kss_03501_aug.wav,ko,spoof,vc,rvc_zeroth_200,zeroth_200,rvc_from_kss_speaker,요즘 한가해요.,rawboost+codec
data/processed/ko_augmented/zeroth_175_003_0612_aug.wav,ko,bonafide,real,-,zeroth_175,zeroth_korean,인도에서는 지난 이천 팔 년에도 시험관시술을 거친 칠십 이 세 여성이 쌍둥이를 출산해 화제가 됐다,none
data/processed/ko_mlaad_augmented/northandsouth_41_f000055_aug.wav,ko,spoof,tts,MOSS-TTS-8B,-,mlaad,,rawboost+codec
data/processed/ko_augmented/zeroth_131_003_0709_aug.wav,ko,bonafide,real,-,zeroth_131,zeroth_korean,이어 지금은 딸이 잘 자라준다는 사실에 신께 감사하고 있다 면서 엄마의 자리가 느껴지지 않도록 딸을 행복하게 키울 것 이라고 덧붙였다,rawboost
data/processed/ko_augmented/zeroth_167_003_0523_aug.wav,ko,bonafide,real,-,zeroth_167,zeroth_korean,무상급식 갈등이 일 년 넘게 이어져 오다 홍준표 지사와 박종훈 교육감은 지난 십 팔 일 회동을 통해 급식예산 협상 재개에 합의했다,none
data/processed/ko_mlaad_augmented/wives_and_daughters_53_f000056_aug.wav,ko,spoof,tts,Fish-S2-Pro,-,mlaad,,none
data/processed/ko_augmented/zeroth_162_003_2534_aug.wav,ko,bonafide,real,-,zeroth_162,zeroth_korean,더욱이 베델에서 여호와와 세계 전역에 있는 우리 형제들을 섬기면서 매우 의미 깊은 생활을 하고 있었기 때문에 베델 봉사를 계속하려는 결심을 더욱더 굳히게 되었습니다,codec
data/processed/ko_augmented/zeroth_134_003_0647_aug.wav,ko,bonafide,real,-,zeroth_134,zeroth_korean,그래서 추가로 부모 욕을 견딜 수 없어서 최 씨가 잠들 때를 기다렸다 살해했다고 진술을 했습니다,rawboost
data/processed/ko_augmented/zeroth_156_003_2771_aug.wav,ko,bonafide,real,-,zeroth_156,zeroth_korean,한일 양국이 위안부 문제에 대해 합의했다고 선언한 지 불과 하루도 되지 않아 후폭풍이 불어 닥쳤다,codec
data/processed/ko_augmented/kss_02288_aug.wav,ko,bonafide,real,-,kss_speaker,kss,그녀는 자신의 재산을 딸에게 모두 남긴다는 유언을 남겼다.,rawboost
data/processed/ko_augmented/zeroth_193_003_1934_aug.wav,ko,bonafide,real,-,zeroth_193,zeroth_korean,임씨가 죽으면서 내국인 사찰과 선거용 사찰은 없었다고 밝혔지만 오히려 그 의혹은 증폭되고 있는 것이다,codec
data/processed/ko_augmented/zeroth_192_003_2056_aug.wav,ko,bonafide,real,-,zeroth_192,zeroth_korean,여름철에 누진제를 한시적으로 완화하는 방안도 논의될 가능성이 있다고 당 핵심 관계자는 설명했다,rawboost
data/processed/ko_augmented/kss_10323_aug.wav,ko,spoof,tts,mms-tts-kor,vits_default,kss_transcript,지우개 좀 잠시 써도 돼?,none
data/processed/ko_mlaad_augmented/the_master_key_05_f000002_aug.wav,ko,spoof,tts,tts_models_multilingual_multi-dataset_xtts_v2,-,mlaad,,none
data/processed/ko_augmented/kss_12425_aug.wav,ko,bonafide,real,-,kss_speaker,kss,너무 떨려서 아무 생각도 안 나요.,rawboost
data/processed/ko_mlaad_augmented/pink_fairy_book_33_f000119_aug.wav,ko,spoof,tts,OmniVoice,-,mlaad,,rawboost
data/processed/ko_mlaad_augmented/ozma_of_oz_15_f000016_aug.wav,ko,spoof,tts,MOSS-TTS-1.7B,-,mlaad,,codec
data/processed/ko_augmented/zeroth_185_from_zeroth_135_003_1544_aug.wav,ko,spoof,vc,rvc_zeroth_185,zeroth_185,rvc_from_zeroth_135,대중들은 문혁이 재연될 경우 어렵게 일궈 온 개혁개방의 경제 성과는 순식간에 사라지고 가난만 남을 뿐이라는데 의견을 같이 합니다,rawboost
data/processed/ko_mlaad_augmented/ozma_of_oz_14_f000061_aug.wav,ko,spoof,tts,OmniVoice,-,mlaad,,codec
data/processed/ko_augmented/zeroth_177_003_1310_aug.wav,ko,bonafide,real,-,zeroth_177,zeroth_korean,빗물은 공기와 흙을 통과하면서 탄산을 약간 흡수하게 됩니다,rawboost+codec
data/processed/ko_augmented/zeroth_167_003_0339_aug.wav,ko,bonafide,real,-,zeroth_167,zeroth_korean,낡은 주택 하나 있는데 개발할 돈은 없고 그렇다고 팔자니 노후가 걱정돼 고민거리였다,rawboost
data/processed/ko_mlaad_augmented/poisoned_pen_04_f000078_aug.wav,ko,spoof,tts,Higgs-Audio-V2,-,mlaad,,rawboost
data/processed/ko_augmented/zeroth_195_003_2322_aug.wav,ko,bonafide,real,-,zeroth_195,zeroth_korean,서울지검을 시작으로 법무부와 중앙지검 대검찰청 등에서 요직을 두루 걸쳤습니다,rawboost
data/processed/ko_augmented/kss_12491_aug.wav,ko,bonafide,real,-,kss_speaker,kss,다른 의견 있는 분 계세요?,rawboost+codec
data/processed/ko_augmented/zeroth_209_003_1411_aug.wav,ko,bonafide,real,-,zeroth_209,zeroth_korean,대우조선이 잘하는 조선 쪽에 특화해 규모를 줄여 회생을 도모하자는 것이다,rawboost
data/processed/ko_mlaad_augmented/northandsouth_41_f000020_aug.wav,ko,spoof,tts,Qwen3-TTS-12Hz-1.7B-Base,-,mlaad,,codec
data/processed/ko_mlaad_augmented/wives_and_daughters_42_f000080_aug.wav,ko,spoof,tts,tts_models_multilingual_multi-dataset_bark,-,mlaad,,none
data/processed/ko_mlaad_augmented/ozma_of_oz_19_f000007_aug.wav,ko,spoof,tts,Fish-S2-Pro,-,mlaad,,rawboost
data/processed/ko_augmented/zeroth_111_003_2027_aug.wav,ko,bonafide,real,-,zeroth_111,zeroth_korean,사가미하라시 당국에 따르면 우에마쓰는 이 월 입원했을 당시 마약성 정신장애진단을 받았다,none
data/processed/ko_mlaad_augmented/emerald_city_of_oz_26_f000101_aug.wav,ko,spoof,tts,tts_models_multilingual_multi-dataset_bark,-,mlaad,,rawboost
data/processed/ko_augmented/zeroth_197_003_0111_aug.wav,ko,bonafide,real,-,zeroth_197,zeroth_korean,조씨는 또 다음이 있겠거니 하고 기다려야지 별 수 있나라며 씁쓸하게 웃었다,none
data/processed/ko_augmented/kss_06417_aug.wav,ko,bonafide,real,-,kss_speaker,kss,천천히 먹어라.,rawboost
data/processed/ko_augmented/zeroth_154_003_2612_aug.wav,ko,bonafide,real,-,zeroth_154,zeroth_korean,그는 성서 계시록에 기록된 매우 인상적인 환상을 받은 후에 경외심에 사로잡힌 나머지 환상을 보여 준 천사의 발 앞에 숭배하려고 엎드렸습니다,rawboost
data/processed/ko_augmented/zeroth_162_003_0594_aug.wav,ko,bonafide,real,-,zeroth_162,zeroth_korean,힐러리가 기침을 멈추지 않거나 계단을 오르다가 발을 삐끗해서 경호원의 부축을 받거나 어지럼증으로 휘청거리기라도 하면 그 때마다 미디어는 법석을 떨었다,rawboost+codec
data/processed/ko_mlaad_augmented/ozma_of_oz_03_f000063_aug.wav,ko,spoof,tts,Qwen3-TTS-12Hz-0.6B-Base,-,mlaad,,rawboost
data/processed/ko_mlaad_augmented/northandsouth_46_f000306_aug.wav,ko,spoof,tts,Higgs-Audio-V2,-,mlaad,,rawboost+codec
data/processed/ko_augmented/zeroth_214_003_2762_aug.wav,ko,bonafide,real,-,zeroth_214,zeroth_korean,또 임금노동자의 이십 팔 퍼센트가 임시 일용직으로서 사회적 불평등과 양극화 지수가 가장 높은 도시로 나타났다 고 지적했다,none
data/processed/ko_augmented/zeroth_122_003_2122_aug.wav,ko,bonafide,real,-,zeroth_122,zeroth_korean,아그레망은 신임 대사를 파견할 때 상대국에 관례적으로 사전 동의를 받는 것을 말합니다,none
data/processed/ko_augmented/kss_04996_aug.wav,ko,bonafide,real,-,kss_speaker,kss,제 꿈은 올림픽에서 메달을 따는 것입니다.,none
data/processed/ko_mlaad_augmented/jane_eyre_09_f000106_aug.wav,ko,spoof,tts,Fish-S2-Pro,-,mlaad,,rawboost
data/processed/ko_augmented/zeroth_128_003_2570_aug.wav,ko,bonafide,real,-,zeroth_128,zeroth_korean,한겨울 간식거리인 호빵과 즉석어묵도 매출이 전년대비 이십 에서 삼십 퍼센트 감소했다,rawboost
data/processed/ko_augmented/zeroth_108_003_2577_aug.wav,ko,bonafide,real,-,zeroth_108,zeroth_korean,가난한 자의 코카인이라는 별칭이 붙은 이유도 이 때문이다,codec
data/processed/ko_augmented/zeroth_107_003_1282_aug.wav,ko,bonafide,real,-,zeroth_107,zeroth_korean,넣으면 고소한 향이 나지만 많이 끓이면 쓴맛이 날 수 있으니까 마지막에 살짝만 뿌려주세요,rawboost+codec
data/processed/ko_mlaad_augmented/jane_eyre_21_f000425_aug.wav,ko,spoof,tts,Higgs-Audio-V2,-,mlaad,,none
data/processed/ko_mlaad_augmented/pink_fairy_book_30_f000095_aug.wav,ko,spoof,tts,Qwen3-TTS-12Hz-1.7B-Base,-,mlaad,,none
data/processed/ko_augmented/kss_10501_aug.wav,ko,bonafide,real,-,kss_speaker,kss,수영장 주위를 뛰어다니면 안 돼.,none
data/processed/ko_mlaad_augmented/dorothy_and_wizard_oz_15_f000052_aug.wav,ko,spoof,tts,tts_models_multilingual_multi-dataset_bark,-,mlaad,,none
data/processed/ko_augmented/zeroth_141_003_1137_aug.wav,ko,bonafide,real,-,zeroth_141,zeroth_korean,이 수치는 전 세계의 남녀노소 일 인당 백 육십 이 달러에 해당하는 액수이다,none
data/processed/ko_augmented/zeroth_169_003_2127_aug.wav,ko,bonafide,real,-,zeroth_169,zeroth_korean,정부가 이천 십 삼 년 소득공제를 세액공제로 바꾸고 올해 들어 연말정산 파동이 커지자 저소득층 및 중산층 세금을 깎으면서다,none
data/processed/ko_augmented/zeroth_168_003_2800_aug.wav,ko,bonafide,real,-,zeroth_168,zeroth_korean,크리스티의 청각 장애는 여전히 우리 모두에게 도전이 되는 것입니다,none
data/processed/ko_mlaad_augmented/hunters_space_12_f000005_aug.wav,ko,spoof,tts,tts_models_multilingual_multi-dataset_xtts_v2,-,mlaad,,none
data/processed/ko_mlaad_augmented/pink_fairy_book_12_f000092_aug.wav,ko,spoof,tts,MOSS-TTS-8B,-,mlaad,,rawboost+codec
data/processed/ko_augmented/zeroth_179_003_2406_aug.wav,ko,bonafide,real,-,zeroth_179,zeroth_korean,문제는 이날 대규모 지연 사태는 하루만으로 끝나지는 않을 것이라는 점이다,rawboost
data/processed/ko_mlaad_augmented/northandsouth_03_f000111_aug.wav,ko,spoof,tts,VoxCPM2,-,mlaad,,rawboost
data/processed/ko_mlaad_augmented/northandsouth_46_f000223_aug.wav,ko,spoof,tts,tts_models_multilingual_multi-dataset_xtts_v2,-,mlaad,,rawboost
data/processed/ko_augmented/zeroth_207_003_2294_aug.wav,ko,bonafide,real,-,zeroth_207,zeroth_korean,콧등에서부터 귀를 지나는 세 개의 넓은 흰색 줄무늬는 오소리의 두드러진 특징일 뿐 아니라 논란의 대상이기도 합니다,rawboost
data/processed/ko_mlaad_augmented/northandsouth_07_f000033_aug.wav,ko,spoof,tts,Qwen3-TTS-12Hz-0.6B-Base,-,mlaad,,rawboost
data/processed/ko_augmented/kss_05782_aug.wav,ko,bonafide,real,-,kss_speaker,kss,"A: 저 게임 생방송이에요? B: 아뇨, 녹화방송이요.",rawboost
data/processed/ko_augmented/kss_02548_aug.wav,ko,spoof,tts,mms-tts-kor,vits_default,kss_transcript,반 시간 정도 옷을 물에 불려라.,rawboost
data/processed/ko_mlaad_augmented/jane_eyre_01_f000021_aug.wav,ko,spoof,tts,VoxCPM2,-,mlaad,,rawboost
data/processed/ko_augmented/zeroth_145_003_1898_aug.wav,ko,bonafide,real,-,zeroth_145,zeroth_korean,파업의 영향으로 전철이 지연되는 등 불편을 겪은 시민들이 많았을 겁니다,rawboost+codec
data/processed/ko_augmented/zeroth_184_003_0944_aug.wav,ko,bonafide,real,-,zeroth_184,zeroth_korean,배상 방식의 종류는 무상수리에서부터 환불이나 반품 교환 위약금없이 렌털계약 해지 등 다양하다,rawboost
data/processed/ko_augmented/zeroth_189_003_2565_aug.wav,ko,bonafide,real,-,zeroth_189,zeroth_korean,우 전 수석은 특검 출범 이후 줄곧 사법처리 대상에 포함될지 관심을 받아왔다,codec
data/processed/ko_augmented/zeroth_183_003_1184_aug.wav,ko,bonafide,real,-,zeroth_183,zeroth_korean,일 세기 전에 발명된 콘돔은 이십 세기 말 인류가 직면한 성병과 임신을 동시에 막아주는 위대한 발명품이었죠,none
data/processed/ko_augmented/zeroth_146_003_0614_aug.wav,ko,bonafide,real,-,zeroth_146,zeroth_korean,그랬더니 강남구 쪽에서 좋은 의견을 내주시는데 왜 제가 안 받겠느냐,rawboost+codec
data/processed/ko_augmented/zeroth_148_003_2013_aug.wav,ko,bonafide,real,-,zeroth_148,zeroth_korean,대학이 문제를 쉬쉬하는 사이에 동영상은 계속 퍼졌고 급기야 유 월 십 팔 일 한 방송사가 대학가 교통사고를 주제로 보도한 영상에 활용되기도 했다,rawboost+codec
data/processed/ko_augmented/zeroth_174_003_2254_aug.wav,ko,bonafide,real,-,zeroth_174,zeroth_korean,당신이 보내 준 훌륭한 선물인 역사상 가장 위대한 인물 책이 얼마 전에 도착했습니다,none
data/processed/ko_augmented/zeroth_209_003_1714_aug.wav,ko,bonafide,real,-,zeroth_209,zeroth_korean,미국의 경제일간지 월스트리트저널은 이천 십 오 년 이 월 기준 일 조원 클럽에 진입한 신생기업은 칠십 삼 곳에 달한다고 십 구 일 보도했다,none
data/processed/ko_mlaad_augmented/northandsouth_30_f000037_aug.wav,ko,spoof,tts,VoxCPM2,-,mlaad,,rawboost+codec
data/processed/ko_augmented/zeroth_203_003_1463_aug.wav,ko,bonafide,real,-,zeroth_203,zeroth_korean,하지만 미국 의회에서 발족시킨 한 위원회에서는 서로 뚜렷이 구분되는 열 일곱 가지 수면 장애가 있음을 인정했습니다,none
data/processed/ko_mlaad_augmented/pink_fairy_book_40_f000094_aug.wav,ko,spoof,tts,Higgs-Audio-V2,-,mlaad,,rawboost+codec
data/processed/ko_augmented/kss_05024_aug.wav,ko,bonafide,real,-,kss_speaker,kss,작품에 손대지 마시오.,none
data/processed/ko_augmented/kss_02489_aug.wav,ko,bonafide,real,-,kss_speaker,kss,수업 시간 내내 졸았어요.,none
data/processed/ko_augmented/kss_01488_aug.wav,ko,bonafide,real,-,kss_speaker,kss,부모님 앞에서 노래를 한다는 건 민망한 일이에요.,rawboost
data/processed/ko_augmented/zeroth_168_003_1346_aug.wav,ko,bonafide,real,-,zeroth_168,zeroth_korean,이날 명품대전을 진행한 구 층과 십 층 행사 매장에서 만난 손님들은 대부분 우연히 행사장을 들렀다고 말했다,rawboost
data/processed/ko_augmented/zeroth_200_from_kss_04702_aug.wav,ko,spoof,vc,rvc_zeroth_200,zeroth_200,rvc_from_kss_speaker,우리 대학교는 오랜 역사를 갖고 있다.,none
data/processed/ko_mlaad_augmented/northandsouth_42_f000042_aug.wav,ko,spoof,tts,Chatterbox Multilingual,-,mlaad,,none
data/processed/ko_augmented/zeroth_209_003_2021_aug.wav,ko,bonafide,real,-,zeroth_209,zeroth_korean,이 자리에는 이명박 정부 당시 장관을 지낸 정병국 주호영 의원 고흥길 진수희 전 의원과 대통령법무비서관 출신 권성동 의원 친이계 중진이던 최병국 이윤성 전 의원 등이 참석했다,rawboost
data/processed/ko_mlaad_augmented/poisoned_pen_07_f000227_aug.wav,ko,spoof,tts,minimax_speech-02-turbo,-,mlaad,,codec
data/processed/ko_augmented/zeroth_195_003_1265_aug.wav,ko,bonafide,real,-,zeroth_195,zeroth_korean,간통 남녀가 짜고 법정에서 배우자를 상대로 오리발을 내밀기도 하고 피해 배우자는 더 많은 위자료를 얻기 위해 불법 도청을 서슴지 않는 경우도 많아지고 있다,none
data/processed/ko_mlaad_augmented/jane_eyre_09_f000070_aug.wav,ko,spoof,tts,Qwen3-TTS-12Hz-1.7B-Base,-,mlaad,,none
data/processed/ko_augmented/zeroth_154_003_2709_aug.wav,ko,bonafide,real,-,zeroth_154,zeroth_korean,서울대에서 학점 인플레 현상이 유독 심한 원인으로는 느슨한 학점 시스템이 첫째로 꼽힌다,none
data/processed/ko_augmented/zeroth_213_003_1699_aug.wav,ko,bonafide,real,-,zeroth_213,zeroth_korean,그 여파로 이천 팔 년에 삼십 이 만가구 이천 구 년에는 이십 팔 만가구의 입주물량이 쏟아졌다,rawboost
data/processed/ko_augmented/zeroth_148_003_1001_aug.wav,ko,bonafide,real,-,zeroth_148,zeroth_korean,그러나 누진제도에 대한 한전과 정부의 입장은 요지부동이다,codec
data/processed/ko_augmented/zeroth_185_from_zeroth_173_003_1641_aug.wav,ko,spoof,vc,rvc_zeroth_185,zeroth_185,rvc_from_zeroth_173,증권 시장의 호황으로도 사회 정의가 구현될 수는 없다,rawboost
data/processed/ko_augmented/zeroth_133_003_2253_aug.wav,ko,bonafide,real,-,zeroth_133,zeroth_korean,전체 승부에선 알파고에 졌지만 오 국은 이세돌 구 단으로서 무한도전의 의미를 갖는 남다른 대국이다,rawboost
data/processed/ko_augmented/zeroth_159_003_0153_aug.wav,ko,bonafide,real,-,zeroth_159,zeroth_korean,최순실 씨 조카 장시호 씨가 최근 특검에서 의미심장한 진술을 한 것으로 확인됐습니다,codec
data/processed/ko_augmented/zeroth_135_003_2746_aug.wav,ko,bonafide,real,-,zeroth_135,zeroth_korean,최소한 집은 자녀에게 물려줘야 한다는 생각도 생활고를 겪는 노인들이 주택 자산을 팔지 못하는 이유다,rawboost
data/processed/ko_mlaad_augmented/the_sea_fairies_12_f000001_aug.wav,ko,spoof,tts,tts_models_multilingual_multi-dataset_xtts_v2,-,mlaad,,rawboost+codec
data/processed/ko_mlaad_augmented/jane_eyre_34_f000277_aug.wav,ko,spoof,tts,Qwen3-TTS-12Hz-1.7B-Base,-,mlaad,,codec
data/processed/ko_augmented/kss_05143_aug.wav,ko,spoof,tts,mms-tts-kor,vits_default,kss_transcript,저는 일본에서 자랐지만 국적은 한국입니다.,codec
data/processed/ko_augmented/zeroth_159_003_2996_aug.wav,ko,bonafide,real,-,zeroth_159,zeroth_korean,인도네시아 말레이시아 등에만 쏠려 있는 비중도 문제다,rawboost
data/processed/ko_mlaad_augmented/midnight_passenger_05_f000119_aug.wav,ko,spoof,tts,VoxCPM2,-,mlaad,,rawboost
data/processed/ko_mlaad_augmented/jane_eyre_25_f000028_aug.wav,ko,spoof,tts,Qwen3-TTS-12Hz-0.6B-Base,-,mlaad,,rawboost
data/processed/ko_augmented/zeroth_111_003_1824_aug.wav,ko,bonafide,real,-,zeroth_111,zeroth_korean,어떤 역사 기록이 정확한지는 흔히 관습 예절 이름 관리들의 칭호와 같은 세부적인 점을 통해 드러납니다,none
data/processed/ko_augmented/zeroth_198_003_2652_aug.wav,ko,bonafide,real,-,zeroth_198,zeroth_korean,그때 들어올릴 때 선미 램프 부분에는 미수습자들이 있을 가능성이 없다고 보고 일단 세월호를 인양하는 게 중요하기 때문에 떼어냈다는 해수부의 입장이 있었고요,rawboost
data/processed/ko_mlaad_augmented/wives_and_daughters_16_f000184_aug.wav,ko,spoof,tts,Qwen3-TTS-12Hz-0.6B-Base,-,mlaad,,none
data/processed/ko_mlaad_augmented/poisoned_pen_04_f000048_aug.wav,ko,spoof,tts,MOSS-TTS-8B,-,mlaad,,rawboost
data/processed/ko_mlaad_augmented/jane_eyre_28_f000006_aug.wav,ko,spoof,tts,MOSS-TTS-1.7B,-,mlaad,,rawboost+codec
data/processed/ko_augmented/zeroth_213_003_0860_aug.wav,ko,bonafide,real,-,zeroth_213,zeroth_korean,시간이 흐를수록 피고인 박씨에게 불리한 재판부의 판결이 이어지자 법정 안에 방청객으로 앉아 있던 피고인 박씨의 가족들 사이에서 불만의 소리가 터져 나왔다,rawboost+codec
data/processed/ko_mlaad_augmented/wives_and_daughters_49_f000137_aug.wav,ko,spoof,tts,MOSS-TTS-8B,-,mlaad,,rawboost
data/processed/ko_augmented/kss_06080_aug.wav,ko,bonafide,real,-,kss_speaker,kss,그 호텔은 절벽 끝에 위치해 있다.,codec
data/processed/ko_mlaad_augmented/jane_eyre_08_f000064_aug.wav,ko,spoof,tts,Qwen3-TTS-12Hz-0.6B-Base,-,mlaad,,none
data/processed/ko_mlaad_augmented/pink_fairy_book_23_f000059_aug.wav,ko,spoof,tts,tts_models_multilingual_multi-dataset_xtts_v2,-,mlaad,,rawboost
data/processed/ko_augmented/kss_08731_aug.wav,ko,bonafide,real,-,kss_speaker,kss,갈아타는 곳,rawboost
data/processed/ko_mlaad_augmented/the_sea_fairies_05_f000070_aug.wav,ko,spoof,tts,Fish-S2-Pro,-,mlaad,,rawboost+codec
data/processed/ko_mlaad_augmented/jane_eyre_26_f000117_aug.wav,ko,spoof,tts,Fish-S2-Pro,-,mlaad,,none
data/processed/ko_augmented/kss_03853_aug.wav,ko,bonafide,real,-,kss_speaker,kss,늦어서 미안해.,rawboost
data/processed/ko_augmented/zeroth_127_003_0501_aug.wav,ko,bonafide,real,-,zeroth_127,zeroth_korean,일요일인 지난 오 일 오후 아홉 시쯤 서울 광진구의 한 가정집에서 그릇 깨지는 소리가 요란하게 났다,rawboost
data/processed/ko_augmented/kss_10665_aug.wav,ko,spoof,tts,mms-tts-kor,vits_default,kss_transcript,화장품 코너는 어디에 있어요?,rawboost
data/processed/ko_augmented/zeroth_194_003_0514_aug.wav,ko,bonafide,real,-,zeroth_194,zeroth_korean,북한에선 남녀 모두에게 책임을 묻고 피해자인 여성은 사회적으로 매장된다는 것이 탈북 여성들의 공통된 증언이다,none
data/processed/ko_mlaad_augmented/jane_eyre_18_f000283_aug.wav,ko,spoof,tts,Qwen3-TTS-12Hz-0.6B-Base,-,mlaad,,none
data/processed/ko_mlaad_augmented/wives_and_daughters_34_f000099_aug.wav,ko,spoof,tts,Fish-S2-Pro,-,mlaad,,none
data/processed/ko_augmented/zeroth_167_003_0881_aug.wav,ko,bonafide,real,-,zeroth_167,zeroth_korean,윤 행정관은 박 대통령이 수요일마다 공식일정이 없었느냐는 질문에 기억이 나지 않는다고 답했다,codec
data/processed/ko_mlaad_augmented/wives_and_daughters_26_f000356_aug.wav,ko,spoof,tts,Chatterbox Multilingual,-,mlaad,,none
data/processed/ko_augmented/zeroth_199_003_2384_aug.wav,ko,bonafide,real,-,zeroth_199,zeroth_korean,지금까지 브랜드 업체에서 가격폭리를 취했기 때문에 정말 교복에 거품이 많았습니다,rawboost
data/processed/ko_mlaad_augmented/jane_eyre_12_f000194_aug.wav,ko,spoof,tts,MOSS-TTS-1.7B,-,mlaad,,none
data/processed/ko_augmented/zeroth_165_003_1793_aug.wav,ko,bonafide,real,-,zeroth_165,zeroth_korean,정부 정책이 나오면 가격이 더 내려갈 것으로 보고 매수자들이 주택 구매를 망설이면서 거래도 뚝 끊겼다,rawboost
data/processed/ko_mlaad_augmented/the_master_key_05_f000125_aug.wav,ko,spoof,tts,OmniVoice,-,mlaad,,rawboost+codec
data/processed/ko_mlaad_augmented/poisoned_pen_01_f000291_aug.wav,ko,spoof,tts,tts_models_multilingual_multi-dataset_xtts_v2,-,mlaad,,none
data/processed/ko_augmented/zeroth_115_003_1041_aug.wav,ko,bonafide,real,-,zeroth_115,zeroth_korean,특히 독자적인 잠수함 설계 및 건조 능력 확보가 필요하다는 판단아래 장보고 사업이 시작됐다,none
data/processed/ko_mlaad_augmented/dorothy_and_wizard_oz_12_f000102_aug.wav,ko,spoof,tts,minimax_speech-02-turbo,-,mlaad,,rawboost
data/processed/ko_augmented/zeroth_152_from_kss_08966_aug.wav,ko,spoof,vc,rvc_zeroth_152,zeroth_152,rvc_from_kss_speaker,머리를 기둥에 부딪쳤어요.,none
data/processed/ko_mlaad_augmented/ozma_of_oz_02_f000003_aug.wav,ko,spoof,tts,MOSS-TTS-8B,-,mlaad,,codec
data/processed/ko_augmented/kss_05515_aug.wav,ko,bonafide,real,-,kss_speaker,kss,저는 아기일 때 세례를 받았어요.,rawboost
data/processed/ko_mlaad_augmented/poisoned_pen_06_f000016_aug.wav,ko,spoof,tts,Qwen3-TTS-12Hz-1.7B-Base,-,mlaad,,codec
data/processed/ko_augmented/zeroth_169_003_1789_aug.wav,ko,bonafide,real,-,zeroth_169,zeroth_korean,가위개미는 대개 백만 마리 정도가 하나의 공동체를 이루어 땅 속에 커다란 개미집을 짓고 삽니다,rawboost+codec
data/processed/ko_mlaad_augmented/silent_bullet_01_f000011_aug.wav,ko,spoof,tts,MOSS-TTS-1.7B,-,mlaad,,rawboost
data/processed/ko_mlaad_augmented/northandsouth_15_f000246_aug.wav,ko,spoof,tts,tts_models_multilingual_multi-dataset_xtts_v2,-,mlaad,,none
data/processed/ko_mlaad_augmented/poisoned_pen_06_f000280_aug.wav,ko,spoof,tts,Qwen3-TTS-12Hz-0.6B-Base,-,mlaad,,none
data/processed/ko_mlaad_augmented/jane_eyre_21_f000118_aug.wav,ko,spoof,tts,Higgs-Audio-V2,-,mlaad,,rawboost
data/processed/ko_mlaad_augmented/skyisland_25_baum_64kb_f000038_aug.wav,ko,spoof,tts,Fish-S2-Pro,-,mlaad,,none
data/processed/ko_augmented/kss_07976_aug.wav,ko,spoof,tts,mms-tts-kor,vits_default,kss_transcript,하루에 물을 최소한 여덟 잔은 마셔라.,codec
data/processed/ko_augmented/kss_08143_aug.wav,ko,bonafide,real,-,kss_speaker,kss,달빛이 환하다.,none
data/processed/ko_augmented/zeroth_136_003_0484_aug.wav,ko,bonafide,real,-,zeroth_136,zeroth_korean,이후 이사장 모집 공고를 다시 냈지만 적임자를 찾지 못하고 있다,rawboost
data/processed/ko_mlaad_augmented/dorothy_and_wizard_oz_06_f000071_aug.wav,ko,spoof,tts,OmniVoice,-,mlaad,,rawboost
data/processed/ko_mlaad_augmented/the_sea_fairies_17_f000103_aug.wav,ko,spoof,tts,tts_models_multilingual_multi-dataset_bark,-,mlaad,,none
data/processed/ko_augmented/kss_07764_aug.wav,ko,bonafide,real,-,kss_speaker,kss,범인이 곧 붙잡혀야 할 텐데.,none
data/processed/ko_augmented/zeroth_177_003_0237_aug.wav,ko,bonafide,real,-,zeroth_177,zeroth_korean,선대인 그런데 누구나 느끼시겠지만 지금 이천 육 년 부동산 폭등기 때보다 지금 호황인가,none
data/processed/ko_mlaad_augmented/wives_and_daughters_35_f000025_aug.wav,ko,spoof,tts,Qwen3-TTS-12Hz-0.6B-Base,-,mlaad,,rawboost
data/processed/ko_augmented/zeroth_139_003_2917_aug.wav,ko,bonafide,real,-,zeroth_139,zeroth_korean,새누리당 핵심 관계자는 구 일 현행 교과서에 문제가 많다는 것에 대해선 이견이 없다고 말했다,none
data/processed/ko_mlaad_augmented/wives_and_daughters_50_f000105_aug.wav,ko,spoof,tts,Higgs-Audio-V2,-,mlaad,,rawboost
data/processed/ko_augmented/zeroth_116_003_0334_aug.wav,ko,bonafide,real,-,zeroth_116,zeroth_korean,저희들이 생각하는 가장 유력한 증거는 현재 화물차에 접수돼 있던 차량에 보면 블랙박스가 있지 않습니까,none
data/processed/ko_augmented/kss_01133_aug.wav,ko,bonafide,real,-,kss_speaker,kss,고요한 아침의 나라,none
data/processed/ko_mlaad_augmented/skyisland_13_baum_64kb_f000068_aug.wav,ko,spoof,tts,Qwen3-TTS-12Hz-0.6B-Base,-,mlaad,,rawboost+codec
data/processed/ko_mlaad_augmented/poisoned_pen_08_f000308_aug.wav,ko,spoof,tts,VoxCPM2,-,mlaad,,rawboost
data/processed/ko_augmented/kss_11788_aug.wav,ko,bonafide,real,-,kss_speaker,kss,여기에 한 줄로 서 주세요.,rawboost
data/processed/ko_augmented/zeroth_171_003_1234_aug.wav,ko,bonafide,real,-,zeroth_171,zeroth_korean,핵무력건설에 대해선 그 역사적 연원을 돌아보며 길게 설명했으니 반복하지 않을게,none
data/processed/ko_augmented/kss_02742_aug.wav,ko,bonafide,real,-,kss_speaker,kss,창문에 기대지 마. 위험해.,none
data/processed/ko_augmented/zeroth_131_003_0243_aug.wav,ko,bonafide,real,-,zeroth_131,zeroth_korean,일 심 재판부는 이를 토대로 징역 십 이 년을 선고했다,codec
data/processed/ko_augmented/zeroth_146_003_2811_aug.wav,ko,bonafide,real,-,zeroth_146,zeroth_korean,또 조씨 자백과 그동안 확보한 증거 자료를 바탕으로 이날 오전 중 살인 등 혐의로 구속영장을 신청키로 했다,rawboost+codec
data/processed/ko_mlaad_augmented/jane_eyre_35_f000101_aug.wav,ko,spoof,tts,VoxCPM2,-,mlaad,,rawboost+codec
data/processed/ko_augmented/zeroth_107_003_2546_aug.wav,ko,bonafide,real,-,zeroth_107,zeroth_korean,업무 강도가 센 직업이라 야근과 주말근무를 할 때도 많아서 입주돌보미를 구했는데 비용이 높았다,none
data/processed/ko_mlaad_augmented/wives_and_daughters_18_f000248_aug.wav,ko,spoof,tts,tts_models_multilingual_multi-dataset_bark,-,mlaad,,codec
data/processed/ko_augmented/zeroth_125_003_0022_aug.wav,ko,bonafide,real,-,zeroth_125,zeroth_korean,송 군의 이번 논문은 출간을 준비 중인 논문인 셈이다,codec
data/processed/ko_augmented/kss_07852_aug.wav,ko,bonafide,real,-,kss_speaker,kss,이 분야에서 성공하려면 창조적인 사고가 중요합니다.,codec
data/processed/ko_mlaad_augmented/wives_and_daughters_54_f000117_aug.wav,ko,spoof,tts,Higgs-Audio-V2,-,mlaad,,rawboost
data/processed/ko_mlaad_augmented/jane_eyre_27_f000412_aug.wav,ko,spoof,tts,Chatterbox Multilingual,-,mlaad,,rawboost
data/processed/ko_augmented/zeroth_181_003_2566_aug.wav,ko,bonafide,real,-,zeroth_181,zeroth_korean,일정 시간이 지나면 터지도록 만들어진 폭발물 타이머가 부착돼 있다,none
data/processed/ko_augmented/zeroth_195_003_1805_aug.wav,ko,bonafide,real,-,zeroth_195,zeroth_korean,인터뷰 우선 대형마트나 백화점 이런 데서는 다 보상을 해 주겠다는 입장입니다,rawboost
data/processed/ko_mlaad_augmented/piratesofersatz_01_leinster_64kb_f000106_aug.wav,ko,spoof,tts,OmniVoice,-,mlaad,,rawboost
data/processed/ko_augmented/zeroth_140_003_1859_aug.wav,ko,bonafide,real,-,zeroth_140,zeroth_korean,이를 두고 일각에서는 국회법 개정안을 둘러싼 당청 갈등이 여권 내부의 계파 분열로 옮아가는 단계라는 해석도 내놓고 있다,rawboost
data/processed/ko_augmented/kss_05843_aug.wav,ko,bonafide,real,-,kss_speaker,kss,설치 중에는 컴퓨터를 끄지 마시오.,rawboost
data/processed/ko_augmented/zeroth_138_003_0523_aug.wav,ko,bonafide,real,-,zeroth_138,zeroth_korean,무상급식 갈등이 일 년 넘게 이어져 오다 홍준표 지사와 박종훈 교육감은 지난 십 팔 일 회동을 통해 급식예산 협상 재개에 합의했다,none
data/processed/ko_mlaad_augmented/pink_fairy_book_23_f000059_aug.wav,ko,spoof,tts,MOSS-TTS-1.7B,-,mlaad,,rawboost+codec
data/processed/ko_augmented/zeroth_172_003_1683_aug.wav,ko,bonafide,real,-,zeroth_172,zeroth_korean,사십 년 이상 공장을 운영하는 동안 폐수 무단 방류로 적발된 전례가 거의 없는 만큼 이번 성동구청의 발표를 심각한 사안으로 받아들이고 있다고 밝혔다,none
data/processed/ko_augmented/zeroth_168_003_0069_aug.wav,ko,bonafide,real,-,zeroth_168,zeroth_korean,고령화로 증가하는 육십 대 이상이 주택 시장의 큰손으로 부상하고 있다,none
data/processed/ko_augmented/kss_08965_aug.wav,ko,bonafide,real,-,kss_speaker,kss,저희 집은 기독교 집안이에요.,rawboost
data/processed/ko_mlaad_augmented/wives_and_daughters_58_f000024_aug.wav,ko,spoof,tts,Chatterbox Multilingual,-,mlaad,,none
data/processed/ko_mlaad_augmented/jane_eyre_24_f000365_aug.wav,ko,spoof,tts,MOSS-TTS-8B,-,mlaad,,none
data/processed/ko_mlaad_augmented/wives_and_daughters_14_f000094_aug.wav,ko,spoof,tts,OmniVoice,-,mlaad,,codec
data/processed/ko_augmented/zeroth_199_003_0193_aug.wav,ko,bonafide,real,-,zeroth_199,zeroth_korean,그 바람에 나의 몸도 겹쳐 쓰러지며 한창 피어난 노란 동백꽃 속으로 폭 파묻혀 버렸다,rawboost
data/processed/ko_augmented/zeroth_133_003_1541_aug.wav,ko,bonafide,real,-,zeroth_133,zeroth_korean,그러나 총리실측은 대통령 부재 상황을 감안해 안 가는 것으로 결론을 내린 것이라고 해명했다,rawboost
data/processed/ko_mlaad_augmented/pink_fairy_book_14_f000045_aug.wav,ko,spoof,tts,MOSS-TTS-1.7B,-,mlaad,,none
data/processed/ko_augmented/kss_05453_aug.wav,ko,bonafide,real,-,kss_speaker,kss,우리는 기다리면서 상황의 전개를 지켜보기로 결정했다.,rawboost
data/processed/ko_mlaad_augmented/wives_and_daughters_41_f000235_aug.wav,ko,spoof,tts,minimax_speech-02-turbo,-,mlaad,,none
data/processed/ko_augmented/kss_04406_aug.wav,ko,bonafide,real,-,kss_speaker,kss,여성들이 지하 주차장에 주차하는 것은 위험하다.,none
data/processed/ko_augmented/zeroth_150_003_0530_aug.wav,ko,bonafide,real,-,zeroth_150,zeroth_korean,인터풋볼 감독님의 한결 같은 믿음이 적응과 활약의 토대,none
data/processed/ko_augmented/zeroth_127_003_2274_aug.wav,ko,bonafide,real,-,zeroth_127,zeroth_korean,재임용 거부 소청 심사위 결정 소송 등 과정은 반복됐다,rawboost
data/processed/ko_mlaad_augmented/jane_eyre_06_f000048_aug.wav,ko,spoof,tts,Higgs-Audio-V2,-,mlaad,,rawboost
data/processed/ko_mlaad_augmented/dorothy_and_wizard_oz_08_f000098_aug.wav,ko,spoof,tts,Qwen3-TTS-12Hz-0.6B-Base,-,mlaad,,rawboost+codec
data/processed/ko_augmented/zeroth_186_003_2178_aug.wav,ko,bonafide,real,-,zeroth_186,zeroth_korean,원자로 온도가 올라가 비상 사태가 발생하는 상황인데도 제대로 된 조치를 취하지 못한 것입니다,rawboost
data/processed/ko_mlaad_augmented/northandsouth_44_f000025_aug.wav,ko,spoof,tts,Higgs-Audio-V2,-,mlaad,,none
data/processed/ko_mlaad_augmented/poisoned_pen_09_f000243_aug.wav,ko,spoof,tts,Chatterbox Multilingual,-,mlaad,,none
data/processed/ko_augmented/zeroth_174_003_2958_aug.wav,ko,bonafide,real,-,zeroth_174,zeroth_korean,이 때문에 국가정보원 주도로 이천 십 사 년 초부터 청와대를 포함해 정부 고위직 공무원들에게 보안폰이 지급되기도 했다,codec
data/processed/ko_augmented/zeroth_196_003_2284_aug.wav,ko,bonafide,real,-,zeroth_196,zeroth_korean,떴다방 분양권 불법전매 다운계약서 등에 대한 단속을 피해서다,rawboost
data/processed/ko_augmented/zeroth_156_003_1192_aug.wav,ko,bonafide,real,-,zeroth_156,zeroth_korean,그를 잘 아는 검찰 출신 변호사들은 국회의원 출마설을 제기한다,none
data/processed/ko_augmented/zeroth_136_003_0137_aug.wav,ko,bonafide,real,-,zeroth_136,zeroth_korean,한 중견법조인은 성추행을 한 대학교수를 구속하면 그게 반 대학정서를 확산시키는 것이냐 고 반문하면서 사안을 있는 그대로 보면 된다,none
data/processed/ko_augmented/zeroth_127_003_2527_aug.wav,ko,bonafide,real,-,zeroth_127,zeroth_korean,보도가 나가고 뉴스타파 와 앵커의 안위를 걱정하는 전화와 메시지가 쇄도하고 있다,rawboost+codec
data/processed/ko_augmented/zeroth_160_003_0224_aug.wav,ko,bonafide,real,-,zeroth_160,zeroth_korean,또한 이곳은 세계에서 조수 간만의 차이가 가장 심한 곳 중 하나여서 캘리포니아 만 북단에서는 그로 인한 해수면의 차이가 아홉 미터에 달하기도 합니다,none
data/processed/ko_mlaad_augmented/wives_and_daughters_42_f000183_aug.wav,ko,spoof,tts,Chatterbox Multilingual,-,mlaad,,rawboost+codec
data/processed/ko_mlaad_augmented/wives_and_daughters_59_f000056_aug.wav,ko,spoof,tts,tts_models_multilingual_multi-dataset_xtts_v2,-,mlaad,,rawboost
data/processed/ko_mlaad_augmented/emerald_city_of_oz_23_f000049_aug.wav,ko,spoof,tts,minimax_speech-02-turbo,-,mlaad,,none
data/processed/ko_augmented/kss_10130_aug.wav,ko,bonafide,real,-,kss_speaker,kss,정성이 담긴 선물이 제일 좋은 선물이에요.,none
data/processed/ko_mlaad_augmented/silent_bullet_03_f000234_aug.wav,ko,spoof,tts,tts_models_multilingual_multi-dataset_bark,-,mlaad,,rawboost+codec
data/processed/ko_mlaad_augmented/skyisland_01_baum_64kb_f000049_aug.wav,ko,spoof,tts,MOSS-TTS-1.7B,-,mlaad,,none
data/processed/ko_augmented/zeroth_116_003_2247_aug.wav,ko,bonafide,real,-,zeroth_116,zeroth_korean,사고 당시 청와대는 진도에서 여객선 조난신고가 왔냐며 배의 이름 도착 예정지 몇 톤 급인지에 정보를 요구했다,rawboost
data/processed/ko_augmented/zeroth_163_003_2565_aug.wav,ko,bonafide,real,-,zeroth_163,zeroth_korean,우 전 수석은 특검 출범 이후 줄곧 사법처리 대상에 포함될지 관심을 받아왔다,rawboost+codec
data/processed/ko_mlaad_augmented/wives_and_daughters_54_f000111_aug.wav,ko,spoof,tts,tts_models_multilingual_multi-dataset_bark,-,mlaad,,rawboost
data/processed/ko_mlaad_augmented/pink_fairy_book_02_f000007_aug.wav,ko,spoof,tts,MOSS-TTS-8B,-,mlaad,,none
data/processed/ko_augmented/zeroth_191_003_0455_aug.wav,ko,bonafide,real,-,zeroth_191,zeroth_korean,천 구백 삼십 팔 년에는 지원병 제도를 도입했고 일본어와 일본사를 필수과목으로 하는 조선교육령을 실시했다,rawboost
data/processed/ko_mlaad_augmented/piratesofersatz_07_leinster_64kb_f000131_aug.wav,ko,spoof,tts,MOSS-TTS-8B,-,mlaad,,rawboost
data/processed/ko_augmented/kss_12063_aug.wav,ko,bonafide,real,-,kss_speaker,kss,짐은 다 실었어?,rawboost
data/processed/ko_mlaad_augmented/emerald_city_of_oz_04_f000012_aug.wav,ko,spoof,tts,OmniVoice,-,mlaad,,none
data/processed/ko_augmented/zeroth_131_003_0803_aug.wav,ko,bonafide,real,-,zeroth_131,zeroth_korean,연구진은 스마트폰 등에 사용하는 배터리의 수명이 닳는 원리도 알아냈다,codec
data/processed/ko_mlaad_augmented/midnight_passenger_01_f000180_aug.wav,ko,spoof,tts,minimax_speech-02-turbo,-,mlaad,,rawboost
data/processed/ko_mlaad_augmented/jane_eyre_17_f000026_aug.wav,ko,spoof,tts,Fish-S2-Pro,-,mlaad,,none
data/processed/ko_augmented/kss_07625_aug.wav,ko,bonafide,real,-,kss_speaker,kss,내일 뵙겠습니다.,none
data/processed/ko_augmented/zeroth_108_003_2538_aug.wav,ko,bonafide,real,-,zeroth_108,zeroth_korean,같은 간호부에서 두 명 이상 임신 계획이 있을 땐 이렇게 내가 먼저 할 테니 넌 그다음에 해라는 식으로 순서를 정하는 거죠,rawboost
data/processed/ko_augmented/zeroth_190_003_2336_aug.wav,ko,bonafide,real,-,zeroth_190,zeroth_korean,단백질의 모양은 단백질이 세포 안에서 하는 역할과 대단히 중요한 관련이 있습니다,none
data/processed/ko_mlaad_augmented/silent_bullet_05_f000170_aug.wav,ko,spoof,tts,tts_models_multilingual_multi-dataset_bark,-,mlaad,,none
data/processed/ko_mlaad_augmented/piratesofersatz_12_leinster_64kb_f000115_aug.wav,ko,spoof,tts,MOSS-TTS-1.7B,-,mlaad,,codec
data/processed/ko_mlaad_augmented/pink_fairy_book_15_f000035_aug.wav,ko,spoof,tts,OmniVoice,-,mlaad,,none
data/processed/ko_augmented/zeroth_207_003_1133_aug.wav,ko,bonafide,real,-,zeroth_207,zeroth_korean,그 동안 본교섭만 진행해온 노사는 실무교섭 도입과 관련해 십 일 일 열리는 이십 오 차 대면교섭에서 본격 논의키로 했다,codec
data/processed/ko_augmented/kss_03073_aug.wav,ko,bonafide,real,-,kss_speaker,kss,대학에 안 간 것이 원통해요.,rawboost+codec
data/processed/ko_augmented/zeroth_142_003_0460_aug.wav,ko,bonafide,real,-,zeroth_142,zeroth_korean,세월호와 잭킹 바지선 분리 작업은 한 두 시간 정도 소요될 것으로 예상된다,none
data/processed/ko_augmented/kss_11244_aug.wav,ko,bonafide,real,-,kss_speaker,kss,왜 나를 계속 놀리는 거예요?,rawboost
data/processed/ko_mlaad_augmented/jane_eyre_06_f000131_aug.wav,ko,spoof,tts,Fish-S2-Pro,-,mlaad,,rawboost
data/processed/ko_augmented/zeroth_115_003_2391_aug.wav,ko,bonafide,real,-,zeroth_115,zeroth_korean,클라우디우스는 온몸이 피로 흠뻑 젖은 채 병원으로 옮겨졌습니다,rawboost+codec
data/processed/ko_augmented/zeroth_192_003_0141_aug.wav,ko,bonafide,real,-,zeroth_192,zeroth_korean,그리고 수사를 관련자를 마흔 여섯 명이나 불러서 조사를 했어요,codec
data/processed/ko_mlaad_augmented/jane_eyre_29_f000199_aug.wav,ko,spoof,tts,MOSS-TTS-8B,-,mlaad,,rawboost+codec
data/processed/ko_augmented/zeroth_176_003_0580_aug.wav,ko,bonafide,real,-,zeroth_176,zeroth_korean,그리고 이 나무는 태즈메이니아 남부 지역에 부는 남극의 바람을 맞으면서도 또한 해안에 위치한 산간 지방의 안개가 많은 환경에서도 무성하게 자랍니다,codec
data/processed/ko_augmented/kss_11246_aug.wav,ko,bonafide,real,-,kss_speaker,kss,바보 같은 놈아!,rawboost+codec
data/processed/ko_mlaad_augmented/the_master_key_05_f000074_aug.wav,ko,spoof,tts,Chatterbox Multilingual,-,mlaad,,rawboost
data/processed/ko_mlaad_augmented/midnight_passenger_03_f000183_aug.wav,ko,spoof,tts,Fish-S2-Pro,-,mlaad,,none
data/processed/ko_augmented/zeroth_199_003_2186_aug.wav,ko,bonafide,real,-,zeroth_199,zeroth_korean,근로능력평가는 의학적 평가와 활동능력 평가 두 가지로 이뤄진다,rawboost+codec
data/processed/ko_augmented/zeroth_203_003_1372_aug.wav,ko,bonafide,real,-,zeroth_203,zeroth_korean,한편 대설주의보가 발효 중인 전남 해안 지역에서는 약하게 눈이 이어지고 있습니다,none
data/processed/ko_mlaad_augmented/midnight_passenger_09_f000075_aug.wav,ko,spoof,tts,tts_models_multilingual_multi-dataset_xtts_v2,-,mlaad,,none
data/processed/ko_mlaad_augmented/emerald_city_of_oz_13_f000005_aug.wav,ko,spoof,tts,minimax_speech-02-turbo,-,mlaad,,rawboost
data/processed/ko_mlaad_augmented/rinkitink_baum_13_64kb_f000026_aug.wav,ko,spoof,tts,Fish-S2-Pro,-,mlaad,,rawboost
data/processed/ko_mlaad_augmented/poisoned_pen_02_f000034_aug.wav,ko,spoof,tts,Qwen3-TTS-12Hz-1.7B-Base,-,mlaad,,rawboost
data/processed/ko_augmented/zeroth_161_003_1721_aug.wav,ko,bonafide,real,-,zeroth_161,zeroth_korean,박정희 전 대통령이 사십 년전 창원기계공업단지를 지정했고 같은해에 거제에 조선공업단지를 지정했다,none
data/processed/ko_augmented/zeroth_133_003_0129_aug.wav,ko,bonafide,real,-,zeroth_133,zeroth_korean,김현정 아니 형사재판은 형사재판이고 탄핵심판은 탄핵심판인데 두 개를 헷갈리게 만드는 작전이라는 게 무슨 말씀이세요,none
data/processed/ko_mlaad_augmented/jane_eyre_19_f000116_aug.wav,ko,spoof,tts,Qwen3-TTS-12Hz-0.6B-Base,-,mlaad,,rawboost
data/processed/ko_augmented/zeroth_181_003_2238_aug.wav,ko,bonafide,real,-,zeroth_181,zeroth_korean,실제로 민 전 사장이 사표를 내자 후임 사장으로 청와대 등은 백 사장이 아니라 다른 후보를 원했다고 한다,rawboost
data/processed/ko_augmented/zeroth_108_003_1399_aug.wav,ko,bonafide,real,-,zeroth_108,zeroth_korean,메르스에 감염된 서울 대형 병원 의사가 무려 천 오백 명이 넘는 사람들을 직 간접으로 접촉했다는 소식이었다,none
data/processed/ko_augmented/zeroth_133_003_1492_aug.wav,ko,bonafide,real,-,zeroth_133,zeroth_korean,영국 출신 일러스트레이터 조해너 배스퍼드가 펴낸 이 책에는 굉장히 정교한 스케치가 담겨 있다,none
data/processed/ko_augmented/zeroth_166_003_1617_aug.wav,ko,bonafide,real,-,zeroth_166,zeroth_korean,삼성전자가 갈수록 추락하는 중국 시장 점유율을 만회하기 위해 가격 대응에 나섰다,none
data/processed/ko_mlaad_augmented/jane_eyre_03_f000172_aug.wav,ko,spoof,tts,tts_models_multilingual_multi-dataset_bark,-,mlaad,,codec
data/processed/ko_augmented/kss_01805_aug.wav,ko,bonafide,real,-,kss_speaker,kss,우리는 지원자들을 공정하고 엄격하게 심사할 겁니다.,rawboost
data/processed/ko_mlaad_augmented/the_master_key_16_f000096_aug.wav,ko,spoof,tts,MOSS-TTS-8B,-,mlaad,,none
data/processed/ko_augmented/zeroth_160_003_2438_aug.wav,ko,bonafide,real,-,zeroth_160,zeroth_korean,그러면서 적어도 사 월 십 육 일만큼은 국민과 함께 아픔을 나눠야 진정한 지도자일 것이라고 지적했다,rawboost
data/processed/ko_mlaad_augmented/pink_fairy_book_16_f000049_aug.wav,ko,spoof,tts,Chatterbox Multilingual,-,mlaad,,none
data/processed/ko_augmented/zeroth_206_003_1673_aug.wav,ko,bonafide,real,-,zeroth_206,zeroth_korean,새정치민주연합은 이에 대해 공무원연금 개혁안과 공적연금 강화방안을 동시에 처리해야 한다고 주장해왔다,rawboost+codec
data/processed/ko_augmented/zeroth_193_003_0391_aug.wav,ko,bonafide,real,-,zeroth_193,zeroth_korean,당시 제시카는 켈리에게 동생을 나가게 한 이유로 나를 따라 하는 걸 원치 않아요라며 동생만은 나처럼 이상한 애가 되지 않았으면 좋겠어요라고 말한 것으로 알려졌다,rawboost
data/processed/ko_augmented/kss_04235_aug.wav,ko,bonafide,real,-,kss_speaker,kss,입맛이 없어서 점심을 걸렀어요.,codec
data/processed/ko_mlaad_augmented/northandsouth_38_f000197_aug.wav,ko,spoof,tts,MOSS-TTS-1.7B,-,mlaad,,rawboost
data/processed/ko_mlaad_augmented/the_master_key_10_f000065_aug.wav,ko,spoof,tts,MOSS-TTS-1.7B,-,mlaad,,none
data/processed/ko_augmented/kss_08568_aug.wav,ko,bonafide,real,-,kss_speaker,kss,물이 얼어서 얼음으로 변했어요.,rawboost
data/processed/ko_augmented/zeroth_108_003_2726_aug.wav,ko,bonafide,real,-,zeroth_108,zeroth_korean,쏘나타의 지난달 판매량은 전월 대비 일 쩜 구 퍼센트 감소해 두 달 연속 하락세를 기록했다,rawboost+codec
data/processed/ko_augmented/zeroth_194_003_2570_aug.wav,ko,bonafide,real,-,zeroth_194,zeroth_korean,한겨울 간식거리인 호빵과 즉석어묵도 매출이 전년대비 이십 에서 삼십 퍼센트 감소했다,none
data/processed/ko_mlaad_augmented/jane_eyre_25_f000064_aug.wav,ko,spoof,tts,Qwen3-TTS-12Hz-1.7B-Base,-,mlaad,,rawboost
data/processed/ko_augmented/zeroth_153_003_1183_aug.wav,ko,bonafide,real,-,zeroth_153,zeroth_korean,하지만 주인들은 사랑을 표현하고 싶은 자신의 욕구를 충족시키느라 애완동물을 돌보는 일에 푹 빠져 드는 것 같다,rawboost+codec
data/processed/ko_augmented/zeroth_211_003_0802_aug.wav,ko,bonafide,real,-,zeroth_211,zeroth_korean,콩에 대한 자료라면 무엇이든 구해 읽었고 누구를 만나도 콩의 중요성을 설파했다,rawboost
data/processed/ko_augmented/zeroth_158_003_2396_aug.wav,ko,bonafide,real,-,zeroth_158,zeroth_korean,사진은 김 전 원장이 지난달 정 후보 사무실을 찾아 야당 지지자들과 함께 찍은 사진,codec
data/processed/ko_augmented/kss_06221_aug.wav,ko,bonafide,real,-,kss_speaker,kss,1990년대에는 많은 역사적 사건들이 있었다.,rawboost
data/processed/ko_mlaad_augmented/poisoned_pen_04_f000054_aug.wav,ko,spoof,tts,tts_models_multilingual_multi-dataset_xtts_v2,-,mlaad,,codec
data/processed/ko_mlaad_augmented/piratesofersatz_02_leinster_64kb_f000178_aug.wav,ko,spoof,tts,Qwen3-TTS-12Hz-1.7B-Base,-,mlaad,,none
data/processed/ko_augmented/zeroth_216_003_1425_aug.wav,ko,bonafide,real,-,zeroth_216,zeroth_korean,이처럼 친박계가 총궐기 입장을 보이고 있는 가운데 안심번호 수용불가라는 청와대 입장까지 더해지면서 자칫 당내 의총이 김무성 대표 성토장으로 돌변할 가능성까지 점쳐지고 있다,none
data/processed/ko_mlaad_augmented/the_master_key_06_f000020_aug.wav,ko,spoof,tts,Qwen3-TTS-12Hz-0.6B-Base,-,mlaad,,none
data/processed/ko_augmented/zeroth_170_003_1842_aug.wav,ko,bonafide,real,-,zeroth_170,zeroth_korean,그 첼시 전에서 나의 실수는 마치 내 인생에 재앙이 불어닥친 것만 같은 느낌이었다,codec
data/processed/ko_augmented/kss_12163_aug.wav,ko,bonafide,real,-,kss_speaker,kss,싼값에 비행기 표를 구할 방법 없을까?,none
data/processed/ko_augmented/zeroth_110_003_2162_aug.wav,ko,bonafide,real,-,zeroth_110,zeroth_korean,이것은 전쟁 지역으로부터 도피하고 있는 어떤 난민 가족의 이야기입니까,rawboost
data/processed/ko_augmented/zeroth_169_003_1314_aug.wav,ko,bonafide,real,-,zeroth_169,zeroth_korean,항해를 지휘하는 선교에서 두 주만 더 경험을 쌓으면 된다고 말하자 그는 내가 이집트의 포트사이드로 항해하도록 마련해 주었습니다,rawboost
data/processed/ko_mlaad_augmented/northandsouth_26_f000016_aug.wav,ko,spoof,tts,Qwen3-TTS-12Hz-0.6B-Base,-,mlaad,,none
data/processed/ko_augmented/kss_00261_aug.wav,ko,bonafide,real,-,kss_speaker,kss,좀전에 할머니가 돌아가셨다는 전화를 받았어.,none
data/processed/ko_mlaad_augmented/northandsouth_03_f000064_aug.wav,ko,spoof,tts,Qwen3-TTS-12Hz-0.6B-Base,-,mlaad,,none
data/processed/ko_augmented/zeroth_204_003_1219_aug.wav,ko,bonafide,real,-,zeroth_204,zeroth_korean,재판부는 배심원단의 의견을 반영해 양형을 정했다며 피고인의 죄질은 나쁘지만 스스로 반성하고 있으며 피해자와 합의한 점 등을 고려했다고 밝혔다,rawboost
data/processed/ko_augmented/kss_08545_aug.wav,ko,bonafide,real,-,kss_speaker,kss,정명훈의 누나들도 모두 세계적인 음악가야.,codec
data/processed/ko_augmented/zeroth_208_003_2733_aug.wav,ko,bonafide,real,-,zeroth_208,zeroth_korean,첫째로 불필요하게 시간을 빼앗아 가는 요인들을 어떻게 현명하게 제거할 수 있는지를 알려 줍니다,none
data/processed/ko_augmented/kss_04261_aug.wav,ko,bonafide,real,-,kss_speaker,kss,술병이 비었잖아. 다른 거 하나 더 따야겠어.,none
data/processed/ko_mlaad_augmented/northandsouth_41_f000039_aug.wav,ko,spoof,tts,VoxCPM2,-,mlaad,,rawboost+codec
data/processed/ko_mlaad_augmented/poisoned_pen_04_f000230_aug.wav,ko,spoof,tts,Chatterbox Multilingual,-,mlaad,,none
data/processed/ko_augmented/zeroth_144_003_2174_aug.wav,ko,bonafide,real,-,zeroth_144,zeroth_korean,이 성서 기록은 사람에게 유익한 꿀의 특성 한 가지를 예시합니다,none
data/processed/ko_augmented/zeroth_173_003_2828_aug.wav,ko,bonafide,real,-,zeroth_173,zeroth_korean,아이를 낳고 키우는 게 행복이다라는 소소한 명제를 국민 누구나 느끼게 될 때 저출산의 악순환에서 벗어날 수 있습니다,rawboost
data/processed/ko_mlaad_augmented/wives_and_daughters_21_f000223_aug.wav,ko,spoof,tts,Qwen3-TTS-12Hz-0.6B-Base,-,mlaad,,none
data/processed/ko_mlaad_augmented/midnight_passenger_04_f000117_aug.wav,ko,spoof,tts,tts_models_multilingual_multi-dataset_xtts_v2,-,mlaad,,none
data/processed/ko_augmented/kss_04480_aug.wav,ko,bonafide,real,-,kss_speaker,kss,"다녀왔어요, 여보.",rawboost+codec
data/processed/ko_augmented/zeroth_152_from_zeroth_206_003_0970_aug.wav,ko,spoof,vc,rvc_zeroth_152,zeroth_152,rvc_from_zeroth_206,거미와 그 거미가 만들어 내는 강철만큼이나 튼튼한 거미줄은 우연의 산물입니까,rawboost
data/processed/ko_mlaad_augmented/pink_fairy_book_37_f000042_aug.wav,ko,spoof,tts,tts_models_multilingual_multi-dataset_bark,-,mlaad,,rawboost
data/processed/ko_mlaad_augmented/northandsouth_17_f000013_aug.wav,ko,spoof,tts,tts_models_multilingual_multi-dataset_bark,-,mlaad,,rawboost+codec
data/processed/ko_mlaad_augmented/wives_and_daughters_21_f000122_aug.wav,ko,spoof,tts,tts_models_multilingual_multi-dataset_bark,-,mlaad,,rawboost
data/processed/ko_augmented/zeroth_204_003_2256_aug.wav,ko,bonafide,real,-,zeroth_204,zeroth_korean,지난 이천 십 삼 년 북한이 핵실험을 감행했을 때에도 규모 오 안팎의 인공지진이 발생한 바 있다,none
data/processed/ko_mlaad_augmented/jane_eyre_22_f000018_aug.wav,ko,spoof,tts,tts_models_multilingual_multi-dataset_bark,-,mlaad,,none
data/processed/ko_mlaad_augmented/skyisland_01_baum_64kb_f000072_aug.wav,ko,spoof,tts,tts_models_multilingual_multi-dataset_bark,-,mlaad,,codec
data/processed/ko_augmented/kss_11499_aug.wav,ko,bonafide,real,-,kss_speaker,kss,저는 아침에 밥 대신 빵을 먹어요.,rawboost
data/processed/ko_augmented/zeroth_171_003_0046_aug.wav,ko,bonafide,real,-,zeroth_171,zeroth_korean,이 전 회장의 장례식은 별세 시점인 십 사 일을 기준으로 일곱 일장으로 치뤄진다,rawboost
data/processed/ko_augmented/zeroth_172_003_2121_aug.wav,ko,bonafide,real,-,zeroth_172,zeroth_korean,그리고 그처럼 변화하는 과정은 길고도 힘겨운 것이 될 것입니다,codec
data/processed/ko_augmented/zeroth_161_003_2035_aug.wav,ko,bonafide,real,-,zeroth_161,zeroth_korean,합참도 이날 오전 아홉 시 삼십 분경 북한 풍계리일대에서 규모 오 쩜 공 의 인공지진파를 감지했다고 밝혔다,rawboost
data/processed/ko_mlaad_augmented/jane_eyre_28_f000359_aug.wav,ko,spoof,tts,MOSS-TTS-8B,-,mlaad,,none
data/processed/ko_augmented/zeroth_212_003_2228_aug.wav,ko,bonafide,real,-,zeroth_212,zeroth_korean,실제로 우두머리 수컷은 화가 나거나 흥분하면 코가 부풀어 오르면서 빨개집니다,none
data/processed/ko_augmented/zeroth_182_003_2529_aug.wav,ko,bonafide,real,-,zeroth_182,zeroth_korean,지시한 적도 없고 요구한 적도 없다며 선관위에서 낸 보도자료만 봤는데 거기엔 특정하게 이름이 명기돼 있지 않다,rawboost+codec
data/processed/ko_augmented/kss_04569_aug.wav,ko,bonafide,real,-,kss_speaker,kss,나는 그녀에게 청혼했지만 거절 당했다.,none
data/processed/ko_augmented/kss_04549_aug.wav,ko,spoof,tts,mms-tts-kor,vits_default,kss_transcript,고등학생은 이성을 만날 기회가 많지 않다.,rawboost
data/processed/ko_mlaad_augmented/wives_and_daughters_03_f000065_aug.wav,ko,spoof,tts,MOSS-TTS-8B,-,mlaad,,rawboost
data/processed/ko_augmented/zeroth_128_003_1415_aug.wav,ko,bonafide,real,-,zeroth_128,zeroth_korean,친노계파가 인사권 전횡을 할 수 없는 그런 보직을 줘서는 안 되구요,rawboost
data/processed/ko_mlaad_augmented/wives_and_daughters_31_f000015_aug.wav,ko,spoof,tts,tts_models_multilingual_multi-dataset_bark,-,mlaad,,none
data/processed/ko_augmented/zeroth_163_003_0689_aug.wav,ko,bonafide,real,-,zeroth_163,zeroth_korean,시력과 청력의 감퇴와 같이 흔하면서도 사소한 많은 기능적 문제들이 노화 과정의 정상적인 부분으로 받아들여지거나 소홀히 취급되고 있다,codec
data/processed/ko_augmented/kss_11033_aug.wav,ko,bonafide,real,-,kss_speaker,kss,아버지는 꼭 신문을 보면서 밥을 드세요.,rawboost
data/processed/ko_augmented/kss_03968_aug.wav,ko,bonafide,real,-,kss_speaker,kss,투덜거린다고 변하는 건 없어.,rawboost
data/processed/ko_augmented/zeroth_148_003_0221_aug.wav,ko,bonafide,real,-,zeroth_148,zeroth_korean,하지만 전반적인 상승 추세가 이어지고 있어 육십 달러대를 회복하는 것은 시간문제라는 관측이 나온다,rawboost
data/processed/ko_mlaad_augmented/northandsouth_31_f000112_aug.wav,ko,spoof,tts,minimax_speech-02-turbo,-,mlaad,,codec
data/processed/ko_mlaad_augmented/silent_bullet_12_f000202_aug.wav,ko,spoof,tts,MOSS-TTS-8B,-,mlaad,,none
data/processed/ko_augmented/zeroth_135_003_0377_aug.wav,ko,bonafide,real,-,zeroth_135,zeroth_korean,박원순 그럼요 저희들 공무원들이 정말 지속적으로 설득하고 단속하고 있죠,rawboost
data/processed/ko_mlaad_augmented/silent_bullet_04_f000104_aug.wav,ko,spoof,tts,OmniVoice,-,mlaad,,none
data/processed/ko_augmented/zeroth_154_003_2010_aug.wav,ko,bonafide,real,-,zeroth_154,zeroth_korean,그리고 개성공단은 무슨 이유로든 빨리 재개하는 것이 맞거든요,rawboost
data/processed/ko_augmented/kss_09325_aug.wav,ko,bonafide,real,-,kss_speaker,kss,오는 길에 교통사고가 있었어요.,rawboost
data/processed/ko_augmented/kss_02991_aug.wav,ko,bonafide,real,-,kss_speaker,kss,요즘 밤마다 불면증에 시달려요.,codec
data/processed/ko_mlaad_augmented/the_master_key_05_f000127_aug.wav,ko,spoof,tts,MOSS-TTS-1.7B,-,mlaad,,none
data/processed/ko_mlaad_augmented/northandsouth_46_f000344_aug.wav,ko,spoof,tts,tts_models_multilingual_multi-dataset_bark,-,mlaad,,rawboost
data/processed/ko_augmented/zeroth_201_from_zeroth_155_003_2427_aug.wav,ko,spoof,vc,rvc_zeroth_201,zeroth_201,rvc_from_zeroth_155,오늘날 여가 활동으로 새를 관찰하는 것을 즐기는 사람이 많습니다,rawboost
data/processed/ko_mlaad_augmented/wives_and_daughters_60_f000081_aug.wav,ko,spoof,tts,MOSS-TTS-1.7B,-,mlaad,,codec
data/processed/ko_augmented/zeroth_131_003_1543_aug.wav,ko,bonafide,real,-,zeroth_131,zeroth_korean,한겨레신문 한겨레 이십 일 한겨레는 한국온라인신문협회의 디지털뉴스이용규칙에 따른 저작권을 행사합니다,rawboost
data/processed/ko_mlaad_augmented/the_master_key_13_f000040_aug.wav,ko,spoof,tts,MOSS-TTS-1.7B,-,mlaad,,none
data/processed/ko_augmented/kss_05478_aug.wav,ko,bonafide,real,-,kss_speaker,kss,결혼은 인생에서 가장 중요한 의식 중 하나예요.,codec
data/processed/ko_mlaad_augmented/wives_and_daughters_03_f000126_aug.wav,ko,spoof,tts,tts_models_multilingual_multi-dataset_xtts_v2,-,mlaad,,rawboost
data/processed/ko_augmented/zeroth_122_003_2495_aug.wav,ko,bonafide,real,-,zeroth_122,zeroth_korean,경찰은 소년의 시신은 이십 사 일 인근 수풀에서 발견됐으며 용의자들을 이십 사 이십 오 일에 걸쳐 모두 붙잡았다고 설명했다,codec
data/processed/ko_mlaad_augmented/wives_and_daughters_18_f000068_aug.wav,ko,spoof,tts,Qwen3-TTS-12Hz-0.6B-Base,-,mlaad,,none
data/processed/ko_mlaad_augmented/dorothy_and_wizard_oz_06_f000005_aug.wav,ko,spoof,tts,Fish-S2-Pro,-,mlaad,,rawboost
data/processed/ko_mlaad_augmented/emerald_city_of_oz_17_f000110_aug.wav,ko,spoof,tts,Higgs-Audio-V2,-,mlaad,,rawboost
data/processed/ko_mlaad_augmented/silent_bullet_06_f000237_aug.wav,ko,spoof,tts,tts_models_multilingual_multi-dataset_xtts_v2,-,mlaad,,rawboost+codec
data/processed/ko_mlaad_augmented/silent_bullet_09_f000232_aug.wav,ko,spoof,tts,VoxCPM2,-,mlaad,,rawboost
data/processed/ko_augmented/zeroth_153_003_0318_aug.wav,ko,bonafide,real,-,zeroth_153,zeroth_korean,의료계 종사자들이 사태를 파악할 때쯤에는 이미 여러 도시 전체가 감염되어 있을 수도 있다,codec
data/processed/ko_mlaad_augmented/northandsouth_13_f000097_aug.wav,ko,spoof,tts,OmniVoice,-,mlaad,,none
data/processed/ko_mlaad_augmented/pink_fairy_book_16_f000124_aug.wav,ko,spoof,tts,OmniVoice,-,mlaad,,none
data/processed/ko_augmented/zeroth_196_003_1406_aug.wav,ko,bonafide,real,-,zeroth_196,zeroth_korean,정부가 올해부터 야심차게 시작한 국가재난안전통신망 구축사업에 대해 비판적인 견해를 피력한 게 발단이었다,none
data/processed/ko_augmented/zeroth_210_003_1735_aug.wav,ko,bonafide,real,-,zeroth_210,zeroth_korean,그는 저와 우리 당은 국정교과서를 반대하는 모든 세력을 모아내는 데 앞장서겠다며 다른 정당과 정파 학계와 시민사회가 함께하는 강력한 연대의 틀을 논의하겠다고 밝혔다,rawboost+codec
data/processed/ko_mlaad_augmented/pink_fairy_book_38_f000149_aug.wav,ko,spoof,tts,tts_models_multilingual_multi-dataset_bark,-,mlaad,,none
data/processed/ko_augmented/zeroth_215_003_2366_aug.wav,ko,bonafide,real,-,zeroth_215,zeroth_korean,부모님이나 선생님이 나를 다른 사람하고 비교할 때면 정말 미치겠어요,none
data/processed/ko_augmented/zeroth_213_003_2367_aug.wav,ko,bonafide,real,-,zeroth_213,zeroth_korean,육 일 통계청에 따르면 이천 십 사 년 기준 한국인의 여가 시간은 통계를 처음 내기 시작한 천 구백 구십 구 년보다 오히려 짧아졌다,none
data/processed/ko_mlaad_augmented/pink_fairy_book_12_f000160_aug.wav,ko,spoof,tts,Qwen3-TTS-12Hz-1.7B-Base,-,mlaad,,rawboost
data/processed/ko_mlaad_augmented/northandsouth_01_f000172_aug.wav,ko,spoof,tts,MOSS-TTS-8B,-,mlaad,,rawboost+codec
data/processed/ko_mlaad_augmented/poisoned_pen_08_f000046_aug.wav,ko,spoof,tts,Fish-S2-Pro,-,mlaad,,rawboost
data/processed/ko_mlaad_augmented/the_sea_fairies_12_f000094_aug.wav,ko,spoof,tts,VoxCPM2,-,mlaad,,rawboost
data/processed/ko_augmented/zeroth_136_003_0540_aug.wav,ko,bonafide,real,-,zeroth_136,zeroth_korean,출시와 함께 바나나 트렌드를 업은 초코파이 바나나는 사 월 한 달간 이천 만개가 팔렸다,none
data/processed/ko_mlaad_augmented/jane_eyre_36_f000080_aug.wav,ko,spoof,tts,VoxCPM2,-,mlaad,,rawboost
data/processed/ko_mlaad_augmented/hunters_space_15_f000062_aug.wav,ko,spoof,tts,OmniVoice,-,mlaad,,none
data/processed/ko_mlaad_augmented/wives_and_daughters_29_f000188_aug.wav,ko,spoof,tts,minimax_speech-02-turbo,-,mlaad,,none
data/processed/ko_mlaad_augmented/emerald_city_of_oz_02_f000030_aug.wav,ko,spoof,tts,Higgs-Audio-V2,-,mlaad,,rawboost
data/processed/ko_mlaad_augmented/pink_fairy_book_34_f000023_aug.wav,ko,spoof,tts,Chatterbox Multilingual,-,mlaad,,none
data/processed/ko_augmented/zeroth_174_003_0245_aug.wav,ko,bonafide,real,-,zeroth_174,zeroth_korean,호남은 역대 대선에서 특정 후보에게 표를 몰아주는 전략적 선택을 해왔다,none
data/processed/ko_augmented/zeroth_150_003_2703_aug.wav,ko,bonafide,real,-,zeroth_150,zeroth_korean,그에 대해 알게 된 이후로는 의학에 대한 열정이 식기 시작했습니다,none
data/processed/ko_augmented/kss_08259_aug.wav,ko,bonafide,real,-,kss_speaker,kss,머리 드라이해 주세요.,none
data/processed/ko_mlaad_augmented/wives_and_daughters_17_f000188_aug.wav,ko,spoof,tts,Qwen3-TTS-12Hz-0.6B-Base,-,mlaad,,rawboost
data/processed/ko_mlaad_augmented/northandsouth_16_f000118_aug.wav,ko,spoof,tts,Higgs-Audio-V2,-,mlaad,,codec
data/processed/ko_augmented/zeroth_210_003_1065_aug.wav,ko,bonafide,real,-,zeroth_210,zeroth_korean,그 후 천사들이라고 불리는 하느님의 다른 아들들도 창조되었습니다,rawboost+codec
data/processed/ko_mlaad_augmented/wives_and_daughters_23_f000028_aug.wav,ko,spoof,tts,tts_models_multilingual_multi-dataset_xtts_v2,-,mlaad,,none
data/processed/ko_mlaad_augmented/midnight_passenger_10_f000155_aug.wav,ko,spoof,tts,minimax_speech-02-turbo,-,mlaad,,rawboost+codec
data/processed/ko_augmented/zeroth_184_003_1434_aug.wav,ko,bonafide,real,-,zeroth_184,zeroth_korean,하지만 왕 회장은 로이드리스트 인터뷰에서 상황이 어떻든 용선료 인하를 받아들일 수 없다고 강조했다,codec
data/processed/ko_mlaad_augmented/jane_eyre_27_f000256_aug.wav,ko,spoof,tts,minimax_speech-02-turbo,-,mlaad,,rawboost
data/processed/ko_mlaad_augmented/dorothy_and_wizard_oz_15_f000045_aug.wav,ko,spoof,tts,tts_models_multilingual_multi-dataset_bark,-,mlaad,,none
data/processed/ko_mlaad_augmented/midnight_passenger_09_f000195_aug.wav,ko,spoof,tts,MOSS-TTS-8B,-,mlaad,,none
data/processed/ko_mlaad_augmented/northandsouth_46_f000284_aug.wav,ko,spoof,tts,Fish-S2-Pro,-,mlaad,,rawboost
data/processed/ko_augmented/zeroth_188_003_2774_aug.wav,ko,bonafide,real,-,zeroth_188,zeroth_korean,몇 가지 기능을 예로 들면 첫째로 해킹 방지 및 장난 차단 기능이다,rawboost
data/processed/ko_mlaad_augmented/northandsouth_36_f000161_aug.wav,ko,spoof,tts,minimax_speech-02-turbo,-,mlaad,,rawboost
data/processed/ko_mlaad_augmented/pink_fairy_book_33_f000079_aug.wav,ko,spoof,tts,tts_models_multilingual_multi-dataset_xtts_v2,-,mlaad,,none
data/processed/ko_augmented/kss_06602_aug.wav,ko,bonafide,real,-,kss_speaker,kss,그는 커다란 상자를 안고 내 쪽으로 걸어왔다.,none
data/processed/ko_augmented/kss_04344_aug.wav,ko,bonafide,real,-,kss_speaker,kss,스파는 바쁜 도시 생활로부터 벗어날 수 있는 완벽한 장소다.,codec
data/processed/ko_augmented/zeroth_136_003_1650_aug.wav,ko,bonafide,real,-,zeroth_136,zeroth_korean,일시적으로 이천 십 일 년까지 막 전세가 폭등하고 그랬는데 이천 십 이 년에 전세가가 거의 안 뛰었거든요,none
data/processed/ko_mlaad_augmented/jane_eyre_11_f000320_aug.wav,ko,spoof,tts,Qwen3-TTS-12Hz-1.7B-Base,-,mlaad,,codec
data/processed/ko_mlaad_augmented/jane_eyre_04_f000199_aug.wav,ko,spoof,tts,MOSS-TTS-8B,-,mlaad,,rawboost
data/processed/ko_augmented/kss_00466_aug.wav,ko,bonafide,real,-,kss_speaker,kss,"아무한테도 이야기하지 마, 알았지?",none
data/processed/ko_mlaad_augmented/the_sea_fairies_03_f000110_aug.wav,ko,spoof,tts,tts_models_multilingual_multi-dataset_bark,-,mlaad,,rawboost
data/processed/ko_augmented/kss_07220_aug.wav,ko,bonafide,real,-,kss_speaker,kss,많이,rawboost
data/processed/ko_augmented/zeroth_183_003_1829_aug.wav,ko,bonafide,real,-,zeroth_183,zeroth_korean,하지만 미국 수준의 대규모 할인은 힘들 거라는 전문가들이 많았는데 직접 들어보시죠,rawboost
data/processed/ko_augmented/kss_08494_aug.wav,ko,bonafide,real,-,kss_speaker,kss,저는 컴퓨터 없이는 하루도 살 수가 없어요.,none
data/processed/ko_augmented/zeroth_159_003_0915_aug.wav,ko,bonafide,real,-,zeroth_159,zeroth_korean,삼백 팔십 만 마리의 닭은 살처분될 처지에 놓였고 가축보건 방역당국은 초긴장 상태에 휩싸였다,rawboost
data/processed/ko_mlaad_augmented/midnight_passenger_11_f000072_aug.wav,ko,spoof,tts,Higgs-Audio-V2,-,mlaad,,none
data/processed/ko_augmented/zeroth_178_003_2892_aug.wav,ko,bonafide,real,-,zeroth_178,zeroth_korean,삼천 개가 넘는 매장을 통해 압도적인 경쟁력을 확보하고 있기 때문이다,rawboost
data/processed/ko_augmented/zeroth_135_003_2728_aug.wav,ko,bonafide,real,-,zeroth_135,zeroth_korean,일타를 빼앗긴 원장이 분노에 찬 목소리로 우리는 곡소리가 가득한데 너희는 노랫소리가 가득하다,none
data/processed/ko_augmented/zeroth_209_003_2347_aug.wav,ko,bonafide,real,-,zeroth_209,zeroth_korean,또 바른정당을 제외한 야 삼 당은 탄핵을 공동 추진키로 했다,rawboost+codec
data/processed/ko_augmented/kss_06758_aug.wav,ko,bonafide,real,-,kss_speaker,kss,약간 비싼데요.,rawboost
data/processed/ko_augmented/zeroth_151_003_2634_aug.wav,ko,bonafide,real,-,zeroth_151,zeroth_korean,특히 이번 총선에서 국민의당이 전체 스물 여덟 개 의석 중 스물 세 개를 휩쓸었던 호남에서 지지율 하락세가 뚜렷했다,none
data/processed/ko_augmented/zeroth_190_003_1983_aug.wav,ko,bonafide,real,-,zeroth_190,zeroth_korean,백두산 천지는 최대 수심 삼백 여든 네 미터로 세계에서 가장 깊은 칼데라 호입니다,rawboost
data/processed/ko_mlaad_augmented/silent_bullet_07_f000002_aug.wav,ko,spoof,tts,Qwen3-TTS-12Hz-1.7B-Base,-,mlaad,,rawboost+codec
data/processed/ko_augmented/zeroth_204_003_2018_aug.wav,ko,bonafide,real,-,zeroth_204,zeroth_korean,어제 새누리당 유승민 원내대표가 담배가격 인상 후 담배를 피우는 어르신들의 고통이 크니 저가담배 정책을 검토해보라는 얘길 했는데 후폭풍이 거셉니다,none
data/processed/ko_augmented/zeroth_212_003_2985_aug.wav,ko,bonafide,real,-,zeroth_212,zeroth_korean,앵커 한 고등학교가 얼마 전 이 학년 학부모들에게 발송한 가정통신문입니다,none
data/processed/ko_mlaad_augmented/jane_eyre_20_f000191_aug.wav,ko,spoof,tts,MOSS-TTS-1.7B,-,mlaad,,none
data/processed/ko_mlaad_augmented/poisoned_pen_07_f000058_aug.wav,ko,spoof,tts,Chatterbox Multilingual,-,mlaad,,rawboost
data/processed/ko_mlaad_augmented/emerald_city_of_oz_18_f000009_aug.wav,ko,spoof,tts,MOSS-TTS-8B,-,mlaad,,rawboost+codec
data/processed/ko_mlaad_augmented/emerald_city_of_oz_28_f000022_aug.wav,ko,spoof,tts,Fish-S2-Pro,-,mlaad,,codec
data/processed/ko_mlaad_augmented/emerald_city_of_oz_27_f000024_aug.wav,ko,spoof,tts,Higgs-Audio-V2,-,mlaad,,codec
data/processed/ko_augmented/kss_01584_aug.wav,ko,bonafide,real,-,kss_speaker,kss,저는 목소리가 아버지와 비슷하다는 말을 종종 들어요.,rawboost
data/processed/ko_augmented/zeroth_119_003_2468_aug.wav,ko,bonafide,real,-,zeroth_119,zeroth_korean,경찰은 조만간 두 사람을 불러 정확한 사건 경위를 조사할 방침이다,rawboost
data/processed/ko_augmented/zeroth_148_003_2269_aug.wav,ko,bonafide,real,-,zeroth_148,zeroth_korean,일 일 인권위 등 복수의 관계자 말과 관련 자료를 종합하면 인권위는 최근 유엔 자유권규약 제 사 차 국가보고서 심의를 위한 정보노트 최종안을 마련 의결을 앞두고 있다,rawboost
data/processed/ko_augmented/zeroth_134_003_2657_aug.wav,ko,bonafide,real,-,zeroth_134,zeroth_korean,노효동 특파원 미국 최대의 방산업체인 록히드마틴이 지난 이십 구 일 한 미 양국이 사드 문제를 논의 중이라고 했던 주장을 하루 만에 뒤집었다,rawboost+codec
data/processed/ko_mlaad_augmented/the_master_key_05_f000074_aug.wav,ko,spoof,tts,MOSS-TTS-1.7B,-,mlaad,,codec
data/processed/ko_mlaad_augmented/wives_and_daughters_11_f000288_aug.wav,ko,spoof,tts,Qwen3-TTS-12Hz-0.6B-Base,-,mlaad,,none
data/processed/ko_augmented/zeroth_183_003_1606_aug.wav,ko,bonafide,real,-,zeroth_183,zeroth_korean,혹시라도 두 살과 네 살짜리 언니들이 카이라가 예쁘다고 손이나 발이라도 만지면 안되기 때문입니다,rawboost
data/processed/ko_augmented/kss_05510_aug.wav,ko,bonafide,real,-,kss_speaker,kss,창세기 1장 1절,none
data/processed/ko_augmented/zeroth_113_003_2606_aug.wav,ko,bonafide,real,-,zeroth_113,zeroth_korean,천 구백 구십 팔 년 초에 나는 여호와의 증인의 러시아 지부 사무실로부터 뜻밖의 전화를 한 통 받았습니다,codec
data/processed/ko_mlaad_augmented/midnight_passenger_02_f000079_aug.wav,ko,spoof,tts,tts_models_multilingual_multi-dataset_xtts_v2,-,mlaad,,rawboost+codec
data/processed/ko_augmented/zeroth_188_003_1264_aug.wav,ko,bonafide,real,-,zeroth_188,zeroth_korean,그런 공격을 했을 뿐만 아니라 공약이 여러 차례 바뀌었다,rawboost
data/processed/ko_augmented/zeroth_173_003_1334_aug.wav,ko,bonafide,real,-,zeroth_173,zeroth_korean,이용요금의 일부에 대해서는 세액공제를 통해 환급받을 수 있도록 한다,rawboost+codec
data/processed/ko_augmented/zeroth_179_003_2654_aug.wav,ko,bonafide,real,-,zeroth_179,zeroth_korean,총격전으로 경찰도 다섯 명이 가볍게 다쳤지만 중상자는 없었다,rawboost+codec
data/processed/ko_augmented/zeroth_199_003_2302_aug.wav,ko,bonafide,real,-,zeroth_199,zeroth_korean,왼쪽부터 김한길 의원 한상진 공동창당준비위원장 안 의원 김영환 의원 송영오 전 창조한국당 대표,none
data/processed/ko_mlaad_augmented/silent_bullet_12_f000219_aug.wav,ko,spoof,tts,MOSS-TTS-8B,-,mlaad,,rawboost+codec
data/processed/ko_mlaad_augmented/midnight_passenger_14_f000023_aug.wav,ko,spoof,tts,Qwen3-TTS-12Hz-0.6B-Base,-,mlaad,,rawboost+codec
data/processed/ko_mlaad_augmented/jane_eyre_34_f000410_aug.wav,ko,spoof,tts,VoxCPM2,-,mlaad,,rawboost+codec
data/processed/ko_mlaad_augmented/northandsouth_28_f000202_aug.wav,ko,spoof,tts,Fish-S2-Pro,-,mlaad,,rawboost
data/processed/ko_mlaad_augmented/hunters_space_10_f000116_aug.wav,ko,spoof,tts,VoxCPM2,-,mlaad,,codec
data/processed/ko_mlaad_augmented/wives_and_daughters_44_f000139_aug.wav,ko,spoof,tts,Qwen3-TTS-12Hz-0.6B-Base,-,mlaad,,none
data/processed/ko_augmented/kss_08966_aug.wav,ko,bonafide,real,-,kss_speaker,kss,머리를 기둥에 부딪쳤어요.,none
data/processed/ko_mlaad_augmented/northandsouth_19_f000116_aug.wav,ko,spoof,tts,Higgs-Audio-V2,-,mlaad,,rawboost
data/processed/ko_augmented/zeroth_154_003_1812_aug.wav,ko,bonafide,real,-,zeroth_154,zeroth_korean,곰팡이는 진균류에 속하는데 십 만 종이 넘는 진균류에는 흰곰팡이 버섯 녹병균 효모 등이 있습니다,codec
data/processed/ko_mlaad_augmented/jane_eyre_02_f000134_aug.wav,ko,spoof,tts,VoxCPM2,-,mlaad,,codec
data/processed/ko_augmented/zeroth_180_003_2184_aug.wav,ko,bonafide,real,-,zeroth_180,zeroth_korean,이는 중소기업 신입 직원 평균 연봉의 일 쩜 오 배다,rawboost
data/processed/ko_mlaad_augmented/wives_and_daughters_39_f000053_aug.wav,ko,spoof,tts,Qwen3-TTS-12Hz-1.7B-Base,-,mlaad,,none
data/processed/ko_augmented/zeroth_146_003_1012_aug.wav,ko,bonafide,real,-,zeroth_146,zeroth_korean,박원순 서울시장이 아들 주신 씨의 병역비리 의혹을 제기한 보수논객 변희재 미디어워치 대표 등의 허위사실 유포 행위를 중단해달라며 법원에 가처분 신청을 한 것으로 확인됐다,codec
data/processed/ko_augmented/zeroth_160_003_1711_aug.wav,ko,bonafide,real,-,zeroth_160,zeroth_korean,단통법이 있어도 불법 보조금은 음성적으로 횡행해왔지만 해당 정책이 종료되면 공시지원금 과다 마케팅이 벌어질 수 있다,codec
data/processed/ko_augmented/kss_03279_aug.wav,ko,bonafide,real,-,kss_speaker,kss,네가 집중하지 않기 때문에 설명을 이해하지 못하는 거야.,rawboost+codec
data/processed/ko_mlaad_augmented/poisoned_pen_09_f000107_aug.wav,ko,spoof,tts,Qwen3-TTS-12Hz-1.7B-Base,-,mlaad,,rawboost
data/processed/ko_augmented/zeroth_131_003_1539_aug.wav,ko,bonafide,real,-,zeroth_131,zeroth_korean,이 시장이 더민주의 팔 월 전당대회에 당권 주자로 나설 경우 유력 정당의 대표직에 도전하는 첫번째 지자체장이 된다,rawboost
data/processed/ko_augmented/zeroth_124_003_0571_aug.wav,ko,bonafide,real,-,zeroth_124,zeroth_korean,그러나 그 논의가 한국인의 부족함으로 흘러가는 것을 의도하진 않았다고 설명했습니다,none
data/processed/ko_augmented/zeroth_116_003_1419_aug.wav,ko,bonafide,real,-,zeroth_116,zeroth_korean,박 대통령이 획기적으로 국정수행지지도를 높이지 못하면 국제 외교 무대에서도 신뢰를 주기 어렵다,rawboost
data/processed/ko_mlaad_augmented/wives_and_daughters_57_f000027_aug.wav,ko,spoof,tts,tts_models_multilingual_multi-dataset_xtts_v2,-,mlaad,,codec
data/processed/ko_mlaad_augmented/midnight_passenger_01_f000016_aug.wav,ko,spoof,tts,MOSS-TTS-1.7B,-,mlaad,,rawboost+codec
data/processed/ko_augmented/zeroth_192_003_0456_aug.wav,ko,bonafide,real,-,zeroth_192,zeroth_korean,하지만 김영란법이 반부패 청렴 사회로 가는 한 계단임을 부인할 수 없지 않겠습니까,none
data/processed/ko_augmented/zeroth_189_003_2997_aug.wav,ko,bonafide,real,-,zeroth_189,zeroth_korean,그러면서 일기를 읽어 보고 소감을 써 주시겠다고 말씀하셨어요,none
data/processed/ko_mlaad_augmented/wives_and_daughters_52_f000034_aug.wav,ko,spoof,tts,Higgs-Audio-V2,-,mlaad,,codec
data/processed/ko_mlaad_augmented/midnight_passenger_03_f000151_aug.wav,ko,spoof,tts,Qwen3-TTS-12Hz-1.7B-Base,-,mlaad,,rawboost+codec
data/processed/ko_mlaad_augmented/jane_eyre_14_f000201_aug.wav,ko,spoof,tts,Chatterbox Multilingual,-,mlaad,,codec
data/processed/ko_mlaad_augmented/wives_and_daughters_57_f000030_aug.wav,ko,spoof,tts,tts_models_multilingual_multi-dataset_bark,-,mlaad,,rawboost
data/processed/ko_augmented/zeroth_202_003_2122_aug.wav,ko,bonafide,real,-,zeroth_202,zeroth_korean,아그레망은 신임 대사를 파견할 때 상대국에 관례적으로 사전 동의를 받는 것을 말합니다,rawboost
data/processed/ko_mlaad_augmented/emerald_city_of_oz_23_f000065_aug.wav,ko,spoof,tts,OmniVoice,-,mlaad,,none
data/processed/ko_augmented/kss_05156_aug.wav,ko,spoof,tts,mms-tts-kor,vits_default,kss_transcript,종교는 정치와 분리되어야 한다.,codec
data/processed/ko_augmented/kss_11973_aug.wav,ko,bonafide,real,-,kss_speaker,kss,이 이야기의 많은 부분이 실제로 있었던 일입니다.,rawboost
data/processed/ko_augmented/kss_07648_aug.wav,ko,spoof,tts,mms-tts-kor,vits_default,kss_transcript,볼펜 소리 좀 그만 내!,rawboost
data/processed/ko_augmented/zeroth_175_003_0756_aug.wav,ko,bonafide,real,-,zeroth_175,zeroth_korean,이준호는 캐릭터를 위해 눈빛 입꼬리 자세 걸음걸이 등 사소한 부분까지 신경 썼다,none
data/processed/ko_augmented/zeroth_171_003_1440_aug.wav,ko,bonafide,real,-,zeroth_171,zeroth_korean,애플 입장에선 이천 십 이 년 맥북 프로 레티나 버전 이후 처음으로 맥북 디자인을 확 바꿨다,none
data/processed/ko_augmented/kss_11571_aug.wav,ko,bonafide,real,-,kss_speaker,kss,그 사람은 진지한 표정으로 농담을 해요.,none
data/processed/ko_mlaad_augmented/emerald_city_of_oz_12_f000091_aug.wav,ko,spoof,tts,Qwen3-TTS-12Hz-1.7B-Base,-,mlaad,,none
data/processed/ko_augmented/zeroth_162_003_0725_aug.wav,ko,bonafide,real,-,zeroth_162,zeroth_korean,야권은 여당에서 분명한 입장을 표해야 한다고 연일 압박 수위를 높이고 있다,rawboost
data/processed/ko_mlaad_augmented/wives_and_daughters_05_f000220_aug.wav,ko,spoof,tts,Higgs-Audio-V2,-,mlaad,,rawboost+codec
data/processed/ko_mlaad_augmented/skyisland_22_baum_64kb_f000036_aug.wav,ko,spoof,tts,VoxCPM2,-,mlaad,,none
data/processed/ko_augmented/zeroth_152_from_zeroth_139_003_1047_aug.wav,ko,spoof,vc,rvc_zeroth_152,zeroth_152,rvc_from_zeroth_139,기자 계곡에 쌓인 눈이 얼어붙으면서 만들어진 거대한 얼음 동굴입니다,codec
data/processed/ko_mlaad_augmented/silent_bullet_02_f000088_aug.wav,ko,spoof,tts,MOSS-TTS-1.7B,-,mlaad,,rawboost+codec
data/processed/ko_augmented/zeroth_128_003_0453_aug.wav,ko,bonafide,real,-,zeroth_128,zeroth_korean,아울러 칠 년간 신상정보 공개와 이십 년간 위치추적 전자장치 부착도 명령했죠,rawboost
data/processed/ko_mlaad_augmented/dorothy_and_wizard_oz_18_f000067_aug.wav,ko,spoof,tts,Fish-S2-Pro,-,mlaad,,none
data/processed/ko_augmented/kss_05238_aug.wav,ko,bonafide,real,-,kss_speaker,kss,그들은 자기들이 훔치지 않았다고 맹세했다.,none
data/processed/ko_mlaad_augmented/jane_eyre_02_f000110_aug.wav,ko,spoof,tts,Qwen3-TTS-12Hz-1.7B-Base,-,mlaad,,rawboost
data/processed/ko_augmented/kss_06873_aug.wav,ko,bonafide,real,-,kss_speaker,kss,"미안, 잠시 딴 생각을 하고 있었어.",rawboost
data/processed/ko_augmented/kss_02319_aug.wav,ko,bonafide,real,-,kss_speaker,kss,혀를 내밀어 보세요.,rawboost
data/processed/ko_augmented/zeroth_187_003_2540_aug.wav,ko,bonafide,real,-,zeroth_187,zeroth_korean,북한에 물어봅시다 하는 김만복 국정원장의 제안을 받아들였다 이 대목은 어떻게 기억하고 계세요,none
data/processed/ko_mlaad_augmented/rinkitink_baum_02_64kb_f000018_aug.wav,ko,spoof,tts,Qwen3-TTS-12Hz-0.6B-Base,-,mlaad,,rawboost+codec
data/processed/ko_augmented/kss_00580_aug.wav,ko,bonafide,real,-,kss_speaker,kss,어제 머리를 깎았어요.,codec
data/processed/ko_mlaad_augmented/northandsouth_34_f000023_aug.wav,ko,spoof,tts,Fish-S2-Pro,-,mlaad,,none
data/processed/ko_augmented/kss_02671_aug.wav,ko,bonafide,real,-,kss_speaker,kss,주머니에 손을 넣지 마라.,none
data/processed/ko_augmented/zeroth_216_003_1584_aug.wav,ko,bonafide,real,-,zeroth_216,zeroth_korean,올해 들어 한국 경제를 위협하는 가장 큰 요인으로 지목됐던 미국 중국 등 주요 두 개국 리스크 가운데 먼저 중국의 경기 둔화가 충격을 줬다,none
data/processed/ko_mlaad_augmented/the_master_key_11_f000038_aug.wav,ko,spoof,tts,tts_models_multilingual_multi-dataset_bark,-,mlaad,,rawboost+codec
data/processed/ko_augmented/zeroth_151_003_1229_aug.wav,ko,bonafide,real,-,zeroth_151,zeroth_korean,규모 구 쩜 공 의 강진과 함께 발생한 쓰나미는 약 이 만 오천 명의 사상자와 후쿠시마 원자력발전소 방사능 누출 사고를 일으켰다,none
data/processed/ko_mlaad_augmented/rinkitink_baum_09_64kb_f000006_aug.wav,ko,spoof,tts,tts_models_multilingual_multi-dataset_xtts_v2,-,mlaad,,rawboost
data/processed/ko_augmented/zeroth_192_003_0044_aug.wav,ko,bonafide,real,-,zeroth_192,zeroth_korean,나포된 중국어선 최근 중국 어선이 우리나라 해경의 고속함정을 들이받아 침몰시키는 사건이 발생했다,none
data/processed/ko_mlaad_augmented/pink_fairy_book_05_f000053_aug.wav,ko,spoof,tts,Qwen3-TTS-12Hz-1.7B-Base,-,mlaad,,codec
data/processed/ko_mlaad_augmented/the_master_key_10_f000003_aug.wav,ko,spoof,tts,MOSS-TTS-1.7B,-,mlaad,,rawboost
data/processed/ko_mlaad_augmented/piratesofersatz_05_leinster_64kb_f000026_aug.wav,ko,spoof,tts,minimax_speech-02-turbo,-,mlaad,,none
data/processed/ko_mlaad_augmented/midnight_passenger_01_f000129_aug.wav,ko,spoof,tts,tts_models_multilingual_multi-dataset_bark,-,mlaad,,none
data/processed/ko_mlaad_augmented/piratesofersatz_11_leinster_64kb_f000062_aug.wav,ko,spoof,tts,Fish-S2-Pro,-,mlaad,,none
data/processed/ko_mlaad_augmented/northandsouth_22_f000117_aug.wav,ko,spoof,tts,VoxCPM2,-,mlaad,,none
data/processed/ko_augmented/zeroth_150_003_0242_aug.wav,ko,bonafide,real,-,zeroth_150,zeroth_korean,일각에선 이들이 중국내 북한 식당이 아니라 동남아 한 국가의 북한 식당에서 근무하던 종업원들이라는 관측도 내놓고 있다,rawboost
data/processed/ko_augmented/zeroth_213_003_0131_aug.wav,ko,bonafide,real,-,zeroth_213,zeroth_korean,밀레시스텍과 얼리젼은 기술적 교류 보다는 당사에 설비 투자나 당사 제품을 해외시장에 판매하는 역할에 더 큰 비중을 두고 있다,codec
data/processed/ko_augmented/kss_01713_aug.wav,ko,bonafide,real,-,kss_speaker,kss,우리는 심하게 싸운 후에 헤어졌다.,none
data/processed/ko_augmented/kss_08897_aug.wav,ko,spoof,tts,mms-tts-kor,vits_default,kss_transcript,저는 그녀를 사랑합니다.,none
data/processed/ko_mlaad_augmented/jane_eyre_20_f000279_aug.wav,ko,spoof,tts,minimax_speech-02-turbo,-,mlaad,,rawboost+codec
data/processed/ko_augmented/zeroth_138_003_1103_aug.wav,ko,bonafide,real,-,zeroth_138,zeroth_korean,심 전 의원은 칠 월 십 삼 일 오전 열 한 시께 대구 수성구의 한 호텔에서 사십 대 여성을 성폭행한 혐의를 받아 왔다,rawboost
data/processed/ko_mlaad_augmented/emerald_city_of_oz_28_f000052_aug.wav,ko,spoof,tts,Qwen3-TTS-12Hz-0.6B-Base,-,mlaad,,rawboost
data/processed/ko_augmented/kss_07433_aug.wav,ko,spoof,tts,mms-tts-kor,vits_default,kss_transcript,회사 사람들 모두 지금 발등에 불이 떨어졌어.,none
data/processed/ko_augmented/kss_03112_aug.wav,ko,bonafide,real,-,kss_speaker,kss,비가 오는 날은 마음이 울적해.,rawboost
data/processed/ko_mlaad_augmented/poisoned_pen_05_f000318_aug.wav,ko,spoof,tts,tts_models_multilingual_multi-dataset_xtts_v2,-,mlaad,,none
data/processed/ko_augmented/zeroth_120_003_0546_aug.wav,ko,bonafide,real,-,zeroth_120,zeroth_korean,흘리고간 수첩에서 시작해 방통위 상임위원들 간 내분까지 이어진 이번 사태를 지켜보니 재벌 기업들이 공권력도 우습게 보는 모습을 그린 영화들이 하나둘씩 떠오른다,none
data/processed/ko_mlaad_augmented/jane_eyre_05_f000146_aug.wav,ko,spoof,tts,Qwen3-TTS-12Hz-0.6B-Base,-,mlaad,,rawboost
data/processed/ko_augmented/zeroth_201_from_kss_00221_aug.wav,ko,spoof,vc,rvc_zeroth_201,zeroth_201,rvc_from_kss_speaker,감기 든 거니?,rawboost
data/processed/ko_mlaad_augmented/northandsouth_41_f000007_aug.wav,ko,spoof,tts,Fish-S2-Pro,-,mlaad,,rawboost+codec
data/processed/ko_mlaad_augmented/hunters_space_10_f000021_aug.wav,ko,spoof,tts,MOSS-TTS-1.7B,-,mlaad,,codec
data/processed/ko_augmented/zeroth_122_003_2552_aug.wav,ko,bonafide,real,-,zeroth_122,zeroth_korean,점성술을 믿게 되면 우리는 실수를 해 놓고도 자기 자신에게 잘못이 있는 것이 아니라 별들이 원인이라는 식으로 생각하게 될 수 있습니다,none
data/processed/ko_augmented/zeroth_178_003_2111_aug.wav,ko,bonafide,real,-,zeroth_178,zeroth_korean,이러한 관습에는 화합을 중시하는 카메룬의 문화가 스며 있습니다,codec
data/processed/ko_mlaad_augmented/piratesofersatz_05_leinster_64kb_f000028_aug.wav,ko,spoof,tts,minimax_speech-02-turbo,-,mlaad,,codec
data/processed/ko_augmented/zeroth_217_003_0451_aug.wav,ko,bonafide,real,-,zeroth_217,zeroth_korean,더 선은 이름이 밝혀지지 않은 이 노인이 이 년 전 피부암을 진단받은 뒤 자신의 양심과 씨름해왔다고 전했다,codec
data/processed/ko_augmented/zeroth_122_003_0975_aug.wav,ko,bonafide,real,-,zeroth_122,zeroth_korean,실제로 이천 육 년부터 이천 십 사 년 사이에 베네수엘라의 민간기업은 이십 퍼센트나 감소했다,codec
data/processed/ko_augmented/kss_05269_aug.wav,ko,bonafide,real,-,kss_speaker,kss,경찰이 살인범을 쫓고 있다.,none
data/processed/ko_mlaad_augmented/rinkitink_baum_06_64kb_f000030_aug.wav,ko,spoof,tts,VoxCPM2,-,mlaad,,rawboost
data/processed/ko_mlaad_augmented/pink_fairy_book_41_f000030_aug.wav,ko,spoof,tts,Fish-S2-Pro,-,mlaad,,rawboost
data/processed/ko_augmented/zeroth_116_003_2739_aug.wav,ko,bonafide,real,-,zeroth_116,zeroth_korean,방사선량 수치가 왜 이렇게 높아졌는지 설명은 없었습니다,none
data/processed/ko_augmented/zeroth_130_003_2399_aug.wav,ko,bonafide,real,-,zeroth_130,zeroth_korean,해당 인사를 파면하라는 목소리가 커지고 있지만 정작 교육부 내부기류는 미온적이어서 징계 여부와 수위가 주목된다,rawboost
data/processed/ko_mlaad_augmented/emerald_city_of_oz_29_f000022_aug.wav,ko,spoof,tts,tts_models_multilingual_multi-dataset_bark,-,mlaad,,rawboost+codec
data/processed/ko_mlaad_augmented/jane_eyre_30_f000128_aug.wav,ko,spoof,tts,OmniVoice,-,mlaad,,rawboost
data/processed/ko_mlaad_augmented/wives_and_daughters_59_f000084_aug.wav,ko,spoof,tts,tts_models_multilingual_multi-dataset_xtts_v2,-,mlaad,,rawboost
data/processed/ko_augmented/zeroth_151_003_1426_aug.wav,ko,bonafide,real,-,zeroth_151,zeroth_korean,바울 자신도 로마 정부가 제공하는 보호 제도를 이용하였습니다,rawboost
data/processed/ko_mlaad_augmented/ozma_of_oz_02_f000051_aug.wav,ko,spoof,tts,VoxCPM2,-,mlaad,,codec
data/processed/ko_augmented/kss_04241_aug.wav,ko,bonafide,real,-,kss_speaker,kss,삼킬 때 목이 아파요.,rawboost
data/processed/ko_augmented/zeroth_171_003_0795_aug.wav,ko,bonafide,real,-,zeroth_171,zeroth_korean,청도군은 피서객들이 불편을 겪고 지역 이미지가 나빠지자 계도와 단속을 병행하면서 재단을 설득하고 있으나 재단은 모르쇠로 일관하고 있다,rawboost
data/processed/ko_mlaad_augmented/dorothy_and_wizard_oz_18_f000040_aug.wav,ko,spoof,tts,minimax_speech-02-turbo,-,mlaad,,rawboost
data/processed/ko_augmented/zeroth_182_003_0721_aug.wav,ko,bonafide,real,-,zeroth_182,zeroth_korean,그러나 반 총장이 여전히 아마추어적 행보를 보이고 있다는 지적도 적지 않다,none
data/processed/ko_mlaad_augmented/piratesofersatz_10_leinster_64kb_f000024_aug.wav,ko,spoof,tts,tts_models_multilingual_multi-dataset_xtts_v2,-,mlaad,,codec
data/processed/ko_mlaad_augmented/dorothy_and_wizard_oz_01_f000069_aug.wav,ko,spoof,tts,VoxCPM2,-,mlaad,,none
data/processed/ko_mlaad_augmented/the_sea_fairies_02_f000148_aug.wav,ko,spoof,tts,tts_models_multilingual_multi-dataset_xtts_v2,-,mlaad,,none
data/processed/ko_mlaad_augmented/jane_eyre_34_f000199_aug.wav,ko,spoof,tts,MOSS-TTS-1.7B,-,mlaad,,none
data/processed/ko_augmented/kss_00204_aug.wav,ko,bonafide,real,-,kss_speaker,kss,저희 집은 여기에서 엎어지면 코 닿을 데 있어요.,codec
data/processed/ko_mlaad_augmented/the_sea_fairies_12_f000031_aug.wav,ko,spoof,tts,tts_models_multilingual_multi-dataset_bark,-,mlaad,,codec
data/processed/ko_mlaad_augmented/jane_eyre_17_f000233_aug.wav,ko,spoof,tts,Higgs-Audio-V2,-,mlaad,,codec
data/processed/ko_mlaad_augmented/jane_eyre_14_f000081_aug.wav,ko,spoof,tts,Fish-S2-Pro,-,mlaad,,rawboost+codec
data/processed/ko_mlaad_augmented/piratesofersatz_03_leinster_64kb_f000031_aug.wav,ko,spoof,tts,MOSS-TTS-1.7B,-,mlaad,,rawboost
data/processed/ko_augmented/kss_01521_aug.wav,ko,bonafide,real,-,kss_speaker,kss,"말하기 부끄럽지만, 저는 엄마 생일이 언제인지 몰라요.",rawboost+codec
data/processed/ko_mlaad_augmented/piratesofersatz_03_leinster_64kb_f000188_aug.wav,ko,spoof,tts,MOSS-TTS-1.7B,-,mlaad,,rawboost
data/processed/ko_mlaad_augmented/silent_bullet_07_f000239_aug.wav,ko,spoof,tts,Qwen3-TTS-12Hz-0.6B-Base,-,mlaad,,rawboost+codec
data/processed/ko_mlaad_augmented/northandsouth_04_f000046_aug.wav,ko,spoof,tts,Chatterbox Multilingual,-,mlaad,,codec
data/processed/ko_mlaad_augmented/wives_and_daughters_25_f000106_aug.wav,ko,spoof,tts,tts_models_multilingual_multi-dataset_bark,-,mlaad,,none
data/processed/ko_augmented/zeroth_218_003_2711_aug.wav,ko,bonafide,real,-,zeroth_218,zeroth_korean,국산이 오 천 원 노르웨이산이 삼 천 구백 팔십 원으로 수입 고등어가 일 천 원 이상 쌌다,rawboost
data/processed/ko_augmented/zeroth_201_from_kss_08731_aug.wav,ko,spoof,vc,rvc_zeroth_201,zeroth_201,rvc_from_kss_speaker,갈아타는 곳,rawboost+codec
data/processed/ko_mlaad_augmented/wives_and_daughters_05_f000079_aug.wav,ko,spoof,tts,MOSS-TTS-8B,-,mlaad,,rawboost
data/processed/ko_mlaad_augmented/poisoned_pen_02_f000264_aug.wav,ko,spoof,tts,Qwen3-TTS-12Hz-1.7B-Base,-,mlaad,,codec
data/processed/ko_augmented/zeroth_214_003_1382_aug.wav,ko,bonafide,real,-,zeroth_214,zeroth_korean,그래서 그는 구할 수 있는 데까지 틴들의 번역판을 모두 구해서 불태워 버렸습니다,codec
data/processed/ko_augmented/zeroth_196_003_2827_aug.wav,ko,bonafide,real,-,zeroth_196,zeroth_korean,내가 지원하는 회사에서 어떤 사업을 하고 있는지 내가 하고 싶은 일에 대하여 얼마나 이해하고 있는지에 대해 분명한 입장을 가진 지원자가 높은 점수를 받는다,rawboost
data/processed/ko_augmented/zeroth_153_003_0837_aug.wav,ko,bonafide,real,-,zeroth_153,zeroth_korean,김현정 끝으로 국민들에게 하시고 싶은 말씀 있다면 한 말씀 해주시겠어요,none
data/processed/ko_augmented/kss_00391_aug.wav,ko,spoof,tts,mms-tts-kor,vits_default,kss_transcript,이혼을 결심했다.,rawboost
data/processed/ko_augmented/zeroth_114_003_1841_aug.wav,ko,bonafide,real,-,zeroth_114,zeroth_korean,당국이 규정을 엄격히 따진 데 반해 법원과 헌재는 인권보호의 가치에 집중했다,none
data/processed/ko_augmented/zeroth_201_from_kss_12043_aug.wav,ko,spoof,vc,rvc_zeroth_201,zeroth_201,rvc_from_kss_speaker,"신사 숙녀 여러분, 안내 말씀 드립니다.",rawboost
data/processed/ko_mlaad_augmented/jane_eyre_12_f000157_aug.wav,ko,spoof,tts,minimax_speech-02-turbo,-,mlaad,,none
data/processed/ko_augmented/zeroth_160_003_2464_aug.wav,ko,bonafide,real,-,zeroth_160,zeroth_korean,그런데 도박으로 돈을 따려는 사람은 다른 사람이 돈을 잃기를 바라는 것이나 마찬가지입니다,rawboost+codec
data/processed/ko_augmented/zeroth_176_003_2909_aug.wav,ko,bonafide,real,-,zeroth_176,zeroth_korean,이 때문에 일각에서는 정부가 정규직이 많은 것처럼 보이기 위해 무기계약직을 정규직으로 표현하는 것 아니냐는 지적이 나오고 있다,none
data/processed/ko_augmented/zeroth_211_003_0524_aug.wav,ko,bonafide,real,-,zeroth_211,zeroth_korean,러시아는 세계 삼 위의 밀 수출국이기 때문에 아르헨티나로부터 밀을 수입할 필요를 느끼지 못하고 있었으나 쇠고기는 이야기가 달랐다,none
data/processed/ko_augmented/zeroth_155_003_1065_aug.wav,ko,bonafide,real,-,zeroth_155,zeroth_korean,그 후 천사들이라고 불리는 하느님의 다른 아들들도 창조되었습니다,rawboost+codec
data/processed/ko_augmented/zeroth_106_003_2058_aug.wav,ko,bonafide,real,-,zeroth_106,zeroth_korean,강아지가 용변을 보도록 유도하는 말을 가르칠 수도 있다,rawboost
data/processed/ko_mlaad_augmented/jane_eyre_27_f000080_aug.wav,ko,spoof,tts,Higgs-Audio-V2,-,mlaad,,rawboost+codec
data/processed/ko_augmented/zeroth_139_003_2679_aug.wav,ko,bonafide,real,-,zeroth_139,zeroth_korean,결국 피의자와 수사기관의 대결은 필연적으로 불평등할 수밖에 없다,rawboost+codec
data/processed/ko_augmented/kss_12151_aug.wav,ko,bonafide,real,-,kss_speaker,kss,이 건물은 누구 소유예요?,none
data/processed/ko_mlaad_augmented/dorothy_and_wizard_oz_10_f000006_aug.wav,ko,spoof,tts,Fish-S2-Pro,-,mlaad,,rawboost
data/processed/ko_augmented/kss_00738_aug.wav,ko,bonafide,real,-,kss_speaker,kss,폭력은 폭력을 낳는 법입니다.,none
data/processed/ko_augmented/kss_00221_aug.wav,ko,bonafide,real,-,kss_speaker,kss,감기 든 거니?,rawboost+codec
data/processed/ko_mlaad_augmented/hunters_space_02_f000101_aug.wav,ko,spoof,tts,Fish-S2-Pro,-,mlaad,,rawboost
data/processed/ko_mlaad_augmented/rinkitink_baum_03_64kb_f000011_aug.wav,ko,spoof,tts,Qwen3-TTS-12Hz-0.6B-Base,-,mlaad,,rawboost
data/processed/ko_mlaad_augmented/wives_and_daughters_05_f000086_aug.wav,ko,spoof,tts,MOSS-TTS-8B,-,mlaad,,none
data/processed/ko_mlaad_augmented/wives_and_daughters_17_f000219_aug.wav,ko,spoof,tts,tts_models_multilingual_multi-dataset_bark,-,mlaad,,codec
data/processed/ko_mlaad_augmented/wives_and_daughters_26_f000104_aug.wav,ko,spoof,tts,Qwen3-TTS-12Hz-0.6B-Base,-,mlaad,,rawboost
data/processed/ko_mlaad_augmented/pink_fairy_book_21_f000052_aug.wav,ko,spoof,tts,MOSS-TTS-1.7B,-,mlaad,,rawboost
data/processed/ko_mlaad_augmented/emerald_city_of_oz_02_f000053_aug.wav,ko,spoof,tts,tts_models_multilingual_multi-dataset_xtts_v2,-,mlaad,,rawboost
data/processed/ko_augmented/zeroth_109_003_1655_aug.wav,ko,bonafide,real,-,zeroth_109,zeroth_korean,정권 초기 성장률 끌어올리기에 집착한 나머지 리스크 관리에 소홀했다는 지적이 나온다,rawboost
data/processed/ko_mlaad_augmented/jane_eyre_06_f000049_aug.wav,ko,spoof,tts,Higgs-Audio-V2,-,mlaad,,rawboost
data/processed/ko_mlaad_augmented/northandsouth_21_f000031_aug.wav,ko,spoof,tts,OmniVoice,-,mlaad,,rawboost
data/processed/ko_augmented/zeroth_142_003_0318_aug.wav,ko,bonafide,real,-,zeroth_142,zeroth_korean,의료계 종사자들이 사태를 파악할 때쯤에는 이미 여러 도시 전체가 감염되어 있을 수도 있다,codec
data/processed/ko_mlaad_augmented/emerald_city_of_oz_13_f000033_aug.wav,ko,spoof,tts,MOSS-TTS-8B,-,mlaad,,codec
data/processed/ko_augmented/zeroth_175_003_1269_aug.wav,ko,bonafide,real,-,zeroth_175,zeroth_korean,이 같은 계획이 누구의 지시로 이뤄졌는지도 분명히 드러납니다,rawboost
data/processed/ko_mlaad_augmented/wives_and_daughters_25_f000168_aug.wav,ko,spoof,tts,Qwen3-TTS-12Hz-0.6B-Base,-,mlaad,,none
data/processed/ko_augmented/zeroth_200_from_kss_02510_aug.wav,ko,spoof,vc,rvc_zeroth_200,zeroth_200,rvc_from_kss_speaker,충분한 수면과 휴식을 취하셔야 합니다.,rawboost
data/processed/ko_augmented/zeroth_186_003_2633_aug.wav,ko,bonafide,real,-,zeroth_186,zeroth_korean,바비큐 기계에선 고기가 익어가고 가족들은 야외 테이블에서 저녁식사를 시작합니다,none
data/processed/ko_mlaad_augmented/wives_and_daughters_23_f000099_aug.wav,ko,spoof,tts,VoxCPM2,-,mlaad,,none
data/processed/ko_augmented/zeroth_176_003_2083_aug.wav,ko,bonafide,real,-,zeroth_176,zeroth_korean,정부는 전국에 있는 사 대 강 보를 통해 확보된 물을 더 효율적으로 활용할 수 있도록 사 대 강 수자원 활용 개선 방안 용역도 시행 중이다,none
data/processed/ko_augmented/kss_03675_aug.wav,ko,bonafide,real,-,kss_speaker,kss,동생은 엄마 앞에서는 기가 살아서 자기 마음대로 해요.,rawboost
data/processed/ko_augmented/zeroth_205_003_1823_aug.wav,ko,bonafide,real,-,zeroth_205,zeroth_korean,한편 지난 십 이 일 일부 언론에 보도된 삼성전자 협력사 직원 메르스 일 차 양성판정은 사실이 아닌 것으로 확인됐다,none
data/processed/ko_augmented/zeroth_168_003_2028_aug.wav,ko,bonafide,real,-,zeroth_168,zeroth_korean,하지만 모나쿠스 가디언 지에서 보도하듯이 동물의 수에 대한 추산은 엄청나게 부정확한 과학이라고 말하지 않을 수 없습니다,rawboost+codec
data/processed/ko_augmented/zeroth_170_003_0832_aug.wav,ko,bonafide,real,-,zeroth_170,zeroth_korean,이런 상황에서 상호주의 원칙만을 주장해 한 사람의 인권이 침해되는 일이 벌어지고 있는 겁니다,rawboost
data/processed/ko_augmented/kss_10764_aug.wav,ko,spoof,tts,mms-tts-kor,vits_default,kss_transcript,이 중국집에서는 만두가 서비스로 나와.,codec
data/processed/ko_mlaad_augmented/wives_and_daughters_40_f000052_aug.wav,ko,spoof,tts,Qwen3-TTS-12Hz-1.7B-Base,-,mlaad,,rawboost
data/processed/ko_mlaad_augmented/wives_and_daughters_29_f000188_aug.wav,ko,spoof,tts,tts_models_multilingual_multi-dataset_bark,-,mlaad,,none
data/processed/ko_augmented/zeroth_106_003_0596_aug.wav,ko,bonafide,real,-,zeroth_106,zeroth_korean,천정배 혁신안은 이천 십 이 년 총선에선 여성 십 오 퍼센트 이후 선거에서는 여성 삼십 퍼센트 할당제를 제안했고 한명숙 지도부는 이를 수용했다,rawboost
data/processed/ko_augmented/kss_12816_aug.wav,ko,bonafide,real,-,kss_speaker,kss,아이들 앞에서 욕하지 마세요.,none
data/processed/ko_mlaad_augmented/dorothy_and_wizard_oz_13_f000038_aug.wav,ko,spoof,tts,Qwen3-TTS-12Hz-0.6B-Base,-,mlaad,,rawboost
data/processed/ko_augmented/zeroth_203_003_0840_aug.wav,ko,bonafide,real,-,zeroth_203,zeroth_korean,대문 앞이나 집 근처 보도에 쌓여 있는 쓰레기도 마찬가지일 것입니다,rawboost+codec
data/processed/ko_mlaad_augmented/piratesofersatz_07_leinster_64kb_f000206_aug.wav,ko,spoof,tts,MOSS-TTS-1.7B,-,mlaad,,rawboost
data/processed/ko_augmented/kss_07307_aug.wav,ko,bonafide,real,-,kss_speaker,kss,안전벨트 매는 법 좀 가르쳐 주시겠어요?,none
data/processed/ko_mlaad_augmented/silent_bullet_02_f000010_aug.wav,ko,spoof,tts,MOSS-TTS-8B,-,mlaad,,none
data/processed/ko_augmented/zeroth_186_003_0725_aug.wav,ko,bonafide,real,-,zeroth_186,zeroth_korean,야권은 여당에서 분명한 입장을 표해야 한다고 연일 압박 수위를 높이고 있다,rawboost
data/processed/ko_mlaad_augmented/northandsouth_07_f000065_aug.wav,ko,spoof,tts,MOSS-TTS-1.7B,-,mlaad,,rawboost
data/processed/ko_mlaad_augmented/northandsouth_28_f000131_aug.wav,ko,spoof,tts,Fish-S2-Pro,-,mlaad,,none
data/processed/ko_augmented/kss_08120_aug.wav,ko,bonafide,real,-,kss_speaker,kss,시험이 어느새 눈앞에 닥쳤어.,rawboost+codec
data/processed/ko_mlaad_augmented/jane_eyre_31_f000061_aug.wav,ko,spoof,tts,Chatterbox Multilingual,-,mlaad,,rawboost
data/processed/ko_mlaad_augmented/piratesofersatz_04_leinster_64kb_f000004_aug.wav,ko,spoof,tts,MOSS-TTS-8B,-,mlaad,,none
data/processed/ko_mlaad_augmented/silent_bullet_09_f000213_aug.wav,ko,spoof,tts,MOSS-TTS-8B,-,mlaad,,none
data/processed/ko_mlaad_augmented/midnight_passenger_12_f000031_aug.wav,ko,spoof,tts,Chatterbox Multilingual,-,mlaad,,none
data/processed/ko_augmented/kss_04920_aug.wav,ko,bonafide,real,-,kss_speaker,kss,이 노트북은 휴대가 간편합니다.,rawboost
data/processed/ko_mlaad_augmented/northandsouth_43_f000118_aug.wav,ko,spoof,tts,MOSS-TTS-8B,-,mlaad,,rawboost+codec
data/processed/ko_augmented/zeroth_198_003_0932_aug.wav,ko,bonafide,real,-,zeroth_198,zeroth_korean,일각에서는 현역 의원의 안 의원 측근 그룹에 대한 견제로 보는 분석도 나왔다,rawboost+codec
data/processed/ko_mlaad_augmented/wives_and_daughters_41_f000128_aug.wav,ko,spoof,tts,Qwen3-TTS-12Hz-0.6B-Base,-,mlaad,,none
data/processed/ko_mlaad_augmented/wives_and_daughters_34_f000055_aug.wav,ko,spoof,tts,OmniVoice,-,mlaad,,rawboost
data/processed/ko_mlaad_augmented/wives_and_daughters_51_f000186_aug.wav,ko,spoof,tts,Qwen3-TTS-12Hz-1.7B-Base,-,mlaad,,rawboost
data/processed/ko_mlaad_augmented/poisoned_pen_06_f000133_aug.wav,ko,spoof,tts,MOSS-TTS-1.7B,-,mlaad,,none
data/processed/ko_mlaad_augmented/pink_fairy_book_22_f000056_aug.wav,ko,spoof,tts,tts_models_multilingual_multi-dataset_bark,-,mlaad,,none
data/processed/ko_augmented/kss_05270_aug.wav,ko,bonafide,real,-,kss_speaker,kss,그는 경찰에 쫓기고 있다.,rawboost
data/processed/ko_mlaad_augmented/northandsouth_40_f000166_aug.wav,ko,spoof,tts,tts_models_multilingual_multi-dataset_xtts_v2,-,mlaad,,none
data/processed/ko_augmented/kss_08870_aug.wav,ko,spoof,tts,mms-tts-kor,vits_default,kss_transcript,농담은 그만둬.,codec
data/processed/ko_mlaad_augmented/jane_eyre_15_f000053_aug.wav,ko,spoof,tts,Qwen3-TTS-12Hz-0.6B-Base,-,mlaad,,none
data/processed/ko_augmented/zeroth_186_003_1291_aug.wav,ko,bonafide,real,-,zeroth_186,zeroth_korean,천 구백 육십 오 년 오 월 십 일 김광진과 함께 판문점을 관광하는 모습이 한국 언론에 포착되기도 했다,rawboost+codec
data/processed/ko_augmented/zeroth_114_003_1827_aug.wav,ko,bonafide,real,-,zeroth_114,zeroth_korean,변씨의 반려견은 척추와 뒷다리가 골절되는 부상을 입었다,rawboost+codec
data/processed/ko_mlaad_augmented/ozma_of_oz_13_f000055_aug.wav,ko,spoof,tts,Qwen3-TTS-12Hz-0.6B-Base,-,mlaad,,rawboost
data/processed/ko_augmented/zeroth_217_003_2545_aug.wav,ko,bonafide,real,-,zeroth_217,zeroth_korean,오늘도 오존 주의보가 내려진 곳이 있고 다음 주 초까지 더위와 함께 오존 주의보도 자주 발효될 것으로 보입니다,none
data/processed/ko_augmented/zeroth_194_003_1462_aug.wav,ko,bonafide,real,-,zeroth_194,zeroth_korean,반도의 나머지 부분은 인구가 매우 적으며 해안과 강가에 자리 잡고 있는 마을들은 대부분 배나 비행기로만 갈 수 있습니다,none
data/processed/ko_augmented/kss_09656_aug.wav,ko,bonafide,real,-,kss_speaker,kss,이것저것 샀어요.,rawboost
data/processed/ko_mlaad_augmented/jane_eyre_34_f000440_aug.wav,ko,spoof,tts,Higgs-Audio-V2,-,mlaad,,rawboost
data/processed/ko_augmented/kss_04635_aug.wav,ko,bonafide,real,-,kss_speaker,kss,제가 제일 좋아하는 과목은 생물이에요.,codec
data/processed/ko_augmented/zeroth_138_003_0780_aug.wav,ko,bonafide,real,-,zeroth_138,zeroth_korean,새누리당은 총 대선 지방선거 등 주요 선거가 끝날 때마다 백서를 제작해왔다,codec
data/processed/ko_augmented/zeroth_207_003_1752_aug.wav,ko,bonafide,real,-,zeroth_207,zeroth_korean,다만 피고인이 범행 모두를 시인하고 반성하고 있는 점 동종 전과가 없는 점 등을 고려해 형을 정했다고 덧붙였다,none
data/processed/ko_augmented/zeroth_192_003_0958_aug.wav,ko,bonafide,real,-,zeroth_192,zeroth_korean,몇 년 안에는 성사가 돼야 건강한 몸으로 만나러 갈 텐데 말이에요,none
data/processed/ko_augmented/zeroth_178_003_2143_aug.wav,ko,bonafide,real,-,zeroth_178,zeroth_korean,지난달 이십 구 일 민노총 관계자들이 교대할 때 가 섞여 들어간 것이다,none
data/processed/ko_augmented/kss_11697_aug.wav,ko,bonafide,real,-,kss_speaker,kss,삼월에는 아직 추워요.,none
data/processed/ko_mlaad_augmented/wives_and_daughters_22_f000162_aug.wav,ko,spoof,tts,MOSS-TTS-8B,-,mlaad,,rawboost
data/processed/ko_augmented/zeroth_194_003_2832_aug.wav,ko,bonafide,real,-,zeroth_194,zeroth_korean,장면 하나하나를 놓치지 않으려는 제작진의 표정이 진지합니다,none
data/processed/ko_augmented/zeroth_203_003_2211_aug.wav,ko,bonafide,real,-,zeroth_203,zeroth_korean,성북구 정릉 이 동 일대를 다니는 마을버스의 첫 배차는 오후 한 시 삼십 분이었다,rawboost
data/processed/ko_mlaad_augmented/northandsouth_08_f000004_aug.wav,ko,spoof,tts,OmniVoice,-,mlaad,,none
data/processed/ko_augmented/zeroth_161_003_0926_aug.wav,ko,bonafide,real,-,zeroth_161,zeroth_korean,제굴은 몇 달째 요리 학원 다녔다는 어떤 애가 자기랑 같은 음식 만들던 것까지 되짚어봤다,none
data/processed/ko_mlaad_augmented/pink_fairy_book_28_f000032_aug.wav,ko,spoof,tts,minimax_speech-02-turbo,-,mlaad,,none
data/processed/ko_augmented/zeroth_190_003_2177_aug.wav,ko,bonafide,real,-,zeroth_190,zeroth_korean,법정관리를 불과 한 달 정도 앞둔 시기였지만 이런 결정이 내려질 거라는 예상은 전혀 하지 못했습니다,rawboost
data/processed/ko_augmented/kss_11475_aug.wav,ko,bonafide,real,-,kss_speaker,kss,남은 거 포장해 주시겠어요?,rawboost+codec
data/processed/ko_mlaad_augmented/jane_eyre_25_f000243_aug.wav,ko,spoof,tts,VoxCPM2,-,mlaad,,rawboost
data/processed/ko_augmented/zeroth_218_003_1875_aug.wav,ko,bonafide,real,-,zeroth_218,zeroth_korean,그 성구에서는 곧 하느님께서 땅을 파멸시키는 자들을 파멸시키실 것이라고 알려 줍니다,codec
data/processed/ko_augmented/zeroth_123_003_1049_aug.wav,ko,bonafide,real,-,zeroth_123,zeroth_korean,이번에 발견된 화석은 에우노토사우르스처럼 등딱지 배딱지가 없지만 등뼈 가슴뼈 등 골격구조는 오돈토켈리스를 닮았다,rawboost
data/processed/ko_mlaad_augmented/the_master_key_10_f000146_aug.wav,ko,spoof,tts,MOSS-TTS-8B,-,mlaad,,rawboost+codec
data/processed/ko_mlaad_augmented/poisoned_pen_05_f000232_aug.wav,ko,spoof,tts,minimax_speech-02-turbo,-,mlaad,,rawboost
data/processed/ko_augmented/kss_03032_aug.wav,ko,bonafide,real,-,kss_speaker,kss,저는 미술에 별로 관심이 없어요.,none
data/processed/ko_mlaad_augmented/pink_fairy_book_13_f000049_aug.wav,ko,spoof,tts,Higgs-Audio-V2,-,mlaad,,rawboost
data/processed/ko_mlaad_augmented/skyisland_16_baum_64kb_f000057_aug.wav,ko,spoof,tts,MOSS-TTS-1.7B,-,mlaad,,rawboost
data/processed/ko_mlaad_augmented/the_master_key_12_f000003_aug.wav,ko,spoof,tts,tts_models_multilingual_multi-dataset_bark,-,mlaad,,rawboost+codec
data/processed/ko_mlaad_augmented/northandsouth_22_f000125_aug.wav,ko,spoof,tts,VoxCPM2,-,mlaad,,none
data/processed/ko_augmented/zeroth_179_003_2460_aug.wav,ko,bonafide,real,-,zeroth_179,zeroth_korean,나라나 종교가 다른 사람도 죽으면 모두 같은 장소로 가는가,none
data/processed/ko_augmented/zeroth_201_from_zeroth_191_003_2034_aug.wav,ko,spoof,vc,rvc_zeroth_201,zeroth_201,rvc_from_zeroth_191,다음 질문들에 답한 다음 성구에 있는 빈칸을 채워 넣으십시오,none
data/processed/ko_augmented/zeroth_138_003_1866_aug.wav,ko,bonafide,real,-,zeroth_138,zeroth_korean,전날에 이어 페이스북과 트위터 등에는 강남역 열 번 출구에 다녀온 사진과 함께 고인을 추모하는 메시지가 줄지어 올라왔고 관련 페이스북 페이지도 개설됐다,none
data/processed/ko_mlaad_augmented/jane_eyre_20_f000314_aug.wav,ko,spoof,tts,VoxCPM2,-,mlaad,,none
data/processed/ko_mlaad_augmented/wives_and_daughters_16_f000200_aug.wav,ko,spoof,tts,OmniVoice,-,mlaad,,codec
data/processed/ko_mlaad_augmented/ozma_of_oz_06_f000125_aug.wav,ko,spoof,tts,Qwen3-TTS-12Hz-1.7B-Base,-,mlaad,,rawboost+codec
data/processed/ko_augmented/kss_03781_aug.wav,ko,bonafide,real,-,kss_speaker,kss,나는 그 사람 말투가 마음에 안 들어.,codec
data/processed/ko_augmented/kss_12298_aug.wav,ko,bonafide,real,-,kss_speaker,kss,지갑을 택시에 두고 내렸어.,rawboost+codec
data/processed/ko_mlaad_augmented/silent_bullet_10_f000062_aug.wav,ko,spoof,tts,tts_models_multilingual_multi-dataset_bark,-,mlaad,,rawboost
data/processed/ko_augmented/zeroth_190_003_1487_aug.wav,ko,bonafide,real,-,zeroth_190,zeroth_korean,우리는 숨을 헐떡이며 숲을 벗어나 바위층이 드러나 있는 곳에서 잠시 휴식을 취합니다,rawboost
data/processed/ko_mlaad_augmented/jane_eyre_02_f000115_aug.wav,ko,spoof,tts,MOSS-TTS-8B,-,mlaad,,rawboost+codec
data/processed/ko_mlaad_augmented/poisoned_pen_12_f000351_aug.wav,ko,spoof,tts,OmniVoice,-,mlaad,,none
data/processed/ko_mlaad_augmented/wives_and_daughters_32_f000276_aug.wav,ko,spoof,tts,Qwen3-TTS-12Hz-1.7B-Base,-,mlaad,,codec
data/processed/ko_augmented/zeroth_217_003_2290_aug.wav,ko,bonafide,real,-,zeroth_217,zeroth_korean,부친은 누군가 동행해 우리 둘만의 시간을 허락하지 않았고 만남은 냉랭했다며 숙소로 안내하지도 않았고 어쩌다 다쳤는지 전투에 참여했는지도 말하지 않았다고 전했다,rawboost
data/processed/ko_mlaad_augmented/wives_and_daughters_56_f000037_aug.wav,ko,spoof,tts,MOSS-TTS-8B,-,mlaad,,rawboost
data/processed/ko_mlaad_augmented/emerald_city_of_oz_29_f000009_aug.wav,ko,spoof,tts,OmniVoice,-,mlaad,,codec
data/processed/ko_augmented/zeroth_210_003_1088_aug.wav,ko,bonafide,real,-,zeroth_210,zeroth_korean,십 일 한강 잠실 상수원 보호구역에서도 이와 비슷하게 잘린 소와 돼지 등 사체 이십 여 구가 발견됐다,codec
data/processed/ko_mlaad_augmented/dorothy_and_wizard_oz_15_f000033_aug.wav,ko,spoof,tts,Fish-S2-Pro,-,mlaad,,none
data/processed/ko_mlaad_augmented/the_sea_fairies_18_f000047_aug.wav,ko,spoof,tts,minimax_speech-02-turbo,-,mlaad,,rawboost
data/processed/ko_mlaad_augmented/wives_and_daughters_17_f000039_aug.wav,ko,spoof,tts,tts_models_multilingual_multi-dataset_bark,-,mlaad,,rawboost+codec
data/processed/ko_mlaad_augmented/hunters_space_10_f000060_aug.wav,ko,spoof,tts,Qwen3-TTS-12Hz-0.6B-Base,-,mlaad,,rawboost
data/processed/ko_augmented/kss_08589_aug.wav,ko,bonafide,real,-,kss_speaker,kss,그 사람은 자기 개를 자식같이 여긴다.,none
data/processed/ko_mlaad_augmented/silent_bullet_09_f000022_aug.wav,ko,spoof,tts,Qwen3-TTS-12Hz-1.7B-Base,-,mlaad,,none
data/processed/ko_mlaad_augmented/the_sea_fairies_04_f000090_aug.wav,ko,spoof,tts,Fish-S2-Pro,-,mlaad,,rawboost
data/processed/ko_augmented/kss_07932_aug.wav,ko,spoof,tts,mms-tts-kor,vits_default,kss_transcript,침착하시고 지금 위치를 말씀해 주세요.,none
data/processed/ko_mlaad_augmented/piratesofersatz_03_leinster_64kb_f000141_aug.wav,ko,spoof,tts,Qwen3-TTS-12Hz-0.6B-Base,-,mlaad,,codec
data/processed/ko_augmented/zeroth_174_003_0550_aug.wav,ko,bonafide,real,-,zeroth_174,zeroth_korean,지금 북한이 시작한 대응 방송을 제압방송이라고 하는데 확성기 성능이 떨어져 남쪽엔 웅웅거리는 소리만 들린다니 좀 안쓰럽다고 할까,codec
data/processed/ko_augmented/zeroth_129_003_2273_aug.wav,ko,bonafide,real,-,zeroth_129,zeroth_korean,그 기사들은 심지어 이 낡은 제도에서도 여호와의 도움을 받으면 끔찍한 정신적 충격으로 인한 상처를 상당 부분 치유할 수 있다는 사실을 알려 주지요,rawboost
data/processed/ko_mlaad_augmented/jane_eyre_21_f000044_aug.wav,ko,spoof,tts,OmniVoice,-,mlaad,,none
data/processed/ko_augmented/zeroth_163_003_2922_aug.wav,ko,bonafide,real,-,zeroth_163,zeroth_korean,최근 팀쿡 애플 최고경영자는 그동안 문제로 지적된 배터리 사용시간을 늘리기 위해 차세대 아이폰 팔 에 인공지능기술을 도입할 것임을 암시했다,rawboost
data/processed/ko_augmented/zeroth_214_003_2616_aug.wav,ko,bonafide,real,-,zeroth_214,zeroth_korean,교육부 관계자는 이영 차관이 해임을 포함해 조치를 논의하겠다고 밝혔고 그 후 진전된 내용은 없다고 했다,none
data/processed/ko_augmented/zeroth_205_003_0635_aug.wav,ko,bonafide,real,-,zeroth_205,zeroth_korean,옥시 측이 검찰에 제시한 서울대 호서대 연구도 문제가 있는 것으로 밝혀졌다,none
data/processed/ko_augmented/kss_10703_aug.wav,ko,bonafide,real,-,kss_speaker,kss,구두 매장은 어디예요?,none
data/processed/ko_mlaad_augmented/emerald_city_of_oz_10_f000100_aug.wav,ko,spoof,tts,VoxCPM2,-,mlaad,,rawboost
data/processed/ko_mlaad_augmented/silent_bullet_08_f000161_aug.wav,ko,spoof,tts,tts_models_multilingual_multi-dataset_xtts_v2,-,mlaad,,rawboost
data/processed/ko_mlaad_augmented/wives_and_daughters_27_f000160_aug.wav,ko,spoof,tts,tts_models_multilingual_multi-dataset_bark,-,mlaad,,codec
data/processed/ko_augmented/zeroth_128_003_2431_aug.wav,ko,bonafide,real,-,zeroth_128,zeroth_korean,그는 이런 사태를 예견하고 일 년 전부터 하베르 코레라는 일 인 뉴스 사이트를 열어 언론 활동을 계속하고 있다,none
data/processed/ko_augmented/zeroth_213_003_2657_aug.wav,ko,bonafide,real,-,zeroth_213,zeroth_korean,노효동 특파원 미국 최대의 방산업체인 록히드마틴이 지난 이십 구 일 한 미 양국이 사드 문제를 논의 중이라고 했던 주장을 하루 만에 뒤집었다,none
data/processed/ko_mlaad_augmented/dorothy_and_wizard_oz_02_f000056_aug.wav,ko,spoof,tts,OmniVoice,-,mlaad,,none
data/processed/ko_mlaad_augmented/rinkitink_baum_14_64kb_f000044_aug.wav,ko,spoof,tts,VoxCPM2,-,mlaad,,rawboost+codec
data/processed/ko_mlaad_augmented/jane_eyre_20_f000212_aug.wav,ko,spoof,tts,MOSS-TTS-8B,-,mlaad,,none
data/processed/ko_augmented/kss_04349_aug.wav,ko,bonafide,real,-,kss_speaker,kss,저는 이 지역을 아주 잘 알아요.,codec
data/processed/ko_mlaad_augmented/poisoned_pen_05_f000225_aug.wav,ko,spoof,tts,VoxCPM2,-,mlaad,,codec
data/processed/ko_augmented/kss_08149_aug.wav,ko,spoof,tts,mms-tts-kor,vits_default,kss_transcript,우선 쌀을 물에 담가 놔.,none
data/processed/ko_mlaad_augmented/jane_eyre_27_f000066_aug.wav,ko,spoof,tts,Qwen3-TTS-12Hz-1.7B-Base,-,mlaad,,rawboost
data/processed/ko_mlaad_augmented/emerald_city_of_oz_13_f000051_aug.wav,ko,spoof,tts,tts_models_multilingual_multi-dataset_xtts_v2,-,mlaad,,none
data/processed/ko_mlaad_augmented/northandsouth_03_f000044_aug.wav,ko,spoof,tts,Qwen3-TTS-12Hz-1.7B-Base,-,mlaad,,none
data/processed/ko_augmented/zeroth_144_003_0033_aug.wav,ko,bonafide,real,-,zeroth_144,zeroth_korean,특히 이는 우리 군의 대북 심리전방송에 북한군 최전방부대 군인들이 크게 흔들리고 있다는 것을 시사해주고 있다,rawboost
data/processed/ko_mlaad_augmented/emerald_city_of_oz_14_f000021_aug.wav,ko,spoof,tts,Qwen3-TTS-12Hz-0.6B-Base,-,mlaad,,none
data/processed/ko_mlaad_augmented/jane_eyre_37_f000430_aug.wav,ko,spoof,tts,MOSS-TTS-8B,-,mlaad,,none
data/processed/ko_mlaad_augmented/poisoned_pen_11_f000201_aug.wav,ko,spoof,tts,VoxCPM2,-,mlaad,,rawboost
data/processed/ko_augmented/zeroth_174_003_0219_aug.wav,ko,bonafide,real,-,zeroth_174,zeroth_korean,서울중앙지검 형사 일 부는 우남찬가를 출품한 장모 씨를 자유경제원이 정보통신망법상 명예훼손 업무방해 사기 등의 혐의로 고소한 사건에 대해 각하처분을 내렸다고 육 일 밝혔다,codec
data/processed/ko_mlaad_augmented/poisoned_pen_11_f000168_aug.wav,ko,spoof,tts,tts_models_multilingual_multi-dataset_bark,-,mlaad,,rawboost
data/processed/ko_augmented/kss_09605_aug.wav,ko,bonafide,real,-,kss_speaker,kss,저는 현대적인 스타일을 좋아해요.,none
data/processed/ko_augmented/kss_05705_aug.wav,ko,bonafide,real,-,kss_speaker,kss,귀하의 신용카드 대금이 연체되었습니다.,rawboost+codec
data/processed/ko_augmented/zeroth_185_from_zeroth_209_003_2347_aug.wav,ko,spoof,vc,rvc_zeroth_185,zeroth_185,rvc_from_zeroth_209,또 바른정당을 제외한 야 삼 당은 탄핵을 공동 추진키로 했다,none
data/processed/ko_augmented/zeroth_177_003_2845_aug.wav,ko,bonafide,real,-,zeroth_177,zeroth_korean,하지만 전체 매출이 무려 이십 오 퍼센트나 줄면서 기존 천 원이었던 매출이 칠백 오십 원으로 줄어든 것,none
data/processed/ko_augmented/kss_02979_aug.wav,ko,bonafide,real,-,kss_speaker,kss,6개월에 한 번 스케일링을 받으세요.,none
data/processed/ko_augmented/kss_10563_aug.wav,ko,bonafide,real,-,kss_speaker,kss,방금 잠은 깼는데 술이 아직 안 깨요.,none
data/processed/ko_augmented/zeroth_165_003_0230_aug.wav,ko,bonafide,real,-,zeroth_165,zeroth_korean,이 고사총은 대공용이 주임무지만 사람 특히 정적이나 정치범 등을 대상으로 한 것은 북한 외에는 없다는 것이 전문가들의 전언이다,none
data/processed/ko_mlaad_augmented/pink_fairy_book_36_f000118_aug.wav,ko,spoof,tts,tts_models_multilingual_multi-dataset_xtts_v2,-,mlaad,,rawboost+codec
data/processed/ko_augmented/zeroth_185_from_zeroth_151_003_1426_aug.wav,ko,spoof,vc,rvc_zeroth_185,zeroth_185,rvc_from_zeroth_151,바울 자신도 로마 정부가 제공하는 보호 제도를 이용하였습니다,rawboost
data/processed/ko_mlaad_augmented/wives_and_daughters_58_f000203_aug.wav,ko,spoof,tts,tts_models_multilingual_multi-dataset_bark,-,mlaad,,codec
data/processed/ko_mlaad_augmented/jane_eyre_20_f000167_aug.wav,ko,spoof,tts,VoxCPM2,-,mlaad,,rawboost+codec
data/processed/ko_augmented/zeroth_179_003_2228_aug.wav,ko,bonafide,real,-,zeroth_179,zeroth_korean,실제로 우두머리 수컷은 화가 나거나 흥분하면 코가 부풀어 오르면서 빨개집니다,rawboost
data/processed/ko_mlaad_augmented/piratesofersatz_06_leinster_64kb_f000146_aug.wav,ko,spoof,tts,minimax_speech-02-turbo,-,mlaad,,none
data/processed/ko_augmented/zeroth_178_003_1729_aug.wav,ko,bonafide,real,-,zeroth_178,zeroth_korean,문제는 이 기 특조위에 선체 조사 권한이 넘어갈지 아니면 선조위에서 만든 보고서만 활용할지다,rawboost+codec
data/processed/ko_augmented/zeroth_130_003_1156_aug.wav,ko,bonafide,real,-,zeroth_130,zeroth_korean,업계 관계자는 가격이 오르면 지상파 삼 사는 연간 천 이백 억원 추가 수익을 올린다면서 그 부담은 이용자에게 고스란히 넘어갈 수밖에 없다고 토로했다,codec
data/processed/ko_mlaad_augmented/pink_fairy_book_13_f000121_aug.wav,ko,spoof,tts,Chatterbox Multilingual,-,mlaad,,codec
data/processed/ko_augmented/zeroth_178_003_0781_aug.wav,ko,bonafide,real,-,zeroth_178,zeroth_korean,조리사 영양사 학교 경비원 등의 경우 학교와 직접 계약한 경우에만 적용을 받는다,none
data/processed/ko_augmented/zeroth_124_003_2304_aug.wav,ko,bonafide,real,-,zeroth_124,zeroth_korean,어디 텃밭에 갔나보다 했는데 아 꽁치를 사러 가서 꽁치랑 시래기랑 사다가 그 백종원 선생님 밥집에 나온 거를 그걸 해주더라고요,none
data/processed/ko_mlaad_augmented/the_master_key_03_f000057_aug.wav,ko,spoof,tts,tts_models_multilingual_multi-dataset_xtts_v2,-,mlaad,,rawboost
data/processed/ko_mlaad_augmented/wives_and_daughters_22_f000189_aug.wav,ko,spoof,tts,MOSS-TTS-8B,-,mlaad,,rawboost+codec
data/processed/ko_augmented/kss_07459_aug.wav,ko,bonafide,real,-,kss_speaker,kss,외국어를 잘하는 좋은 방법을 아세요?,none
data/processed/ko_mlaad_augmented/the_master_key_06_f000075_aug.wav,ko,spoof,tts,Higgs-Audio-V2,-,mlaad,,none
data/processed/ko_mlaad_augmented/skyisland_17_baum_64kb_f000072_aug.wav,ko,spoof,tts,MOSS-TTS-1.7B,-,mlaad,,rawboost
data/processed/ko_augmented/kss_01340_aug.wav,ko,bonafide,real,-,kss_speaker,kss,또 실수할까 봐 두려워요.,codec
data/processed/ko_augmented/zeroth_178_003_1109_aug.wav,ko,bonafide,real,-,zeroth_178,zeroth_korean,앵커 동료 교사들보다 업무량이 많았던 한 초등학교 육 학년 부장교사가 급성심장사로 숨졌습니다,rawboost
data/processed/ko_augmented/kss_05881_aug.wav,ko,bonafide,real,-,kss_speaker,kss,차 한 대,rawboost
data/processed/ko_mlaad_augmented/midnight_passenger_02_f000232_aug.wav,ko,spoof,tts,tts_models_multilingual_multi-dataset_xtts_v2,-,mlaad,,rawboost
data/processed/ko_mlaad_augmented/northandsouth_14_f000097_aug.wav,ko,spoof,tts,minimax_speech-02-turbo,-,mlaad,,rawboost+codec
data/processed/ko_mlaad_augmented/wives_and_daughters_33_f000106_aug.wav,ko,spoof,tts,OmniVoice,-,mlaad,,rawboost+codec
data/processed/ko_augmented/zeroth_117_003_1878_aug.wav,ko,bonafide,real,-,zeroth_117,zeroth_korean,지금 야당에 김대중 대통령 노무현 대통령 사진 안 걸려 있습니까,none
data/processed/ko_augmented/zeroth_170_003_0704_aug.wav,ko,bonafide,real,-,zeroth_170,zeroth_korean,구두변론을 자청해서는 단상에 서서 강 재판관을 국회 측 수석대리인이라고 지칭해 물의를 빚었다,rawboost
data/processed/ko_augmented/zeroth_142_003_0504_aug.wav,ko,bonafide,real,-,zeroth_142,zeroth_korean,구의원님들께 배포해 주시도록 의장님 말씀해 주십시오라고 거듭 요구했다,rawboost+codec
data/processed/ko_augmented/kss_00100_aug.wav,ko,bonafide,real,-,kss_speaker,kss,우리는 파티 준비를 위해 풍선을 불었다.,rawboost
data/processed/ko_mlaad_augmented/rinkitink_baum_16_64kb_f000003_aug.wav,ko,spoof,tts,tts_models_multilingual_multi-dataset_bark,-,mlaad,,none
data/processed/ko_augmented/zeroth_168_003_2871_aug.wav,ko,bonafide,real,-,zeroth_168,zeroth_korean,윤 검사는 자신이 사건에 관여는 안하지만 검사들이 공소유지 할 때까지는 자리를 지키는 게 도리라는 생각을 내비친 것으로 전해졌다,rawboost
data/processed/ko_augmented/kss_06439_aug.wav,ko,bonafide,real,-,kss_speaker,kss,모처럼 좋은 소식이군요.,codec
data/processed/ko_augmented/zeroth_202_003_0619_aug.wav,ko,bonafide,real,-,zeroth_202,zeroth_korean,특히 선거를 앞둔 정치인들의 경우 자녀가 특혜시비에 휘말리면 사실여부를 떠나 정치적 논란으로 확대되기 때문이다,none
data/processed/ko_mlaad_augmented/northandsouth_30_f000179_aug.wav,ko,spoof,tts,tts_models_multilingual_multi-dataset_bark,-,mlaad,,rawboost
data/processed/ko_mlaad_augmented/midnight_passenger_06_f000226_aug.wav,ko,spoof,tts,MOSS-TTS-1.7B,-,mlaad,,rawboost
data/processed/ko_mlaad_augmented/wives_and_daughters_52_f000194_aug.wav,ko,spoof,tts,VoxCPM2,-,mlaad,,rawboost
data/processed/ko_augmented/zeroth_171_003_1857_aug.wav,ko,bonafide,real,-,zeroth_171,zeroth_korean,사기 첩보를 입수한 경찰 수사로 드러난 조씨의 정체는 횡령 등 전과 이십 범의 수배자였다,rawboost+codec
data/processed/ko_augmented/zeroth_178_003_1982_aug.wav,ko,bonafide,real,-,zeroth_178,zeroth_korean,카카오 관계자는 장애의 범위와 원인을 확인하고 있다 고 말했다,codec
data/processed/ko_augmented/kss_07242_aug.wav,ko,bonafide,real,-,kss_speaker,kss,결혼 앨범 좀 보자.,none
data/processed/ko_augmented/zeroth_138_003_1827_aug.wav,ko,bonafide,real,-,zeroth_138,zeroth_korean,변씨의 반려견은 척추와 뒷다리가 골절되는 부상을 입었다,none
data/processed/ko_mlaad_augmented/skyisland_02_baum_64kb_f000083_aug.wav,ko,spoof,tts,minimax_speech-02-turbo,-,mlaad,,none
data/processed/ko_augmented/zeroth_196_003_1552_aug.wav,ko,bonafide,real,-,zeroth_196,zeroth_korean,대만은 또 항모킬러라는 두오장급 스텔스 코르벳함을 실전배치했다,none
data/processed/ko_augmented/zeroth_191_003_2725_aug.wav,ko,bonafide,real,-,zeroth_191,zeroth_korean,소비자 입장에선 멀지 않은 곳에 다른 쇼핑 몰들도 많은데 이런 고액의 주차료를 내가며 롯데월드몰을 찾을 이유를 찾기는 쉽지 않다,rawboost
data/processed/ko_augmented/kss_08602_aug.wav,ko,bonafide,real,-,kss_speaker,kss,농민들은 쌀 시장의 개방에 반대하고 있다.,none
data/processed/ko_mlaad_augmented/midnight_passenger_10_f000112_aug.wav,ko,spoof,tts,Qwen3-TTS-12Hz-0.6B-Base,-,mlaad,,none
data/processed/ko_augmented/zeroth_125_003_0754_aug.wav,ko,bonafide,real,-,zeroth_125,zeroth_korean,하지만 조계종 공식 여론조사에서의 압도적인 지지에도 불구하고 총무원장 직선제가 무산됐다,none
data/processed/ko_augmented/zeroth_201_from_zeroth_211_003_0802_aug.wav,ko,spoof,vc,rvc_zeroth_201,zeroth_201,rvc_from_zeroth_211,콩에 대한 자료라면 무엇이든 구해 읽었고 누구를 만나도 콩의 중요성을 설파했다,rawboost
data/processed/ko_mlaad_augmented/jane_eyre_17_f000430_aug.wav,ko,spoof,tts,Chatterbox Multilingual,-,mlaad,,codec
data/processed/ko_mlaad_augmented/skyisland_08_baum_64kb_f000005_aug.wav,ko,spoof,tts,Higgs-Audio-V2,-,mlaad,,rawboost
data/processed/ko_mlaad_augmented/jane_eyre_21_f000311_aug.wav,ko,spoof,tts,Fish-S2-Pro,-,mlaad,,rawboost+codec
data/processed/ko_augmented/zeroth_145_003_2990_aug.wav,ko,bonafide,real,-,zeroth_145,zeroth_korean,사실 한 성서 필자는 마음속에서 일어나는 그러한 충돌을 싸움으로 묘사했습니다,none
data/processed/ko_mlaad_augmented/the_master_key_07_f000052_aug.wav,ko,spoof,tts,Higgs-Audio-V2,-,mlaad,,none
data/processed/ko_mlaad_augmented/wives_and_daughters_45_f000012_aug.wav,ko,spoof,tts,tts_models_multilingual_multi-dataset_xtts_v2,-,mlaad,,none
data/processed/ko_mlaad_augmented/pink_fairy_book_40_f000214_aug.wav,ko,spoof,tts,tts_models_multilingual_multi-dataset_xtts_v2,-,mlaad,,rawboost
data/processed/ko_augmented/zeroth_198_003_1801_aug.wav,ko,bonafide,real,-,zeroth_198,zeroth_korean,그는 예의 바른 친구였고 좋은 아빠였는데 그는 잘못된 시간에 잘못된 장소에 있었을 뿐이었다고 그들 친구 중 한 명이 시카고 선타임스에 말했다,rawboost
data/processed/ko_mlaad_augmented/northandsouth_39_f000105_aug.wav,ko,spoof,tts,Chatterbox Multilingual,-,mlaad,,none
data/processed/ko_mlaad_augmented/the_master_key_19_f000019_aug.wav,ko,spoof,tts,MOSS-TTS-1.7B,-,mlaad,,rawboost
data/processed/ko_augmented/zeroth_146_003_0716_aug.wav,ko,bonafide,real,-,zeroth_146,zeroth_korean,이천 십 사 년 미스 유니버스였던 파울리나 베가는 이날 미스 콜롬비아에게 씌워줬던 왕관을 벗긴 것은 물론 미스 유니버스라고 쓴 띠까지 벗겨내는 곤혹스런 일을 해야 했다,codec
data/processed/ko_augmented/kss_10383_aug.wav,ko,bonafide,real,-,kss_speaker,kss,저는 이 영화의 조명을 담당하고 있습니다.,none
data/processed/ko_mlaad_augmented/midnight_passenger_04_f000042_aug.wav,ko,spoof,tts,VoxCPM2,-,mlaad,,none
data/processed/ko_mlaad_augmented/ozma_of_oz_06_f000122_aug.wav,ko,spoof,tts,Qwen3-TTS-12Hz-1.7B-Base,-,mlaad,,none
data/processed/ko_mlaad_augmented/poisoned_pen_04_f000210_aug.wav,ko,spoof,tts,tts_models_multilingual_multi-dataset_bark,-,mlaad,,none
data/processed/ko_augmented/kss_05208_aug.wav,ko,bonafide,real,-,kss_speaker,kss,저는 죄가 없어요.,none
data/processed/ko_mlaad_augmented/northandsouth_21_f000116_aug.wav,ko,spoof,tts,MOSS-TTS-8B,-,mlaad,,rawboost
data/processed/ko_mlaad_augmented/wives_and_daughters_14_f000172_aug.wav,ko,spoof,tts,Fish-S2-Pro,-,mlaad,,codec
data/processed/ko_mlaad_augmented/wives_and_daughters_02_f000090_aug.wav,ko,spoof,tts,tts_models_multilingual_multi-dataset_xtts_v2,-,mlaad,,codec
data/processed/ko_augmented/zeroth_216_003_0494_aug.wav,ko,bonafide,real,-,zeroth_216,zeroth_korean,좀더 자유롭게 의견 개진이 되고 변화에 대한 제안이 이뤄져야 되고 재단이 어떤 방식으로든 좀 더 투명하고 개방적인 조직이 돼야 한다고 생각해 왔어요,none
data/processed/ko_augmented/zeroth_111_003_0909_aug.wav,ko,bonafide,real,-,zeroth_111,zeroth_korean,일본의 수출액은 전년대비 구 쩜 사 사 퍼센트 네덜란드는 십 오 쩜 육 칠 퍼센트 급감했다,none
data/processed/ko_mlaad_augmented/wives_and_daughters_35_f000119_aug.wav,ko,spoof,tts,MOSS-TTS-8B,-,mlaad,,codec
data/processed/ko_mlaad_augmented/wives_and_daughters_07_f000010_aug.wav,ko,spoof,tts,Fish-S2-Pro,-,mlaad,,none
data/processed/ko_mlaad_augmented/poisoned_pen_02_f000307_aug.wav,ko,spoof,tts,MOSS-TTS-8B,-,mlaad,,rawboost+codec
data/processed/ko_mlaad_augmented/the_sea_fairies_13_f000119_aug.wav,ko,spoof,tts,tts_models_multilingual_multi-dataset_xtts_v2,-,mlaad,,rawboost+codec
data/processed/ko_augmented/zeroth_134_003_2345_aug.wav,ko,bonafide,real,-,zeroth_134,zeroth_korean,선진국에서 굳이 한국인을 써야할 이유가 없는 만큼 신중한 판단이 필요하다고 말했다,none
data/processed/ko_augmented/zeroth_154_003_0834_aug.wav,ko,bonafide,real,-,zeroth_154,zeroth_korean,물론 심각한 정신 장애가 있는 사람이라면 정신 건강 전문가의 도움이 필요할 수 있다,none
data/processed/ko_mlaad_augmented/midnight_passenger_09_f000205_aug.wav,ko,spoof,tts,Qwen3-TTS-12Hz-1.7B-Base,-,mlaad,,none
data/processed/ko_augmented/zeroth_120_003_2878_aug.wav,ko,bonafide,real,-,zeroth_120,zeroth_korean,김씨의 차가 오랫동안 방치돼 민원이 발생하자 경찰은 지난달 이십 육 일 진천군에 방치 차량 신고를 했다,rawboost
data/processed/ko_mlaad_augmented/northandsouth_40_f000105_aug.wav,ko,spoof,tts,Fish-S2-Pro,-,mlaad,,codec
data/processed/ko_mlaad_augmented/the_sea_fairies_03_f000124_aug.wav,ko,spoof,tts,OmniVoice,-,mlaad,,rawboost+codec
data/processed/ko_augmented/kss_12043_aug.wav,ko,bonafide,real,-,kss_speaker,kss,"신사 숙녀 여러분, 안내 말씀 드립니다.",rawboost
data/processed/ko_augmented/kss_03325_aug.wav,ko,bonafide,real,-,kss_speaker,kss,먹고 싶은 거 다 골라.,codec
data/processed/ko_augmented/kss_10606_aug.wav,ko,bonafide,real,-,kss_speaker,kss,물이 끓기 시작해요.,none
data/processed/ko_augmented/zeroth_153_003_1691_aug.wav,ko,bonafide,real,-,zeroth_153,zeroth_korean,한 걸음 더 나아가 천 구백 이십 이 년에는 처음으로 선박과 육지 사이에 무선 통신이 이루어졌습니다,rawboost
data/processed/ko_augmented/zeroth_152_from_zeroth_148_003_1885_aug.wav,ko,spoof,vc,rvc_zeroth_152,zeroth_152,rvc_from_zeroth_148,온라인 여행전문 사이트 익스피디아에 따르면 아랍에미리트 직장인들은 연차휴가 삼십 일 스웨덴 네덜란드 노르웨이는 이십 오 일을 받아 백 퍼센트 쓰고 있다,codec
data/processed/ko_mlaad_augmented/jane_eyre_32_f000107_aug.wav,ko,spoof,tts,MOSS-TTS-1.7B,-,mlaad,,rawboost
data/processed/ko_mlaad_augmented/rinkitink_baum_18_64kb_f000203_aug.wav,ko,spoof,tts,tts_models_multilingual_multi-dataset_bark,-,mlaad,,none
data/processed/ko_augmented/kss_01164_aug.wav,ko,bonafide,real,-,kss_speaker,kss,아무 때나 괜찮아요.,rawboost
data/processed/ko_augmented/zeroth_214_003_0755_aug.wav,ko,bonafide,real,-,zeroth_214,zeroth_korean,국민에게 공약했던 국정 철학이 있고 정책적인 목표가 있으니까,rawboost
data/processed/ko_mlaad_augmented/pink_fairy_book_35_f000023_aug.wav,ko,spoof,tts,tts_models_multilingual_multi-dataset_bark,-,mlaad,,none
data/processed/ko_augmented/kss_00171_aug.wav,ko,bonafide,real,-,kss_speaker,kss,그녀가 내게 다가왔다.,rawboost
data/processed/ko_mlaad_augmented/the_master_key_03_f000054_aug.wav,ko,spoof,tts,Qwen3-TTS-12Hz-0.6B-Base,-,mlaad,,rawboost
data/processed/ko_augmented/zeroth_161_003_1327_aug.wav,ko,bonafide,real,-,zeroth_161,zeroth_korean,예를 들어 어떤 충실한 인물에 대해 읽는다면 그 사람의 특성과 행동을 그가 받은 축복과 연관 지어 보시기 바랍니다,rawboost
data/processed/ko_mlaad_augmented/jane_eyre_30_f000040_aug.wav,ko,spoof,tts,Chatterbox Multilingual,-,mlaad,,rawboost
data/processed/ko_augmented/zeroth_152_from_zeroth_177_003_0237_aug.wav,ko,spoof,vc,rvc_zeroth_152,zeroth_152,rvc_from_zeroth_177,선대인 그런데 누구나 느끼시겠지만 지금 이천 육 년 부동산 폭등기 때보다 지금 호황인가,none
data/processed/ko_augmented/zeroth_184_003_2080_aug.wav,ko,bonafide,real,-,zeroth_184,zeroth_korean,지난해 국내 연구개발과 디자인 직군에만 시범 실시했는데 업무 효율성이 높아지고 직원 만족도가 높아 회사 전체로 확대한 겁니다,rawboost
data/processed/ko_augmented/zeroth_215_003_0682_aug.wav,ko,bonafide,real,-,zeroth_215,zeroth_korean,담배를 끊으려고 노력하다가 다시 피우면 낙오자가 된 기분일 거야,rawboost+codec
data/processed/ko_mlaad_augmented/jane_eyre_38_f000038_aug.wav,ko,spoof,tts,minimax_speech-02-turbo,-,mlaad,,rawboost
data/processed/ko_mlaad_augmented/wives_and_daughters_39_f000087_aug.wav,ko,spoof,tts,Higgs-Audio-V2,-,mlaad,,none
data/processed/ko_mlaad_augmented/piratesofersatz_04_leinster_64kb_f000180_aug.wav,ko,spoof,tts,OmniVoice,-,mlaad,,rawboost
data/processed/ko_augmented/zeroth_113_003_2611_aug.wav,ko,bonafide,real,-,zeroth_113,zeroth_korean,중위그룹은 일 조 구천 억원 적자 하위그룹은 칠천 억원 의 적자를 기록했다,rawboost
data/processed/ko_mlaad_augmented/wives_and_daughters_27_f000047_aug.wav,ko,spoof,tts,tts_models_multilingual_multi-dataset_xtts_v2,-,mlaad,,none
data/processed/ko_mlaad_augmented/wives_and_daughters_46_f000066_aug.wav,ko,spoof,tts,Qwen3-TTS-12Hz-0.6B-Base,-,mlaad,,none
data/processed/ko_augmented/zeroth_208_003_0836_aug.wav,ko,bonafide,real,-,zeroth_208,zeroth_korean,소망교회 관계자는 교회 세습을 막기 위해 김 담임목사가 부임했는데 이를 반대하고 교회를 어렵게 하는 사람들로 인해 송사가 끊이지 않고 있다고 말했다,none
data/processed/ko_mlaad_augmented/the_master_key_13_f000086_aug.wav,ko,spoof,tts,MOSS-TTS-8B,-,mlaad,,none
data/processed/ko_mlaad_augmented/wives_and_daughters_49_f000098_aug.wav,ko,spoof,tts,Qwen3-TTS-12Hz-1.7B-Base,-,mlaad,,codec
data/processed/ko_augmented/kss_12300_aug.wav,ko,bonafide,real,-,kss_speaker,kss,매년 태풍으로 인한 재산 피해가 심각해요.,rawboost
data/processed/ko_mlaad_augmented/midnight_passenger_05_f000112_aug.wav,ko,spoof,tts,tts_models_multilingual_multi-dataset_xtts_v2,-,mlaad,,none
data/processed/ko_mlaad_augmented/emerald_city_of_oz_03_f000036_aug.wav,ko,spoof,tts,Qwen3-TTS-12Hz-0.6B-Base,-,mlaad,,rawboost
data/processed/ko_augmented/zeroth_166_003_2065_aug.wav,ko,bonafide,real,-,zeroth_166,zeroth_korean,애기 한번 잘 키워보려고 매일매일 가습기 살균제를 가습기에다가 제가 제 자식을 죽인 게 아닙니다,codec
data/processed/ko_mlaad_augmented/wives_and_daughters_17_f000181_aug.wav,ko,spoof,tts,VoxCPM2,-,mlaad,,codec
data/processed/ko_mlaad_augmented/wives_and_daughters_55_f000103_aug.wav,ko,spoof,tts,Fish-S2-Pro,-,mlaad,,none
data/processed/ko_mlaad_augmented/jane_eyre_32_f000166_aug.wav,ko,spoof,tts,Qwen3-TTS-12Hz-1.7B-Base,-,mlaad,,none
data/processed/ko_mlaad_augmented/piratesofersatz_02_leinster_64kb_f000133_aug.wav,ko,spoof,tts,tts_models_multilingual_multi-dataset_xtts_v2,-,mlaad,,none
data/processed/ko_augmented/zeroth_117_003_1601_aug.wav,ko,bonafide,real,-,zeroth_117,zeroth_korean,양 위원은 지난 삼 일 광주시의회에서 가진 회견에서 한번도 패배를 생각해 본 적 없다며 승리를 자신하기도 했다,rawboost+codec
data/processed/ko_augmented/zeroth_187_003_1190_aug.wav,ko,bonafide,real,-,zeroth_187,zeroth_korean,김현정 그럼 정리를 해 보자면 우리 선생님 댁에서 한 두 달 가까이 돌본 다음에 어쩌어찌해서 다시 아빠한테 가기는 했고 그리고 센터에도 다시 오기 시작했는데요,rawboost
data/processed/ko_mlaad_augmented/wives_and_daughters_35_f000146_aug.wav,ko,spoof,tts,OmniVoice,-,mlaad,,rawboost+codec
data/processed/ko_mlaad_augmented/wives_and_daughters_43_f000073_aug.wav,ko,spoof,tts,OmniVoice,-,mlaad,,codec
data/processed/ko_augmented/zeroth_145_003_1521_aug.wav,ko,bonafide,real,-,zeroth_145,zeroth_korean,또 이 광고들은 정확한 정부의 선팅 규제 기준이나 짙은 선팅을 했을 때 발생할 수 있는 위험 등에 대해서는 설명하지 않는다,none
data/processed/ko_mlaad_augmented/northandsouth_47_f000083_aug.wav,ko,spoof,tts,Qwen3-TTS-12Hz-0.6B-Base,-,mlaad,,codec
data/processed/ko_mlaad_augmented/skyisland_19_baum_64kb_f000022_aug.wav,ko,spoof,tts,minimax_speech-02-turbo,-,mlaad,,none
data/processed/ko_augmented/zeroth_108_003_0513_aug.wav,ko,bonafide,real,-,zeroth_108,zeroth_korean,이들 도시 및 다른 스물 다섯 개의 도시에는 각각 이천 만 명 이상의 주민이 살게 될 것이다,none
data/processed/ko_mlaad_augmented/piratesofersatz_06_leinster_64kb_f000138_aug.wav,ko,spoof,tts,Fish-S2-Pro,-,mlaad,,none
data/processed/ko_mlaad_augmented/northandsouth_48_f000057_aug.wav,ko,spoof,tts,tts_models_multilingual_multi-dataset_xtts_v2,-,mlaad,,rawboost
data/processed/ko_augmented/zeroth_120_003_0689_aug.wav,ko,bonafide,real,-,zeroth_120,zeroth_korean,시력과 청력의 감퇴와 같이 흔하면서도 사소한 많은 기능적 문제들이 노화 과정의 정상적인 부분으로 받아들여지거나 소홀히 취급되고 있다,codec
data/processed/ko_augmented/zeroth_211_003_0965_aug.wav,ko,bonafide,real,-,zeroth_211,zeroth_korean,이들을 제외한 여든 네 개월 미만 아동에게는 월 십 만원이 지급된다,none
data/processed/ko_augmented/zeroth_214_003_2785_aug.wav,ko,bonafide,real,-,zeroth_214,zeroth_korean,대신 파울리는 화장실을 이용할 수 있는 근처 카페나 주점 공공시설 명단을 만들어 손님들에게 건넨다,rawboost
data/processed/ko_mlaad_augmented/piratesofersatz_08_leinster_64kb_f000104_aug.wav,ko,spoof,tts,Fish-S2-Pro,-,mlaad,,none
data/processed/ko_mlaad_augmented/pink_fairy_book_09_f000004_aug.wav,ko,spoof,tts,Chatterbox Multilingual,-,mlaad,,rawboost
data/processed/ko_augmented/kss_07564_aug.wav,ko,bonafide,real,-,kss_speaker,kss,비가 올 것 같아요.,rawboost
data/processed/ko_augmented/zeroth_166_003_0870_aug.wav,ko,bonafide,real,-,zeroth_166,zeroth_korean,군인들이 죽어갈 수 있는 건 내 조국이 정의로운 조국이니까 가능하다고 그랬어,none
data/processed/ko_augmented/zeroth_196_003_1651_aug.wav,ko,bonafide,real,-,zeroth_196,zeroth_korean,이후 감정이 격해진 박 위원장은 결국 황 의원에게 너 임마,codec
data/processed/ko_augmented/zeroth_106_003_1749_aug.wav,ko,bonafide,real,-,zeroth_106,zeroth_korean,홍어는 일베 사용자들이 전라도민들을 비하할 때 쓰는 단어이다,rawboost
data/processed/ko_mlaad_augmented/hunters_space_11_f000112_aug.wav,ko,spoof,tts,minimax_speech-02-turbo,-,mlaad,,rawboost
data/processed/ko_mlaad_augmented/midnight_passenger_04_f000229_aug.wav,ko,spoof,tts,Higgs-Audio-V2,-,mlaad,,codec
data/processed/ko_augmented/kss_08552_aug.wav,ko,spoof,tts,mms-tts-kor,vits_default,kss_transcript,이 음식점은 김치찌개가 전문이야.,none
data/processed/ko_augmented/kss_02237_aug.wav,ko,bonafide,real,-,kss_speaker,kss,오늘은 내 인생 최악의 날이었어.,codec
data/processed/ko_mlaad_augmented/jane_eyre_12_f000133_aug.wav,ko,spoof,tts,tts_models_multilingual_multi-dataset_xtts_v2,-,mlaad,,rawboost
data/processed/ko_augmented/kss_06203_aug.wav,ko,bonafide,real,-,kss_speaker,kss,여기서 일한 지 벌써 석 달이 넘었어요.,rawboost
data/processed/ko_mlaad_augmented/piratesofersatz_12_leinster_64kb_f000098_aug.wav,ko,spoof,tts,Qwen3-TTS-12Hz-1.7B-Base,-,mlaad,,none
data/processed/ko_mlaad_augmented/wives_and_daughters_15_f000073_aug.wav,ko,spoof,tts,tts_models_multilingual_multi-dataset_xtts_v2,-,mlaad,,none
data/processed/ko_augmented/zeroth_148_003_1885_aug.wav,ko,bonafide,real,-,zeroth_148,zeroth_korean,온라인 여행전문 사이트 익스피디아에 따르면 아랍에미리트 직장인들은 연차휴가 삼십 일 스웨덴 네덜란드 노르웨이는 이십 오 일을 받아 백 퍼센트 쓰고 있다,none
data/processed/ko_augmented/zeroth_208_003_2673_aug.wav,ko,bonafide,real,-,zeroth_208,zeroth_korean,사람들이 규정을 계속 준수하게 하기 위해 그 목회자들은 말하자면 지옥의 불을 지핀 다음 그 불을 계속 활활 타오르게 하였습니다,rawboost
data/processed/ko_augmented/kss_01357_aug.wav,ko,bonafide,real,-,kss_speaker,kss,딱딱한 의자는 불편하지만 건강에는 좋다.,rawboost+codec
data/processed/ko_augmented/kss_01209_aug.wav,ko,bonafide,real,-,kss_speaker,kss,옛날에는 먹고살기에 급급한 나머지 건강에 신경을 쓰지 못했어요.,rawboost
data/processed/ko_augmented/zeroth_127_003_0323_aug.wav,ko,bonafide,real,-,zeroth_127,zeroth_korean,하지만 최저임금 협상을 앞둔 시점에서 정치권이 과도한 인상 공약으로 기대심리만 높여놓는 것은 포퓰리즘에 불과하다는 지적도 나온다,codec
data/processed/ko_augmented/zeroth_187_003_1033_aug.wav,ko,bonafide,real,-,zeroth_187,zeroth_korean,올보르 구치소 관계자는 정 씨의 아기가 정 씨를 보러 면회를 올 수는 있어도 정 씨가 아기를 보러 나갈 수는 없다고 부인했다,rawboost
data/processed/ko_mlaad_augmented/pink_fairy_book_03_f000056_aug.wav,ko,spoof,tts,minimax_speech-02-turbo,-,mlaad,,codec
data/processed/ko_augmented/zeroth_128_003_0267_aug.wav,ko,bonafide,real,-,zeroth_128,zeroth_korean,도시의 크기가 커지고 있는 데다 콘크리트와 철재는 햇볕을 쉽게 흡수했다가 밤에 서서히 식는다는 것입니다,rawboost
data/processed/ko_augmented/kss_11066_aug.wav,ko,bonafide,real,-,kss_speaker,kss,이 공사는 내후년에 끝날 것으로 예상됩니다.,rawboost
data/processed/ko_mlaad_augmented/poisoned_pen_02_f000068_aug.wav,ko,spoof,tts,Qwen3-TTS-12Hz-0.6B-Base,-,mlaad,,codec
data/processed/ko_mlaad_augmented/the_sea_fairies_01_f000055_aug.wav,ko,spoof,tts,minimax_speech-02-turbo,-,mlaad,,codec
data/processed/ko_augmented/zeroth_174_003_2413_aug.wav,ko,bonafide,real,-,zeroth_174,zeroth_korean,이십 팔 일 산부인과 교수들을 만나 난소암을 극복할 수 있는 방법에 대해 물었습니다,none
data/processed/ko_augmented/kss_02853_aug.wav,ko,bonafide,real,-,kss_speaker,kss,14층으로 올라오세요.,none
data/processed/ko_mlaad_augmented/jane_eyre_11_f000330_aug.wav,ko,spoof,tts,Qwen3-TTS-12Hz-1.7B-Base,-,mlaad,,rawboost
data/processed/ko_augmented/zeroth_169_003_2463_aug.wav,ko,bonafide,real,-,zeroth_169,zeroth_korean,작년 팔 월 연세대를 졸업한 박모씨는 부산의 한 공기업 인턴 직에 지원했지만 서류 전형에서 탈락했다,rawboost+codec
data/processed/ko_augmented/kss_02906_aug.wav,ko,bonafide,real,-,kss_speaker,kss,병실이 몇 호실이죠?,none
data/processed/ko_mlaad_augmented/pink_fairy_book_24_f000064_aug.wav,ko,spoof,tts,MOSS-TTS-8B,-,mlaad,,codec
data/processed/ko_augmented/zeroth_191_003_0832_aug.wav,ko,bonafide,real,-,zeroth_191,zeroth_korean,이런 상황에서 상호주의 원칙만을 주장해 한 사람의 인권이 침해되는 일이 벌어지고 있는 겁니다,none
data/processed/ko_augmented/zeroth_144_003_0469_aug.wav,ko,bonafide,real,-,zeroth_144,zeroth_korean,그러나 성인 기준 나이를 훌쩍 넘긴 이들이 미디어에서 어린이 다움을 어필하는 것은 이미 대세가 됐다,none
data/processed/ko_augmented/kss_10825_aug.wav,ko,bonafide,real,-,kss_speaker,kss,하루에 먹이는 몇 번 줘야 하나요?,rawboost
data/processed/ko_mlaad_augmented/poisoned_pen_03_f000343_aug.wav,ko,spoof,tts,minimax_speech-02-turbo,-,mlaad,,rawboost+codec
data/processed/ko_augmented/kss_04098_aug.wav,ko,bonafide,real,-,kss_speaker,kss,여자 친구에게 선물할 귀걸이를 찾고 있어요.,rawboost
data/processed/ko_mlaad_augmented/jane_eyre_35_f000076_aug.wav,ko,spoof,tts,OmniVoice,-,mlaad,,rawboost
data/processed/ko_augmented/zeroth_175_003_0430_aug.wav,ko,bonafide,real,-,zeroth_175,zeroth_korean,또한 이 차례에 걸쳐 롯데 제품 소비하지 않는 날을 정해 소비 파업에 들어갈 예정이다,codec
data/processed/ko_mlaad_augmented/northandsouth_08_f000042_aug.wav,ko,spoof,tts,Higgs-Audio-V2,-,mlaad,,codec
data/processed/ko_augmented/zeroth_186_003_2467_aug.wav,ko,bonafide,real,-,zeroth_186,zeroth_korean,급한 마음에 창조경제를 띄우려고 하다 보니 시장도 왜곡되고 정부 의도와 불일치한 결과가 나타났다고 분석했다,rawboost
data/processed/ko_augmented/zeroth_185_from_kss_01488_aug.wav,ko,spoof,vc,rvc_zeroth_185,zeroth_185,rvc_from_kss_speaker,부모님 앞에서 노래를 한다는 건 민망한 일이에요.,none
data/processed/ko_augmented/zeroth_201_from_zeroth_151_003_1229_aug.wav,ko,spoof,vc,rvc_zeroth_201,zeroth_201,rvc_from_zeroth_151,규모 구 쩜 공 의 강진과 함께 발생한 쓰나미는 약 이 만 오천 명의 사상자와 후쿠시마 원자력발전소 방사능 누출 사고를 일으켰다,rawboost+codec
data/processed/ko_augmented/kss_01497_aug.wav,ko,bonafide,real,-,kss_speaker,kss,선생님은 우리에게 바른 순서대로 글씨를 쓰라고 하셨다.,rawboost+codec
data/processed/ko_augmented/zeroth_125_003_1389_aug.wav,ko,bonafide,real,-,zeroth_125,zeroth_korean,석 박사 대학원생에게는 지도교수와 공동 연구에 참여할 수 있도록 보장하고 스스로 역량을 향상시킬 수 있는 다양한 기회를 제공한다,rawboost+codec
data/processed/ko_mlaad_augmented/midnight_passenger_05_f000213_aug.wav,ko,spoof,tts,VoxCPM2,-,mlaad,,codec
data/processed/ko_mlaad_augmented/jane_eyre_17_f000067_aug.wav,ko,spoof,tts,OmniVoice,-,mlaad,,rawboost
data/processed/ko_mlaad_augmented/rinkitink_baum_06_64kb_f000050_aug.wav,ko,spoof,tts,MOSS-TTS-1.7B,-,mlaad,,none
data/processed/ko_mlaad_augmented/ozma_of_oz_19_f000030_aug.wav,ko,spoof,tts,OmniVoice,-,mlaad,,none
data/processed/ko_augmented/kss_12379_aug.wav,ko,bonafide,real,-,kss_speaker,kss,통장을 가져오셨나요?,rawboost
data/processed/ko_mlaad_augmented/dorothy_and_wizard_oz_16_f000023_aug.wav,ko,spoof,tts,MOSS-TTS-1.7B,-,mlaad,,none
data/processed/ko_mlaad_augmented/northandsouth_26_f000106_aug.wav,ko,spoof,tts,Chatterbox Multilingual,-,mlaad,,none
data/processed/ko_augmented/kss_09869_aug.wav,ko,bonafide,real,-,kss_speaker,kss,하루 종일 재채기가 멈추지를 않아요.,none
data/processed/ko_mlaad_augmented/northandsouth_13_f000008_aug.wav,ko,spoof,tts,Fish-S2-Pro,-,mlaad,,rawboost+codec
data/processed/ko_mlaad_augmented/wives_and_daughters_10_f000324_aug.wav,ko,spoof,tts,VoxCPM2,-,mlaad,,rawboost
data/processed/ko_augmented/zeroth_184_003_0965_aug.wav,ko,bonafide,real,-,zeroth_184,zeroth_korean,이들을 제외한 여든 네 개월 미만 아동에게는 월 십 만원이 지급된다,codec
data/processed/ko_mlaad_augmented/the_master_key_16_f000028_aug.wav,ko,spoof,tts,OmniVoice,-,mlaad,,codec
data/processed/ko_mlaad_augmented/rinkitink_baum_06_64kb_f000059_aug.wav,ko,spoof,tts,minimax_speech-02-turbo,-,mlaad,,codec
data/processed/ko_mlaad_augmented/dorothy_and_wizard_oz_07_f000044_aug.wav,ko,spoof,tts,Chatterbox Multilingual,-,mlaad,,rawboost
data/processed/ko_augmented/zeroth_198_003_1259_aug.wav,ko,bonafide,real,-,zeroth_198,zeroth_korean,누군가 그의 방문에서 딱지를 떼어내고 근조를 써 붙였다,rawboost
data/processed/ko_augmented/zeroth_165_003_0448_aug.wav,ko,bonafide,real,-,zeroth_165,zeroth_korean,창업 초기 아무리 힘들더라도 하루 한 편씩 새로운 동영상을 꼭 올린다는 일 일 일 콘텐트 원칙을 세웠고 지금도 그 약속을 지켜나가고 있습니다,none
data/processed/ko_augmented/zeroth_212_003_0613_aug.wav,ko,bonafide,real,-,zeroth_212,zeroth_korean,테살로니키 지역에 사는 의사 스탈리카스씨는 처음엔 치프라스의 주장에 공감했지만 갈수록 미숙한 젊은 지도자가 더욱 위험한 방향으로 나라를 이끌고 있다는 생각이 든다고 말했다,rawboost
data/processed/ko_augmented/zeroth_144_003_1032_aug.wav,ko,bonafide,real,-,zeroth_144,zeroth_korean,예를 들어 수컷과 암컷 모두의 귀가 접혀 있으면 그 사이에서 태어나는 새끼는 선천성 뼈 형성 장애 같은 유전적 결함이 생겨 뼈가 기형이 될 수 있습니다,codec
data/processed/ko_mlaad_augmented/jane_eyre_37_f000422_aug.wav,ko,spoof,tts,Qwen3-TTS-12Hz-1.7B-Base,-,mlaad,,none
data/processed/ko_mlaad_augmented/jane_eyre_02_f000061_aug.wav,ko,spoof,tts,MOSS-TTS-1.7B,-,mlaad,,rawboost
data/processed/ko_augmented/zeroth_198_003_0006_aug.wav,ko,bonafide,real,-,zeroth_198,zeroth_korean,검찰은 여기서 그치지 않고 이 콘서트를 주최한 황선 씨 등 검찰의 표현에 따르면 이른바 종북 색채가 있는 사람들에 대해서도 수사를 확대하겠다고 밝혔습니다,rawboost
data/processed/ko_mlaad_augmented/pink_fairy_book_28_f000059_aug.wav,ko,spoof,tts,OmniVoice,-,mlaad,,rawboost+codec
data/processed/ko_augmented/zeroth_217_003_0592_aug.wav,ko,bonafide,real,-,zeroth_217,zeroth_korean,급기야 재단 측은 당초 하루 삼백 명으로 제한한 사전 접수 인원을 지난 칠 일부터 천 삼백 명으로 천 명 더 늘렸다,none
data/processed/ko_augmented/kss_00840_aug.wav,ko,bonafide,real,-,kss_speaker,kss,부산국제영화제가 10월 2일부터 10월 8일까지 펼쳐질 예정입니다.,rawboost
data/processed/ko_augmented/zeroth_128_003_0025_aug.wav,ko,bonafide,real,-,zeroth_128,zeroth_korean,한국인터넷진흥원은 아이핀 시스템을 전면 재구축하는 방안도 검토하기로 했다,rawboost
data/processed/ko_augmented/zeroth_160_003_2546_aug.wav,ko,bonafide,real,-,zeroth_160,zeroth_korean,업무 강도가 센 직업이라 야근과 주말근무를 할 때도 많아서 입주돌보미를 구했는데 비용이 높았다,none
data/processed/ko_mlaad_augmented/poisoned_pen_04_f000272_aug.wav,ko,spoof,tts,Qwen3-TTS-12Hz-0.6B-Base,-,mlaad,,rawboost
data/processed/ko_mlaad_augmented/pink_fairy_book_17_f000043_aug.wav,ko,spoof,tts,MOSS-TTS-1.7B,-,mlaad,,none
data/processed/ko_mlaad_augmented/silent_bullet_08_f000185_aug.wav,ko,spoof,tts,tts_models_multilingual_multi-dataset_bark,-,mlaad,,rawboost
data/processed/ko_augmented/kss_06149_aug.wav,ko,bonafide,real,-,kss_speaker,kss,화성에는 생명의 흔적이 없었다.,none
data/processed/ko_augmented/zeroth_174_003_1542_aug.wav,ko,bonafide,real,-,zeroth_174,zeroth_korean,성완종 리스트를 수사하는 검찰 특별수사팀과 일 억원 수수 의혹 당사자인 홍준표 경남지사의 경선 자금을 둘러싼 설전이 이어지고 있다,none
data/processed/ko_augmented/zeroth_123_003_3000_aug.wav,ko,bonafide,real,-,zeroth_123,zeroth_korean,또 삼성의 자동차 산업 진출은 이 부회장이 경영을 할 때 피해야겠다고 생각하는 중복 투자다,rawboost
data/processed/ko_augmented/zeroth_173_003_1588_aug.wav,ko,bonafide,real,-,zeroth_173,zeroth_korean,외부투자를 속속 받으며 부상하던 여기어때와 야놀자가 해킹 파문과 성매매 논란에 휩싸이면서 전례 없는 혼란에 빠졌다,none
data/processed/ko_augmented/kss_08773_aug.wav,ko,bonafide,real,-,kss_speaker,kss,거기서 뭐 하는 거야?,rawboost
data/processed/ko_mlaad_augmented/jane_eyre_33_f000039_aug.wav,ko,spoof,tts,Qwen3-TTS-12Hz-0.6B-Base,-,mlaad,,rawboost
data/processed/ko_augmented/zeroth_130_003_1399_aug.wav,ko,bonafide,real,-,zeroth_130,zeroth_korean,메르스에 감염된 서울 대형 병원 의사가 무려 천 오백 명이 넘는 사람들을 직 간접으로 접촉했다는 소식이었다,none
data/processed/ko_augmented/zeroth_202_003_2758_aug.wav,ko,bonafide,real,-,zeroth_202,zeroth_korean,최씨 일가가 현재 보유한 건물과 토지를 담보로 하나은행에서 받은 대출은 열 한 건이다,none
data/processed/ko_augmented/zeroth_201_from_zeroth_210_003_2729_aug.wav,ko,spoof,vc,rvc_zeroth_201,zeroth_201,rvc_from_zeroth_210,주변국들이 이런 사업을 가만히 지켜보고 있을 리가 없다,rawboost
data/processed/ko_mlaad_augmented/wives_and_daughters_40_f000141_aug.wav,ko,spoof,tts,Fish-S2-Pro,-,mlaad,,none
data/processed/ko_mlaad_augmented/hunters_space_07_f000048_aug.wav,ko,spoof,tts,OmniVoice,-,mlaad,,rawboost+codec
data/processed/ko_augmented/zeroth_140_003_2767_aug.wav,ko,bonafide,real,-,zeroth_140,zeroth_korean,키루스는 기원전 육백 년경에 출생한 것으로 알려져 있다,codec
data/processed/ko_augmented/zeroth_177_003_1428_aug.wav,ko,bonafide,real,-,zeroth_177,zeroth_korean,일본 총무상을 지낸 저자는 일본 저출산 문제의 원인과 해법을 풍부한 자료를 통해 제시한다,none
data/processed/ko_augmented/kss_06722_aug.wav,ko,spoof,tts,mms-tts-kor,vits_default,kss_transcript,가장 최근에 본 영화가 뭐야?,rawboost+codec
data/processed/ko_mlaad_augmented/northandsouth_41_f000179_aug.wav,ko,spoof,tts,MOSS-TTS-8B,-,mlaad,,codec
data/processed/ko_augmented/zeroth_107_003_0145_aug.wav,ko,bonafide,real,-,zeroth_107,zeroth_korean,지인클리닉의원의 박해상 원장은 겨드랑이 털은 특별한 기능이 없다,none
data/processed/ko_mlaad_augmented/dorothy_and_wizard_oz_03_f000133_aug.wav,ko,spoof,tts,Chatterbox Multilingual,-,mlaad,,rawboost+codec
data/processed/ko_augmented/zeroth_179_003_2189_aug.wav,ko,bonafide,real,-,zeroth_179,zeroth_korean,착신전환 금융사기는 바로 이 절차 때문에 등장했습니다,none
data/processed/ko_augmented/zeroth_111_003_0563_aug.wav,ko,bonafide,real,-,zeroth_111,zeroth_korean,대법원은 패터슨 진술의 신빙성이 의심스러워 리가 단독 범행을 했다고 단정하기 어렵다고 했다,rawboost+codec
data/processed/ko_augmented/kss_06108_aug.wav,ko,bonafide,real,-,kss_speaker,kss,남부 캘리포니아는 일 년 내내 화창합니다.,none
data/processed/ko_augmented/zeroth_193_003_2781_aug.wav,ko,bonafide,real,-,zeroth_193,zeroth_korean,박씨는 일 때문에 전국을 돌아다니는데 캠핑카 때문에 더 이상 모텔에서 잘 필요가 없어졌다고 했다,none
data/processed/ko_augmented/zeroth_194_003_1086_aug.wav,ko,bonafide,real,-,zeroth_194,zeroth_korean,과학은 답을 찾으려고 애쓰지만 어떤 문제에 대한 답을 찾으면 또 다른 문제가 생기는 경우가 너무나 많습니다,rawboost
data/processed/ko_augmented/kss_05680_aug.wav,ko,bonafide,real,-,kss_speaker,kss,주식에 대한 투자자들의 관심이 높아지고 있다.,rawboost+codec
data/processed/ko_augmented/zeroth_109_003_2337_aug.wav,ko,bonafide,real,-,zeroth_109,zeroth_korean,카페 이용을 둘러싼 카공족과 일반인들 사이의 갈등을 해결하려면 카페 이용시간과 규칙에 대한 어느 정도의 사회적 합의가 필요하다는 의견이 많다,rawboost
data/processed/ko_mlaad_augmented/dorothy_and_wizard_oz_04_f000083_aug.wav,ko,spoof,tts,Chatterbox Multilingual,-,mlaad,,rawboost
data/processed/ko_mlaad_augmented/silent_bullet_12_f000155_aug.wav,ko,spoof,tts,Qwen3-TTS-12Hz-1.7B-Base,-,mlaad,,rawboost+codec
data/processed/ko_augmented/kss_07758_aug.wav,ko,bonafide,real,-,kss_speaker,kss,부상을 입은 그 선수는 병원으로 옮겨졌다.,rawboost+codec
data/processed/ko_augmented/zeroth_155_003_2427_aug.wav,ko,bonafide,real,-,zeroth_155,zeroth_korean,오늘날 여가 활동으로 새를 관찰하는 것을 즐기는 사람이 많습니다,codec
data/processed/ko_mlaad_augmented/wives_and_daughters_44_f000076_aug.wav,ko,spoof,tts,MOSS-TTS-8B,-,mlaad,,rawboost
data/processed/ko_augmented/zeroth_124_003_1583_aug.wav,ko,bonafide,real,-,zeroth_124,zeroth_korean,지난해 말은 사법 당국이 라바 자투 작전이라는 이름 아래 정 재계 부패 스캔들을 한창 수사하던 때다,none
data/processed/ko_mlaad_augmented/pink_fairy_book_12_f000114_aug.wav,ko,spoof,tts,OmniVoice,-,mlaad,,rawboost
data/processed/ko_augmented/zeroth_157_003_0478_aug.wav,ko,bonafide,real,-,zeroth_157,zeroth_korean,차 문이 종잇장처럼 얇지 않으니 문 두께 스물 센티미터를 빼면 실제 승 하차 여유 공간은 스물 센티미터라는 계산이 나옵니다,rawboost
data/processed/ko_augmented/zeroth_107_003_2653_aug.wav,ko,bonafide,real,-,zeroth_107,zeroth_korean,한편 새누리당은 팔 일 국회의원 연찬회를 통해 새 당명을 자유한국당으로 결정했다,rawboost
data/processed/ko_augmented/kss_12659_aug.wav,ko,bonafide,real,-,kss_speaker,kss,심심해 죽겠어요.,none
data/processed/ko_mlaad_augmented/wives_and_daughters_37_f000148_aug.wav,ko,spoof,tts,tts_models_multilingual_multi-dataset_xtts_v2,-,mlaad,,none
data/processed/ko_mlaad_augmented/jane_eyre_05_f000029_aug.wav,ko,spoof,tts,Chatterbox Multilingual,-,mlaad,,rawboost
data/processed/ko_augmented/zeroth_183_003_1438_aug.wav,ko,bonafide,real,-,zeroth_183,zeroth_korean,이어 신고 당일 공기오염도를 조사한 결과 이산화황 황화수소 휘발성유기화합물 등 농도가 증가한 것으로 나타났다,rawboost+codec
data/processed/ko_mlaad_augmented/hunters_space_16_f000107_aug.wav,ko,spoof,tts,minimax_speech-02-turbo,-,mlaad,,codec
data/processed/ko_augmented/kss_09672_aug.wav,ko,spoof,tts,mms-tts-kor,vits_default,kss_transcript,오전 10시 이전에는 다른 예약이 없습니다.,rawboost
data/processed/ko_mlaad_augmented/dorothy_and_wizard_oz_13_f000042_aug.wav,ko,spoof,tts,Qwen3-TTS-12Hz-0.6B-Base,-,mlaad,,rawboost
data/processed/ko_augmented/zeroth_171_003_1446_aug.wav,ko,bonafide,real,-,zeroth_171,zeroth_korean,그리스 유권자들이 오 일 실시되는 국민투표에서 채권단이 제시한 구제금융안 조건을 거부하면 아마겟돈과 같은 재앙이 초래될 것이라고 마르틴 슐츠 유럽의회 의장이 경고했다,none
data/processed/ko_augmented/kss_05375_aug.wav,ko,bonafide,real,-,kss_speaker,kss,그녀가 한 말은 모두 거짓이었다.,rawboost+codec
data/processed/ko_augmented/zeroth_211_003_1716_aug.wav,ko,bonafide,real,-,zeroth_211,zeroth_korean,김종덕 전 장관을 임명하기 전인 이천 십 사 년 칠 월에는 후임 장관이 정해지지도 않은 상태에서 유진룡 당시 문체부 장관을 전격 면직 처리해 그 이유를 두고 무수한 뒷말을 낳았다,none
data/processed/ko_augmented/zeroth_212_003_2560_aug.wav,ko,bonafide,real,-,zeroth_212,zeroth_korean,그러면서 거부한다고 얘기는 했지만 오늘내일 지나는 사이에 내부적으로도 상당히 어려가지 생각해보지 않겠느냐고 내다봤다,rawboost
data/processed/ko_augmented/zeroth_152_from_kss_06758_aug.wav,ko,spoof,vc,rvc_zeroth_152,zeroth_152,rvc_from_kss_speaker,약간 비싼데요.,rawboost
data/processed/ko_mlaad_augmented/pink_fairy_book_32_f000195_aug.wav,ko,spoof,tts,OmniVoice,-,mlaad,,rawboost
data/processed/ko_mlaad_augmented/pink_fairy_book_40_f000196_aug.wav,ko,spoof,tts,tts_models_multilingual_multi-dataset_xtts_v2,-,mlaad,,rawboost
data/processed/ko_mlaad_augmented/wives_and_daughters_28_f000191_aug.wav,ko,spoof,tts,OmniVoice,-,mlaad,,rawboost
data/processed/ko_augmented/zeroth_159_003_2650_aug.wav,ko,bonafide,real,-,zeroth_159,zeroth_korean,그녀는 그 과정을 힘들어 하지 않고 재밌게 받아들인다,rawboost
data/processed/ko_mlaad_augmented/jane_eyre_16_f000120_aug.wav,ko,spoof,tts,tts_models_multilingual_multi-dataset_bark,-,mlaad,,rawboost
data/processed/ko_mlaad_augmented/poisoned_pen_08_f000141_aug.wav,ko,spoof,tts,tts_models_multilingual_multi-dataset_xtts_v2,-,mlaad,,codec
data/processed/ko_augmented/kss_08021_aug.wav,ko,bonafide,real,-,kss_speaker,kss,엄마는 아버지가 돌아가시자 충격으로 쓰러지셨어요.,rawboost+codec
data/processed/ko_mlaad_augmented/wives_and_daughters_54_f000115_aug.wav,ko,spoof,tts,VoxCPM2,-,mlaad,,rawboost
data/processed/ko_augmented/zeroth_181_003_2644_aug.wav,ko,bonafide,real,-,zeroth_181,zeroth_korean,자신이 꽃임을 잊어버린 마흔 일곱 명의 위안부 여성이 아직 살아 있다,rawboost+codec
data/processed/ko_mlaad_augmented/skyisland_09_baum_64kb_f000006_aug.wav,ko,spoof,tts,tts_models_multilingual_multi-dataset_xtts_v2,-,mlaad,,codec
data/processed/ko_augmented/zeroth_152_from_zeroth_108_003_2538_aug.wav,ko,spoof,vc,rvc_zeroth_152,zeroth_152,rvc_from_zeroth_108,같은 간호부에서 두 명 이상 임신 계획이 있을 땐 이렇게 내가 먼저 할 테니 넌 그다음에 해라는 식으로 순서를 정하는 거죠,rawboost
data/processed/ko_mlaad_augmented/jane_eyre_10_f000086_aug.wav,ko,spoof,tts,Fish-S2-Pro,-,mlaad,,rawboost
data/processed/ko_mlaad_augmented/rinkitink_baum_04_64kb_f000087_aug.wav,ko,spoof,tts,Chatterbox Multilingual,-,mlaad,,rawboost+codec
data/processed/ko_mlaad_augmented/hunters_space_17_f000035_aug.wav,ko,spoof,tts,Qwen3-TTS-12Hz-1.7B-Base,-,mlaad,,rawboost+codec
data/processed/ko_mlaad_augmented/northandsouth_07_f000036_aug.wav,ko,spoof,tts,MOSS-TTS-8B,-,mlaad,,none
data/processed/ko_mlaad_augmented/wives_and_daughters_04_f000101_aug.wav,ko,spoof,tts,tts_models_multilingual_multi-dataset_bark,-,mlaad,,rawboost
data/processed/ko_mlaad_augmented/northandsouth_04_f000090_aug.wav,ko,spoof,tts,MOSS-TTS-8B,-,mlaad,,none
data/processed/ko_augmented/zeroth_108_003_1038_aug.wav,ko,bonafide,real,-,zeroth_108,zeroth_korean,그러나 한 가지 제가 가져갈 수 없는 짐이 있다며 저에게 덧씌워진 호남홀대 호남차별이라는 오해는 부디 거두어 달라,codec
data/processed/ko_augmented/zeroth_199_003_0683_aug.wav,ko,bonafide,real,-,zeroth_199,zeroth_korean,김 전 대표의 탈당은 곧바로 문재인 전 대표의 비난으로 쏟아졌다,none
data/processed/ko_mlaad_augmented/wives_and_daughters_34_f000158_aug.wav,ko,spoof,tts,minimax_speech-02-turbo,-,mlaad,,none
data/processed/ko_mlaad_augmented/northandsouth_20_f000119_aug.wav,ko,spoof,tts,MOSS-TTS-1.7B,-,mlaad,,rawboost
data/processed/ko_augmented/zeroth_143_003_0795_aug.wav,ko,bonafide,real,-,zeroth_143,zeroth_korean,청도군은 피서객들이 불편을 겪고 지역 이미지가 나빠지자 계도와 단속을 병행하면서 재단을 설득하고 있으나 재단은 모르쇠로 일관하고 있다,rawboost
data/processed/ko_mlaad_augmented/wives_and_daughters_10_f000064_aug.wav,ko,spoof,tts,tts_models_multilingual_multi-dataset_xtts_v2,-,mlaad,,rawboost+codec
data/processed/ko_augmented/zeroth_186_003_0900_aug.wav,ko,bonafide,real,-,zeroth_186,zeroth_korean,단박근혜 대통령의 요즘 심경에 대해 청와대 참모들은 다 내려놓았다고 전하고 있다,rawboost
data/processed/ko_mlaad_augmented/jane_eyre_05_f000265_aug.wav,ko,spoof,tts,tts_models_multilingual_multi-dataset_bark,-,mlaad,,rawboost
data/processed/ko_mlaad_augmented/rinkitink_baum_06_64kb_f000142_aug.wav,ko,spoof,tts,minimax_speech-02-turbo,-,mlaad,,rawboost
data/processed/ko_augmented/zeroth_209_003_1971_aug.wav,ko,bonafide,real,-,zeroth_209,zeroth_korean,이밖에도 계모임을 하고 있다는 아기 아빠 일곱 명이 의기투합해 후원금을 보내왔다,rawboost
data/processed/ko_augmented/kss_10200_aug.wav,ko,bonafide,real,-,kss_speaker,kss,이 병은 뚜렷한 증세가 없는 것이 특징입니다.,codec
data/processed/ko_augmented/zeroth_114_003_1103_aug.wav,ko,bonafide,real,-,zeroth_114,zeroth_korean,심 전 의원은 칠 월 십 삼 일 오전 열 한 시께 대구 수성구의 한 호텔에서 사십 대 여성을 성폭행한 혐의를 받아 왔다,rawboost+codec
data/processed/ko_augmented/zeroth_188_003_0099_aug.wav,ko,bonafide,real,-,zeroth_188,zeroth_korean,천 구백 구십 구 년 남한으로 넘어온 이후 십 일 년 만에 당당하게 마음의 고향으로 여겨온 하나원에서 탈북자들을 가르치게 됐다,rawboost
data/processed/ko_mlaad_augmented/jane_eyre_22_f000031_aug.wav,ko,spoof,tts,OmniVoice,-,mlaad,,rawboost+codec
data/processed/ko_mlaad_augmented/the_master_key_10_f000096_aug.wav,ko,spoof,tts,Fish-S2-Pro,-,mlaad,,rawboost
data/processed/ko_augmented/zeroth_120_003_0253_aug.wav,ko,bonafide,real,-,zeroth_120,zeroth_korean,현재 백화점과 영화관 등은 오픈해 영업하고 있고 테마파크 및 아파트 등의 공사는 이천 십 팔 년 완공을 목표로 진행돼 왔다,rawboost+codec
data/processed/ko_mlaad_augmented/rinkitink_baum_06_64kb_f000007_aug.wav,ko,spoof,tts,Fish-S2-Pro,-,mlaad,,rawboost
data/processed/ko_augmented/zeroth_164_003_2412_aug.wav,ko,bonafide,real,-,zeroth_164,zeroth_korean,칠십 삼 년 일 월 중앙수사국이 특별수사부로 개편됐고 팔십 일 년 사 월 중수부로 개칭됐다,none
data/processed/ko_mlaad_augmented/rinkitink_baum_07_64kb_f000011_aug.wav,ko,spoof,tts,Qwen3-TTS-12Hz-1.7B-Base,-,mlaad,,rawboost
data/processed/ko_augmented/kss_09279_aug.wav,ko,bonafide,real,-,kss_speaker,kss,한국 경제는 더 이상 위기가 아닙니다.,none
data/processed/ko_augmented/zeroth_106_003_0077_aug.wav,ko,bonafide,real,-,zeroth_106,zeroth_korean,인사를 결정하는 과정에서 당 지도부가 우 원내대표 및 원내지도부와 충분한 상의를 거치지 않은 채 일방적으로 인사를 했다는 불만도 원내지도부를 중심으로 흘러나왔다,rawboost+codec
data/processed/ko_mlaad_augmented/wives_and_daughters_49_f000151_aug.wav,ko,spoof,tts,Chatterbox Multilingual,-,mlaad,,rawboost
data/processed/ko_augmented/kss_11333_aug.wav,ko,bonafide,real,-,kss_speaker,kss,왼쪽 아래에 있는 빨간 버튼을 누르세요.,rawboost
data/processed/ko_mlaad_augmented/pink_fairy_book_13_f000035_aug.wav,ko,spoof,tts,OmniVoice,-,mlaad,,rawboost
data/processed/ko_mlaad_augmented/dorothy_and_wizard_oz_16_f000036_aug.wav,ko,spoof,tts,Qwen3-TTS-12Hz-1.7B-Base,-,mlaad,,rawboost+codec
data/processed/ko_mlaad_augmented/northandsouth_10_f000074_aug.wav,ko,spoof,tts,MOSS-TTS-8B,-,mlaad,,rawboost
data/processed/ko_augmented/zeroth_201_from_zeroth_188_003_0263_aug.wav,ko,spoof,vc,rvc_zeroth_201,zeroth_201,rvc_from_zeroth_188,김대중 대통령이 살아계신다면 이 상황을 어떻게 정리하실까 탈당이 과연 최선이라고 하실까 탈당하라고 하실까,none
data/processed/ko_augmented/zeroth_142_003_0681_aug.wav,ko,bonafide,real,-,zeroth_142,zeroth_korean,삼 분기에만 매출 일 조 이천 구백 십 구 억원 영업이익 육백 십 팔 억원을 올렸다,none
data/processed/ko_augmented/kss_05918_aug.wav,ko,bonafide,real,-,kss_speaker,kss,시청 오른쪽에 지하도가 있어요.,rawboost
data/processed/ko_mlaad_augmented/wives_and_daughters_40_f000155_aug.wav,ko,spoof,tts,minimax_speech-02-turbo,-,mlaad,,rawboost+codec
data/processed/ko_mlaad_augmented/wives_and_daughters_13_f000069_aug.wav,ko,spoof,tts,MOSS-TTS-1.7B,-,mlaad,,rawboost
data/processed/ko_augmented/zeroth_181_003_2575_aug.wav,ko,bonafide,real,-,zeroth_181,zeroth_korean,그리고 마드리드 지역의 광범위한 왕실 소유지는 결국 이 도시의 주요 공원들과 휴양지가 되었습니다,rawboost
data/processed/ko_augmented/zeroth_188_003_0263_aug.wav,ko,bonafide,real,-,zeroth_188,zeroth_korean,김대중 대통령이 살아계신다면 이 상황을 어떻게 정리하실까 탈당이 과연 최선이라고 하실까 탈당하라고 하실까,none
data/processed/ko_mlaad_augmented/emerald_city_of_oz_10_f000027_aug.wav,ko,spoof,tts,MOSS-TTS-1.7B,-,mlaad,,none
data/processed/ko_mlaad_augmented/ozma_of_oz_06_f000164_aug.wav,ko,spoof,tts,Chatterbox Multilingual,-,mlaad,,codec
data/processed/ko_mlaad_augmented/silent_bullet_03_f000096_aug.wav,ko,spoof,tts,Higgs-Audio-V2,-,mlaad,,rawboost
data/processed/ko_mlaad_augmented/ozma_of_oz_14_f000003_aug.wav,ko,spoof,tts,MOSS-TTS-8B,-,mlaad,,rawboost
data/processed/ko_mlaad_augmented/rinkitink_baum_14_64kb_f000128_aug.wav,ko,spoof,tts,Fish-S2-Pro,-,mlaad,,codec
data/processed/ko_mlaad_augmented/skyisland_02_baum_64kb_f000043_aug.wav,ko,spoof,tts,Higgs-Audio-V2,-,mlaad,,rawboost
data/processed/ko_mlaad_augmented/emerald_city_of_oz_10_f000044_aug.wav,ko,spoof,tts,MOSS-TTS-8B,-,mlaad,,rawboost
data/processed/ko_mlaad_augmented/wives_and_daughters_49_f000033_aug.wav,ko,spoof,tts,MOSS-TTS-8B,-,mlaad,,rawboost
data/processed/ko_augmented/zeroth_164_003_0440_aug.wav,ko,bonafide,real,-,zeroth_164,zeroth_korean,버즈피드는 해당 의혹의 구체적 내용이 담긴 삼십 오 쪽 분량의 메모 전문을 공개했다,none
data/processed/ko_augmented/zeroth_180_003_1325_aug.wav,ko,bonafide,real,-,zeroth_180,zeroth_korean,하느님께서는 단지 배우자에게 만족하지 못하는 것과 같은 사소한 이유로 이혼하려는 것을 미워하십니다,rawboost
data/processed/ko_mlaad_augmented/pink_fairy_book_01_f000038_aug.wav,ko,spoof,tts,OmniVoice,-,mlaad,,none
data/processed/ko_augmented/zeroth_113_003_1633_aug.wav,ko,bonafide,real,-,zeroth_113,zeroth_korean,샌프란시스코 에이즈 재단에서는 다음과 같이 경고합니다,codec
data/processed/ko_augmented/zeroth_158_003_0213_aug.wav,ko,bonafide,real,-,zeroth_158,zeroth_korean,희소난치병 육 천 개 중 국내에서 지원을 받을 수 있는 건 백 예순 일곱 개뿐입니다,none
data/processed/ko_augmented/kss_03007_aug.wav,ko,bonafide,real,-,kss_speaker,kss,선생님이 널 보면 기뻐하실 거야.,rawboost
data/processed/ko_augmented/zeroth_110_003_0757_aug.wav,ko,bonafide,real,-,zeroth_110,zeroth_korean,황진영 부단장과 우정희창작실 실장도 만수대 예술단과 보천보전자악단 등에서 전속 작곡가로 활동한 실력자다,none
data/processed/ko_mlaad_augmented/wives_and_daughters_23_f000067_aug.wav,ko,spoof,tts,Qwen3-TTS-12Hz-1.7B-Base,-,mlaad,,none
data/processed/ko_augmented/zeroth_201_from_zeroth_203_003_2211_aug.wav,ko,spoof,vc,rvc_zeroth_201,zeroth_201,rvc_from_zeroth_203,성북구 정릉 이 동 일대를 다니는 마을버스의 첫 배차는 오후 한 시 삼십 분이었다,none
data/processed/ko_mlaad_augmented/northandsouth_22_f000204_aug.wav,ko,spoof,tts,tts_models_multilingual_multi-dataset_bark,-,mlaad,,rawboost
data/processed/ko_augmented/zeroth_214_003_1628_aug.wav,ko,bonafide,real,-,zeroth_214,zeroth_korean,김성완 이렇기 때문에 이 전 대통령이 친이계에게 힘을 실어줄 수 있는 방법이 뭐가 있을까,none
data/processed/ko_mlaad_augmented/wives_and_daughters_41_f000122_aug.wav,ko,spoof,tts,MOSS-TTS-8B,-,mlaad,,codec
data/processed/ko_augmented/zeroth_206_003_2501_aug.wav,ko,bonafide,real,-,zeroth_206,zeroth_korean,만약의 돌발 사태를 우려한 경찰과 청와대 측이 초긴장상태에 돌입했다,rawboost
data/processed/ko_mlaad_augmented/the_master_key_20_f000054_aug.wav,ko,spoof,tts,Qwen3-TTS-12Hz-0.6B-Base,-,mlaad,,rawboost
data/processed/ko_augmented/zeroth_113_003_0182_aug.wav,ko,bonafide,real,-,zeroth_113,zeroth_korean,결론적으로 말하면 정종은 일본식 청주의 한 종류일 뿐입니다,rawboost+codec
data/processed/ko_augmented/zeroth_184_003_2083_aug.wav,ko,bonafide,real,-,zeroth_184,zeroth_korean,정부는 전국에 있는 사 대 강 보를 통해 확보된 물을 더 효율적으로 활용할 수 있도록 사 대 강 수자원 활용 개선 방안 용역도 시행 중이다,none
data/processed/ko_augmented/zeroth_114_003_1619_aug.wav,ko,bonafide,real,-,zeroth_114,zeroth_korean,김 대표는 그러면서 정부와 한국은행은 면밀한 진단과 정확한 예측을 통해 경제의 방향성을 잘 잡아야 한다고 주문했다,rawboost
data/processed/ko_augmented/zeroth_169_003_2185_aug.wav,ko,bonafide,real,-,zeroth_169,zeroth_korean,해 공군및 해병대 특수부대들을 통합 관리하는 통합특수전사령부 예하 병력의 급증 때문이다,none
data/processed/ko_augmented/zeroth_176_003_2432_aug.wav,ko,bonafide,real,-,zeroth_176,zeroth_korean,한 중견검사는 우리나라 대기업들은 엄청난 현안들이 존재한다,none
data/processed/ko_mlaad_augmented/rinkitink_baum_07_64kb_f000106_aug.wav,ko,spoof,tts,Fish-S2-Pro,-,mlaad,,rawboost+codec
data/processed/ko_mlaad_augmented/the_sea_fairies_10_f000045_aug.wav,ko,spoof,tts,tts_models_multilingual_multi-dataset_xtts_v2,-,mlaad,,codec
data/processed/ko_augmented/zeroth_193_003_2222_aug.wav,ko,bonafide,real,-,zeroth_193,zeroth_korean,중동호흡기증후군 삼 차 감염 환자가 사 일 새벽 두 명 더 추가되면서 다섯 명으로 늘었다,rawboost+codec
data/processed/ko_augmented/zeroth_205_003_1489_aug.wav,ko,bonafide,real,-,zeroth_205,zeroth_korean,너무 늦은감이 있지만 그래도 하나하나 모든 것들이 차근차근 제자리를 찾고 있다고 생각한다고 밝혔다,none
data/processed/ko_mlaad_augmented/poisoned_pen_03_f000198_aug.wav,ko,spoof,tts,MOSS-TTS-8B,-,mlaad,,none
data/processed/ko_augmented/kss_08705_aug.wav,ko,bonafide,real,-,kss_speaker,kss,강물이 더러워 보여요.,rawboost
data/processed/ko_mlaad_augmented/poisoned_pen_05_f000108_aug.wav,ko,spoof,tts,tts_models_multilingual_multi-dataset_bark,-,mlaad,,none
data/processed/ko_augmented/zeroth_109_003_1821_aug.wav,ko,bonafide,real,-,zeroth_109,zeroth_korean,삼십 오 세 이상 산모는 느는데출생 후 치료를 받고 있는 신생아,rawboost
data/processed/ko_mlaad_augmented/midnight_passenger_03_f000180_aug.wav,ko,spoof,tts,OmniVoice,-,mlaad,,codec
data/processed/ko_mlaad_augmented/jane_eyre_08_f000024_aug.wav,ko,spoof,tts,minimax_speech-02-turbo,-,mlaad,,none
data/processed/ko_mlaad_augmented/ozma_of_oz_07_f000019_aug.wav,ko,spoof,tts,tts_models_multilingual_multi-dataset_xtts_v2,-,mlaad,,none
data/processed/ko_mlaad_augmented/hunters_space_03_f000091_aug.wav,ko,spoof,tts,Qwen3-TTS-12Hz-1.7B-Base,-,mlaad,,none
data/processed/ko_augmented/kss_04427_aug.wav,ko,bonafide,real,-,kss_speaker,kss,저는 지금 주유소에서 아르바이트를 하고 있어요.,none
data/processed/ko_augmented/zeroth_113_003_1346_aug.wav,ko,bonafide,real,-,zeroth_113,zeroth_korean,이날 명품대전을 진행한 구 층과 십 층 행사 매장에서 만난 손님들은 대부분 우연히 행사장을 들렀다고 말했다,rawboost+codec
data/processed/ko_mlaad_augmented/the_master_key_05_f000022_aug.wav,ko,spoof,tts,OmniVoice,-,mlaad,,rawboost
data/processed/ko_mlaad_augmented/wives_and_daughters_31_f000142_aug.wav,ko,spoof,tts,tts_models_multilingual_multi-dataset_xtts_v2,-,mlaad,,none
data/processed/ko_augmented/zeroth_162_003_1262_aug.wav,ko,bonafide,real,-,zeroth_162,zeroth_korean,머스크의 상상력이 현실에서 펼쳐질 가능성이 커지면서 개발업체를 향한 투자도 이어지고 있다,rawboost
data/processed/ko_augmented/zeroth_197_003_2124_aug.wav,ko,bonafide,real,-,zeroth_197,zeroth_korean,경향신문 박근혜 대통령과 비선실세인 최순실씨의 관계를 풍자한 그림,rawboost
data/processed/ko_mlaad_augmented/northandsouth_06_f000094_aug.wav,ko,spoof,tts,OmniVoice,-,mlaad,,rawboost+codec
data/processed/ko_augmented/zeroth_173_003_1641_aug.wav,ko,bonafide,real,-,zeroth_173,zeroth_korean,증권 시장의 호황으로도 사회 정의가 구현될 수는 없다,rawboost+codec
data/processed/ko_mlaad_augmented/jane_eyre_06_f000128_aug.wav,ko,spoof,tts,Chatterbox Multilingual,-,mlaad,,rawboost
data/processed/ko_mlaad_augmented/midnight_passenger_08_f000185_aug.wav,ko,spoof,tts,MOSS-TTS-1.7B,-,mlaad,,none
data/processed/ko_augmented/zeroth_164_003_2245_aug.wav,ko,bonafide,real,-,zeroth_164,zeroth_korean,박 대통령의 입장 표명과 사과를 요구하는 정치권의 요구에 곧장 맞서서 대응하기도 힘든 상황이었다,rawboost+codec
data/processed/ko_augmented/kss_02703_aug.wav,ko,bonafide,real,-,kss_speaker,kss,남은 음식 좀 싸 주시겠어요?,rawboost+codec
data/processed/ko_mlaad_augmented/skyisland_09_baum_64kb_f000039_aug.wav,ko,spoof,tts,MOSS-TTS-1.7B,-,mlaad,,rawboost
data/processed/ko_augmented/zeroth_195_003_2525_aug.wav,ko,bonafide,real,-,zeroth_195,zeroth_korean,드레스 색깔이 달라 보이는 것은 빛의 양에 따라 또 사람마다 색을 다르게 인지하기 때문인 것으로 보인다,rawboost
data/processed/ko_mlaad_augmented/the_master_key_08_f000044_aug.wav,ko,spoof,tts,VoxCPM2,-,mlaad,,none
data/processed/ko_augmented/zeroth_207_003_0635_aug.wav,ko,bonafide,real,-,zeroth_207,zeroth_korean,옥시 측이 검찰에 제시한 서울대 호서대 연구도 문제가 있는 것으로 밝혀졌다,none
data/processed/ko_augmented/zeroth_196_003_2042_aug.wav,ko,bonafide,real,-,zeroth_196,zeroth_korean,가을에 단풍이 드는 것은 나무들이 겨울맞이를 준비하는 과정의 일부입니다,rawboost
data/processed/ko_mlaad_augmented/wives_and_daughters_51_f000127_aug.wav,ko,spoof,tts,MOSS-TTS-1.7B,-,mlaad,,codec
data/processed/ko_mlaad_augmented/northandsouth_04_f000039_aug.wav,ko,spoof,tts,minimax_speech-02-turbo,-,mlaad,,none
data/processed/ko_augmented/zeroth_170_003_1991_aug.wav,ko,bonafide,real,-,zeroth_170,zeroth_korean,연합뉴스 정 전 의장이 차기 대선에 출마할 것이라는 관측이 많다,rawboost+codec
data/processed/ko_mlaad_augmented/pink_fairy_book_10_f000163_aug.wav,ko,spoof,tts,Fish-S2-Pro,-,mlaad,,none
data/processed/ko_augmented/kss_00378_aug.wav,ko,bonafide,real,-,kss_speaker,kss,그 일은 내 동생과 관련돼 있어.,rawboost+codec
data/processed/ko_mlaad_augmented/pink_fairy_book_08_f000011_aug.wav,ko,spoof,tts,Qwen3-TTS-12Hz-1.7B-Base,-,mlaad,,none
data/processed/ko_augmented/zeroth_109_003_2610_aug.wav,ko,bonafide,real,-,zeroth_109,zeroth_korean,김씨는 노지 수박은 요즘이 한창 수확철이기 때문에 일기예보가 중요하다,rawboost+codec
data/processed/ko_augmented/zeroth_116_003_1078_aug.wav,ko,bonafide,real,-,zeroth_116,zeroth_korean,김정남 피살은 김정은의 직접 지시 하에 북한의 정찰총국 등이 관여했을 가능성에 무게가 실린다,rawboost+codec
data/processed/ko_augmented/zeroth_165_003_0164_aug.wav,ko,bonafide,real,-,zeroth_165,zeroth_korean,우리는 위기의 진앙이 아닌 안전지대가 됐다는 말까지 나올 정도였다,rawboost+codec
data/processed/ko_augmented/zeroth_145_003_1931_aug.wav,ko,bonafide,real,-,zeroth_145,zeroth_korean,그리고 나흘 뒤인 다음 달 일 일 박 시장은 박 전 대표와의 면담에서 사퇴를 종용했다고 박 전 대표 측은 주장했다,codec
data/processed/ko_mlaad_augmented/poisoned_pen_03_f000322_aug.wav,ko,spoof,tts,OmniVoice,-,mlaad,,none
data/processed/ko_augmented/zeroth_166_003_1529_aug.wav,ko,bonafide,real,-,zeroth_166,zeroth_korean,많은 사람이 있었는데 노무현 대통령 자신이 조지 부시 대통령과 여러 차례 회담했습니다,rawboost+codec
data/processed/ko_mlaad_augmented/wives_and_daughters_08_f000252_aug.wav,ko,spoof,tts,Fish-S2-Pro,-,mlaad,,none
data/processed/ko_augmented/zeroth_124_003_0552_aug.wav,ko,bonafide,real,-,zeroth_124,zeroth_korean,인수업체가 회원이 인도회사에 납부한 선수금을 보전하지 않아 인수업체의 폐업과 등록취소 시 소비자는 인도업체에 납입한 선수금에 대해 은행 등으로부터 피해보상금을 받지 못한다,none
data/processed/ko_mlaad_augmented/midnight_passenger_01_f000165_aug.wav,ko,spoof,tts,MOSS-TTS-1.7B,-,mlaad,,codec
data/processed/ko_augmented/kss_02743_aug.wav,ko,bonafide,real,-,kss_speaker,kss,코너에서 오른쪽으로 도세요.,codec
data/processed/ko_mlaad_augmented/silent_bullet_07_f000019_aug.wav,ko,spoof,tts,Qwen3-TTS-12Hz-1.7B-Base,-,mlaad,,codec
data/processed/ko_augmented/zeroth_120_003_1569_aug.wav,ko,bonafide,real,-,zeroth_120,zeroth_korean,독일 아디다스는 무인공장 덕분에 이십 삼 년 만에 자국에 신발공장을 열었다,rawboost
data/processed/ko_mlaad_augmented/silent_bullet_12_f000176_aug.wav,ko,spoof,tts,Qwen3-TTS-12Hz-0.6B-Base,-,mlaad,,rawboost
data/processed/ko_augmented/zeroth_209_003_2452_aug.wav,ko,bonafide,real,-,zeroth_209,zeroth_korean,서울대 약대 관계자는 약대 입시가 편입으로 바뀐 이후에 약대는 연구의 장이 아니라 직업훈련학교로 전락한 지 오래라고 씁쓸해했다,rawboost+codec
data/processed/ko_augmented/zeroth_148_003_1525_aug.wav,ko,bonafide,real,-,zeroth_148,zeroth_korean,새로운 연구 결과에 따르면 어린이들은 너무 많은 장난감과 놀이 기구를 받기 때문에 제대로 노는 능력을 잃어 가고 있다고 런던의 선데이 타임스 지는 보도한다,rawboost
data/processed/ko_mlaad_augmented/skyisland_07_baum_64kb_f000058_aug.wav,ko,spoof,tts,VoxCPM2,-,mlaad,,none
data/processed/ko_mlaad_augmented/wives_and_daughters_04_f000037_aug.wav,ko,spoof,tts,VoxCPM2,-,mlaad,,none
data/processed/ko_mlaad_augmented/wives_and_daughters_52_f000243_aug.wav,ko,spoof,tts,minimax_speech-02-turbo,-,mlaad,,codec
data/processed/ko_mlaad_augmented/northandsouth_38_f000022_aug.wav,ko,spoof,tts,tts_models_multilingual_multi-dataset_bark,-,mlaad,,rawboost
data/processed/ko_mlaad_augmented/wives_and_daughters_47_f000005_aug.wav,ko,spoof,tts,Fish-S2-Pro,-,mlaad,,rawboost+codec
data/processed/ko_augmented/kss_09350_aug.wav,ko,bonafide,real,-,kss_speaker,kss,이 캠페인의 핵심 주제가 뭐죠?,rawboost
data/processed/ko_mlaad_augmented/jane_eyre_11_f000106_aug.wav,ko,spoof,tts,Chatterbox Multilingual,-,mlaad,,rawboost
data/processed/ko_augmented/kss_07054_aug.wav,ko,bonafide,real,-,kss_speaker,kss,저는 그런 사람이 아닙니다.,none
data/processed/ko_augmented/zeroth_167_003_2586_aug.wav,ko,bonafide,real,-,zeroth_167,zeroth_korean,이대는 이번 특감 결과와 재단에서 하는 특별감사위원회 조사 결과 등을 종합적으로 고려해 관련자 징계와 정씨의 입학취소 등을 적법한 절차에 따라 차질 없이 진행하겠다고 밝혔다,rawboost+codec
data/processed/ko_mlaad_augmented/the_sea_fairies_02_f000030_aug.wav,ko,spoof,tts,Fish-S2-Pro,-,mlaad,,codec
data/processed/ko_augmented/zeroth_114_003_0314_aug.wav,ko,bonafide,real,-,zeroth_114,zeroth_korean,물론 포천이 겉으로 드러난 성적만으로 엡스타인을 세계 최고 지도자로 꼽은 건 아니다,rawboost
data/processed/ko_mlaad_augmented/wives_and_daughters_57_f000155_aug.wav,ko,spoof,tts,MOSS-TTS-1.7B,-,mlaad,,rawboost
data/processed/ko_augmented/zeroth_143_003_2228_aug.wav,ko,bonafide,real,-,zeroth_143,zeroth_korean,실제로 우두머리 수컷은 화가 나거나 흥분하면 코가 부풀어 오르면서 빨개집니다,rawboost
data/processed/ko_mlaad_augmented/wives_and_daughters_17_f000053_aug.wav,ko,spoof,tts,tts_models_multilingual_multi-dataset_xtts_v2,-,mlaad,,none
data/processed/ko_augmented/kss_01515_aug.wav,ko,bonafide,real,-,kss_speaker,kss,별다른 이유 없이 모임에 빠지면 안 돼.,rawboost+codec
data/processed/ko_augmented/zeroth_134_003_2166_aug.wav,ko,bonafide,real,-,zeroth_134,zeroth_korean,이씨는 중국 자국민이 자국에서 타국민을 상대로 낸 사고라며 중국 측의 잘못이 없다면 모를까 정서상 도의라는 게 있지 않냐고 반문했다,rawboost
data/processed/ko_mlaad_augmented/jane_eyre_34_f000313_aug.wav,ko,spoof,tts,Chatterbox Multilingual,-,mlaad,,none
data/processed/ko_mlaad_augmented/poisoned_pen_11_f000374_aug.wav,ko,spoof,tts,Qwen3-TTS-12Hz-0.6B-Base,-,mlaad,,codec
data/processed/ko_mlaad_augmented/wives_and_daughters_15_f000046_aug.wav,ko,spoof,tts,minimax_speech-02-turbo,-,mlaad,,none
data/processed/ko_mlaad_augmented/jane_eyre_05_f000006_aug.wav,ko,spoof,tts,Fish-S2-Pro,-,mlaad,,none
data/processed/ko_mlaad_augmented/jane_eyre_27_f000113_aug.wav,ko,spoof,tts,minimax_speech-02-turbo,-,mlaad,,rawboost
data/processed/ko_augmented/kss_10936_aug.wav,ko,bonafide,real,-,kss_speaker,kss,너 정말 못됐다!,rawboost+codec
data/processed/ko_augmented/zeroth_197_003_0139_aug.wav,ko,bonafide,real,-,zeroth_197,zeroth_korean,그럴 경우에 내년 봄이나 농번기 때 그때 또 어떻게 할 것이냐,none
data/processed/ko_mlaad_augmented/piratesofersatz_01_leinster_64kb_f000128_aug.wav,ko,spoof,tts,Qwen3-TTS-12Hz-1.7B-Base,-,mlaad,,rawboost
data/processed/ko_augmented/kss_10662_aug.wav,ko,bonafide,real,-,kss_speaker,kss,코미디언은 슬플 때도 남을 웃겨야 한다.,none
data/processed/ko_mlaad_augmented/piratesofersatz_04_leinster_64kb_f000007_aug.wav,ko,spoof,tts,MOSS-TTS-1.7B,-,mlaad,,none
data/processed/ko_augmented/zeroth_165_003_1221_aug.wav,ko,bonafide,real,-,zeroth_165,zeroth_korean,세계암연구재단은 매주 붉은 고기 요리 섭취를 오백 그램 으로 제한할 것을 권한 바 있다,rawboost
data/processed/ko_augmented/kss_06731_aug.wav,ko,bonafide,real,-,kss_speaker,kss,이런 날씨에 밖에 나가는 것은 몹시 위험하다.,none
data/processed/ko_augmented/kss_08919_aug.wav,ko,bonafide,real,-,kss_speaker,kss,택시를 타세요. 그러면 제가 마중 갈게요.,none
data/processed/ko_mlaad_augmented/pink_fairy_book_13_f000140_aug.wav,ko,spoof,tts,MOSS-TTS-1.7B,-,mlaad,,rawboost
data/processed/ko_mlaad_augmented/emerald_city_of_oz_11_f000005_aug.wav,ko,spoof,tts,OmniVoice,-,mlaad,,rawboost
data/processed/ko_mlaad_augmented/midnight_passenger_12_f000231_aug.wav,ko,spoof,tts,MOSS-TTS-1.7B,-,mlaad,,rawboost
data/processed/ko_mlaad_augmented/pink_fairy_book_28_f000001_aug.wav,ko,spoof,tts,tts_models_multilingual_multi-dataset_xtts_v2,-,mlaad,,rawboost+codec
data/processed/ko_augmented/zeroth_158_003_0738_aug.wav,ko,bonafide,real,-,zeroth_158,zeroth_korean,반 전총장의 갑작스러운 불출마선언은 귀국 후 축소일로를 걸어 온 본인의 정치적 영향력을 절감했기 때문으로 풀이된다,rawboost
data/processed/ko_augmented/kss_10665_aug.wav,ko,bonafide,real,-,kss_speaker,kss,화장품 코너는 어디에 있어요?,none
data/processed/ko_augmented/zeroth_157_003_0819_aug.wav,ko,bonafide,real,-,zeroth_157,zeroth_korean,여덟 시간이나 집을 비웠는데도 재우기만하면 별문제 없을 것이라고 착각했습니다,codec
data/processed/ko_augmented/kss_09248_aug.wav,ko,bonafide,real,-,kss_speaker,kss,오늘은 걔 빼고 우리만 가자.,rawboost
data/processed/ko_augmented/zeroth_140_003_2557_aug.wav,ko,bonafide,real,-,zeroth_140,zeroth_korean,김문수 전 경기지사는 십 삼 일 대구를 떠나 수도권 험지에 출마하라는 일각의 요구에 대해 저는 수성갑에 뼈를 묻어야 되겠다고 일축했다,none
data/processed/ko_mlaad_augmented/skyisland_23_baum_64kb_f000029_aug.wav,ko,spoof,tts,VoxCPM2,-,mlaad,,none
data/processed/ko_mlaad_augmented/dorothy_and_wizard_oz_02_f000044_aug.wav,ko,spoof,tts,Qwen3-TTS-12Hz-1.7B-Base,-,mlaad,,rawboost
data/processed/ko_mlaad_augmented/jane_eyre_37_f000403_aug.wav,ko,spoof,tts,Fish-S2-Pro,-,mlaad,,rawboost
data/processed/ko_augmented/zeroth_170_003_1638_aug.wav,ko,bonafide,real,-,zeroth_170,zeroth_korean,네가 하루 이틀 정도 고민해 보고 나서 어떤 방법이 좋을지 그리고 왜 그렇게 생각하는지 함께 얘기해 볼까,rawboost
data/processed/ko_mlaad_augmented/wives_and_daughters_41_f000005_aug.wav,ko,spoof,tts,tts_models_multilingual_multi-dataset_xtts_v2,-,mlaad,,rawboost
data/processed/ko_mlaad_augmented/the_sea_fairies_13_f000108_aug.wav,ko,spoof,tts,Qwen3-TTS-12Hz-1.7B-Base,-,mlaad,,none
data/processed/ko_augmented/zeroth_206_003_1044_aug.wav,ko,bonafide,real,-,zeroth_206,zeroth_korean,빌이 말을 하는 데 성공하자 빅키와 로즈를 비롯한 많은 사람들이 기뻐하였습니다,rawboost
data/processed/ko_augmented/zeroth_217_003_1036_aug.wav,ko,bonafide,real,-,zeroth_217,zeroth_korean,심지어 운전 여건이 좋을 때에도 차량 한 대만 관련된 대형 단독 충돌 사고의 십 퍼센트는 피로와 관련이 있었다,none
data/processed/ko_mlaad_augmented/midnight_passenger_10_f000152_aug.wav,ko,spoof,tts,Qwen3-TTS-12Hz-0.6B-Base,-,mlaad,,rawboost
data/processed/ko_augmented/zeroth_195_003_2105_aug.wav,ko,bonafide,real,-,zeroth_195,zeroth_korean,그마저도 남편이 다른 회사로 옮기면서 차가 필요해 중고차를 구매하자 지원대상에서 제외됐다,rawboost+codec
data/processed/ko_augmented/zeroth_164_003_1874_aug.wav,ko,bonafide,real,-,zeroth_164,zeroth_korean,많은 전문가는 슈거 크래시를 유발하는 당분 함유 음료 대신 물을 많이 섭취할 것을 권한다,none
data/processed/ko_augmented/kss_07415_aug.wav,ko,bonafide,real,-,kss_speaker,kss,모래 위에 발자국이 나 있었다.,none
data/processed/ko_augmented/kss_06325_aug.wav,ko,bonafide,real,-,kss_speaker,kss,드디어 우리가 떠날 날이 왔다.,codec
data/processed/ko_mlaad_augmented/jane_eyre_10_f000064_aug.wav,ko,spoof,tts,Fish-S2-Pro,-,mlaad,,codec
data/processed/ko_mlaad_augmented/northandsouth_02_f000148_aug.wav,ko,spoof,tts,Qwen3-TTS-12Hz-1.7B-Base,-,mlaad,,rawboost+codec
data/processed/ko_mlaad_augmented/wives_and_daughters_43_f000118_aug.wav,ko,spoof,tts,Fish-S2-Pro,-,mlaad,,rawboost
data/processed/ko_augmented/zeroth_165_003_0446_aug.wav,ko,bonafide,real,-,zeroth_165,zeroth_korean,정부는 지난 일 일 사 년 동안 중단됐던 협상을 재개한 데 이어 지난 십 사 일에는 일본과의 가서명까지 마쳤다,codec
data/processed/ko_augmented/zeroth_215_003_0670_aug.wav,ko,bonafide,real,-,zeroth_215,zeroth_korean,그 일을 위해서라면 모든 것을 다 걸겠다는 정도의 자세는 보여달라고 말했다,rawboost
data/processed/ko_augmented/kss_10076_aug.wav,ko,bonafide,real,-,kss_speaker,kss,이 카페에는 젊은 연인들이 많이 와요.,rawboost
data/processed/ko_augmented/zeroth_133_003_2566_aug.wav,ko,bonafide,real,-,zeroth_133,zeroth_korean,일정 시간이 지나면 터지도록 만들어진 폭발물 타이머가 부착돼 있다,rawboost+codec
data/processed/ko_augmented/zeroth_208_003_1538_aug.wav,ko,bonafide,real,-,zeroth_208,zeroth_korean,만일 청와대와 친박들이 이런 점을 염두에 둔다면 김 대표 체제를 총선 전에 흔들 가능성이 있다,none
data/processed/ko_mlaad_augmented/pink_fairy_book_36_f000120_aug.wav,ko,spoof,tts,Fish-S2-Pro,-,mlaad,,none
data/processed/ko_mlaad_augmented/northandsouth_51_f000038_aug.wav,ko,spoof,tts,Qwen3-TTS-12Hz-1.7B-Base,-,mlaad,,rawboost
data/processed/ko_mlaad_augmented/wives_and_daughters_52_f000040_aug.wav,ko,spoof,tts,minimax_speech-02-turbo,-,mlaad,,none
data/processed/ko_mlaad_augmented/poisoned_pen_07_f000013_aug.wav,ko,spoof,tts,VoxCPM2,-,mlaad,,rawboost
data/processed/ko_augmented/zeroth_150_003_0806_aug.wav,ko,bonafide,real,-,zeroth_150,zeroth_korean,기동민 민주당 원내대변인은 이날 논평을 통해 테니스 치고 사 대 강변에서 자전거 타던 이 전 대통령께서 낯 뜨거움 운운하며 입을 열었다며 이같이 비난했다,codec
data/processed/ko_augmented/kss_08320_aug.wav,ko,bonafide,real,-,kss_speaker,kss,독서는 시간을 보내는 좋은 방법이다.,rawboost+codec
data/processed/ko_mlaad_augmented/emerald_city_of_oz_26_f000093_aug.wav,ko,spoof,tts,VoxCPM2,-,mlaad,,rawboost
data/processed/ko_augmented/zeroth_139_003_2286_aug.wav,ko,bonafide,real,-,zeroth_139,zeroth_korean,메이저리그 캠프에서 탈락한 선수들은 마이너리그 캠프로 향하거나 방출되기도 한다,codec
data/processed/ko_augmented/zeroth_197_003_0634_aug.wav,ko,bonafide,real,-,zeroth_197,zeroth_korean,등급이 올라감에 따라 받은 금액과 혜택은 함께 증가했다,rawboost
data/processed/ko_mlaad_augmented/skyisland_30_baum_64kb_f000027_aug.wav,ko,spoof,tts,VoxCPM2,-,mlaad,,none
data/processed/ko_augmented/zeroth_119_003_0864_aug.wav,ko,bonafide,real,-,zeroth_119,zeroth_korean,일을 하지 않으니 혼자 보내는 시간이 많아졌고 그게 문제였죠,none
data/processed/ko_augmented/zeroth_161_003_0901_aug.wav,ko,bonafide,real,-,zeroth_161,zeroth_korean,그런데 간 김에 우리 내외가 피검사 등 건강검진을 했다,rawboost+codec
data/processed/ko_augmented/kss_09164_aug.wav,ko,bonafide,real,-,kss_speaker,kss,이 제품은 국산 기술로 만들었어요.,rawboost+codec
data/processed/ko_augmented/kss_12393_aug.wav,ko,spoof,tts,mms-tts-kor,vits_default,kss_transcript,아이가 아무리 잘못을 했어도 때리는 것은 옳지 않습니다.,codec
data/processed/ko_mlaad_augmented/northandsouth_50_f000134_aug.wav,ko,spoof,tts,MOSS-TTS-1.7B,-,mlaad,,codec
data/processed/ko_augmented/kss_06129_aug.wav,ko,bonafide,real,-,kss_speaker,kss,밤에는 기온이 영하로 떨어지겠습니다.,rawboost+codec
data/processed/ko_mlaad_augmented/silent_bullet_03_f000285_aug.wav,ko,spoof,tts,Qwen3-TTS-12Hz-0.6B-Base,-,mlaad,,none
data/processed/ko_augmented/kss_06034_aug.wav,ko,spoof,tts,mms-tts-kor,vits_default,kss_transcript,오늘 저녁 비가 올 확률이 60퍼센트입니다.,none
data/processed/ko_augmented/kss_11057_aug.wav,ko,bonafide,real,-,kss_speaker,kss,날 좀 혼자 내버려 둬!,none
data/processed/ko_mlaad_augmented/jane_eyre_27_f000064_aug.wav,ko,spoof,tts,Fish-S2-Pro,-,mlaad,,codec
data/processed/ko_augmented/zeroth_195_003_1638_aug.wav,ko,bonafide,real,-,zeroth_195,zeroth_korean,네가 하루 이틀 정도 고민해 보고 나서 어떤 방법이 좋을지 그리고 왜 그렇게 생각하는지 함께 얘기해 볼까,rawboost+codec
data/processed/ko_mlaad_augmented/northandsouth_08_f000093_aug.wav,ko,spoof,tts,VoxCPM2,-,mlaad,,none
data/processed/ko_mlaad_augmented/piratesofersatz_03_leinster_64kb_f000076_aug.wav,ko,spoof,tts,MOSS-TTS-1.7B,-,mlaad,,none
data/processed/ko_mlaad_augmented/jane_eyre_24_f000264_aug.wav,ko,spoof,tts,VoxCPM2,-,mlaad,,rawboost
data/processed/ko_mlaad_augmented/hunters_space_12_f000031_aug.wav,ko,spoof,tts,VoxCPM2,-,mlaad,,none
data/processed/ko_mlaad_augmented/midnight_passenger_04_f000098_aug.wav,ko,spoof,tts,tts_models_multilingual_multi-dataset_xtts_v2,-,mlaad,,rawboost+codec
data/processed/ko_mlaad_augmented/emerald_city_of_oz_10_f000063_aug.wav,ko,spoof,tts,OmniVoice,-,mlaad,,rawboost+codec
data/processed/ko_mlaad_augmented/the_master_key_20_f000039_aug.wav,ko,spoof,tts,Fish-S2-Pro,-,mlaad,,none
data/processed/ko_mlaad_augmented/pink_fairy_book_12_f000123_aug.wav,ko,spoof,tts,Qwen3-TTS-12Hz-0.6B-Base,-,mlaad,,none
data/processed/ko_augmented/kss_02798_aug.wav,ko,bonafide,real,-,kss_speaker,kss,다음 주에 한국을 떠나 고국으로 돌아가요.,rawboost
data/processed/ko_augmented/kss_03659_aug.wav,ko,bonafide,real,-,kss_speaker,kss,긍정적으로 생각하렴.,rawboost
data/processed/ko_mlaad_augmented/pink_fairy_book_24_f000022_aug.wav,ko,spoof,tts,minimax_speech-02-turbo,-,mlaad,,none
data/processed/ko_mlaad_augmented/emerald_city_of_oz_03_f000062_aug.wav,ko,spoof,tts,Qwen3-TTS-12Hz-1.7B-Base,-,mlaad,,codec
data/processed/ko_mlaad_augmented/the_sea_fairies_17_f000109_aug.wav,ko,spoof,tts,MOSS-TTS-8B,-,mlaad,,codec
data/processed/ko_augmented/zeroth_145_003_0736_aug.wav,ko,bonafide,real,-,zeroth_145,zeroth_korean,정연국 대변인은 국민이 큰 충격에 빠져 있는데 이른 시일 내에 귀국해 의혹을 해소시켜야 한다고 촉구했다,none
data/processed/ko_augmented/zeroth_145_003_2080_aug.wav,ko,bonafide,real,-,zeroth_145,zeroth_korean,지난해 국내 연구개발과 디자인 직군에만 시범 실시했는데 업무 효율성이 높아지고 직원 만족도가 높아 회사 전체로 확대한 겁니다,none
data/processed/ko_augmented/zeroth_134_003_2937_aug.wav,ko,bonafide,real,-,zeroth_134,zeroth_korean,문재인 더민주 대표가 최근 천 의원에게 당대 당 통합을 공식적으로 제안한 것도 천 의원의 고심을 깊어 만들게 한 대목이다,rawboost
data/processed/ko_augmented/kss_05516_aug.wav,ko,bonafide,real,-,kss_speaker,kss,천국에 가고 싶으면 신을 믿으세요.,none
data/processed/ko_augmented/zeroth_199_003_2177_aug.wav,ko,bonafide,real,-,zeroth_199,zeroth_korean,법정관리를 불과 한 달 정도 앞둔 시기였지만 이런 결정이 내려질 거라는 예상은 전혀 하지 못했습니다,rawboost+codec
data/processed/ko_augmented/zeroth_159_003_1935_aug.wav,ko,bonafide,real,-,zeroth_159,zeroth_korean,저체중아의 경우 몸무게에 따라 오백 만원에서 천 만원까지 의료비를 지원받을 수 있다,rawboost+codec
data/processed/ko_augmented/kss_07313_aug.wav,ko,bonafide,real,-,kss_speaker,kss,손님을 202호실로 안내해 드리세요.,rawboost
data/processed/ko_mlaad_augmented/skyisland_26_baum_64kb_f000032_aug.wav,ko,spoof,tts,tts_models_multilingual_multi-dataset_xtts_v2,-,mlaad,,codec
data/processed/ko_augmented/kss_04932_aug.wav,ko,bonafide,real,-,kss_speaker,kss,이곳은 한국에서 가장 인기 있는 관광지 중 하나입니다.,none
data/processed/ko_mlaad_augmented/wives_and_daughters_46_f000020_aug.wav,ko,spoof,tts,MOSS-TTS-8B,-,mlaad,,none
data/processed/ko_augmented/kss_03501_aug.wav,ko,bonafide,real,-,kss_speaker,kss,요즘 한가해요.,none
data/processed/ko_mlaad_augmented/emerald_city_of_oz_09_f000060_aug.wav,ko,spoof,tts,tts_models_multilingual_multi-dataset_bark,-,mlaad,,rawboost+codec
data/processed/ko_mlaad_augmented/ozma_of_oz_02_f000047_aug.wav,ko,spoof,tts,Higgs-Audio-V2,-,mlaad,,none
data/processed/ko_augmented/zeroth_210_003_1978_aug.wav,ko,bonafide,real,-,zeroth_210,zeroth_korean,이처럼 손 전 고문에게 야권 인사들의 발길이 이어지는 것은 그가 야권에서 가진 현실적 영향력 때문이다,rawboost
data/processed/ko_augmented/zeroth_203_003_0763_aug.wav,ko,bonafide,real,-,zeroth_203,zeroth_korean,옥시가 출시한 가습기살균제로 많은 사람이 심각한 피해를 봤다,codec
data/processed/ko_augmented/zeroth_110_003_0892_aug.wav,ko,bonafide,real,-,zeroth_110,zeroth_korean,우리가 변호할 때에 그 조사관은 우리의 말을 주의 깊이 들었으며 우리는 우리가 가지고 있던 믿음에 대해 설명했습니다,codec
data/processed/ko_mlaad_augmented/wives_and_daughters_43_f000136_aug.wav,ko,spoof,tts,VoxCPM2,-,mlaad,,rawboost
data/processed/ko_mlaad_augmented/poisoned_pen_04_f000201_aug.wav,ko,spoof,tts,Higgs-Audio-V2,-,mlaad,,codec
data/processed/ko_mlaad_augmented/silent_bullet_10_f000238_aug.wav,ko,spoof,tts,Fish-S2-Pro,-,mlaad,,none
data/processed/ko_augmented/kss_05175_aug.wav,ko,bonafide,real,-,kss_speaker,kss,그 후보는 말도 안 되는 공약을 내걸었다.,codec
data/processed/ko_augmented/kss_10654_aug.wav,ko,bonafide,real,-,kss_speaker,kss,오늘 아침은 꽤 시원하네요.,rawboost+codec
data/processed/ko_mlaad_augmented/the_master_key_16_f000046_aug.wav,ko,spoof,tts,MOSS-TTS-1.7B,-,mlaad,,none
data/processed/ko_augmented/kss_11059_aug.wav,ko,bonafide,real,-,kss_speaker,kss,내부 수리 중,none
data/processed/ko_mlaad_augmented/northandsouth_04_f000103_aug.wav,ko,spoof,tts,Chatterbox Multilingual,-,mlaad,,codec
data/processed/ko_augmented/zeroth_198_003_2806_aug.wav,ko,bonafide,real,-,zeroth_198,zeroth_korean,데니아 수가 클수록 실도 굵어져 천이 튼튼하다는 얘기고 무게도 제법 나간다는 뜻이다,rawboost
data/processed/ko_augmented/zeroth_180_003_1134_aug.wav,ko,bonafide,real,-,zeroth_180,zeroth_korean,구경 오 공기총은 총기소지 허가만 받으면 집에서 보관이 가능하다,none
data/processed/ko_mlaad_augmented/ozma_of_oz_03_f000073_aug.wav,ko,spoof,tts,tts_models_multilingual_multi-dataset_xtts_v2,-,mlaad,,rawboost
data/processed/ko_augmented/kss_07364_aug.wav,ko,bonafide,real,-,kss_speaker,kss,현실을 있는 그대로 받아들여라.,rawboost+codec
data/processed/ko_mlaad_augmented/jane_eyre_19_f000015_aug.wav,ko,spoof,tts,Chatterbox Multilingual,-,mlaad,,rawboost
data/processed/ko_mlaad_augmented/midnight_passenger_04_f000111_aug.wav,ko,spoof,tts,MOSS-TTS-8B,-,mlaad,,rawboost+codec
data/processed/ko_augmented/zeroth_170_003_2154_aug.wav,ko,bonafide,real,-,zeroth_170,zeroth_korean,그는 트럼프와 언론이 합동으로 현대판 공성계를 사용했다라고 주장했다,rawboost+codec
data/processed/ko_augmented/kss_06750_aug.wav,ko,bonafide,real,-,kss_speaker,kss,실로 충격적이다.,codec
data/processed/ko_augmented/zeroth_150_003_2330_aug.wav,ko,bonafide,real,-,zeroth_150,zeroth_korean,관찰자로서 내부자로서 음식을 다루는 언론인으로서 음식 방송 열풍을 지켜보는 마음도 남다를 듯했다,none
data/processed/ko_mlaad_augmented/the_master_key_05_f000058_aug.wav,ko,spoof,tts,VoxCPM2,-,mlaad,,rawboost+codec
data/processed/ko_mlaad_augmented/silent_bullet_13_f000304_aug.wav,ko,spoof,tts,Chatterbox Multilingual,-,mlaad,,rawboost+codec
data/processed/ko_augmented/zeroth_111_003_0413_aug.wav,ko,bonafide,real,-,zeroth_111,zeroth_korean,조 전 부사장은 당일 아버지인 조양호 한진그룹 회장에게 대학 이사직 사의를 표명한 것으로 알려졌다,none
data/processed/ko_mlaad_augmented/the_master_key_16_f000026_aug.wav,ko,spoof,tts,VoxCPM2,-,mlaad,,rawboost
data/processed/ko_mlaad_augmented/wives_and_daughters_44_f000003_aug.wav,ko,spoof,tts,MOSS-TTS-8B,-,mlaad,,none
data/processed/ko_augmented/zeroth_163_003_1825_aug.wav,ko,bonafide,real,-,zeroth_163,zeroth_korean,은행 예금을 인출해 도피자금을 마련한 두 사람은 이전까지 쓰던 휴대전화를 비롯해 의료보험 신용카드 교통카드 등 자신들의 행적을 노출할 수 있는 어떤 수단도 쓰지 않았다,none
data/processed/ko_mlaad_augmented/northandsouth_25_f000154_aug.wav,ko,spoof,tts,minimax_speech-02-turbo,-,mlaad,,none
data/processed/ko_augmented/kss_02188_aug.wav,ko,bonafide,real,-,kss_speaker,kss,"제가 세 살 때 엄마가 돌아가셔서, 엄마에 대한 기억은 희미해요.",none
data/processed/ko_mlaad_augmented/jane_eyre_33_f000257_aug.wav,ko,spoof,tts,tts_models_multilingual_multi-dataset_xtts_v2,-,mlaad,,none
data/processed/ko_mlaad_augmented/wives_and_daughters_26_f000121_aug.wav,ko,spoof,tts,Qwen3-TTS-12Hz-0.6B-Base,-,mlaad,,rawboost
data/processed/ko_augmented/kss_09714_aug.wav,ko,bonafide,real,-,kss_speaker,kss,숫자를 일일이 비교해 봐야 해.,rawboost
data/processed/ko_mlaad_augmented/northandsouth_04_f000181_aug.wav,ko,spoof,tts,OmniVoice,-,mlaad,,none
data/processed/ko_augmented/zeroth_130_003_1942_aug.wav,ko,bonafide,real,-,zeroth_130,zeroth_korean,그 결과 이천 십 사 년 여름 하루 칠 만 배럴이나 되던 원유 생산량은 최근 이 만 배럴까지 뚝 떨어졌다,rawboost
data/processed/ko_augmented/zeroth_140_003_0164_aug.wav,ko,bonafide,real,-,zeroth_140,zeroth_korean,우리는 위기의 진앙이 아닌 안전지대가 됐다는 말까지 나올 정도였다,none
data/processed/ko_augmented/zeroth_124_003_1556_aug.wav,ko,bonafide,real,-,zeroth_124,zeroth_korean,천 구백 사십 칠 년 오 월부터 지금까지 관람차는 계속 회전하면서 즐거워하는 손님들을 천천히 올려 주기도 하고 내려 주기도 합니다,rawboost
data/processed/ko_augmented/zeroth_183_003_2439_aug.wav,ko,bonafide,real,-,zeroth_183,zeroth_korean,그러자 주심인 강일원 재판관은 황 회장은 증인으로 나오면 대통령에게 불리한 진술을 할 것 같다고 했는데 입증 취지를 생각하면서 하라고 말했다,rawboost
data/processed/ko_augmented/kss_07822_aug.wav,ko,bonafide,real,-,kss_speaker,kss,어제 기름을 가득 채워 둘걸.,rawboost
data/processed/ko_mlaad_augmented/poisoned_pen_09_f000076_aug.wav,ko,spoof,tts,tts_models_multilingual_multi-dataset_bark,-,mlaad,,rawboost
data/processed/ko_mlaad_augmented/the_master_key_04_f000092_aug.wav,ko,spoof,tts,Chatterbox Multilingual,-,mlaad,,rawboost
data/processed/ko_mlaad_augmented/ozma_of_oz_11_f000075_aug.wav,ko,spoof,tts,MOSS-TTS-8B,-,mlaad,,rawboost
data/processed/ko_augmented/kss_10498_aug.wav,ko,spoof,tts,mms-tts-kor,vits_default,kss_transcript,들리는 얘기로는 그 사람 주식으로 돈을 엄청나게 벌었대요.,rawboost
data/processed/ko_augmented/zeroth_185_from_zeroth_166_003_1617_aug.wav,ko,spoof,vc,rvc_zeroth_185,zeroth_185,rvc_from_zeroth_166,삼성전자가 갈수록 추락하는 중국 시장 점유율을 만회하기 위해 가격 대응에 나섰다,none
data/processed/ko_mlaad_augmented/jane_eyre_03_f000181_aug.wav,ko,spoof,tts,Fish-S2-Pro,-,mlaad,,none
data/processed/ko_mlaad_augmented/wives_and_daughters_37_f000122_aug.wav,ko,spoof,tts,Fish-S2-Pro,-,mlaad,,rawboost+codec
data/processed/ko_mlaad_augmented/northandsouth_46_f000070_aug.wav,ko,spoof,tts,MOSS-TTS-1.7B,-,mlaad,,rawboost
data/processed/ko_augmented/kss_00815_aug.wav,ko,bonafide,real,-,kss_speaker,kss,그 요금에 아침 식사가 포함되어 있습니까?,rawboost
data/processed/ko_augmented/zeroth_200_from_kss_11697_aug.wav,ko,spoof,vc,rvc_zeroth_200,zeroth_200,rvc_from_kss_speaker,삼월에는 아직 추워요.,none
data/processed/ko_mlaad_augmented/jane_eyre_19_f000215_aug.wav,ko,spoof,tts,VoxCPM2,-,mlaad,,none
data/processed/ko_augmented/kss_05160_aug.wav,ko,bonafide,real,-,kss_speaker,kss,대한민국은 민주주의 국가다.,codec
data/processed/ko_mlaad_augmented/piratesofersatz_04_leinster_64kb_f000015_aug.wav,ko,spoof,tts,minimax_speech-02-turbo,-,mlaad,,rawboost
data/processed/ko_mlaad_augmented/wives_and_daughters_54_f000128_aug.wav,ko,spoof,tts,Qwen3-TTS-12Hz-0.6B-Base,-,mlaad,,rawboost
data/processed/ko_augmented/zeroth_116_003_2023_aug.wav,ko,bonafide,real,-,zeroth_116,zeroth_korean,대한변협은 당시 수사에 관여한 경찰들로부터 직무상범죄를 자인받았고 그 중 한 명에게 확인서를 작성받아 재판부에 증거로 제출했다,none
data/processed/ko_mlaad_augmented/wives_and_daughters_02_f000130_aug.wav,ko,spoof,tts,Higgs-Audio-V2,-,mlaad,,rawboost
data/processed/ko_augmented/zeroth_207_003_1402_aug.wav,ko,bonafide,real,-,zeroth_207,zeroth_korean,그는 미국 관료들은 전 씨를 약화시켜 한국을 불안정하게 만들고 예측 불가능한 결과를 부를까 봐 극도로 조심했다고 기술했다,codec
data/processed/ko_mlaad_augmented/rinkitink_baum_16_64kb_f000056_aug.wav,ko,spoof,tts,Qwen3-TTS-12Hz-0.6B-Base,-,mlaad,,rawboost
data/processed/ko_mlaad_augmented/wives_and_daughters_23_f000104_aug.wav,ko,spoof,tts,minimax_speech-02-turbo,-,mlaad,,codec
data/processed/ko_augmented/zeroth_171_003_2145_aug.wav,ko,bonafide,real,-,zeroth_171,zeroth_korean,문체부 상황을 잘 아는 한 고위 관계자는 그때 차은택이 봐주면 통과된다는 소문이 막 돌았다,none
data/processed/ko_augmented/zeroth_123_003_2076_aug.wav,ko,bonafide,real,-,zeroth_123,zeroth_korean,그래서 채무증명서 이런 거 제출해서 휴학했었습니다 일 년,none
data/processed/ko_mlaad_augmented/wives_and_daughters_53_f000167_aug.wav,ko,spoof,tts,tts_models_multilingual_multi-dataset_xtts_v2,-,mlaad,,rawboost
data/processed/ko_augmented/zeroth_172_003_2406_aug.wav,ko,bonafide,real,-,zeroth_172,zeroth_korean,문제는 이날 대규모 지연 사태는 하루만으로 끝나지는 않을 것이라는 점이다,none
data/processed/ko_augmented/zeroth_196_003_1001_aug.wav,ko,bonafide,real,-,zeroth_196,zeroth_korean,그러나 누진제도에 대한 한전과 정부의 입장은 요지부동이다,none
data/processed/ko_augmented/zeroth_216_003_2224_aug.wav,ko,bonafide,real,-,zeroth_216,zeroth_korean,삼성전자는 지난해 스마트폰 갤럭시노트 칠 을 판매하며 출고가 십 구 만 팔천 원짜리 스마트밴드인 기어핏 이 를 공짜 사은품으로 주는 마케팅을 펼치기도 했다,none
data/processed/ko_mlaad_augmented/jane_eyre_09_f000061_aug.wav,ko,spoof,tts,MOSS-TTS-8B,-,mlaad,,none
data/processed/ko_mlaad_augmented/rinkitink_baum_05_64kb_f000083_aug.wav,ko,spoof,tts,tts_models_multilingual_multi-dataset_xtts_v2,-,mlaad,,rawboost
data/processed/ko_augmented/zeroth_135_003_0347_aug.wav,ko,bonafide,real,-,zeroth_135,zeroth_korean,그리고는 직접 연락해보겠다고 했지만 얼마 후 연락이 닿지 않는다는 확인 불가능한 말만 되풀이했습니다,none
data/processed/ko_augmented/zeroth_129_003_0386_aug.wav,ko,bonafide,real,-,zeroth_129,zeroth_korean,현재 줄사택 여든 일곱 채 중 칠십 여 채가 빈 상태여서 사택 대부분이 철거될 가능성이 크다,rawboost
data/processed/ko_augmented/zeroth_201_from_zeroth_124_003_1556_aug.wav,ko,spoof,vc,rvc_zeroth_201,zeroth_201,rvc_from_zeroth_124,천 구백 사십 칠 년 오 월부터 지금까지 관람차는 계속 회전하면서 즐거워하는 손님들을 천천히 올려 주기도 하고 내려 주기도 합니다,rawboost
data/processed/ko_augmented/kss_06723_aug.wav,ko,bonafide,real,-,kss_speaker,kss,건강이 제일이야.,rawboost
data/processed/ko_mlaad_augmented/piratesofersatz_02_leinster_64kb_f000009_aug.wav,ko,spoof,tts,tts_models_multilingual_multi-dataset_xtts_v2,-,mlaad,,codec
data/processed/ko_mlaad_augmented/rinkitink_baum_09_64kb_f000007_aug.wav,ko,spoof,tts,MOSS-TTS-1.7B,-,mlaad,,rawboost+codec
data/processed/ko_augmented/kss_04460_aug.wav,ko,bonafide,real,-,kss_speaker,kss,아드님이 정말 자랑스러우시겠어요.,rawboost
data/processed/ko_augmented/zeroth_119_003_1026_aug.wav,ko,bonafide,real,-,zeroth_119,zeroth_korean,이 기간 통역 프리랜서로 일하며 돈을 모아 생활비를 충당한 것으로 알려졌다,none
data/processed/ko_mlaad_augmented/emerald_city_of_oz_07_f000026_aug.wav,ko,spoof,tts,tts_models_multilingual_multi-dataset_bark,-,mlaad,,none
data/processed/ko_augmented/kss_02777_aug.wav,ko,bonafide,real,-,kss_speaker,kss,침대에서 뛰지 마라.,none
data/processed/ko_mlaad_augmented/northandsouth_49_f000046_aug.wav,ko,spoof,tts,Chatterbox Multilingual,-,mlaad,,codec
data/processed/ko_mlaad_augmented/poisoned_pen_09_f000391_aug.wav,ko,spoof,tts,tts_models_multilingual_multi-dataset_bark,-,mlaad,,rawboost
data/processed/ko_augmented/kss_06832_aug.wav,ko,bonafide,real,-,kss_speaker,kss,"배고플 텐데, 밥 먹으러 가자.",rawboost+codec
data/processed/ko_mlaad_augmented/hunters_space_02_f000005_aug.wav,ko,spoof,tts,minimax_speech-02-turbo,-,mlaad,,codec
data/processed/ko_augmented/zeroth_203_003_0975_aug.wav,ko,bonafide,real,-,zeroth_203,zeroth_korean,실제로 이천 육 년부터 이천 십 사 년 사이에 베네수엘라의 민간기업은 이십 퍼센트나 감소했다,rawboost+codec
data/processed/ko_mlaad_augmented/silent_bullet_06_f000223_aug.wav,ko,spoof,tts,tts_models_multilingual_multi-dataset_bark,-,mlaad,,rawboost
data/processed/ko_augmented/zeroth_187_003_1863_aug.wav,ko,bonafide,real,-,zeroth_187,zeroth_korean,일례로 예수께서는 한 젊은이의 진실함에 깊은 감명을 받으신 적이 있습니다,rawboost
data/processed/ko_augmented/kss_06977_aug.wav,ko,bonafide,real,-,kss_speaker,kss,"그는 남자 친구로서는 완벽하지만, 남편으로서는 아니다.",rawboost
data/processed/ko_augmented/zeroth_163_003_1763_aug.wav,ko,bonafide,real,-,zeroth_163,zeroth_korean,언제 이 뚜껑이 들끓어서 열릴까하는 게 시간문제였거든요,rawboost+codec
data/processed/ko_augmented/zeroth_158_003_1500_aug.wav,ko,bonafide,real,-,zeroth_158,zeroth_korean,그렇게 된 것은 전적으로 내가 스트레스에 제대로 대처하지 못한 탓이었어요,none
data/processed/ko_augmented/zeroth_173_003_0065_aug.wav,ko,bonafide,real,-,zeroth_173,zeroth_korean,오백 유로 지폐로 이용해 수백만 달러를 조성할 때 그 무게는 이 쩜 이 파운드에 불과하다,rawboost
data/processed/ko_augmented/zeroth_187_003_0523_aug.wav,ko,bonafide,real,-,zeroth_187,zeroth_korean,무상급식 갈등이 일 년 넘게 이어져 오다 홍준표 지사와 박종훈 교육감은 지난 십 팔 일 회동을 통해 급식예산 협상 재개에 합의했다,none
data/processed/ko_augmented/zeroth_209_003_2466_aug.wav,ko,bonafide,real,-,zeroth_209,zeroth_korean,회사 임원의 취미가 바뀌었다는 이유 하나로 한 달 넘게 마음 졸인 지원자들이 순식간에 들러리로 전락했습니다,rawboost
data/processed/ko_augmented/zeroth_122_003_1940_aug.wav,ko,bonafide,real,-,zeroth_122,zeroth_korean,언론은 이십 오 일쯤 도발 가능성중국 해군의 최신형 이지스 구축함 시닝호의 실전훈련 모습,rawboost+codec
data/processed/ko_augmented/zeroth_146_003_0531_aug.wav,ko,bonafide,real,-,zeroth_146,zeroth_korean,동아일보 자정 넘도록 텐트 쳐놓고 술판 고성오후 아홉 시 이후에는 한강 둔치에 텐트를 설치할 수 없지만 밤 열 두 시가 다 되도록 텐트가 그대로 있다,rawboost
data/processed/ko_augmented/zeroth_203_003_0731_aug.wav,ko,bonafide,real,-,zeroth_203,zeroth_korean,김수현 전북 전주 덕진동 수박을 고를 때 두드려보거나 꼭지 상태를 보고 구매를 했는데요,rawboost
data/processed/ko_mlaad_augmented/poisoned_pen_08_f000139_aug.wav,ko,spoof,tts,MOSS-TTS-1.7B,-,mlaad,,rawboost
data/processed/ko_mlaad_augmented/hunters_space_16_f000005_aug.wav,ko,spoof,tts,Qwen3-TTS-12Hz-0.6B-Base,-,mlaad,,rawboost
data/processed/ko_augmented/zeroth_114_003_1431_aug.wav,ko,bonafide,real,-,zeroth_114,zeroth_korean,그 사건에 있어서는 처음에 사고 낸 거 그것은 수리 견적이 백 육십 오 만 원 나왔는데요,rawboost
data/processed/ko_mlaad_augmented/emerald_city_of_oz_15_f000062_aug.wav,ko,spoof,tts,Higgs-Audio-V2,-,mlaad,,none
data/processed/ko_mlaad_augmented/midnight_passenger_15_f000119_aug.wav,ko,spoof,tts,tts_models_multilingual_multi-dataset_xtts_v2,-,mlaad,,codec
data/processed/ko_augmented/zeroth_187_003_2724_aug.wav,ko,bonafide,real,-,zeroth_187,zeroth_korean,국민 대다수가 현 경제상황을 불황으로 보면서 체감하는 물가 수준이 정부 발표치보다 높다고 느꼈다,none
data/processed/ko_augmented/zeroth_212_003_2759_aug.wav,ko,bonafide,real,-,zeroth_212,zeroth_korean,현재 그에 대해 알려진 것은 예전에 살던 집이 청주시 흥덕구 오송읍이고 천 구백 구십 칠 년 여름 소 중개업자의 손에 끌려 김씨의 축사에 왔다는 것뿐이다,rawboost
data/processed/ko_augmented/zeroth_166_003_2471_aug.wav,ko,bonafide,real,-,zeroth_166,zeroth_korean,우리가 규제라고 생각하는 것이 아니라 교육 현장에서 규제라고 생각하는 것이 중요하다,rawboost
data/processed/ko_augmented/zeroth_207_003_0424_aug.wav,ko,bonafide,real,-,zeroth_207,zeroth_korean,전두환 표창 자체를 가짜 뉴스라 규정한 것이 아니라 해당 표창이 오 열 여덟 광주민주화 운동 진압으로 받은 것이라는 일부 인사들의 주장을 가짜 뉴스라고 규정했다는 설명이다,none
data/processed/ko_augmented/zeroth_148_003_1519_aug.wav,ko,bonafide,real,-,zeroth_148,zeroth_korean,전 세계적으로 정신 질환과 신경 장애로 인한 피해가 엄청나다고 세계 보건 기구의 사무총장인 그로 할렘 브룬틀란 박사는 단언한다,none
data/processed/ko_mlaad_augmented/northandsouth_30_f000050_aug.wav,ko,spoof,tts,MOSS-TTS-1.7B,-,mlaad,,rawboost
data/processed/ko_augmented/zeroth_158_003_2916_aug.wav,ko,bonafide,real,-,zeroth_158,zeroth_korean,또한 운전자 열 명 중 여섯 명은 사람들이 난폭하거나 무모하게 운전하는 것을 정기적으로 본다고 말했다,rawboost+codec
data/processed/ko_augmented/zeroth_138_003_1179_aug.wav,ko,bonafide,real,-,zeroth_138,zeroth_korean,또한 외국인들이 폰페이에 질병을 옮겨서 인구가 격감했다고 말하는 사람들도 있습니다,none
data/processed/ko_augmented/zeroth_146_003_0309_aug.wav,ko,bonafide,real,-,zeroth_146,zeroth_korean,다만 그는 김 대표가 가져온 정보가 효과가 하나도 없었다,rawboost
data/processed/ko_mlaad_augmented/wives_and_daughters_33_f000012_aug.wav,ko,spoof,tts,VoxCPM2,-,mlaad,,none
