path,lang,label,technique,system_id,speaker_id,source,text,augmentation
data/processed/ko_augmented/zeroth_175_003_1068_aug.wav,ko,bonafide,real,-,zeroth_175,zeroth_korean,고영태 씨가 국정농단 사건의 내부 고발자에서 그래도 고영태 씨도 수사해야 된다 이런 이야기가 나온 결정적인 계기가 고영태 씨 녹취록이었습니다,rawboost
data/processed/ko_augmented/zeroth_172_003_1683_aug.wav,ko,bonafide,real,-,zeroth_172,zeroth_korean,사십 년 이상 공장을 운영하는 동안 폐수 무단 방류로 적발된 전례가 거의 없는 만큼 이번 성동구청의 발표를 심각한 사안으로 받아들이고 있다고 밝혔다,none
data/processed/en_mlaad_augmented/wives_and_daughters_53_f000019_aug.wav,en,spoof,tts,minimax_speech-2.6-hd,-,mlaad,,codec
data/processed/ko_mlaad_augmented/wives_and_daughters_54_f000121_aug.wav,ko,spoof,tts,MOSS-TTS-1.7B,-,mlaad,,rawboost
data/processed/en_augmented/LA_T_2802903_aug.wav,en,bonafide,real,-,LA_0094,asvspoof2019la,,codec
data/processed/ko_augmented/zeroth_135_003_2130_aug.wav,ko,bonafide,real,-,zeroth_135,zeroth_korean,경찰도 김포경찰서장을 팀장으로 형사과와 경기남부청 과학수사팀 요원 등 일흔 여명을 투입해 수사 전담팀을 구성하고 사고 원인 조사에 본격적으로 착수했다,none
data/processed/en_mlaad_augmented/wives_and_daughters_20_f000123_aug.wav,en,spoof,tts,Higgs-Audio-V2,-,mlaad,,rawboost+codec
data/processed/ko_augmented/zeroth_211_003_2874_aug.wav,ko,bonafide,real,-,zeroth_211,zeroth_korean,그곳에서 여호와의 천사가 불타는 덤불 가운데서 모세에게 나타났습니다,rawboost+codec
data/processed/en_mlaad_augmented/midnight_passenger_03_f000212_aug.wav,en,spoof,tts,Chatterbox-Turbo,-,mlaad,,codec
data/processed/ko_mlaad_augmented/jane_eyre_02_f000110_aug.wav,ko,spoof,tts,Qwen3-TTS-12Hz-1.7B-Base,-,mlaad,,rawboost
data/processed/ko_augmented/kss_00580_aug.wav,ko,bonafide,real,-,kss_speaker,kss,어제 머리를 깎았어요.,codec
data/processed/ko_augmented/kss_06758_aug.wav,ko,bonafide,real,-,kss_speaker,kss,약간 비싼데요.,rawboost
data/processed/ko_augmented/kss_01803_aug.wav,ko,spoof,tts,mms-tts-kor,vits_default,kss_transcript,이건 너무 억울해요.,codec
data/processed/en_augmented/LA_T_3432669_aug.wav,en,spoof,tts,A02,LA_0084,asvspoof2019la,,none
data/processed/ko_mlaad_augmented/ozma_of_oz_06_f000113_aug.wav,ko,spoof,tts,OmniVoice,-,mlaad,,none
data/processed/ko_augmented/zeroth_213_003_0318_aug.wav,ko,bonafide,real,-,zeroth_213,zeroth_korean,의료계 종사자들이 사태를 파악할 때쯤에는 이미 여러 도시 전체가 감염되어 있을 수도 있다,none
data/processed/ko_augmented/zeroth_193_003_2880_aug.wav,ko,bonafide,real,-,zeroth_193,zeroth_korean,야당 지지자들은 문 대표의 무능에 진절머리를 낼 테고 떨어지는 지지율 소리에 의원들은 좌불안석일 것이다,rawboost
data/processed/en_mlaad_augmented/dorothy_and_wizard_oz_09_f000068_aug.wav,en,spoof,tts,tts_models_multilingual_multi-dataset_xtts_v2,-,mlaad,,rawboost+codec
data/processed/en_mlaad_augmented/wives_and_daughters_47_f000113_aug.wav,en,spoof,tts,Qwen3-TTS-12Hz-1.7B-Base,-,mlaad,,none
data/processed/en_augmented/LA_T_7786173_aug.wav,en,bonafide,real,-,LA_0090,asvspoof2019la,,rawboost
data/processed/en_augmented/LA_T_7133372_aug.wav,en,bonafide,real,-,LA_0086,asvspoof2019la,,rawboost
data/processed/en_mlaad_augmented/jane_eyre_25_f000169_aug.wav,en,spoof,tts,GPT-SoVITS,-,mlaad,,rawboost
data/processed/ko_augmented/zeroth_182_003_2985_aug.wav,ko,bonafide,real,-,zeroth_182,zeroth_korean,앵커 한 고등학교가 얼마 전 이 학년 학부모들에게 발송한 가정통신문입니다,none
data/processed/ko_mlaad_augmented/rinkitink_baum_10_64kb_f000023_aug.wav,ko,spoof,tts,MOSS-TTS-8B,-,mlaad,,rawboost+codec
data/processed/en_mlaad_augmented/ozma_of_oz_12_f000012_aug.wav,en,spoof,tts,GPT-SoVITS,-,mlaad,,rawboost
data/processed/ko_mlaad_augmented/pink_fairy_book_14_f000045_aug.wav,ko,spoof,tts,MOSS-TTS-1.7B,-,mlaad,,none
data/processed/ko_augmented/kss_04355_aug.wav,ko,bonafide,real,-,kss_speaker,kss,사람들이 마을 회관에 모여 있다.,none
data/processed/ko_mlaad_augmented/pink_fairy_book_39_f000022_aug.wav,ko,spoof,tts,Chatterbox Multilingual,-,mlaad,,rawboost
data/processed/en_augmented/LA_T_1797843_aug.wav,en,bonafide,real,-,LA_0098,asvspoof2019la,,none
data/processed/en_augmented/LA_T_1596451_aug.wav,en,bonafide,real,-,LA_0079,asvspoof2019la,,rawboost+codec
data/processed/ko_mlaad_augmented/emerald_city_of_oz_11_f000005_aug.wav,ko,spoof,tts,OmniVoice,-,mlaad,,rawboost
data/processed/ko_augmented/zeroth_146_003_2896_aug.wav,ko,bonafide,real,-,zeroth_146,zeroth_korean,최근 일정한 직업 없이 생활한 이들은 이 천여만원의 빚을 졌고 월세 오십 이 만원짜리 다세대 주택에서 살았다,none
data/processed/en_augmented/LA_T_2607307_aug.wav,en,bonafide,real,-,LA_0098,asvspoof2019la,,none
data/processed/ko_augmented/zeroth_145_003_1898_aug.wav,ko,bonafide,real,-,zeroth_145,zeroth_korean,파업의 영향으로 전철이 지연되는 등 불편을 겪은 시민들이 많았을 겁니다,rawboost+codec
data/processed/en_mlaad_augmented/wives_and_daughters_18_f000138_aug.wav,en,spoof,tts,ElevenLabs-Turbo-v2.5,-,mlaad,,rawboost
data/processed/en_augmented/LA_T_5123366_aug.wav,en,bonafide,real,-,LA_0081,asvspoof2019la,,rawboost+codec
data/processed/en_augmented/LA_T_4678305_aug.wav,en,bonafide,real,-,LA_0098,asvspoof2019la,,rawboost
data/processed/en_augmented/LA_T_4006888_aug.wav,en,bonafide,real,-,LA_0087,asvspoof2019la,,rawboost
data/processed/ko_augmented/zeroth_216_003_1425_aug.wav,ko,bonafide,real,-,zeroth_216,zeroth_korean,이처럼 친박계가 총궐기 입장을 보이고 있는 가운데 안심번호 수용불가라는 청와대 입장까지 더해지면서 자칫 당내 의총이 김무성 대표 성토장으로 돌변할 가능성까지 점쳐지고 있다,none
data/processed/ko_augmented/kss_09080_aug.wav,ko,bonafide,real,-,kss_speaker,kss,요즘 살이 쪄서 고민이에요.,codec
data/processed/ko_augmented/zeroth_130_003_1399_aug.wav,ko,bonafide,real,-,zeroth_130,zeroth_korean,메르스에 감염된 서울 대형 병원 의사가 무려 천 오백 명이 넘는 사람들을 직 간접으로 접촉했다는 소식이었다,none
data/processed/en_augmented/LA_T_5439165_aug.wav,en,spoof,vc,A05,LA_0083,asvspoof2019la,,none
data/processed/en_augmented/LA_T_5265204_aug.wav,en,bonafide,real,-,LA_0091,asvspoof2019la,,codec
data/processed/en_mlaad_augmented/wives_and_daughters_38_f000142_aug.wav,en,spoof,tts,Qwen3-TTS-12Hz-1.7B-Base,-,mlaad,,rawboost
data/processed/ko_mlaad_augmented/jane_eyre_32_f000166_aug.wav,ko,spoof,tts,Qwen3-TTS-12Hz-1.7B-Base,-,mlaad,,none
data/processed/ko_augmented/zeroth_203_003_0763_aug.wav,ko,bonafide,real,-,zeroth_203,zeroth_korean,옥시가 출시한 가습기살균제로 많은 사람이 심각한 피해를 봤다,codec
data/processed/en_mlaad_augmented/pink_fairy_book_37_f000054_aug.wav,en,spoof,tts,ElevenLabs-v2-Multilingual,-,mlaad,,rawboost
data/processed/ko_mlaad_augmented/poisoned_pen_08_f000141_aug.wav,ko,spoof,tts,tts_models_multilingual_multi-dataset_xtts_v2,-,mlaad,,codec
data/processed/en_mlaad_augmented/wives_and_daughters_09_f000135_aug.wav,en,spoof,tts,ElevenLabs-Turbo-v2.5,-,mlaad,,codec
data/processed/en_mlaad_augmented/jane_eyre_07_f000021_aug.wav,en,spoof,tts,minimax_speech-2.6-hd,-,mlaad,,codec
data/processed/en_augmented/LA_T_6591503_aug.wav,en,bonafide,real,-,LA_0085,asvspoof2019la,,rawboost
data/processed/en_mlaad_augmented/midnight_passenger_06_f000239_aug.wav,en,spoof,tts,Qwen3-TTS-12Hz-1.7B-Base,-,mlaad,,rawboost
data/processed/en_mlaad_augmented/midnight_passenger_02_f000025_aug.wav,en,spoof,tts,ElevenLabs-v2-Multilingual,-,mlaad,,none
data/processed/ko_mlaad_augmented/northandsouth_01_f000050_aug.wav,ko,spoof,tts,OmniVoice,-,mlaad,,rawboost+codec
data/processed/ko_mlaad_augmented/pink_fairy_book_40_f000214_aug.wav,ko,spoof,tts,tts_models_multilingual_multi-dataset_xtts_v2,-,mlaad,,rawboost
data/processed/en_mlaad_augmented/jane_eyre_24_f000225_aug.wav,en,spoof,tts,ElevenLabs-Turbo-v2.5,-,mlaad,,rawboost
data/processed/ko_augmented/zeroth_205_003_0746_aug.wav,ko,bonafide,real,-,zeroth_205,zeroth_korean,직접 맨 뒤에 줄을 서서 로또를 사 손에 쥐기까지 십 이 분이 걸렸다,rawboost
data/processed/en_mlaad_augmented/wives_and_daughters_45_f000112_aug.wav,en,spoof,tts,MOSS-TTS-8B,-,mlaad,,codec
data/processed/ko_mlaad_augmented/pink_fairy_book_24_f000022_aug.wav,ko,spoof,tts,minimax_speech-02-turbo,-,mlaad,,none
data/processed/en_augmented/LA_T_4694860_aug.wav,en,bonafide,real,-,LA_0093,asvspoof2019la,,rawboost+codec
data/processed/en_mlaad_augmented/the_master_key_05_f000011_aug.wav,en,spoof,tts,minimax_speech-2.6-hd,-,mlaad,,rawboost
data/processed/ko_augmented/zeroth_194_003_1462_aug.wav,ko,bonafide,real,-,zeroth_194,zeroth_korean,반도의 나머지 부분은 인구가 매우 적으며 해안과 강가에 자리 잡고 있는 마을들은 대부분 배나 비행기로만 갈 수 있습니다,none
data/processed/ko_mlaad_augmented/poisoned_pen_06_f000133_aug.wav,ko,spoof,tts,MOSS-TTS-1.7B,-,mlaad,,none
data/processed/en_augmented/LA_T_8145267_aug.wav,en,bonafide,real,-,LA_0079,asvspoof2019la,,none
data/processed/en_augmented/LA_T_8861285_aug.wav,en,spoof,tts,A03,LA_0098,asvspoof2019la,,rawboost
data/processed/ko_augmented/kss_11549_aug.wav,ko,bonafide,real,-,kss_speaker,kss,이 아파트는 한 평에 3천만 원이 넘어요.,none
data/processed/ko_augmented/zeroth_204_003_2256_aug.wav,ko,bonafide,real,-,zeroth_204,zeroth_korean,지난 이천 십 삼 년 북한이 핵실험을 감행했을 때에도 규모 오 안팎의 인공지진이 발생한 바 있다,none
data/processed/en_mlaad_augmented/jane_eyre_21_f000318_aug.wav,en,spoof,tts,ElevenLabs-v3,-,mlaad,,codec
data/processed/en_augmented/LA_T_1720721_aug.wav,en,spoof,tts,A03,LA_0090,asvspoof2019la,,rawboost
data/processed/en_augmented/LA_T_1160090_aug.wav,en,bonafide,real,-,LA_0087,asvspoof2019la,,rawboost
data/processed/ko_augmented/zeroth_201_from_zeroth_210_003_2729_aug.wav,ko,spoof,vc,rvc_zeroth_201,zeroth_201,rvc_from_zeroth_210,주변국들이 이런 사업을 가만히 지켜보고 있을 리가 없다,rawboost
data/processed/en_mlaad_augmented/pink_fairy_book_33_f000071_aug.wav,en,spoof,tts,minimax_speech-2.6-hd,-,mlaad,,none
data/processed/en_augmented/LA_T_7801452_aug.wav,en,bonafide,real,-,LA_0094,asvspoof2019la,,none
data/processed/ko_mlaad_augmented/dorothy_and_wizard_oz_13_f000042_aug.wav,ko,spoof,tts,Qwen3-TTS-12Hz-0.6B-Base,-,mlaad,,rawboost
data/processed/ko_augmented/kss_06894_aug.wav,ko,bonafide,real,-,kss_speaker,kss,수면을 취하는 데 어려움을 겪은 적이 있나요?,none
data/processed/en_mlaad_augmented/silent_bullet_02_f000304_aug.wav,en,spoof,tts,ElevenLabs-v3,-,mlaad,,rawboost
data/processed/en_mlaad_augmented/hunters_space_18_f000043_aug.wav,en,spoof,tts,Qwen3-TTS-12Hz-1.7B-Base,-,mlaad,,codec
data/processed/ko_mlaad_augmented/jane_eyre_11_f000106_aug.wav,ko,spoof,tts,Chatterbox Multilingual,-,mlaad,,rawboost
data/processed/ko_augmented/zeroth_156_003_2594_aug.wav,ko,bonafide,real,-,zeroth_156,zeroth_korean,그분은 완벽한 제어력을 가지고 계시며 결코 과민 반응을 보이지 않으십니다,none
data/processed/ko_augmented/kss_08767_aug.wav,ko,bonafide,real,-,kss_speaker,kss,고속도로가 거대한 주차장이 되어 버렸어요.,rawboost+codec
data/processed/ko_mlaad_augmented/emerald_city_of_oz_17_f000125_aug.wav,ko,spoof,tts,minimax_speech-02-turbo,-,mlaad,,rawboost
data/processed/ko_augmented/zeroth_150_003_2293_aug.wav,ko,bonafide,real,-,zeroth_150,zeroth_korean,마음만 먹으면 어떤 사람보다도 정신과 의사는 범행하기가 쉽고 편안한 위치에 있습니다,rawboost
data/processed/en_mlaad_augmented/wives_and_daughters_21_f000042_aug.wav,en,spoof,tts,ElevenLabs-Turbo-v2.5,-,mlaad,,none
data/processed/en_augmented/LA_T_7367042_aug.wav,en,bonafide,real,-,LA_0082,asvspoof2019la,,rawboost
data/processed/en_mlaad_augmented/wives_and_daughters_47_f000088_aug.wav,en,spoof,tts,ElevenLabs-Turbo-v2.5,-,mlaad,,none
data/processed/en_augmented/LA_T_6472152_aug.wav,en,bonafide,real,-,LA_0098,asvspoof2019la,,rawboost+codec
data/processed/ko_augmented/zeroth_108_003_1014_aug.wav,ko,bonafide,real,-,zeroth_108,zeroth_korean,그런데 누구에는 더 많은 얘기를 나누고 누구에게는 한 마디만 나누고 그러면 그것이 바로 측근이 되고 내가 더 실세다 하는 것들이 생겨나잖아요,rawboost
data/processed/en_mlaad_augmented/jane_eyre_27_f000199_aug.wav,en,spoof,tts,ElevenLabs-v3,-,mlaad,,none
data/processed/en_mlaad_augmented/wives_and_daughters_28_f000086_aug.wav,en,spoof,tts,ElevenLabs-v2-Multilingual,-,mlaad,,none
data/processed/ko_mlaad_augmented/jane_eyre_37_f000430_aug.wav,ko,spoof,tts,MOSS-TTS-8B,-,mlaad,,none
data/processed/ko_augmented/zeroth_134_003_2657_aug.wav,ko,bonafide,real,-,zeroth_134,zeroth_korean,노효동 특파원 미국 최대의 방산업체인 록히드마틴이 지난 이십 구 일 한 미 양국이 사드 문제를 논의 중이라고 했던 주장을 하루 만에 뒤집었다,rawboost+codec
data/processed/en_mlaad_augmented/wives_and_daughters_58_f000072_aug.wav,en,spoof,tts,kokoro,-,mlaad,,rawboost
data/processed/en_augmented/LA_T_1131312_aug.wav,en,bonafide,real,-,LA_0092,asvspoof2019la,,rawboost
data/processed/en_mlaad_augmented/hunters_space_07_f000039_aug.wav,en,spoof,tts,tts_models_multilingual_multi-dataset_xtts_v2,-,mlaad,,none
data/processed/ko_augmented/zeroth_185_from_zeroth_173_003_1641_aug.wav,ko,spoof,vc,rvc_zeroth_185,zeroth_185,rvc_from_zeroth_173,증권 시장의 호황으로도 사회 정의가 구현될 수는 없다,rawboost
data/processed/ko_augmented/kss_00741_aug.wav,ko,spoof,tts,mms-tts-kor,vits_default,kss_transcript,그는 법정에 모습을 나타내지 않았다.,rawboost
data/processed/en_augmented/LA_T_7422329_aug.wav,en,bonafide,real,-,LA_0086,asvspoof2019la,,rawboost+codec
data/processed/en_mlaad_augmented/pink_fairy_book_36_f000042_aug.wav,en,spoof,tts,Higgs-Audio-V2,-,mlaad,,rawboost+codec
data/processed/ko_augmented/zeroth_148_003_1885_aug.wav,ko,bonafide,real,-,zeroth_148,zeroth_korean,온라인 여행전문 사이트 익스피디아에 따르면 아랍에미리트 직장인들은 연차휴가 삼십 일 스웨덴 네덜란드 노르웨이는 이십 오 일을 받아 백 퍼센트 쓰고 있다,none
data/processed/ko_mlaad_augmented/silent_bullet_06_f000237_aug.wav,ko,spoof,tts,tts_models_multilingual_multi-dataset_xtts_v2,-,mlaad,,rawboost+codec
data/processed/en_augmented/LA_T_5100132_aug.wav,en,bonafide,real,-,LA_0080,asvspoof2019la,,rawboost
data/processed/ko_augmented/zeroth_140_003_0611_aug.wav,ko,bonafide,real,-,zeroth_140,zeroth_korean,화가 임옥상씨가 십 팔 일 서울 광화문광장에서 열린 문화예술계 블랙리스트 진상규명 및 책임자 처벌과 예술검열을 반대하는 문화예술인들의 예술행동에 참여하고 있다,rawboost
data/processed/ko_mlaad_augmented/rinkitink_baum_03_64kb_f000011_aug.wav,ko,spoof,tts,Qwen3-TTS-12Hz-0.6B-Base,-,mlaad,,rawboost
data/processed/en_augmented/LA_T_3967178_aug.wav,en,bonafide,real,-,LA_0089,asvspoof2019la,,rawboost
data/processed/en_augmented/LA_T_7154443_aug.wav,en,spoof,tts,A02,LA_0089,asvspoof2019la,,rawboost
data/processed/en_augmented/LA_T_3394389_aug.wav,en,bonafide,real,-,LA_0093,asvspoof2019la,,rawboost
data/processed/ko_augmented/zeroth_187_003_1863_aug.wav,ko,bonafide,real,-,zeroth_187,zeroth_korean,일례로 예수께서는 한 젊은이의 진실함에 깊은 감명을 받으신 적이 있습니다,rawboost
data/processed/en_mlaad_augmented/the_master_key_13_f000088_aug.wav,en,spoof,tts,Chatterbox,-,mlaad,,rawboost
data/processed/ko_augmented/zeroth_153_003_1691_aug.wav,ko,bonafide,real,-,zeroth_153,zeroth_korean,한 걸음 더 나아가 천 구백 이십 이 년에는 처음으로 선박과 육지 사이에 무선 통신이 이루어졌습니다,rawboost
data/processed/ko_mlaad_augmented/rinkitink_baum_16_64kb_f000056_aug.wav,ko,spoof,tts,Qwen3-TTS-12Hz-0.6B-Base,-,mlaad,,rawboost
data/processed/en_augmented/LA_T_4817040_aug.wav,en,bonafide,real,-,LA_0082,asvspoof2019la,,rawboost
data/processed/en_mlaad_augmented/northandsouth_06_f000043_aug.wav,en,spoof,tts,ElevenLabs-v2-Multilingual,-,mlaad,,none
data/processed/ko_mlaad_augmented/midnight_passenger_10_f000112_aug.wav,ko,spoof,tts,Qwen3-TTS-12Hz-0.6B-Base,-,mlaad,,none
data/processed/en_mlaad_augmented/ozma_of_oz_14_f000096_aug.wav,en,spoof,tts,kokoro,-,mlaad,,rawboost+codec
data/processed/ko_augmented/zeroth_176_003_1193_aug.wav,ko,bonafide,real,-,zeroth_176,zeroth_korean,오히려 비판세력에 대해 행동으로 맞서기까지 하고 있다,rawboost
data/processed/ko_augmented/zeroth_164_003_0916_aug.wav,ko,bonafide,real,-,zeroth_164,zeroth_korean,처음에 몇몇 사람은 미신 때문에 지하에서 채굴하는 것을 두려워한 나머지 지표면에서 금을 찾기 시작했습니다,codec
data/processed/ko_mlaad_augmented/wives_and_daughters_22_f000116_aug.wav,ko,spoof,tts,MOSS-TTS-1.7B,-,mlaad,,rawboost
data/processed/ko_augmented/zeroth_197_003_0111_aug.wav,ko,bonafide,real,-,zeroth_197,zeroth_korean,조씨는 또 다음이 있겠거니 하고 기다려야지 별 수 있나라며 씁쓸하게 웃었다,none
data/processed/en_augmented/LA_T_1188742_aug.wav,en,bonafide,real,-,LA_0083,asvspoof2019la,,none
data/processed/en_mlaad_augmented/wives_and_daughters_52_f000184_aug.wav,en,spoof,tts,Higgs-Audio-V2,-,mlaad,,codec
data/processed/ko_mlaad_augmented/silent_bullet_05_f000092_aug.wav,ko,spoof,tts,minimax_speech-02-turbo,-,mlaad,,none
data/processed/en_mlaad_augmented/piratesofersatz_03_leinster_64kb_f000218_aug.wav,en,spoof,tts,MOSS-TTS-8B,-,mlaad,,rawboost
data/processed/en_mlaad_augmented/northandsouth_04_f000119_aug.wav,en,spoof,tts,ElevenLabs-v3,-,mlaad,,none
data/processed/ko_mlaad_augmented/wives_and_daughters_40_f000141_aug.wav,ko,spoof,tts,Fish-S2-Pro,-,mlaad,,none
data/processed/en_augmented/LA_T_9132666_aug.wav,en,bonafide,real,-,LA_0094,asvspoof2019la,,none
data/processed/ko_augmented/zeroth_216_003_1584_aug.wav,ko,bonafide,real,-,zeroth_216,zeroth_korean,올해 들어 한국 경제를 위협하는 가장 큰 요인으로 지목됐던 미국 중국 등 주요 두 개국 리스크 가운데 먼저 중국의 경기 둔화가 충격을 줬다,none
data/processed/en_augmented/LA_T_1882969_aug.wav,en,bonafide,real,-,LA_0092,asvspoof2019la,,rawboost+codec
data/processed/en_mlaad_augmented/jane_eyre_05_f000209_aug.wav,en,spoof,tts,ElevenLabs-Turbo-v2.5,-,mlaad,,rawboost
data/processed/ko_mlaad_augmented/wives_and_daughters_39_f000176_aug.wav,ko,spoof,tts,Qwen3-TTS-12Hz-1.7B-Base,-,mlaad,,codec
data/processed/ko_mlaad_augmented/jane_eyre_16_f000120_aug.wav,ko,spoof,tts,tts_models_multilingual_multi-dataset_bark,-,mlaad,,rawboost
data/processed/ko_mlaad_augmented/dorothy_and_wizard_oz_17_f000023_aug.wav,ko,spoof,tts,Fish-S2-Pro,-,mlaad,,none
data/processed/en_mlaad_augmented/midnight_passenger_11_f000190_aug.wav,en,spoof,tts,ElevenLabs-v2-Multilingual,-,mlaad,,rawboost
data/processed/en_mlaad_augmented/dorothy_and_wizard_oz_20_f000007_aug.wav,en,spoof,tts,Higgs-Audio-V2,-,mlaad,,rawboost
data/processed/ko_mlaad_augmented/poisoned_pen_04_f000054_aug.wav,ko,spoof,tts,tts_models_multilingual_multi-dataset_xtts_v2,-,mlaad,,codec
data/processed/ko_augmented/kss_02291_aug.wav,ko,bonafide,real,-,kss_speaker,kss,진심으로 애도의 말씀을 드립니다.,rawboost
data/processed/ko_augmented/zeroth_159_003_0153_aug.wav,ko,bonafide,real,-,zeroth_159,zeroth_korean,최순실 씨 조카 장시호 씨가 최근 특검에서 의미심장한 진술을 한 것으로 확인됐습니다,codec
data/processed/en_augmented/LA_T_6442486_aug.wav,en,bonafide,real,-,LA_0091,asvspoof2019la,,none
data/processed/en_augmented/LA_T_6631167_aug.wav,en,bonafide,real,-,LA_0080,asvspoof2019la,,rawboost
data/processed/en_mlaad_augmented/midnight_passenger_14_f000240_aug.wav,en,spoof,tts,GPT-SoVITS,-,mlaad,,none
data/processed/ko_mlaad_augmented/northandsouth_50_f000134_aug.wav,ko,spoof,tts,MOSS-TTS-1.7B,-,mlaad,,codec
data/processed/en_augmented/LA_T_7310231_aug.wav,en,bonafide,real,-,LA_0087,asvspoof2019la,,rawboost+codec
data/processed/en_mlaad_augmented/poisoned_pen_03_f000211_aug.wav,en,spoof,tts,Qwen3-TTS-12Hz-1.7B-Base,-,mlaad,,codec
data/processed/ko_augmented/kss_09714_aug.wav,ko,bonafide,real,-,kss_speaker,kss,숫자를 일일이 비교해 봐야 해.,rawboost
data/processed/en_augmented/LA_T_3058432_aug.wav,en,bonafide,real,-,LA_0084,asvspoof2019la,,none
data/processed/en_augmented/LA_T_6324553_aug.wav,en,bonafide,real,-,LA_0079,asvspoof2019la,,rawboost+codec
data/processed/ko_mlaad_augmented/northandsouth_18_f000090_aug.wav,ko,spoof,tts,Higgs-Audio-V2,-,mlaad,,codec
data/processed/en_augmented/LA_T_6910683_aug.wav,en,bonafide,real,-,LA_0088,asvspoof2019la,,codec
data/processed/ko_mlaad_augmented/hunters_space_12_f000005_aug.wav,ko,spoof,tts,tts_models_multilingual_multi-dataset_xtts_v2,-,mlaad,,none
data/processed/ko_augmented/zeroth_113_003_1633_aug.wav,ko,bonafide,real,-,zeroth_113,zeroth_korean,샌프란시스코 에이즈 재단에서는 다음과 같이 경고합니다,codec
data/processed/en_augmented/LA_T_5050748_aug.wav,en,bonafide,real,-,LA_0094,asvspoof2019la,,none
data/processed/en_augmented/LA_T_5593727_aug.wav,en,spoof,vc,A06,LA_0088,asvspoof2019la,,rawboost
data/processed/en_mlaad_augmented/wives_and_daughters_57_f000023_aug.wav,en,spoof,tts,Qwen3-TTS-12Hz-1.7B-Base,-,mlaad,,rawboost
data/processed/en_mlaad_augmented/wives_and_daughters_57_f000157_aug.wav,en,spoof,tts,Higgs-Audio-V2,-,mlaad,,rawboost+codec
data/processed/ko_mlaad_augmented/jane_eyre_16_f000065_aug.wav,ko,spoof,tts,Qwen3-TTS-12Hz-0.6B-Base,-,mlaad,,none
data/processed/ko_mlaad_augmented/dorothy_and_wizard_oz_08_f000090_aug.wav,ko,spoof,tts,Qwen3-TTS-12Hz-0.6B-Base,-,mlaad,,none
data/processed/en_mlaad_augmented/piratesofersatz_04_leinster_64kb_f000113_aug.wav,en,spoof,tts,minimax_speech-2.6-hd,-,mlaad,,none
data/processed/ko_augmented/zeroth_218_003_1875_aug.wav,ko,bonafide,real,-,zeroth_218,zeroth_korean,그 성구에서는 곧 하느님께서 땅을 파멸시키는 자들을 파멸시키실 것이라고 알려 줍니다,codec
data/processed/ko_augmented/zeroth_218_003_1386_aug.wav,ko,bonafide,real,-,zeroth_218,zeroth_korean,이날 박창진 사무장은 내 지인으로부터 메신저 연락이 왔는데 나에 대한 찌라시가 돌고 있다고 한다고 전했다,rawboost
data/processed/ko_augmented/zeroth_212_003_2759_aug.wav,ko,bonafide,real,-,zeroth_212,zeroth_korean,현재 그에 대해 알려진 것은 예전에 살던 집이 청주시 흥덕구 오송읍이고 천 구백 구십 칠 년 여름 소 중개업자의 손에 끌려 김씨의 축사에 왔다는 것뿐이다,rawboost
data/processed/en_mlaad_augmented/northandsouth_37_f000191_aug.wav,en,spoof,tts,ElevenLabs-v3,-,mlaad,,rawboost
data/processed/en_augmented/LA_T_9276305_aug.wav,en,bonafide,real,-,LA_0087,asvspoof2019la,,rawboost
data/processed/ko_mlaad_augmented/the_sea_fairies_03_f000112_aug.wav,ko,spoof,tts,OmniVoice,-,mlaad,,rawboost
data/processed/ko_augmented/zeroth_172_003_0927_aug.wav,ko,bonafide,real,-,zeroth_172,zeroth_korean,박씨는 또 새벽 한 시 삼십 분이 되자 광화문광장에 배치된 경찰들이 철수하기 시작했다,none
data/processed/en_mlaad_augmented/jane_eyre_23_f000052_aug.wav,en,spoof,tts,Qwen3-TTS-12Hz-1.7B-Base,-,mlaad,,rawboost+codec
data/processed/en_mlaad_augmented/poisoned_pen_06_f000173_aug.wav,en,spoof,tts,minimax_speech-2.6-hd,-,mlaad,,rawboost
data/processed/en_augmented/LA_T_7213473_aug.wav,en,bonafide,real,-,LA_0081,asvspoof2019la,,rawboost+codec
data/processed/ko_augmented/kss_05417_aug.wav,ko,bonafide,real,-,kss_speaker,kss,1년이 넘도록 실업자 신세예요.,rawboost
data/processed/ko_augmented/zeroth_188_003_2418_aug.wav,ko,bonafide,real,-,zeroth_188,zeroth_korean,서울도시철도 역시 육천 사백 칠십 오 억원의 수익을 냈으나 비용이 구천 이백 삼십 오 억원에 이르면서 이천 칠백 육십 억원의 적자를 냈다,none
data/processed/en_augmented/LA_T_1017386_aug.wav,en,spoof,tts,A03,LA_0079,asvspoof2019la,,none
data/processed/en_mlaad_augmented/wives_and_daughters_11_f000307_aug.wav,en,spoof,tts,minimax_speech-2.6-hd,-,mlaad,,rawboost+codec
data/processed/en_augmented/LA_T_4365712_aug.wav,en,bonafide,real,-,LA_0089,asvspoof2019la,,none
data/processed/ko_mlaad_augmented/emerald_city_of_oz_09_f000060_aug.wav,ko,spoof,tts,tts_models_multilingual_multi-dataset_bark,-,mlaad,,rawboost+codec
data/processed/en_augmented/LA_T_1581753_aug.wav,en,bonafide,real,-,LA_0085,asvspoof2019la,,rawboost
data/processed/en_augmented/LA_T_7214355_aug.wav,en,bonafide,real,-,LA_0090,asvspoof2019la,,none
data/processed/en_mlaad_augmented/northandsouth_41_f000143_aug.wav,en,spoof,tts,ElevenLabs-v3,-,mlaad,,none
data/processed/ko_augmented/kss_09325_aug.wav,ko,bonafide,real,-,kss_speaker,kss,오는 길에 교통사고가 있었어요.,rawboost
data/processed/en_mlaad_augmented/wives_and_daughters_35_f000208_aug.wav,en,spoof,tts,Qwen3-TTS-12Hz-1.7B-Base,-,mlaad,,codec
data/processed/en_augmented/LA_T_8236638_aug.wav,en,bonafide,real,-,LA_0098,asvspoof2019la,,none
data/processed/en_mlaad_augmented/jane_eyre_24_f000071_aug.wav,en,spoof,tts,MOSS-TTS-8B,-,mlaad,,none
data/processed/ko_mlaad_augmented/emerald_city_of_oz_13_f000033_aug.wav,ko,spoof,tts,MOSS-TTS-8B,-,mlaad,,codec
data/processed/ko_augmented/kss_08585_aug.wav,ko,bonafide,real,-,kss_speaker,kss,저는 키에 비해서 몸무게가 가벼워요.,none
data/processed/en_augmented/LA_T_7778575_aug.wav,en,bonafide,real,-,LA_0084,asvspoof2019la,,rawboost
data/processed/ko_augmented/zeroth_182_003_0721_aug.wav,ko,bonafide,real,-,zeroth_182,zeroth_korean,그러나 반 총장이 여전히 아마추어적 행보를 보이고 있다는 지적도 적지 않다,none
data/processed/ko_augmented/kss_08870_aug.wav,ko,spoof,tts,mms-tts-kor,vits_default,kss_transcript,농담은 그만둬.,codec
data/processed/ko_augmented/zeroth_170_003_1842_aug.wav,ko,bonafide,real,-,zeroth_170,zeroth_korean,그 첼시 전에서 나의 실수는 마치 내 인생에 재앙이 불어닥친 것만 같은 느낌이었다,codec
data/processed/en_augmented/LA_T_9071029_aug.wav,en,bonafide,real,-,LA_0097,asvspoof2019la,,none
data/processed/en_augmented/LA_T_6212732_aug.wav,en,bonafide,real,-,LA_0083,asvspoof2019la,,rawboost
data/processed/ko_mlaad_augmented/piratesofersatz_01_leinster_64kb_f000106_aug.wav,ko,spoof,tts,OmniVoice,-,mlaad,,rawboost
data/processed/en_augmented/LA_T_2925763_aug.wav,en,bonafide,real,-,LA_0082,asvspoof2019la,,rawboost+codec
data/processed/en_augmented/LA_T_2361751_aug.wav,en,bonafide,real,-,LA_0079,asvspoof2019la,,codec
data/processed/en_augmented/LA_T_5960681_aug.wav,en,bonafide,real,-,LA_0098,asvspoof2019la,,rawboost
data/processed/ko_mlaad_augmented/wives_and_daughters_20_f000147_aug.wav,ko,spoof,tts,Qwen3-TTS-12Hz-1.7B-Base,-,mlaad,,rawboost
data/processed/ko_augmented/zeroth_217_003_2545_aug.wav,ko,bonafide,real,-,zeroth_217,zeroth_korean,오늘도 오존 주의보가 내려진 곳이 있고 다음 주 초까지 더위와 함께 오존 주의보도 자주 발효될 것으로 보입니다,none
data/processed/en_augmented/LA_T_8147741_aug.wav,en,bonafide,real,-,LA_0082,asvspoof2019la,,codec
data/processed/en_mlaad_augmented/silent_bullet_10_f000085_aug.wav,en,spoof,tts,GPT-SoVITS,-,mlaad,,rawboost
data/processed/en_augmented/LA_T_9754656_aug.wav,en,bonafide,real,-,LA_0097,asvspoof2019la,,rawboost
data/processed/ko_augmented/kss_01488_aug.wav,ko,bonafide,real,-,kss_speaker,kss,부모님 앞에서 노래를 한다는 건 민망한 일이에요.,rawboost
data/processed/ko_augmented/kss_09869_aug.wav,ko,bonafide,real,-,kss_speaker,kss,하루 종일 재채기가 멈추지를 않아요.,none
data/processed/en_mlaad_augmented/silent_bullet_13_f000228_aug.wav,en,spoof,tts,tts_models_multilingual_multi-dataset_xtts_v2,-,mlaad,,rawboost
data/processed/ko_augmented/kss_10323_aug.wav,ko,spoof,tts,mms-tts-kor,vits_default,kss_transcript,지우개 좀 잠시 써도 돼?,none
data/processed/ko_augmented/kss_07438_aug.wav,ko,bonafide,real,-,kss_speaker,kss,지금은 감기 때문에 밥맛이 없어요.,rawboost+codec
data/processed/ko_augmented/kss_09192_aug.wav,ko,bonafide,real,-,kss_speaker,kss,흡연 구역은 어디입니까?,rawboost
data/processed/en_mlaad_augmented/northandsouth_16_f000111_aug.wav,en,spoof,tts,GPT-SoVITS,-,mlaad,,none
data/processed/ko_mlaad_augmented/dorothy_and_wizard_oz_06_f000071_aug.wav,ko,spoof,tts,OmniVoice,-,mlaad,,rawboost
data/processed/en_augmented/LA_T_8665775_aug.wav,en,bonafide,real,-,LA_0085,asvspoof2019la,,rawboost
data/processed/en_mlaad_augmented/hunters_space_14_f000073_aug.wav,en,spoof,tts,Qwen3-TTS-12Hz-1.7B-Base,-,mlaad,,none
data/processed/ko_augmented/zeroth_189_003_1862_aug.wav,ko,bonafide,real,-,zeroth_189,zeroth_korean,이 노부인은 세계의 주요 금융 기관들 가운데 하나인 영국은행입니다,rawboost
data/processed/en_augmented/LA_T_4864042_aug.wav,en,spoof,vc,A05,LA_0086,asvspoof2019la,,none
data/processed/ko_augmented/zeroth_143_003_1952_aug.wav,ko,bonafide,real,-,zeroth_143,zeroth_korean,흑인인 플래내건은 나를 이 끝까지 오게 한 것은 교회 총격사건이라면서 내 총알에 희생자 이름 이니셜이 새겨져 있다고 말했다,none
data/processed/en_mlaad_augmented/dorothy_and_wizard_oz_01_f000067_aug.wav,en,spoof,tts,MOSS-TTS-8B,-,mlaad,,rawboost
data/processed/en_augmented/LA_T_1302070_aug.wav,en,spoof,vc,A05,LA_0094,asvspoof2019la,,codec
data/processed/ko_augmented/kss_12659_aug.wav,ko,bonafide,real,-,kss_speaker,kss,심심해 죽겠어요.,none
data/processed/en_augmented/LA_T_2699884_aug.wav,en,bonafide,real,-,LA_0082,asvspoof2019la,,none
data/processed/en_augmented/LA_T_4197307_aug.wav,en,bonafide,real,-,LA_0079,asvspoof2019la,,rawboost
data/processed/en_augmented/LA_T_9177970_aug.wav,en,bonafide,real,-,LA_0089,asvspoof2019la,,none
data/processed/ko_augmented/kss_12151_aug.wav,ko,bonafide,real,-,kss_speaker,kss,이 건물은 누구 소유예요?,none
data/processed/en_augmented/LA_T_2079451_aug.wav,en,bonafide,real,-,LA_0097,asvspoof2019la,,codec
data/processed/ko_mlaad_augmented/midnight_passenger_01_f000165_aug.wav,ko,spoof,tts,MOSS-TTS-1.7B,-,mlaad,,codec
data/processed/ko_augmented/zeroth_111_003_0909_aug.wav,ko,bonafide,real,-,zeroth_111,zeroth_korean,일본의 수출액은 전년대비 구 쩜 사 사 퍼센트 네덜란드는 십 오 쩜 육 칠 퍼센트 급감했다,none
data/processed/en_augmented/LA_T_9650425_aug.wav,en,bonafide,real,-,LA_0081,asvspoof2019la,,none
data/processed/ko_mlaad_augmented/wives_and_daughters_47_f000005_aug.wav,ko,spoof,tts,Fish-S2-Pro,-,mlaad,,rawboost+codec
data/processed/en_mlaad_augmented/jane_eyre_14_f000149_aug.wav,en,spoof,tts,Qwen3-TTS-12Hz-1.7B-Base,-,mlaad,,none
data/processed/ko_augmented/kss_00815_aug.wav,ko,bonafide,real,-,kss_speaker,kss,그 요금에 아침 식사가 포함되어 있습니까?,rawboost
data/processed/en_augmented/LA_T_6423802_aug.wav,en,bonafide,real,-,LA_0081,asvspoof2019la,,none
data/processed/ko_augmented/kss_12605_aug.wav,ko,spoof,tts,mms-tts-kor,vits_default,kss_transcript,두 사람 친구 아니야?,rawboost
data/processed/ko_mlaad_augmented/skyisland_01_baum_64kb_f000049_aug.wav,ko,spoof,tts,MOSS-TTS-1.7B,-,mlaad,,none
data/processed/en_mlaad_augmented/northandsouth_37_f000025_aug.wav,en,spoof,tts,ElevenLabs-v2-Multilingual,-,mlaad,,codec
data/processed/ko_mlaad_augmented/midnight_passenger_05_f000112_aug.wav,ko,spoof,tts,tts_models_multilingual_multi-dataset_xtts_v2,-,mlaad,,none
data/processed/en_augmented/LA_T_7946710_aug.wav,en,bonafide,real,-,LA_0090,asvspoof2019la,,rawboost
data/processed/ko_mlaad_augmented/jane_eyre_15_f000065_aug.wav,ko,spoof,tts,minimax_speech-02-turbo,-,mlaad,,none
data/processed/en_augmented/LA_T_5239258_aug.wav,en,bonafide,real,-,LA_0085,asvspoof2019la,,rawboost+codec
data/processed/en_mlaad_augmented/jane_eyre_26_f000177_aug.wav,en,spoof,tts,tts_models_multilingual_multi-dataset_xtts_v2,-,mlaad,,rawboost
data/processed/ko_augmented/zeroth_117_003_2988_aug.wav,ko,bonafide,real,-,zeroth_117,zeroth_korean,그녀가 사실을 이야기 할 수 있도록 설득하는 것이 중요하다,rawboost+codec
data/processed/en_augmented/LA_T_3130781_aug.wav,en,spoof,vc,A06,LA_0093,asvspoof2019la,,none
data/processed/ko_augmented/kss_09985_aug.wav,ko,bonafide,real,-,kss_speaker,kss,그 안에 중요한 자료가 들어 있니?,rawboost+codec
data/processed/ko_mlaad_augmented/jane_eyre_17_f000026_aug.wav,ko,spoof,tts,Fish-S2-Pro,-,mlaad,,none
data/processed/en_augmented/LA_T_9483901_aug.wav,en,bonafide,real,-,LA_0090,asvspoof2019la,,none
data/processed/ko_augmented/kss_03968_aug.wav,ko,bonafide,real,-,kss_speaker,kss,투덜거린다고 변하는 건 없어.,rawboost
data/processed/en_augmented/LA_T_2562689_aug.wav,en,bonafide,real,-,LA_0079,asvspoof2019la,,none
data/processed/ko_augmented/zeroth_124_003_1144_aug.wav,ko,bonafide,real,-,zeroth_124,zeroth_korean,예를 들면 그들은 부모에게 감사하기보다는 점점 더 많은 것을 요구하고 자신들이 받는 것에 대해 불만스러워하며 공격적이 고 다른 사람을 배려하지 않는다,codec
data/processed/en_augmented/LA_T_7388260_aug.wav,en,bonafide,real,-,LA_0081,asvspoof2019la,,rawboost
data/processed/ko_mlaad_augmented/hunters_space_14_f000107_aug.wav,ko,spoof,tts,OmniVoice,-,mlaad,,codec
data/processed/en_mlaad_augmented/wives_and_daughters_48_f000026_aug.wav,en,spoof,tts,kokoro,-,mlaad,,none
data/processed/en_augmented/LA_T_3237001_aug.wav,en,bonafide,real,-,LA_0098,asvspoof2019la,,codec
data/processed/en_augmented/LA_T_4260745_aug.wav,en,spoof,tts,A01,LA_0098,asvspoof2019la,,none
data/processed/en_augmented/LA_T_2297014_aug.wav,en,bonafide,real,-,LA_0090,asvspoof2019la,,none
data/processed/ko_mlaad_augmented/wives_and_daughters_15_f000073_aug.wav,ko,spoof,tts,tts_models_multilingual_multi-dataset_xtts_v2,-,mlaad,,none
data/processed/ko_augmented/zeroth_165_003_2155_aug.wav,ko,bonafide,real,-,zeroth_165,zeroth_korean,레이트켑의 사연은 온라인 성금 모금 사이트인 고펀드미닷컴에 올려져 지난 사 일 오후까지 삼 천 구백 달러가 모금됐다,codec
data/processed/ko_augmented/zeroth_150_003_2330_aug.wav,ko,bonafide,real,-,zeroth_150,zeroth_korean,관찰자로서 내부자로서 음식을 다루는 언론인으로서 음식 방송 열풍을 지켜보는 마음도 남다를 듯했다,none
data/processed/ko_mlaad_augmented/wives_and_daughters_57_f000083_aug.wav,ko,spoof,tts,tts_models_multilingual_multi-dataset_bark,-,mlaad,,codec
data/processed/ko_mlaad_augmented/northandsouth_15_f000009_aug.wav,ko,spoof,tts,tts_models_multilingual_multi-dataset_xtts_v2,-,mlaad,,rawboost
data/processed/en_mlaad_augmented/pink_fairy_book_40_f000162_aug.wav,en,spoof,tts,ElevenLabs-Turbo-v2.5,-,mlaad,,codec
data/processed/en_mlaad_augmented/jane_eyre_33_f000189_aug.wav,en,spoof,tts,MOSS-TTS-8B,-,mlaad,,none
data/processed/ko_augmented/zeroth_160_003_1711_aug.wav,ko,bonafide,real,-,zeroth_160,zeroth_korean,단통법이 있어도 불법 보조금은 음성적으로 횡행해왔지만 해당 정책이 종료되면 공시지원금 과다 마케팅이 벌어질 수 있다,codec
data/processed/ko_augmented/zeroth_189_003_0260_aug.wav,ko,bonafide,real,-,zeroth_189,zeroth_korean,가족생활 가치관에서 중심축이 자녀에서 개인 부부로 옮겨가고 있는 것으로 풀이된다,rawboost+codec
data/processed/en_augmented/LA_T_8798465_aug.wav,en,bonafide,real,-,LA_0097,asvspoof2019la,,rawboost
data/processed/ko_mlaad_augmented/wives_and_daughters_57_f000141_aug.wav,ko,spoof,tts,Chatterbox Multilingual,-,mlaad,,codec
data/processed/en_augmented/LA_T_2432967_aug.wav,en,bonafide,real,-,LA_0091,asvspoof2019la,,none
data/processed/en_mlaad_augmented/dorothy_and_wizard_oz_08_f000034_aug.wav,en,spoof,tts,kokoro,-,mlaad,,none
data/processed/ko_augmented/kss_10739_aug.wav,ko,spoof,tts,mms-tts-kor,vits_default,kss_transcript,막상 직장을 그만두려니까 망설이게 돼요.,none
data/processed/ko_augmented/kss_06189_aug.wav,ko,bonafide,real,-,kss_speaker,kss,무슨 요일에 가고 싶어?,none
data/processed/en_mlaad_augmented/wives_and_daughters_58_f000189_aug.wav,en,spoof,tts,Chatterbox-Turbo,-,mlaad,,rawboost
data/processed/en_mlaad_augmented/jane_eyre_29_f000148_aug.wav,en,spoof,tts,Chatterbox-Turbo,-,mlaad,,codec
data/processed/en_augmented/LA_T_8819900_aug.wav,en,bonafide,real,-,LA_0085,asvspoof2019la,,none
data/processed/ko_mlaad_augmented/wives_and_daughters_32_f000086_aug.wav,ko,spoof,tts,tts_models_multilingual_multi-dataset_bark,-,mlaad,,none
data/processed/ko_augmented/kss_07433_aug.wav,ko,spoof,tts,mms-tts-kor,vits_default,kss_transcript,회사 사람들 모두 지금 발등에 불이 떨어졌어.,none
data/processed/en_augmented/LA_T_4926626_aug.wav,en,bonafide,real,-,LA_0085,asvspoof2019la,,codec
data/processed/ko_mlaad_augmented/northandsouth_12_f000013_aug.wav,ko,spoof,tts,minimax_speech-02-turbo,-,mlaad,,rawboost
data/processed/en_augmented/LA_T_2532093_aug.wav,en,bonafide,real,-,LA_0090,asvspoof2019la,,codec
data/processed/ko_augmented/kss_01567_aug.wav,ko,bonafide,real,-,kss_speaker,kss,노약자석이나 장애인석에 앉으면 마음이 불편합니다.,none
data/processed/ko_augmented/kss_07459_aug.wav,ko,bonafide,real,-,kss_speaker,kss,외국어를 잘하는 좋은 방법을 아세요?,none
data/processed/ko_mlaad_augmented/northandsouth_38_f000022_aug.wav,ko,spoof,tts,tts_models_multilingual_multi-dataset_bark,-,mlaad,,rawboost
data/processed/ko_mlaad_augmented/wives_and_daughters_10_f000064_aug.wav,ko,spoof,tts,tts_models_multilingual_multi-dataset_xtts_v2,-,mlaad,,rawboost+codec
data/processed/en_augmented/LA_T_3387982_aug.wav,en,bonafide,real,-,LA_0080,asvspoof2019la,,none
data/processed/en_augmented/LA_T_2465871_aug.wav,en,bonafide,real,-,LA_0087,asvspoof2019la,,none
data/processed/ko_mlaad_augmented/northandsouth_51_f000033_aug.wav,ko,spoof,tts,Qwen3-TTS-12Hz-0.6B-Base,-,mlaad,,codec
data/processed/en_mlaad_augmented/northandsouth_22_f000020_aug.wav,en,spoof,tts,MOSS-TTS-8B,-,mlaad,,rawboost+codec
data/processed/en_augmented/LA_T_1197695_aug.wav,en,bonafide,real,-,LA_0083,asvspoof2019la,,none
data/processed/ko_augmented/zeroth_148_003_0681_aug.wav,ko,bonafide,real,-,zeroth_148,zeroth_korean,삼 분기에만 매출 일 조 이천 구백 십 구 억원 영업이익 육백 십 팔 억원을 올렸다,none
data/processed/en_augmented/LA_T_3046012_aug.wav,en,bonafide,real,-,LA_0087,asvspoof2019la,,codec
data/processed/en_augmented/LA_T_7958352_aug.wav,en,bonafide,real,-,LA_0089,asvspoof2019la,,none
data/processed/en_augmented/LA_T_3614268_aug.wav,en,bonafide,real,-,LA_0096,asvspoof2019la,,rawboost
data/processed/ko_augmented/zeroth_119_003_2855_aug.wav,ko,bonafide,real,-,zeroth_119,zeroth_korean,이 때문에 입주자 모집공고 전부터 시프트 입주권 편법 거래 등이 인터넷에 떠도는 등 부작용도 낳고 있어 제도 개선이 필요하다는 지적도 적지 않다,rawboost
data/processed/ko_mlaad_augmented/northandsouth_43_f000158_aug.wav,ko,spoof,tts,tts_models_multilingual_multi-dataset_bark,-,mlaad,,rawboost+codec
data/processed/en_augmented/LA_T_9670904_aug.wav,en,bonafide,real,-,LA_0094,asvspoof2019la,,codec
data/processed/en_augmented/LA_T_2092466_aug.wav,en,bonafide,real,-,LA_0090,asvspoof2019la,,none
data/processed/ko_augmented/zeroth_167_003_0523_aug.wav,ko,bonafide,real,-,zeroth_167,zeroth_korean,무상급식 갈등이 일 년 넘게 이어져 오다 홍준표 지사와 박종훈 교육감은 지난 십 팔 일 회동을 통해 급식예산 협상 재개에 합의했다,none
data/processed/ko_mlaad_augmented/the_sea_fairies_03_f000110_aug.wav,ko,spoof,tts,tts_models_multilingual_multi-dataset_bark,-,mlaad,,rawboost
data/processed/ko_mlaad_augmented/wives_and_daughters_34_f000055_aug.wav,ko,spoof,tts,OmniVoice,-,mlaad,,rawboost
data/processed/en_augmented/LA_T_2606704_aug.wav,en,bonafide,real,-,LA_0094,asvspoof2019la,,none
data/processed/en_mlaad_augmented/jane_eyre_05_f000211_aug.wav,en,spoof,tts,ElevenLabs-v3,-,mlaad,,rawboost
data/processed/ko_augmented/zeroth_210_003_1089_aug.wav,ko,bonafide,real,-,zeroth_210,zeroth_korean,이게 십 퍼센트 정도도 안 되는 건데 나머지 구십 퍼센트의 아이들은 학교에서의 모든 혜택에서 배제되는 현상이고요,none
data/processed/en_mlaad_augmented/pink_fairy_book_15_f000072_aug.wav,en,spoof,tts,MOSS-TTS-8B,-,mlaad,,none
data/processed/ko_augmented/zeroth_131_003_2726_aug.wav,ko,bonafide,real,-,zeroth_131,zeroth_korean,쏘나타의 지난달 판매량은 전월 대비 일 쩜 구 퍼센트 감소해 두 달 연속 하락세를 기록했다,none
data/processed/en_mlaad_augmented/wives_and_daughters_11_f000291_aug.wav,en,spoof,tts,Chatterbox-Turbo,-,mlaad,,rawboost
data/processed/en_augmented/LA_T_9919874_aug.wav,en,bonafide,real,-,LA_0093,asvspoof2019la,,rawboost
data/processed/en_mlaad_augmented/pink_fairy_book_23_f000082_aug.wav,en,spoof,tts,tts_models_multilingual_multi-dataset_xtts_v2,-,mlaad,,rawboost
data/processed/en_augmented/LA_T_3595333_aug.wav,en,bonafide,real,-,LA_0080,asvspoof2019la,,rawboost
data/processed/en_augmented/LA_T_7700407_aug.wav,en,bonafide,real,-,LA_0086,asvspoof2019la,,rawboost+codec
data/processed/en_mlaad_augmented/silent_bullet_10_f000019_aug.wav,en,spoof,tts,Higgs-Audio-V2,-,mlaad,,codec
data/processed/en_augmented/LA_T_9772981_aug.wav,en,bonafide,real,-,LA_0082,asvspoof2019la,,rawboost
data/processed/en_mlaad_augmented/northandsouth_30_f000019_aug.wav,en,spoof,tts,minimax_speech-2.6-hd,-,mlaad,,rawboost
data/processed/ko_augmented/kss_02924_aug.wav,ko,bonafide,real,-,kss_speaker,kss,마지막으로 건강검진을 받으신 게 언제죠?,rawboost+codec
data/processed/ko_mlaad_augmented/silent_bullet_09_f000169_aug.wav,ko,spoof,tts,minimax_speech-02-turbo,-,mlaad,,none
data/processed/en_mlaad_augmented/the_master_key_03_f000092_aug.wav,en,spoof,tts,Qwen3-TTS-12Hz-1.7B-Base,-,mlaad,,codec
data/processed/ko_augmented/kss_01436_aug.wav,ko,bonafide,real,-,kss_speaker,kss,네가 이번에 내린 결정은 현명하지 못했어.,none
data/processed/en_augmented/LA_T_7085338_aug.wav,en,spoof,tts,A02,LA_0083,asvspoof2019la,,rawboost+codec
data/processed/en_augmented/LA_T_3157509_aug.wav,en,bonafide,real,-,LA_0091,asvspoof2019la,,rawboost+codec
data/processed/en_mlaad_augmented/rinkitink_baum_02_64kb_f000058_aug.wav,en,spoof,tts,Higgs-Audio-V2,-,mlaad,,rawboost
data/processed/ko_mlaad_augmented/jane_eyre_27_f000245_aug.wav,ko,spoof,tts,OmniVoice,-,mlaad,,codec
data/processed/en_mlaad_augmented/hunters_space_03_f000090_aug.wav,en,spoof,tts,MOSS-TTS-8B,-,mlaad,,rawboost+codec
data/processed/ko_mlaad_augmented/midnight_passenger_14_f000285_aug.wav,ko,spoof,tts,Higgs-Audio-V2,-,mlaad,,rawboost+codec
data/processed/en_augmented/LA_T_3848963_aug.wav,en,bonafide,real,-,LA_0090,asvspoof2019la,,rawboost
data/processed/en_augmented/LA_T_1897758_aug.wav,en,bonafide,real,-,LA_0096,asvspoof2019la,,rawboost
data/processed/ko_mlaad_augmented/northandsouth_13_f000097_aug.wav,ko,spoof,tts,OmniVoice,-,mlaad,,none
data/processed/ko_augmented/zeroth_160_003_1333_aug.wav,ko,bonafide,real,-,zeroth_160,zeroth_korean,국내에서 일 년 동안 재활용되는 가전제품이 십 육 만 톤에 이르는데 대부분 구리와 철 플라스틱 등 원자재로 분리돼 다시 쓰입니다,rawboost+codec
data/processed/ko_mlaad_augmented/jane_eyre_25_f000064_aug.wav,ko,spoof,tts,Qwen3-TTS-12Hz-1.7B-Base,-,mlaad,,rawboost
data/processed/en_augmented/LA_T_8234497_aug.wav,en,bonafide,real,-,LA_0090,asvspoof2019la,,codec
data/processed/ko_augmented/zeroth_211_003_0412_aug.wav,ko,bonafide,real,-,zeroth_211,zeroth_korean,부모가 당신이 뮤직 비디오를 보는 것에 동의한다면 당신은 선택적이 되고 성서로 훈련받은 지각력을 사용하여 보기에 적합한 것과 적합하지 않은 것을 구별할 필요가 있습니다,codec
data/processed/ko_mlaad_augmented/jane_eyre_19_f000116_aug.wav,ko,spoof,tts,Qwen3-TTS-12Hz-0.6B-Base,-,mlaad,,rawboost
data/processed/en_mlaad_augmented/northandsouth_27_f000089_aug.wav,en,spoof,tts,Higgs-Audio-V2,-,mlaad,,rawboost
data/processed/en_augmented/LA_T_8124095_aug.wav,en,bonafide,real,-,LA_0081,asvspoof2019la,,none
data/processed/ko_mlaad_augmented/the_master_key_13_f000086_aug.wav,ko,spoof,tts,MOSS-TTS-8B,-,mlaad,,none
data/processed/en_mlaad_augmented/emerald_city_of_oz_14_f000055_aug.wav,en,spoof,tts,ElevenLabs-v2-Multilingual,-,mlaad,,none
data/processed/en_augmented/LA_T_1130924_aug.wav,en,bonafide,real,-,LA_0087,asvspoof2019la,,none
data/processed/ko_mlaad_augmented/northandsouth_51_f000038_aug.wav,ko,spoof,tts,Qwen3-TTS-12Hz-1.7B-Base,-,mlaad,,rawboost
data/processed/ko_mlaad_augmented/wives_and_daughters_49_f000098_aug.wav,ko,spoof,tts,Qwen3-TTS-12Hz-1.7B-Base,-,mlaad,,codec
data/processed/ko_mlaad_augmented/ozma_of_oz_17_f000022_aug.wav,ko,spoof,tts,tts_models_multilingual_multi-dataset_xtts_v2,-,mlaad,,rawboost
data/processed/ko_augmented/zeroth_124_003_2186_aug.wav,ko,bonafide,real,-,zeroth_124,zeroth_korean,근로능력평가는 의학적 평가와 활동능력 평가 두 가지로 이뤄진다,none
data/processed/en_augmented/LA_T_8305834_aug.wav,en,bonafide,real,-,LA_0089,asvspoof2019la,,none
data/processed/ko_augmented/kss_03554_aug.wav,ko,bonafide,real,-,kss_speaker,kss,너는 살이 좀 쪄야겠다.,none
data/processed/ko_augmented/zeroth_129_003_1911_aug.wav,ko,bonafide,real,-,zeroth_129,zeroth_korean,임슬옹 또한 수경이가 아직 고등학교 졸업을 하지 않았다,none
data/processed/ko_mlaad_augmented/silent_bullet_02_f000088_aug.wav,ko,spoof,tts,MOSS-TTS-1.7B,-,mlaad,,rawboost+codec
data/processed/ko_mlaad_augmented/wives_and_daughters_54_f000128_aug.wav,ko,spoof,tts,Qwen3-TTS-12Hz-0.6B-Base,-,mlaad,,rawboost
data/processed/en_augmented/LA_T_2618051_aug.wav,en,bonafide,real,-,LA_0082,asvspoof2019la,,codec
data/processed/en_augmented/LA_T_1773196_aug.wav,en,bonafide,real,-,LA_0091,asvspoof2019la,,none
data/processed/en_mlaad_augmented/midnight_passenger_12_f000098_aug.wav,en,spoof,tts,tts_models_multilingual_multi-dataset_xtts_v2,-,mlaad,,rawboost
data/processed/ko_augmented/zeroth_114_003_1554_aug.wav,ko,bonafide,real,-,zeroth_114,zeroth_korean,단지 특별법상에 아주 구체적인 내용으로 어떻게 구성을 하고 이런 내용은 없지만 분명히 준비할 수 있는 다리가 존재할 수 있도록 규정이 되어 있습니다,rawboost+codec
data/processed/ko_mlaad_augmented/wives_and_daughters_54_f000115_aug.wav,ko,spoof,tts,VoxCPM2,-,mlaad,,rawboost
data/processed/ko_augmented/kss_07307_aug.wav,ko,bonafide,real,-,kss_speaker,kss,안전벨트 매는 법 좀 가르쳐 주시겠어요?,none
data/processed/ko_augmented/zeroth_141_003_1940_aug.wav,ko,bonafide,real,-,zeroth_141,zeroth_korean,언론은 이십 오 일쯤 도발 가능성중국 해군의 최신형 이지스 구축함 시닝호의 실전훈련 모습,rawboost
data/processed/ko_mlaad_augmented/jane_eyre_34_f000306_aug.wav,ko,spoof,tts,tts_models_multilingual_multi-dataset_bark,-,mlaad,,rawboost+codec
data/processed/en_mlaad_augmented/skyisland_27_baum_64kb_f000011_aug.wav,en,spoof,tts,Qwen3-TTS-12Hz-1.7B-Base,-,mlaad,,rawboost
data/processed/en_augmented/LA_T_8814910_aug.wav,en,bonafide,real,-,LA_0085,asvspoof2019la,,codec
data/processed/en_augmented/LA_T_1874118_aug.wav,en,bonafide,real,-,LA_0091,asvspoof2019la,,none
data/processed/en_augmented/LA_T_8847275_aug.wav,en,bonafide,real,-,LA_0094,asvspoof2019la,,none
data/processed/en_mlaad_augmented/the_master_key_07_f000005_aug.wav,en,spoof,tts,minimax_speech-2.6-hd,-,mlaad,,none
data/processed/ko_augmented/kss_07054_aug.wav,ko,bonafide,real,-,kss_speaker,kss,저는 그런 사람이 아닙니다.,none
data/processed/en_augmented/LA_T_6407273_aug.wav,en,bonafide,real,-,LA_0085,asvspoof2019la,,none
data/processed/ko_augmented/zeroth_212_003_2228_aug.wav,ko,bonafide,real,-,zeroth_212,zeroth_korean,실제로 우두머리 수컷은 화가 나거나 흥분하면 코가 부풀어 오르면서 빨개집니다,none
data/processed/en_mlaad_augmented/wives_and_daughters_09_f000148_aug.wav,en,spoof,tts,ElevenLabs-Turbo-v2.5,-,mlaad,,none
data/processed/en_augmented/LA_T_3751646_aug.wav,en,bonafide,real,-,LA_0098,asvspoof2019la,,none
data/processed/en_augmented/LA_T_7803296_aug.wav,en,spoof,tts,A01,LA_0083,asvspoof2019la,,rawboost
data/processed/en_augmented/LA_T_3882719_aug.wav,en,bonafide,real,-,LA_0090,asvspoof2019la,,none
data/processed/ko_mlaad_augmented/hunters_space_15_f000062_aug.wav,ko,spoof,tts,OmniVoice,-,mlaad,,none
data/processed/en_mlaad_augmented/northandsouth_22_f000144_aug.wav,en,spoof,tts,tts_models_multilingual_multi-dataset_xtts_v2,-,mlaad,,rawboost
data/processed/ko_augmented/zeroth_145_003_1868_aug.wav,ko,bonafide,real,-,zeroth_145,zeroth_korean,아래에 있는 쿠폰을 작성하여 쿠폰에 나오는 주소나 이 잡지 오 면에 나오는 해당 주소로 보내시면 이 팜플렛을 받아 보실 수 있습니다,rawboost+codec
data/processed/ko_mlaad_augmented/the_sea_fairies_03_f000147_aug.wav,ko,spoof,tts,MOSS-TTS-1.7B,-,mlaad,,none
data/processed/en_augmented/LA_T_5264330_aug.wav,en,bonafide,real,-,LA_0090,asvspoof2019la,,rawboost+codec
data/processed/en_augmented/LA_T_8062147_aug.wav,en,bonafide,real,-,LA_0090,asvspoof2019la,,none
data/processed/ko_mlaad_augmented/the_sea_fairies_02_f000030_aug.wav,ko,spoof,tts,Fish-S2-Pro,-,mlaad,,codec
data/processed/ko_augmented/zeroth_168_003_0470_aug.wav,ko,bonafide,real,-,zeroth_168,zeroth_korean,어떤 걸 보호받을 수 있는지 어떤 걸 주의해야 하는지 알려줘야 하는 거 아닌가,none
data/processed/ko_augmented/zeroth_145_003_1521_aug.wav,ko,bonafide,real,-,zeroth_145,zeroth_korean,또 이 광고들은 정확한 정부의 선팅 규제 기준이나 짙은 선팅을 했을 때 발생할 수 있는 위험 등에 대해서는 설명하지 않는다,none
data/processed/ko_augmented/zeroth_202_003_1758_aug.wav,ko,bonafide,real,-,zeroth_202,zeroth_korean,그게 한 천 육백 억 원이 넘는 것으로 그렇게 알려지고 있습니다,codec
data/processed/ko_mlaad_augmented/wives_and_daughters_26_f000356_aug.wav,ko,spoof,tts,Chatterbox Multilingual,-,mlaad,,none
data/processed/ko_mlaad_augmented/jane_eyre_24_f000289_aug.wav,ko,spoof,tts,Chatterbox Multilingual,-,mlaad,,rawboost
data/processed/en_augmented/LA_T_4362109_aug.wav,en,bonafide,real,-,LA_0079,asvspoof2019la,,rawboost
data/processed/en_mlaad_augmented/northandsouth_04_f000193_aug.wav,en,spoof,tts,Higgs-Audio-V2,-,mlaad,,rawboost
data/processed/ko_augmented/kss_04920_aug.wav,ko,bonafide,real,-,kss_speaker,kss,이 노트북은 휴대가 간편합니다.,rawboost
data/processed/en_augmented/LA_T_8638376_aug.wav,en,bonafide,real,-,LA_0079,asvspoof2019la,,none
data/processed/ko_augmented/kss_04569_aug.wav,ko,bonafide,real,-,kss_speaker,kss,나는 그녀에게 청혼했지만 거절 당했다.,none
data/processed/en_augmented/LA_T_1202428_aug.wav,en,spoof,vc,A06,LA_0080,asvspoof2019la,,none
data/processed/en_augmented/LA_T_6766056_aug.wav,en,bonafide,real,-,LA_0082,asvspoof2019la,,none
data/processed/ko_mlaad_augmented/piratesofersatz_04_leinster_64kb_f000004_aug.wav,ko,spoof,tts,MOSS-TTS-8B,-,mlaad,,none
data/processed/en_mlaad_augmented/wives_and_daughters_60_f000160_aug.wav,en,spoof,tts,Qwen3-TTS-12Hz-1.7B-Base,-,mlaad,,rawboost
data/processed/ko_mlaad_augmented/skyisland_25_baum_64kb_f000038_aug.wav,ko,spoof,tts,Fish-S2-Pro,-,mlaad,,none
data/processed/ko_augmented/kss_08552_aug.wav,ko,spoof,tts,mms-tts-kor,vits_default,kss_transcript,이 음식점은 김치찌개가 전문이야.,none
data/processed/ko_augmented/zeroth_159_003_2780_aug.wav,ko,bonafide,real,-,zeroth_159,zeroth_korean,혹시 가능하다면 성서를 한 부 구할 수 있는지 궁금합니다,none
data/processed/ko_mlaad_augmented/piratesofersatz_04_leinster_64kb_f000154_aug.wav,ko,spoof,tts,minimax_speech-02-turbo,-,mlaad,,rawboost+codec
data/processed/en_augmented/LA_T_1305270_aug.wav,en,bonafide,real,-,LA_0097,asvspoof2019la,,rawboost
data/processed/ko_augmented/zeroth_208_003_2312_aug.wav,ko,bonafide,real,-,zeroth_208,zeroth_korean,최순실 국정농단 사건과 관련해 안봉근 전 청와대 국정홍보비서관이 지난 십 사 일 오전 서울 서초구 서울중앙지검에 출두하고 있다,none
data/processed/ko_mlaad_augmented/northandsouth_40_f000162_aug.wav,ko,spoof,tts,tts_models_multilingual_multi-dataset_bark,-,mlaad,,rawboost
data/processed/en_mlaad_augmented/emerald_city_of_oz_03_f000007_aug.wav,en,spoof,tts,MOSS-TTS-8B,-,mlaad,,codec
data/processed/en_mlaad_augmented/skyisland_01_baum_64kb_f000085_aug.wav,en,spoof,tts,minimax_speech-2.6-hd,-,mlaad,,rawboost+codec
data/processed/en_augmented/LA_T_1158098_aug.wav,en,bonafide,real,-,LA_0084,asvspoof2019la,,none
data/processed/en_mlaad_augmented/emerald_city_of_oz_04_f000071_aug.wav,en,spoof,tts,ElevenLabs-Turbo-v2.5,-,mlaad,,none
data/processed/ko_mlaad_augmented/wives_and_daughters_55_f000143_aug.wav,ko,spoof,tts,tts_models_multilingual_multi-dataset_xtts_v2,-,mlaad,,rawboost
data/processed/ko_augmented/zeroth_114_003_1827_aug.wav,ko,bonafide,real,-,zeroth_114,zeroth_korean,변씨의 반려견은 척추와 뒷다리가 골절되는 부상을 입었다,rawboost+codec
data/processed/ko_mlaad_augmented/pink_fairy_book_38_f000023_aug.wav,ko,spoof,tts,Higgs-Audio-V2,-,mlaad,,rawboost
data/processed/ko_mlaad_augmented/jane_eyre_02_f000061_aug.wav,ko,spoof,tts,MOSS-TTS-1.7B,-,mlaad,,rawboost
data/processed/ko_augmented/zeroth_165_003_1793_aug.wav,ko,bonafide,real,-,zeroth_165,zeroth_korean,정부 정책이 나오면 가격이 더 내려갈 것으로 보고 매수자들이 주택 구매를 망설이면서 거래도 뚝 끊겼다,rawboost
data/processed/ko_augmented/zeroth_108_003_2538_aug.wav,ko,bonafide,real,-,zeroth_108,zeroth_korean,같은 간호부에서 두 명 이상 임신 계획이 있을 땐 이렇게 내가 먼저 할 테니 넌 그다음에 해라는 식으로 순서를 정하는 거죠,rawboost
data/processed/ko_augmented/zeroth_163_003_2142_aug.wav,ko,bonafide,real,-,zeroth_163,zeroth_korean,정용욱 한국역사연구회장은 십 팔 일 교육부 측의 간담회 요청을 받고 불참하겠다고 했다,none
data/processed/en_mlaad_augmented/the_sea_fairies_05_f000082_aug.wav,en,spoof,tts,GPT-SoVITS,-,mlaad,,rawboost+codec
data/processed/en_mlaad_augmented/wives_and_daughters_09_f000064_aug.wav,en,spoof,tts,GPT-SoVITS,-,mlaad,,rawboost
data/processed/ko_mlaad_augmented/wives_and_daughters_52_f000034_aug.wav,ko,spoof,tts,Higgs-Audio-V2,-,mlaad,,codec
data/processed/en_augmented/LA_T_9195565_aug.wav,en,bonafide,real,-,LA_0098,asvspoof2019la,,none
data/processed/ko_mlaad_augmented/emerald_city_of_oz_14_f000021_aug.wav,ko,spoof,tts,Qwen3-TTS-12Hz-0.6B-Base,-,mlaad,,none
data/processed/en_mlaad_augmented/rinkitink_baum_13_64kb_f000035_aug.wav,en,spoof,tts,Qwen3-TTS-12Hz-1.7B-Base,-,mlaad,,rawboost+codec
data/processed/ko_augmented/zeroth_186_003_0900_aug.wav,ko,bonafide,real,-,zeroth_186,zeroth_korean,단박근혜 대통령의 요즘 심경에 대해 청와대 참모들은 다 내려놓았다고 전하고 있다,rawboost
data/processed/en_augmented/LA_T_6835345_aug.wav,en,bonafide,real,-,LA_0082,asvspoof2019la,,rawboost
data/processed/en_mlaad_augmented/rinkitink_baum_04_64kb_f000012_aug.wav,en,spoof,tts,Higgs-Audio-V2,-,mlaad,,none
data/processed/en_augmented/LA_T_5792324_aug.wav,en,bonafide,real,-,LA_0090,asvspoof2019la,,rawboost
data/processed/en_augmented/LA_T_7566003_aug.wav,en,bonafide,real,-,LA_0085,asvspoof2019la,,none
data/processed/en_mlaad_augmented/wives_and_daughters_37_f000072_aug.wav,en,spoof,tts,ElevenLabs-v3,-,mlaad,,rawboost
data/processed/en_augmented/LA_T_7450091_aug.wav,en,bonafide,real,-,LA_0080,asvspoof2019la,,rawboost+codec
data/processed/en_mlaad_augmented/jane_eyre_11_f000035_aug.wav,en,spoof,tts,MOSS-TTS-8B,-,mlaad,,none
data/processed/en_augmented/LA_T_8049822_aug.wav,en,bonafide,real,-,LA_0083,asvspoof2019la,,none
data/processed/en_mlaad_augmented/pink_fairy_book_31_f000004_aug.wav,en,spoof,tts,MOSS-TTS-8B,-,mlaad,,rawboost
data/processed/en_augmented/LA_T_6620806_aug.wav,en,bonafide,real,-,LA_0083,asvspoof2019la,,rawboost
data/processed/en_augmented/LA_T_3342439_aug.wav,en,bonafide,real,-,LA_0081,asvspoof2019la,,codec
data/processed/ko_augmented/kss_02853_aug.wav,ko,bonafide,real,-,kss_speaker,kss,14층으로 올라오세요.,none
data/processed/ko_mlaad_augmented/midnight_passenger_09_f000195_aug.wav,ko,spoof,tts,MOSS-TTS-8B,-,mlaad,,none
data/processed/en_mlaad_augmented/poisoned_pen_06_f000174_aug.wav,en,spoof,tts,ElevenLabs-Turbo-v2.5,-,mlaad,,none
data/processed/en_mlaad_augmented/poisoned_pen_04_f000347_aug.wav,en,spoof,tts,tts_models_multilingual_multi-dataset_xtts_v2,-,mlaad,,none
data/processed/en_augmented/LA_T_2520083_aug.wav,en,bonafide,real,-,LA_0079,asvspoof2019la,,codec
data/processed/en_augmented/LA_T_7786868_aug.wav,en,bonafide,real,-,LA_0084,asvspoof2019la,,rawboost+codec
data/processed/en_mlaad_augmented/northandsouth_11_f000080_aug.wav,en,spoof,tts,Chatterbox-Turbo,-,mlaad,,rawboost
data/processed/en_mlaad_augmented/poisoned_pen_07_f000161_aug.wav,en,spoof,tts,tts_models_multilingual_multi-dataset_xtts_v2,-,mlaad,,rawboost
data/processed/en_augmented/LA_T_6669635_aug.wav,en,bonafide,real,-,LA_0081,asvspoof2019la,,none
data/processed/ko_mlaad_augmented/silent_bullet_12_f000176_aug.wav,ko,spoof,tts,Qwen3-TTS-12Hz-0.6B-Base,-,mlaad,,rawboost
data/processed/ko_augmented/zeroth_200_from_zeroth_215_003_0670_aug.wav,ko,spoof,vc,rvc_zeroth_200,zeroth_200,rvc_from_zeroth_215,그 일을 위해서라면 모든 것을 다 걸겠다는 정도의 자세는 보여달라고 말했다,rawboost
data/processed/ko_mlaad_augmented/wives_and_daughters_49_f000033_aug.wav,ko,spoof,tts,MOSS-TTS-8B,-,mlaad,,rawboost
data/processed/en_mlaad_augmented/jane_eyre_11_f000032_aug.wav,en,spoof,tts,minimax_speech-2.6-hd,-,mlaad,,rawboost+codec
data/processed/en_mlaad_augmented/wives_and_daughters_52_f000177_aug.wav,en,spoof,tts,Chatterbox-Turbo,-,mlaad,,none
data/processed/en_augmented/LA_T_9762480_aug.wav,en,bonafide,real,-,LA_0096,asvspoof2019la,,none
data/processed/en_augmented/LA_T_7510578_aug.wav,en,spoof,tts,A01,LA_0086,asvspoof2019la,,codec
data/processed/ko_mlaad_augmented/northandsouth_21_f000027_aug.wav,ko,spoof,tts,Qwen3-TTS-12Hz-0.6B-Base,-,mlaad,,rawboost+codec
data/processed/en_augmented/LA_T_6350377_aug.wav,en,bonafide,real,-,LA_0085,asvspoof2019la,,rawboost+codec
data/processed/ko_mlaad_augmented/piratesofersatz_07_leinster_64kb_f000206_aug.wav,ko,spoof,tts,MOSS-TTS-1.7B,-,mlaad,,rawboost
data/processed/ko_mlaad_augmented/wives_and_daughters_06_f000094_aug.wav,ko,spoof,tts,minimax_speech-02-turbo,-,mlaad,,codec
data/processed/en_augmented/LA_T_2066209_aug.wav,en,bonafide,real,-,LA_0098,asvspoof2019la,,none
data/processed/ko_augmented/kss_06992_aug.wav,ko,bonafide,real,-,kss_speaker,kss,저는 9시부터 6시까지 일합니다.,rawboost+codec
data/processed/ko_mlaad_augmented/rinkitink_baum_05_64kb_f000083_aug.wav,ko,spoof,tts,tts_models_multilingual_multi-dataset_xtts_v2,-,mlaad,,rawboost
data/processed/en_mlaad_augmented/poisoned_pen_08_f000295_aug.wav,en,spoof,tts,ElevenLabs-v3,-,mlaad,,rawboost
data/processed/ko_mlaad_augmented/emerald_city_of_oz_02_f000013_aug.wav,ko,spoof,tts,minimax_speech-02-turbo,-,mlaad,,codec
data/processed/en_mlaad_augmented/the_sea_fairies_03_f000020_aug.wav,en,spoof,tts,GPT-SoVITS,-,mlaad,,rawboost
data/processed/en_mlaad_augmented/midnight_passenger_11_f000058_aug.wav,en,spoof,tts,Chatterbox-Turbo,-,mlaad,,none
data/processed/ko_mlaad_augmented/northandsouth_50_f000153_aug.wav,ko,spoof,tts,minimax_speech-02-turbo,-,mlaad,,none
data/processed/en_augmented/LA_T_5866595_aug.wav,en,bonafide,real,-,LA_0080,asvspoof2019la,,none
data/processed/ko_mlaad_augmented/silent_bullet_10_f000058_aug.wav,ko,spoof,tts,Chatterbox Multilingual,-,mlaad,,rawboost
data/processed/ko_augmented/zeroth_173_003_0065_aug.wav,ko,bonafide,real,-,zeroth_173,zeroth_korean,오백 유로 지폐로 이용해 수백만 달러를 조성할 때 그 무게는 이 쩜 이 파운드에 불과하다,rawboost
data/processed/en_augmented/LA_T_5630619_aug.wav,en,bonafide,real,-,LA_0091,asvspoof2019la,,rawboost
data/processed/en_augmented/LA_T_3891170_aug.wav,en,bonafide,real,-,LA_0085,asvspoof2019la,,codec
data/processed/ko_augmented/zeroth_198_003_0932_aug.wav,ko,bonafide,real,-,zeroth_198,zeroth_korean,일각에서는 현역 의원의 안 의원 측근 그룹에 대한 견제로 보는 분석도 나왔다,rawboost+codec
data/processed/ko_augmented/zeroth_170_003_1638_aug.wav,ko,bonafide,real,-,zeroth_170,zeroth_korean,네가 하루 이틀 정도 고민해 보고 나서 어떤 방법이 좋을지 그리고 왜 그렇게 생각하는지 함께 얘기해 볼까,rawboost
data/processed/en_augmented/LA_T_1864383_aug.wav,en,bonafide,real,-,LA_0083,asvspoof2019la,,rawboost
data/processed/en_augmented/LA_T_3956959_aug.wav,en,bonafide,real,-,LA_0084,asvspoof2019la,,codec
data/processed/en_augmented/LA_T_4140135_aug.wav,en,bonafide,real,-,LA_0088,asvspoof2019la,,rawboost+codec
data/processed/ko_augmented/zeroth_182_003_2800_aug.wav,ko,bonafide,real,-,zeroth_182,zeroth_korean,크리스티의 청각 장애는 여전히 우리 모두에게 도전이 되는 것입니다,none
data/processed/ko_mlaad_augmented/wives_and_daughters_45_f000014_aug.wav,ko,spoof,tts,OmniVoice,-,mlaad,,rawboost
data/processed/en_augmented/LA_T_5010828_aug.wav,en,bonafide,real,-,LA_0093,asvspoof2019la,,rawboost
data/processed/en_mlaad_augmented/northandsouth_24_f000060_aug.wav,en,spoof,tts,MOSS-TTS-8B,-,mlaad,,codec
data/processed/en_mlaad_augmented/dorothy_and_wizard_oz_04_f000095_aug.wav,en,spoof,tts,minimax_speech-2.6-hd,-,mlaad,,rawboost+codec
data/processed/ko_mlaad_augmented/piratesofersatz_07_leinster_64kb_f000131_aug.wav,ko,spoof,tts,MOSS-TTS-8B,-,mlaad,,rawboost
data/processed/en_mlaad_augmented/skyisland_16_baum_64kb_f000007_aug.wav,en,spoof,tts,kokoro,-,mlaad,,none
data/processed/en_augmented/LA_T_6789290_aug.wav,en,bonafide,real,-,LA_0085,asvspoof2019la,,rawboost
data/processed/ko_augmented/zeroth_204_003_0776_aug.wav,ko,bonafide,real,-,zeroth_204,zeroth_korean,정치권에서는 이십 일 경 이 의원이 무소속 출마를 선언할 것이라는 전망이 나오고 있다,none
data/processed/en_augmented/LA_T_4086457_aug.wav,en,bonafide,real,-,LA_0098,asvspoof2019la,,rawboost
data/processed/ko_augmented/zeroth_125_003_2529_aug.wav,ko,bonafide,real,-,zeroth_125,zeroth_korean,지시한 적도 없고 요구한 적도 없다며 선관위에서 낸 보도자료만 봤는데 거기엔 특정하게 이름이 명기돼 있지 않다,rawboost+codec
data/processed/ko_augmented/kss_06684_aug.wav,ko,bonafide,real,-,kss_speaker,kss,자리가 꽉 찼는데요.,none
data/processed/ko_mlaad_augmented/midnight_passenger_08_f000260_aug.wav,ko,spoof,tts,minimax_speech-02-turbo,-,mlaad,,rawboost
data/processed/en_mlaad_augmented/northandsouth_41_f000068_aug.wav,en,spoof,tts,tts_models_multilingual_multi-dataset_xtts_v2,-,mlaad,,none
data/processed/en_augmented/LA_T_6369221_aug.wav,en,bonafide,real,-,LA_0087,asvspoof2019la,,none
data/processed/en_mlaad_augmented/the_sea_fairies_12_f000057_aug.wav,en,spoof,tts,GPT-SoVITS,-,mlaad,,rawboost
data/processed/ko_mlaad_augmented/northandsouth_44_f000035_aug.wav,ko,spoof,tts,Fish-S2-Pro,-,mlaad,,none
data/processed/en_augmented/LA_T_7009144_aug.wav,en,bonafide,real,-,LA_0092,asvspoof2019la,,none
data/processed/en_mlaad_augmented/wives_and_daughters_41_f000203_aug.wav,en,spoof,tts,GPT-SoVITS,-,mlaad,,rawboost
data/processed/en_augmented/LA_T_6922879_aug.wav,en,bonafide,real,-,LA_0095,asvspoof2019la,,codec
data/processed/en_augmented/LA_T_7179987_aug.wav,en,bonafide,real,-,LA_0098,asvspoof2019la,,codec
data/processed/ko_mlaad_augmented/jane_eyre_36_f000080_aug.wav,ko,spoof,tts,VoxCPM2,-,mlaad,,rawboost
data/processed/ko_augmented/kss_09279_aug.wav,ko,bonafide,real,-,kss_speaker,kss,한국 경제는 더 이상 위기가 아닙니다.,none
data/processed/ko_augmented/zeroth_141_003_1274_aug.wav,ko,bonafide,real,-,zeroth_141,zeroth_korean,반면 여권이 좌편향의 표적으로 삼은 칠 종의 검정 한국사 검정교과서는 주체사상의 실체가 아닌 비판적 소개에 집중했다,none
data/processed/en_augmented/LA_T_3333905_aug.wav,en,bonafide,real,-,LA_0096,asvspoof2019la,,rawboost+codec
data/processed/ko_augmented/kss_02662_aug.wav,ko,spoof,tts,mms-tts-kor,vits_default,kss_transcript,가방은 거기에 내려놓으세요.,none
data/processed/en_mlaad_augmented/wives_and_daughters_38_f000083_aug.wav,en,spoof,tts,Qwen3-TTS-12Hz-1.7B-Base,-,mlaad,,rawboost
data/processed/en_mlaad_augmented/northandsouth_14_f000038_aug.wav,en,spoof,tts,Chatterbox,-,mlaad,,rawboost
data/processed/ko_augmented/zeroth_142_003_0870_aug.wav,ko,bonafide,real,-,zeroth_142,zeroth_korean,군인들이 죽어갈 수 있는 건 내 조국이 정의로운 조국이니까 가능하다고 그랬어,rawboost+codec
data/processed/ko_augmented/zeroth_193_003_2781_aug.wav,ko,bonafide,real,-,zeroth_193,zeroth_korean,박씨는 일 때문에 전국을 돌아다니는데 캠핑카 때문에 더 이상 모텔에서 잘 필요가 없어졌다고 했다,none
data/processed/en_mlaad_augmented/the_master_key_07_f000037_aug.wav,en,spoof,tts,ElevenLabs-v2-Multilingual,-,mlaad,,rawboost
data/processed/ko_mlaad_augmented/rinkitink_baum_11_64kb_f000040_aug.wav,ko,spoof,tts,Higgs-Audio-V2,-,mlaad,,codec
data/processed/ko_mlaad_augmented/wives_and_daughters_11_f000033_aug.wav,ko,spoof,tts,MOSS-TTS-8B,-,mlaad,,codec
data/processed/ko_augmented/zeroth_207_003_1926_aug.wav,ko,bonafide,real,-,zeroth_207,zeroth_korean,올해로 사업 영위 삼십 이 년째인데 이 회사는 그동안 한 번도 성인으로 살지 못했다,rawboost
data/processed/en_augmented/LA_T_8083939_aug.wav,en,bonafide,real,-,LA_0088,asvspoof2019la,,none
data/processed/en_augmented/LA_T_5824253_aug.wav,en,bonafide,real,-,LA_0084,asvspoof2019la,,none
data/processed/en_mlaad_augmented/jane_eyre_34_f000153_aug.wav,en,spoof,tts,minimax_speech-2.6-hd,-,mlaad,,codec
data/processed/en_mlaad_augmented/rinkitink_baum_21_64kb_f000015_aug.wav,en,spoof,tts,Chatterbox-Turbo,-,mlaad,,rawboost
data/processed/ko_mlaad_augmented/piratesofersatz_02_leinster_64kb_f000178_aug.wav,ko,spoof,tts,Qwen3-TTS-12Hz-1.7B-Base,-,mlaad,,none
data/processed/ko_augmented/kss_11468_aug.wav,ko,bonafide,real,-,kss_speaker,kss,침대가 참 포근해요.,codec
data/processed/en_mlaad_augmented/wives_and_daughters_45_f000080_aug.wav,en,spoof,tts,ElevenLabs-v3,-,mlaad,,rawboost
data/processed/en_augmented/LA_T_6441166_aug.wav,en,bonafide,real,-,LA_0082,asvspoof2019la,,codec
data/processed/en_augmented/LA_T_3424442_aug.wav,en,bonafide,real,-,LA_0094,asvspoof2019la,,none
data/processed/ko_mlaad_augmented/poisoned_pen_03_f000323_aug.wav,ko,spoof,tts,OmniVoice,-,mlaad,,rawboost+codec
data/processed/ko_mlaad_augmented/wives_and_daughters_02_f000223_aug.wav,ko,spoof,tts,tts_models_multilingual_multi-dataset_bark,-,mlaad,,none
data/processed/ko_mlaad_augmented/midnight_passenger_02_f000079_aug.wav,ko,spoof,tts,tts_models_multilingual_multi-dataset_xtts_v2,-,mlaad,,rawboost+codec
data/processed/en_mlaad_augmented/jane_eyre_18_f000002_aug.wav,en,spoof,tts,ElevenLabs-v3,-,mlaad,,rawboost
data/processed/ko_mlaad_augmented/wives_and_daughters_23_f000104_aug.wav,ko,spoof,tts,minimax_speech-02-turbo,-,mlaad,,codec
data/processed/en_mlaad_augmented/silent_bullet_06_f000012_aug.wav,en,spoof,tts,tts_models_multilingual_multi-dataset_xtts_v2,-,mlaad,,none
data/processed/ko_augmented/zeroth_180_003_1586_aug.wav,ko,bonafide,real,-,zeroth_180,zeroth_korean,공공 부문에선 재난안전교육 및 위기상황 대응 학습용 기능성 게임을 문화 부문에선 한글 및 언어활용 기능성 게임을 주제로 선정했다,none
data/processed/ko_augmented/zeroth_150_003_0242_aug.wav,ko,bonafide,real,-,zeroth_150,zeroth_korean,일각에선 이들이 중국내 북한 식당이 아니라 동남아 한 국가의 북한 식당에서 근무하던 종업원들이라는 관측도 내놓고 있다,rawboost
data/processed/en_augmented/LA_T_9447463_aug.wav,en,bonafide,real,-,LA_0086,asvspoof2019la,,none
data/processed/en_augmented/LA_T_3978678_aug.wav,en,bonafide,real,-,LA_0085,asvspoof2019la,,none
data/processed/ko_augmented/zeroth_207_003_1752_aug.wav,ko,bonafide,real,-,zeroth_207,zeroth_korean,다만 피고인이 범행 모두를 시인하고 반성하고 있는 점 동종 전과가 없는 점 등을 고려해 형을 정했다고 덧붙였다,none
data/processed/ko_mlaad_augmented/jane_eyre_34_f000114_aug.wav,ko,spoof,tts,MOSS-TTS-8B,-,mlaad,,rawboost+codec
data/processed/en_augmented/LA_T_6594586_aug.wav,en,bonafide,real,-,LA_0089,asvspoof2019la,,rawboost+codec
data/processed/en_mlaad_augmented/wives_and_daughters_39_f000017_aug.wav,en,spoof,tts,ElevenLabs-v3,-,mlaad,,none
data/processed/en_mlaad_augmented/jane_eyre_14_f000066_aug.wav,en,spoof,tts,Higgs-Audio-V2,-,mlaad,,rawboost+codec
data/processed/en_mlaad_augmented/dorothy_and_wizard_oz_19_f000021_aug.wav,en,spoof,tts,ElevenLabs-Turbo-v2.5,-,mlaad,,rawboost
data/processed/en_augmented/LA_T_3499323_aug.wav,en,bonafide,real,-,LA_0087,asvspoof2019la,,codec
data/processed/en_mlaad_augmented/midnight_passenger_06_f000119_aug.wav,en,spoof,tts,Qwen3-TTS-12Hz-1.7B-Base,-,mlaad,,rawboost
data/processed/en_mlaad_augmented/northandsouth_01_f000021_aug.wav,en,spoof,tts,GPT-SoVITS,-,mlaad,,codec
data/processed/ko_augmented/zeroth_183_003_1829_aug.wav,ko,bonafide,real,-,zeroth_183,zeroth_korean,하지만 미국 수준의 대규모 할인은 힘들 거라는 전문가들이 많았는데 직접 들어보시죠,rawboost
data/processed/ko_augmented/kss_10446_aug.wav,ko,bonafide,real,-,kss_speaker,kss,최근에 몸무게가 15킬로 줄었어요.,rawboost+codec
data/processed/ko_augmented/zeroth_183_003_2899_aug.wav,ko,bonafide,real,-,zeroth_183,zeroth_korean,전체적으로 검은색과 흰색의 조화가 느껴지는 깔끔한 주방입니다,none
data/processed/ko_mlaad_augmented/ozma_of_oz_12_f000006_aug.wav,ko,spoof,tts,Higgs-Audio-V2,-,mlaad,,rawboost
data/processed/ko_augmented/kss_07758_aug.wav,ko,bonafide,real,-,kss_speaker,kss,부상을 입은 그 선수는 병원으로 옮겨졌다.,rawboost+codec
data/processed/en_augmented/LA_T_7386069_aug.wav,en,bonafide,real,-,LA_0093,asvspoof2019la,,rawboost
data/processed/en_augmented/LA_T_5879219_aug.wav,en,bonafide,real,-,LA_0095,asvspoof2019la,,rawboost
data/processed/en_augmented/LA_T_5621967_aug.wav,en,bonafide,real,-,LA_0095,asvspoof2019la,,none
data/processed/ko_mlaad_augmented/piratesofersatz_03_leinster_64kb_f000188_aug.wav,ko,spoof,tts,MOSS-TTS-1.7B,-,mlaad,,rawboost
data/processed/ko_augmented/zeroth_150_003_0409_aug.wav,ko,bonafide,real,-,zeroth_150,zeroth_korean,이명박 정부 출범 직후인 이천 팔 년 삼 월 김씨의 횡령 및 증권거래법 위반 사건 재판에 신경화씨가 증인으로 출석했다,rawboost
data/processed/ko_mlaad_augmented/poisoned_pen_08_f000306_aug.wav,ko,spoof,tts,Qwen3-TTS-12Hz-0.6B-Base,-,mlaad,,rawboost+codec
data/processed/en_augmented/LA_T_9712979_aug.wav,en,bonafide,real,-,LA_0088,asvspoof2019la,,none
data/processed/en_mlaad_augmented/northandsouth_46_f000221_aug.wav,en,spoof,tts,ElevenLabs-v2-Multilingual,-,mlaad,,rawboost
data/processed/en_augmented/LA_T_1625761_aug.wav,en,bonafide,real,-,LA_0080,asvspoof2019la,,codec
data/processed/en_mlaad_augmented/rinkitink_baum_09_64kb_f000020_aug.wav,en,spoof,tts,ElevenLabs-v2-Multilingual,-,mlaad,,none
data/processed/en_augmented/LA_T_2607453_aug.wav,en,spoof,tts,A04,LA_0086,asvspoof2019la,,none
data/processed/en_augmented/LA_T_1419430_aug.wav,en,spoof,vc,A05,LA_0091,asvspoof2019la,,rawboost
data/processed/ko_mlaad_augmented/skyisland_17_baum_64kb_f000072_aug.wav,ko,spoof,tts,MOSS-TTS-1.7B,-,mlaad,,rawboost
data/processed/ko_mlaad_augmented/silent_bullet_06_f000223_aug.wav,ko,spoof,tts,tts_models_multilingual_multi-dataset_bark,-,mlaad,,rawboost
data/processed/en_mlaad_augmented/jane_eyre_27_f000485_aug.wav,en,spoof,tts,MOSS-TTS-8B,-,mlaad,,rawboost
data/processed/ko_mlaad_augmented/emerald_city_of_oz_29_f000009_aug.wav,ko,spoof,tts,OmniVoice,-,mlaad,,codec
data/processed/en_augmented/LA_T_1495245_aug.wav,en,bonafide,real,-,LA_0085,asvspoof2019la,,none
data/processed/en_mlaad_augmented/ozma_of_oz_16_f000054_aug.wav,en,spoof,tts,Chatterbox,-,mlaad,,codec
data/processed/ko_mlaad_augmented/northandsouth_26_f000016_aug.wav,ko,spoof,tts,Qwen3-TTS-12Hz-0.6B-Base,-,mlaad,,none
data/processed/ko_augmented/zeroth_165_003_0448_aug.wav,ko,bonafide,real,-,zeroth_165,zeroth_korean,창업 초기 아무리 힘들더라도 하루 한 편씩 새로운 동영상을 꼭 올린다는 일 일 일 콘텐트 원칙을 세웠고 지금도 그 약속을 지켜나가고 있습니다,none
data/processed/ko_mlaad_augmented/northandsouth_38_f000197_aug.wav,ko,spoof,tts,MOSS-TTS-1.7B,-,mlaad,,rawboost
data/processed/en_augmented/LA_T_8589988_aug.wav,en,bonafide,real,-,LA_0084,asvspoof2019la,,none
data/processed/ko_augmented/zeroth_201_from_kss_12043_aug.wav,ko,spoof,vc,rvc_zeroth_201,zeroth_201,rvc_from_kss_speaker,"신사 숙녀 여러분, 안내 말씀 드립니다.",rawboost
data/processed/ko_mlaad_augmented/hunters_space_11_f000112_aug.wav,ko,spoof,tts,minimax_speech-02-turbo,-,mlaad,,rawboost
data/processed/en_mlaad_augmented/midnight_passenger_08_f000090_aug.wav,en,spoof,tts,MOSS-TTS-8B,-,mlaad,,none
data/processed/ko_mlaad_augmented/wives_and_daughters_19_f000062_aug.wav,ko,spoof,tts,Qwen3-TTS-12Hz-1.7B-Base,-,mlaad,,rawboost
data/processed/en_mlaad_augmented/northandsouth_39_f000062_aug.wav,en,spoof,tts,ElevenLabs-v3,-,mlaad,,rawboost+codec
data/processed/ko_augmented/zeroth_217_003_2290_aug.wav,ko,bonafide,real,-,zeroth_217,zeroth_korean,부친은 누군가 동행해 우리 둘만의 시간을 허락하지 않았고 만남은 냉랭했다며 숙소로 안내하지도 않았고 어쩌다 다쳤는지 전투에 참여했는지도 말하지 않았다고 전했다,rawboost
data/processed/ko_mlaad_augmented/northandsouth_08_f000004_aug.wav,ko,spoof,tts,OmniVoice,-,mlaad,,none
data/processed/ko_mlaad_augmented/wives_and_daughters_46_f000020_aug.wav,ko,spoof,tts,MOSS-TTS-8B,-,mlaad,,none
data/processed/ko_mlaad_augmented/pink_fairy_book_37_f000042_aug.wav,ko,spoof,tts,tts_models_multilingual_multi-dataset_bark,-,mlaad,,rawboost
data/processed/en_augmented/LA_T_6105178_aug.wav,en,bonafide,real,-,LA_0079,asvspoof2019la,,none
data/processed/en_mlaad_augmented/jane_eyre_01_f000059_aug.wav,en,spoof,tts,Qwen3-TTS-12Hz-1.7B-Base,-,mlaad,,none
data/processed/en_mlaad_augmented/wives_and_daughters_21_f000261_aug.wav,en,spoof,tts,tts_models_multilingual_multi-dataset_xtts_v2,-,mlaad,,rawboost
data/processed/en_mlaad_augmented/pink_fairy_book_29_f000024_aug.wav,en,spoof,tts,Higgs-Audio-V2,-,mlaad,,none
data/processed/en_augmented/LA_T_3119779_aug.wav,en,bonafide,real,-,LA_0082,asvspoof2019la,,rawboost
data/processed/ko_augmented/zeroth_216_003_0876_aug.wav,ko,bonafide,real,-,zeroth_216,zeroth_korean,일반적으로 반죽을 만들 때는 우유나 물 또는 우유와 물을 섞어서 사용합니다,codec
data/processed/ko_mlaad_augmented/poisoned_pen_05_f000013_aug.wav,ko,spoof,tts,Qwen3-TTS-12Hz-0.6B-Base,-,mlaad,,codec
data/processed/en_mlaad_augmented/northandsouth_32_f000023_aug.wav,en,spoof,tts,MOSS-TTS-8B,-,mlaad,,rawboost
data/processed/ko_augmented/zeroth_201_from_zeroth_191_003_2034_aug.wav,ko,spoof,vc,rvc_zeroth_201,zeroth_201,rvc_from_zeroth_191,다음 질문들에 답한 다음 성구에 있는 빈칸을 채워 넣으십시오,none
data/processed/ko_mlaad_augmented/hunters_space_06_f000054_aug.wav,ko,spoof,tts,Fish-S2-Pro,-,mlaad,,rawboost
data/processed/ko_mlaad_augmented/jane_eyre_05_f000146_aug.wav,ko,spoof,tts,Qwen3-TTS-12Hz-0.6B-Base,-,mlaad,,rawboost
data/processed/ko_augmented/zeroth_187_003_1033_aug.wav,ko,bonafide,real,-,zeroth_187,zeroth_korean,올보르 구치소 관계자는 정 씨의 아기가 정 씨를 보러 면회를 올 수는 있어도 정 씨가 아기를 보러 나갈 수는 없다고 부인했다,rawboost
data/processed/ko_augmented/zeroth_197_003_0170_aug.wav,ko,bonafide,real,-,zeroth_197,zeroth_korean,지금 헬기에서 비춰주는 세월호 뒷부분을 보면 님께서 말씀하신 세 축 이게 그만큼 배가 빠져나온 겁니다,none
data/processed/en_mlaad_augmented/wives_and_daughters_43_f000039_aug.wav,en,spoof,tts,Higgs-Audio-V2,-,mlaad,,rawboost+codec
data/processed/en_augmented/LA_T_2653144_aug.wav,en,bonafide,real,-,LA_0085,asvspoof2019la,,rawboost+codec
data/processed/en_mlaad_augmented/pink_fairy_book_18_f000031_aug.wav,en,spoof,tts,Higgs-Audio-V2,-,mlaad,,rawboost+codec
data/processed/en_augmented/LA_T_6663907_aug.wav,en,bonafide,real,-,LA_0089,asvspoof2019la,,none
data/processed/en_mlaad_augmented/wives_and_daughters_39_f000048_aug.wav,en,spoof,tts,kokoro,-,mlaad,,none
data/processed/ko_augmented/zeroth_146_003_0942_aug.wav,ko,bonafide,real,-,zeroth_146,zeroth_korean,미국은 지난해 시 월과 올해 일 월 잇달아 남중국해 스프래틀리 제도와 파라셀 군도에 군함을 진입시켰고 일본은 미국의 이런 행보를 강력히 지지하고 나섰다,none
data/processed/en_mlaad_augmented/wives_and_daughters_51_f000043_aug.wav,en,spoof,tts,kokoro,-,mlaad,,rawboost
data/processed/en_augmented/LA_T_4237787_aug.wav,en,bonafide,real,-,LA_0079,asvspoof2019la,,none
data/processed/en_augmented/LA_T_7898068_aug.wav,en,bonafide,real,-,LA_0094,asvspoof2019la,,none
data/processed/en_augmented/LA_T_6371068_aug.wav,en,bonafide,real,-,LA_0083,asvspoof2019la,,rawboost
data/processed/ko_augmented/zeroth_170_003_0704_aug.wav,ko,bonafide,real,-,zeroth_170,zeroth_korean,구두변론을 자청해서는 단상에 서서 강 재판관을 국회 측 수석대리인이라고 지칭해 물의를 빚었다,rawboost
data/processed/en_augmented/LA_T_3689595_aug.wav,en,bonafide,real,-,LA_0091,asvspoof2019la,,none
data/processed/ko_augmented/zeroth_160_003_1239_aug.wav,ko,bonafide,real,-,zeroth_160,zeroth_korean,아울러 획정 기준은 현행 공직선거법을 근거로 게리맨더링을 방지하고 지역대표성을 확보하는 등 기본 원칙을 지킨다는 방침이다,rawboost
data/processed/en_augmented/LA_T_7850247_aug.wav,en,bonafide,real,-,LA_0095,asvspoof2019la,,none
data/processed/en_augmented/LA_T_2559146_aug.wav,en,bonafide,real,-,LA_0088,asvspoof2019la,,rawboost+codec
data/processed/en_augmented/LA_T_6553669_aug.wav,en,bonafide,real,-,LA_0090,asvspoof2019la,,codec
data/processed/ko_mlaad_augmented/jane_eyre_30_f000094_aug.wav,ko,spoof,tts,Chatterbox Multilingual,-,mlaad,,rawboost
data/processed/en_mlaad_augmented/the_master_key_16_f000037_aug.wav,en,spoof,tts,ElevenLabs-Turbo-v2.5,-,mlaad,,rawboost
data/processed/en_augmented/LA_T_9746491_aug.wav,en,bonafide,real,-,LA_0081,asvspoof2019la,,codec
data/processed/en_augmented/LA_T_6698994_aug.wav,en,bonafide,real,-,LA_0097,asvspoof2019la,,none
data/processed/ko_mlaad_augmented/wives_and_daughters_43_f000118_aug.wav,ko,spoof,tts,Fish-S2-Pro,-,mlaad,,rawboost
data/processed/ko_augmented/zeroth_154_003_1812_aug.wav,ko,bonafide,real,-,zeroth_154,zeroth_korean,곰팡이는 진균류에 속하는데 십 만 종이 넘는 진균류에는 흰곰팡이 버섯 녹병균 효모 등이 있습니다,codec
data/processed/en_mlaad_augmented/midnight_passenger_13_f000026_aug.wav,en,spoof,tts,kokoro,-,mlaad,,none
data/processed/ko_mlaad_augmented/midnight_passenger_09_f000075_aug.wav,ko,spoof,tts,tts_models_multilingual_multi-dataset_xtts_v2,-,mlaad,,none
data/processed/en_mlaad_augmented/wives_and_daughters_16_f000094_aug.wav,en,spoof,tts,ElevenLabs-v2-Multilingual,-,mlaad,,rawboost
data/processed/en_mlaad_augmented/northandsouth_28_f000230_aug.wav,en,spoof,tts,kokoro,-,mlaad,,rawboost
data/processed/en_augmented/LA_T_8135846_aug.wav,en,bonafide,real,-,LA_0089,asvspoof2019la,,none
data/processed/en_augmented/LA_T_5959553_aug.wav,en,bonafide,real,-,LA_0092,asvspoof2019la,,rawboost
data/processed/ko_mlaad_augmented/wives_and_daughters_05_f000086_aug.wav,ko,spoof,tts,MOSS-TTS-8B,-,mlaad,,none
data/processed/en_augmented/LA_T_6999716_aug.wav,en,bonafide,real,-,LA_0095,asvspoof2019la,,rawboost
data/processed/ko_mlaad_augmented/ozma_of_oz_02_f000003_aug.wav,ko,spoof,tts,MOSS-TTS-8B,-,mlaad,,codec
data/processed/en_augmented/LA_T_1888223_aug.wav,en,bonafide,real,-,LA_0081,asvspoof2019la,,rawboost
data/processed/en_augmented/LA_T_8227234_aug.wav,en,bonafide,real,-,LA_0080,asvspoof2019la,,codec
data/processed/en_augmented/LA_T_9944200_aug.wav,en,bonafide,real,-,LA_0085,asvspoof2019la,,none
data/processed/ko_mlaad_augmented/wives_and_daughters_11_f000288_aug.wav,ko,spoof,tts,Qwen3-TTS-12Hz-0.6B-Base,-,mlaad,,none
data/processed/ko_augmented/zeroth_184_003_0965_aug.wav,ko,bonafide,real,-,zeroth_184,zeroth_korean,이들을 제외한 여든 네 개월 미만 아동에게는 월 십 만원이 지급된다,codec
data/processed/en_mlaad_augmented/wives_and_daughters_15_f000007_aug.wav,en,spoof,tts,Chatterbox-Turbo,-,mlaad,,none
data/processed/en_augmented/LA_T_5656982_aug.wav,en,bonafide,real,-,LA_0086,asvspoof2019la,,none
data/processed/en_mlaad_augmented/northandsouth_31_f000091_aug.wav,en,spoof,tts,Chatterbox,-,mlaad,,rawboost+codec
data/processed/en_augmented/LA_T_7570086_aug.wav,en,bonafide,real,-,LA_0098,asvspoof2019la,,rawboost+codec
data/processed/ko_mlaad_augmented/poisoned_pen_05_f000318_aug.wav,ko,spoof,tts,tts_models_multilingual_multi-dataset_xtts_v2,-,mlaad,,none
data/processed/ko_augmented/zeroth_110_003_1253_aug.wav,ko,bonafide,real,-,zeroth_110,zeroth_korean,특히 공부에 흥미가 없는 아이들은 공부 효율이 가장 높을 때까지 미뤘다 공부한다는 식으로 벼락치기를 합리화하는 일이 많다,rawboost
data/processed/en_augmented/LA_T_4756464_aug.wav,en,bonafide,real,-,LA_0079,asvspoof2019la,,rawboost
data/processed/ko_augmented/kss_04388_aug.wav,ko,bonafide,real,-,kss_speaker,kss,복도에 물건을 놓아 두면 안 됩니다.,rawboost
data/processed/en_augmented/LA_T_5315235_aug.wav,en,bonafide,real,-,LA_0092,asvspoof2019la,,rawboost
data/processed/en_mlaad_augmented/emerald_city_of_oz_27_f000006_aug.wav,en,spoof,tts,tts_models_multilingual_multi-dataset_xtts_v2,-,mlaad,,rawboost
data/processed/ko_mlaad_augmented/jane_eyre_34_f000159_aug.wav,ko,spoof,tts,minimax_speech-02-turbo,-,mlaad,,rawboost+codec
data/processed/en_augmented/LA_T_8845558_aug.wav,en,bonafide,real,-,LA_0081,asvspoof2019la,,codec
data/processed/en_mlaad_augmented/the_master_key_10_f000071_aug.wav,en,spoof,tts,minimax_speech-2.6-hd,-,mlaad,,none
data/processed/en_augmented/LA_T_3957794_aug.wav,en,bonafide,real,-,LA_0094,asvspoof2019la,,rawboost
data/processed/ko_augmented/zeroth_212_003_2560_aug.wav,ko,bonafide,real,-,zeroth_212,zeroth_korean,그러면서 거부한다고 얘기는 했지만 오늘내일 지나는 사이에 내부적으로도 상당히 어려가지 생각해보지 않겠느냐고 내다봤다,rawboost
data/processed/ko_augmented/zeroth_128_003_0025_aug.wav,ko,bonafide,real,-,zeroth_128,zeroth_korean,한국인터넷진흥원은 아이핀 시스템을 전면 재구축하는 방안도 검토하기로 했다,rawboost
data/processed/ko_augmented/zeroth_194_003_2570_aug.wav,ko,bonafide,real,-,zeroth_194,zeroth_korean,한겨울 간식거리인 호빵과 즉석어묵도 매출이 전년대비 이십 에서 삼십 퍼센트 감소했다,none
data/processed/en_augmented/LA_T_3266022_aug.wav,en,bonafide,real,-,LA_0098,asvspoof2019la,,none
data/processed/ko_mlaad_augmented/wives_and_daughters_39_f000087_aug.wav,ko,spoof,tts,Higgs-Audio-V2,-,mlaad,,none
data/processed/ko_mlaad_augmented/wives_and_daughters_41_f000235_aug.wav,ko,spoof,tts,minimax_speech-02-turbo,-,mlaad,,none
data/processed/ko_augmented/kss_04549_aug.wav,ko,spoof,tts,mms-tts-kor,vits_default,kss_transcript,고등학생은 이성을 만날 기회가 많지 않다.,rawboost
data/processed/en_augmented/LA_T_4890153_aug.wav,en,bonafide,real,-,LA_0097,asvspoof2019la,,none
data/processed/en_augmented/LA_T_4557107_aug.wav,en,bonafide,real,-,LA_0089,asvspoof2019la,,rawboost+codec
data/processed/en_augmented/LA_T_7961517_aug.wav,en,bonafide,real,-,LA_0090,asvspoof2019la,,none
data/processed/ko_augmented/zeroth_190_003_1983_aug.wav,ko,bonafide,real,-,zeroth_190,zeroth_korean,백두산 천지는 최대 수심 삼백 여든 네 미터로 세계에서 가장 깊은 칼데라 호입니다,rawboost
data/processed/en_augmented/LA_T_1511193_aug.wav,en,bonafide,real,-,LA_0090,asvspoof2019la,,none
data/processed/en_augmented/LA_T_7974459_aug.wav,en,bonafide,real,-,LA_0083,asvspoof2019la,,codec
data/processed/ko_augmented/kss_02772_aug.wav,ko,bonafide,real,-,kss_speaker,kss,저는 우리 집 앞 공원을 걷는 걸 좋아해요.,rawboost+codec
data/processed/en_mlaad_augmented/silent_bullet_09_f000067_aug.wav,en,spoof,tts,MOSS-TTS-8B,-,mlaad,,rawboost
data/processed/en_mlaad_augmented/wives_and_daughters_17_f000036_aug.wav,en,spoof,tts,Chatterbox,-,mlaad,,none
data/processed/ko_augmented/zeroth_166_003_1529_aug.wav,ko,bonafide,real,-,zeroth_166,zeroth_korean,많은 사람이 있었는데 노무현 대통령 자신이 조지 부시 대통령과 여러 차례 회담했습니다,rawboost+codec
data/processed/ko_mlaad_augmented/the_sea_fairies_12_f000094_aug.wav,ko,spoof,tts,VoxCPM2,-,mlaad,,rawboost
data/processed/en_augmented/LA_T_4839122_aug.wav,en,bonafide,real,-,LA_0085,asvspoof2019la,,codec
data/processed/ko_augmented/kss_02702_aug.wav,ko,bonafide,real,-,kss_speaker,kss,종이 가장자리를 접고 그다음 말아 주세요.,rawboost
data/processed/ko_augmented/zeroth_164_003_2412_aug.wav,ko,bonafide,real,-,zeroth_164,zeroth_korean,칠십 삼 년 일 월 중앙수사국이 특별수사부로 개편됐고 팔십 일 년 사 월 중수부로 개칭됐다,none
data/processed/ko_augmented/zeroth_213_003_2424_aug.wav,ko,bonafide,real,-,zeroth_213,zeroth_korean,특히 지금 같으면 역사교과서 국정화라든가 누리과정 문제나 대학 구조개혁 같은 주요 정책들을 기획하고 타 부처하고 조율하는 역할을 하는 그런 자리입니다,rawboost
data/processed/ko_augmented/zeroth_200_from_kss_04702_aug.wav,ko,spoof,vc,rvc_zeroth_200,zeroth_200,rvc_from_kss_speaker,우리 대학교는 오랜 역사를 갖고 있다.,none
data/processed/ko_mlaad_augmented/jane_eyre_04_f000221_aug.wav,ko,spoof,tts,Higgs-Audio-V2,-,mlaad,,none
data/processed/ko_augmented/kss_12699_aug.wav,ko,bonafide,real,-,kss_speaker,kss,역시 예상했던 대로구나.,none
data/processed/ko_mlaad_augmented/wives_and_daughters_50_f000244_aug.wav,ko,spoof,tts,Fish-S2-Pro,-,mlaad,,rawboost
data/processed/en_mlaad_augmented/jane_eyre_34_f000128_aug.wav,en,spoof,tts,ElevenLabs-v2-Multilingual,-,mlaad,,rawboost
data/processed/ko_mlaad_augmented/hunters_space_05_f000116_aug.wav,ko,spoof,tts,tts_models_multilingual_multi-dataset_bark,-,mlaad,,rawboost
data/processed/en_mlaad_augmented/silent_bullet_07_f000146_aug.wav,en,spoof,tts,ElevenLabs-Turbo-v2.5,-,mlaad,,rawboost+codec
data/processed/ko_mlaad_augmented/jane_eyre_20_f000279_aug.wav,ko,spoof,tts,minimax_speech-02-turbo,-,mlaad,,rawboost+codec
data/processed/en_mlaad_augmented/midnight_passenger_02_f000010_aug.wav,en,spoof,tts,minimax_speech-2.6-hd,-,mlaad,,none
data/processed/ko_augmented/zeroth_134_003_2547_aug.wav,ko,bonafide,real,-,zeroth_134,zeroth_korean,박 의원은 특히 남양주에 라고 말하면서 눈물을 보였고 어린 시절 그곳에서 뛰어놀다 삼 선 국회의원이 됐고 아무런 배경도 없이 오직 땀과 눈물로 앞만 보고 달렸다,codec
data/processed/en_mlaad_augmented/wives_and_daughters_33_f000022_aug.wav,en,spoof,tts,minimax_speech-2.6-hd,-,mlaad,,none
data/processed/en_mlaad_augmented/the_sea_fairies_12_f000096_aug.wav,en,spoof,tts,GPT-SoVITS,-,mlaad,,rawboost
data/processed/ko_augmented/zeroth_164_003_0440_aug.wav,ko,bonafide,real,-,zeroth_164,zeroth_korean,버즈피드는 해당 의혹의 구체적 내용이 담긴 삼십 오 쪽 분량의 메모 전문을 공개했다,none
data/processed/en_augmented/LA_T_4431542_aug.wav,en,spoof,vc,A05,LA_0085,asvspoof2019la,,rawboost+codec
data/processed/ko_mlaad_augmented/wives_and_daughters_19_f000176_aug.wav,ko,spoof,tts,Chatterbox Multilingual,-,mlaad,,codec
data/processed/ko_augmented/kss_10662_aug.wav,ko,bonafide,real,-,kss_speaker,kss,코미디언은 슬플 때도 남을 웃겨야 한다.,none
data/processed/ko_mlaad_augmented/wives_and_daughters_33_f000100_aug.wav,ko,spoof,tts,MOSS-TTS-1.7B,-,mlaad,,rawboost
data/processed/en_mlaad_augmented/wives_and_daughters_39_f000073_aug.wav,en,spoof,tts,ElevenLabs-v3,-,mlaad,,codec
data/processed/ko_augmented/kss_10130_aug.wav,ko,bonafide,real,-,kss_speaker,kss,정성이 담긴 선물이 제일 좋은 선물이에요.,none
data/processed/en_augmented/LA_T_4635542_aug.wav,en,bonafide,real,-,LA_0093,asvspoof2019la,,rawboost+codec
data/processed/ko_augmented/zeroth_124_003_2304_aug.wav,ko,bonafide,real,-,zeroth_124,zeroth_korean,어디 텃밭에 갔나보다 했는데 아 꽁치를 사러 가서 꽁치랑 시래기랑 사다가 그 백종원 선생님 밥집에 나온 거를 그걸 해주더라고요,none
data/processed/en_augmented/LA_T_8100988_aug.wav,en,bonafide,real,-,LA_0091,asvspoof2019la,,none
data/processed/ko_augmented/zeroth_161_003_0926_aug.wav,ko,bonafide,real,-,zeroth_161,zeroth_korean,제굴은 몇 달째 요리 학원 다녔다는 어떤 애가 자기랑 같은 음식 만들던 것까지 되짚어봤다,none
data/processed/en_augmented/LA_T_1896623_aug.wav,en,bonafide,real,-,LA_0098,asvspoof2019la,,none
data/processed/en_mlaad_augmented/poisoned_pen_11_f000197_aug.wav,en,spoof,tts,ElevenLabs-Turbo-v2.5,-,mlaad,,none
data/processed/en_augmented/LA_T_9923341_aug.wav,en,bonafide,real,-,LA_0083,asvspoof2019la,,rawboost+codec
data/processed/en_mlaad_augmented/jane_eyre_26_f000074_aug.wav,en,spoof,tts,MOSS-TTS-8B,-,mlaad,,none
data/processed/en_augmented/LA_T_2193666_aug.wav,en,bonafide,real,-,LA_0092,asvspoof2019la,,rawboost
data/processed/en_mlaad_augmented/the_sea_fairies_15_f000144_aug.wav,en,spoof,tts,minimax_speech-2.6-hd,-,mlaad,,rawboost
data/processed/ko_augmented/zeroth_181_003_2278_aug.wav,ko,bonafide,real,-,zeroth_181,zeroth_korean,고추는 씨를 뿌려서 재배하기도 하고 모종을 하기도 합니다,none
data/processed/en_mlaad_augmented/pink_fairy_book_32_f000115_aug.wav,en,spoof,tts,GPT-SoVITS,-,mlaad,,none
data/processed/en_mlaad_augmented/hunters_space_05_f000034_aug.wav,en,spoof,tts,ElevenLabs-Turbo-v2.5,-,mlaad,,codec
data/processed/ko_augmented/kss_11571_aug.wav,ko,bonafide,real,-,kss_speaker,kss,그 사람은 진지한 표정으로 농담을 해요.,none
data/processed/ko_mlaad_augmented/poisoned_pen_02_f000316_aug.wav,ko,spoof,tts,Chatterbox Multilingual,-,mlaad,,rawboost
data/processed/ko_mlaad_augmented/the_master_key_16_f000026_aug.wav,ko,spoof,tts,VoxCPM2,-,mlaad,,rawboost
data/processed/en_augmented/LA_T_2862832_aug.wav,en,bonafide,real,-,LA_0097,asvspoof2019la,,none
data/processed/en_augmented/LA_T_9346943_aug.wav,en,bonafide,real,-,LA_0097,asvspoof2019la,,rawboost+codec
data/processed/ko_augmented/kss_00391_aug.wav,ko,spoof,tts,mms-tts-kor,vits_default,kss_transcript,이혼을 결심했다.,rawboost
data/processed/ko_mlaad_augmented/wives_and_daughters_34_f000024_aug.wav,ko,spoof,tts,Fish-S2-Pro,-,mlaad,,none
data/processed/en_mlaad_augmented/jane_eyre_31_f000135_aug.wav,en,spoof,tts,Chatterbox-Turbo,-,mlaad,,none
data/processed/en_augmented/LA_T_5801784_aug.wav,en,bonafide,real,-,LA_0081,asvspoof2019la,,rawboost
data/processed/en_augmented/LA_T_3629702_aug.wav,en,spoof,tts,A01,LA_0095,asvspoof2019la,,rawboost+codec
data/processed/ko_mlaad_augmented/northandsouth_47_f000053_aug.wav,ko,spoof,tts,VoxCPM2,-,mlaad,,rawboost
data/processed/ko_augmented/zeroth_179_003_0322_aug.wav,ko,bonafide,real,-,zeroth_179,zeroth_korean,국내 최대 규모의 전자제품 양판점인 롯데하이마트의 휴대전화 시장 역습이 시작됐다,codec
data/processed/en_augmented/LA_T_8935555_aug.wav,en,bonafide,real,-,LA_0095,asvspoof2019la,,codec
data/processed/ko_mlaad_augmented/wives_and_daughters_56_f000022_aug.wav,ko,spoof,tts,Qwen3-TTS-12Hz-0.6B-Base,-,mlaad,,rawboost
data/processed/en_mlaad_augmented/midnight_passenger_09_f000235_aug.wav,en,spoof,tts,kokoro,-,mlaad,,rawboost
data/processed/ko_augmented/kss_08271_aug.wav,ko,spoof,tts,mms-tts-kor,vits_default,kss_transcript,가방 들어 드릴까요?,rawboost
data/processed/ko_mlaad_augmented/wives_and_daughters_29_f000071_aug.wav,ko,spoof,tts,tts_models_multilingual_multi-dataset_xtts_v2,-,mlaad,,none
data/processed/en_mlaad_augmented/wives_and_daughters_19_f000093_aug.wav,en,spoof,tts,Chatterbox-Turbo,-,mlaad,,none
data/processed/en_mlaad_augmented/pink_fairy_book_40_f000025_aug.wav,en,spoof,tts,tts_models_multilingual_multi-dataset_xtts_v2,-,mlaad,,rawboost+codec
data/processed/en_augmented/LA_T_9174733_aug.wav,en,bonafide,real,-,LA_0098,asvspoof2019la,,rawboost
data/processed/ko_mlaad_augmented/midnight_passenger_08_f000008_aug.wav,ko,spoof,tts,MOSS-TTS-8B,-,mlaad,,rawboost
data/processed/ko_mlaad_augmented/wives_and_daughters_40_f000052_aug.wav,ko,spoof,tts,Qwen3-TTS-12Hz-1.7B-Base,-,mlaad,,rawboost
data/processed/en_augmented/LA_T_6647814_aug.wav,en,bonafide,real,-,LA_0098,asvspoof2019la,,codec
data/processed/ko_mlaad_augmented/wives_and_daughters_29_f000188_aug.wav,ko,spoof,tts,minimax_speech-02-turbo,-,mlaad,,none
data/processed/en_augmented/LA_T_5805796_aug.wav,en,bonafide,real,-,LA_0096,asvspoof2019la,,none
data/processed/en_mlaad_augmented/ozma_of_oz_04_f000078_aug.wav,en,spoof,tts,minimax_speech-2.6-hd,-,mlaad,,none
data/processed/en_mlaad_augmented/northandsouth_14_f000006_aug.wav,en,spoof,tts,Higgs-Audio-V2,-,mlaad,,rawboost
data/processed/ko_augmented/zeroth_171_003_2145_aug.wav,ko,bonafide,real,-,zeroth_171,zeroth_korean,문체부 상황을 잘 아는 한 고위 관계자는 그때 차은택이 봐주면 통과된다는 소문이 막 돌았다,none
data/processed/ko_augmented/zeroth_214_003_1382_aug.wav,ko,bonafide,real,-,zeroth_214,zeroth_korean,그래서 그는 구할 수 있는 데까지 틴들의 번역판을 모두 구해서 불태워 버렸습니다,codec
data/processed/en_mlaad_augmented/silent_bullet_01_f000017_aug.wav,en,spoof,tts,ElevenLabs-v2-Multilingual,-,mlaad,,none
data/processed/ko_mlaad_augmented/midnight_passenger_03_f000090_aug.wav,ko,spoof,tts,minimax_speech-02-turbo,-,mlaad,,none
data/processed/en_augmented/LA_T_9079590_aug.wav,en,bonafide,real,-,LA_0086,asvspoof2019la,,rawboost
data/processed/en_augmented/LA_T_6476075_aug.wav,en,bonafide,real,-,LA_0086,asvspoof2019la,,none
data/processed/en_mlaad_augmented/wives_and_daughters_20_f000077_aug.wav,en,spoof,tts,Chatterbox-Turbo,-,mlaad,,rawboost
data/processed/en_mlaad_augmented/pink_fairy_book_26_f000019_aug.wav,en,spoof,tts,Chatterbox-Turbo,-,mlaad,,rawboost
data/processed/ko_augmented/zeroth_175_003_1269_aug.wav,ko,bonafide,real,-,zeroth_175,zeroth_korean,이 같은 계획이 누구의 지시로 이뤄졌는지도 분명히 드러납니다,rawboost
data/processed/en_augmented/LA_T_3754513_aug.wav,en,bonafide,real,-,LA_0090,asvspoof2019la,,none
data/processed/ko_augmented/zeroth_170_003_2566_aug.wav,ko,bonafide,real,-,zeroth_170,zeroth_korean,일정 시간이 지나면 터지도록 만들어진 폭발물 타이머가 부착돼 있다,rawboost
data/processed/en_augmented/LA_T_3025335_aug.wav,en,bonafide,real,-,LA_0094,asvspoof2019la,,rawboost
data/processed/ko_augmented/zeroth_148_003_2269_aug.wav,ko,bonafide,real,-,zeroth_148,zeroth_korean,일 일 인권위 등 복수의 관계자 말과 관련 자료를 종합하면 인권위는 최근 유엔 자유권규약 제 사 차 국가보고서 심의를 위한 정보노트 최종안을 마련 의결을 앞두고 있다,rawboost
data/processed/ko_mlaad_augmented/ozma_of_oz_14_f000003_aug.wav,ko,spoof,tts,MOSS-TTS-8B,-,mlaad,,rawboost
data/processed/ko_mlaad_augmented/midnight_passenger_06_f000226_aug.wav,ko,spoof,tts,MOSS-TTS-1.7B,-,mlaad,,rawboost
data/processed/ko_augmented/zeroth_106_003_2058_aug.wav,ko,bonafide,real,-,zeroth_106,zeroth_korean,강아지가 용변을 보도록 유도하는 말을 가르칠 수도 있다,rawboost
data/processed/ko_augmented/kss_05453_aug.wav,ko,bonafide,real,-,kss_speaker,kss,우리는 기다리면서 상황의 전개를 지켜보기로 결정했다.,rawboost
data/processed/ko_mlaad_augmented/jane_eyre_08_f000064_aug.wav,ko,spoof,tts,Qwen3-TTS-12Hz-0.6B-Base,-,mlaad,,none
data/processed/en_mlaad_augmented/pink_fairy_book_32_f000112_aug.wav,en,spoof,tts,ElevenLabs-v3,-,mlaad,,codec
data/processed/en_augmented/LA_T_6298599_aug.wav,en,bonafide,real,-,LA_0096,asvspoof2019la,,rawboost
data/processed/ko_mlaad_augmented/wives_and_daughters_18_f000068_aug.wav,ko,spoof,tts,Qwen3-TTS-12Hz-0.6B-Base,-,mlaad,,none
data/processed/ko_augmented/zeroth_211_003_0965_aug.wav,ko,bonafide,real,-,zeroth_211,zeroth_korean,이들을 제외한 여든 네 개월 미만 아동에게는 월 십 만원이 지급된다,none
data/processed/ko_augmented/zeroth_136_003_0540_aug.wav,ko,bonafide,real,-,zeroth_136,zeroth_korean,출시와 함께 바나나 트렌드를 업은 초코파이 바나나는 사 월 한 달간 이천 만개가 팔렸다,none
data/processed/ko_mlaad_augmented/northandsouth_04_f000068_aug.wav,ko,spoof,tts,Chatterbox Multilingual,-,mlaad,,rawboost+codec
data/processed/ko_mlaad_augmented/wives_and_daughters_10_f000324_aug.wav,ko,spoof,tts,VoxCPM2,-,mlaad,,rawboost
data/processed/ko_augmented/zeroth_206_003_2844_aug.wav,ko,bonafide,real,-,zeroth_206,zeroth_korean,문 후보 측 박광온 공보단장은 각 매체로선 대선 후보 인터뷰가 오 년에 딱 한 번 주어지는 만큼 모두에게 골고루 기회를 주자는 취지라고 설명했다,codec
data/processed/ko_augmented/kss_02979_aug.wav,ko,bonafide,real,-,kss_speaker,kss,6개월에 한 번 스케일링을 받으세요.,none
data/processed/ko_augmented/kss_08602_aug.wav,ko,bonafide,real,-,kss_speaker,kss,농민들은 쌀 시장의 개방에 반대하고 있다.,none
data/processed/en_mlaad_augmented/piratesofersatz_11_leinster_64kb_f000050_aug.wav,en,spoof,tts,Chatterbox,-,mlaad,,none
data/processed/ko_mlaad_augmented/northandsouth_22_f000138_aug.wav,ko,spoof,tts,OmniVoice,-,mlaad,,rawboost+codec
data/processed/en_augmented/LA_T_1075302_aug.wav,en,bonafide,real,-,LA_0097,asvspoof2019la,,codec
data/processed/ko_augmented/zeroth_209_003_2497_aug.wav,ko,bonafide,real,-,zeroth_209,zeroth_korean,아마 북한에서 흔히 외교관들이 올 때 저도 사실 올 때 회견을 발표해서 제가 백 만 달러를 가지고 탈출했다고 이야기를 했거든요,codec
data/processed/en_mlaad_augmented/hunters_space_07_f000057_aug.wav,en,spoof,tts,GPT-SoVITS,-,mlaad,,rawboost+codec
data/processed/ko_augmented/zeroth_127_003_0323_aug.wav,ko,bonafide,real,-,zeroth_127,zeroth_korean,하지만 최저임금 협상을 앞둔 시점에서 정치권이 과도한 인상 공약으로 기대심리만 높여놓는 것은 포퓰리즘에 불과하다는 지적도 나온다,codec
data/processed/ko_augmented/zeroth_119_003_2644_aug.wav,ko,bonafide,real,-,zeroth_119,zeroth_korean,자신이 꽃임을 잊어버린 마흔 일곱 명의 위안부 여성이 아직 살아 있다,rawboost
data/processed/ko_augmented/zeroth_155_003_2427_aug.wav,ko,bonafide,real,-,zeroth_155,zeroth_korean,오늘날 여가 활동으로 새를 관찰하는 것을 즐기는 사람이 많습니다,codec
data/processed/ko_mlaad_augmented/northandsouth_28_f000229_aug.wav,ko,spoof,tts,Qwen3-TTS-12Hz-1.7B-Base,-,mlaad,,rawboost+codec
data/processed/en_mlaad_augmented/piratesofersatz_04_leinster_64kb_f000087_aug.wav,en,spoof,tts,Qwen3-TTS-12Hz-1.7B-Base,-,mlaad,,rawboost
data/processed/ko_mlaad_augmented/northandsouth_32_f000023_aug.wav,ko,spoof,tts,Fish-S2-Pro,-,mlaad,,rawboost+codec
data/processed/en_mlaad_augmented/silent_bullet_03_f000269_aug.wav,en,spoof,tts,Higgs-Audio-V2,-,mlaad,,rawboost
data/processed/en_augmented/LA_T_7674329_aug.wav,en,bonafide,real,-,LA_0085,asvspoof2019la,,none
data/processed/ko_mlaad_augmented/wives_and_daughters_32_f000276_aug.wav,ko,spoof,tts,Qwen3-TTS-12Hz-1.7B-Base,-,mlaad,,codec
data/processed/ko_augmented/zeroth_160_003_2546_aug.wav,ko,bonafide,real,-,zeroth_160,zeroth_korean,업무 강도가 센 직업이라 야근과 주말근무를 할 때도 많아서 입주돌보미를 구했는데 비용이 높았다,none
data/processed/en_augmented/LA_T_4980224_aug.wav,en,bonafide,real,-,LA_0098,asvspoof2019la,,none
data/processed/ko_mlaad_augmented/emerald_city_of_oz_26_f000101_aug.wav,ko,spoof,tts,tts_models_multilingual_multi-dataset_bark,-,mlaad,,rawboost
data/processed/en_augmented/LA_T_6842563_aug.wav,en,bonafide,real,-,LA_0095,asvspoof2019la,,rawboost
data/processed/en_mlaad_augmented/jane_eyre_35_f000233_aug.wav,en,spoof,tts,GPT-SoVITS,-,mlaad,,codec
data/processed/en_augmented/LA_T_8874328_aug.wav,en,bonafide,real,-,LA_0087,asvspoof2019la,,codec
data/processed/ko_augmented/zeroth_188_003_2670_aug.wav,ko,bonafide,real,-,zeroth_188,zeroth_korean,제가 속해 있는 지부의 범위보다 더 큰 규모의 공동체죠,rawboost
data/processed/en_mlaad_augmented/jane_eyre_01_f000056_aug.wav,en,spoof,tts,Qwen3-TTS-12Hz-1.7B-Base,-,mlaad,,none
data/processed/en_augmented/LA_T_7746591_aug.wav,en,bonafide,real,-,LA_0083,asvspoof2019la,,none
data/processed/ko_augmented/zeroth_199_003_2186_aug.wav,ko,bonafide,real,-,zeroth_199,zeroth_korean,근로능력평가는 의학적 평가와 활동능력 평가 두 가지로 이뤄진다,rawboost+codec
data/processed/en_augmented/LA_T_5896323_aug.wav,en,bonafide,real,-,LA_0088,asvspoof2019la,,rawboost+codec
data/processed/en_augmented/LA_T_3707104_aug.wav,en,bonafide,real,-,LA_0091,asvspoof2019la,,rawboost
data/processed/en_augmented/LA_T_8059641_aug.wav,en,bonafide,real,-,LA_0096,asvspoof2019la,,none
data/processed/ko_mlaad_augmented/wives_and_daughters_44_f000003_aug.wav,ko,spoof,tts,MOSS-TTS-8B,-,mlaad,,none
data/processed/en_mlaad_augmented/wives_and_daughters_41_f000092_aug.wav,en,spoof,tts,GPT-SoVITS,-,mlaad,,none
data/processed/en_mlaad_augmented/emerald_city_of_oz_10_f000062_aug.wav,en,spoof,tts,ElevenLabs-Turbo-v2.5,-,mlaad,,rawboost+codec
data/processed/ko_augmented/zeroth_116_003_0334_aug.wav,ko,bonafide,real,-,zeroth_116,zeroth_korean,저희들이 생각하는 가장 유력한 증거는 현재 화물차에 접수돼 있던 차량에 보면 블랙박스가 있지 않습니까,none
data/processed/en_mlaad_augmented/northandsouth_05_f000174_aug.wav,en,spoof,tts,ElevenLabs-v3,-,mlaad,,codec
data/processed/ko_mlaad_augmented/wives_and_daughters_05_f000079_aug.wav,ko,spoof,tts,MOSS-TTS-8B,-,mlaad,,rawboost
data/processed/en_mlaad_augmented/wives_and_daughters_30_f000102_aug.wav,en,spoof,tts,ElevenLabs-v3,-,mlaad,,codec
data/processed/en_augmented/LA_T_5638559_aug.wav,en,bonafide,real,-,LA_0081,asvspoof2019la,,none
data/processed/ko_augmented/zeroth_206_003_1044_aug.wav,ko,bonafide,real,-,zeroth_206,zeroth_korean,빌이 말을 하는 데 성공하자 빅키와 로즈를 비롯한 많은 사람들이 기뻐하였습니다,rawboost
data/processed/ko_mlaad_augmented/dorothy_and_wizard_oz_13_f000038_aug.wav,ko,spoof,tts,Qwen3-TTS-12Hz-0.6B-Base,-,mlaad,,rawboost
data/processed/ko_augmented/zeroth_206_003_0591_aug.wav,ko,bonafide,real,-,zeroth_206,zeroth_korean,그러던 어느 날 뜻밖의 사건이 벌어져 이 도시와 일본 전체가 새로운 전기를 맞게 되었습니다,none
data/processed/en_augmented/LA_T_5774498_aug.wav,en,bonafide,real,-,LA_0080,asvspoof2019la,,rawboost+codec
data/processed/en_augmented/LA_T_3638527_aug.wav,en,spoof,tts,A03,LA_0079,asvspoof2019la,,none
data/processed/ko_mlaad_augmented/hunters_space_10_f000060_aug.wav,ko,spoof,tts,Qwen3-TTS-12Hz-0.6B-Base,-,mlaad,,rawboost
data/processed/ko_augmented/zeroth_184_003_2080_aug.wav,ko,bonafide,real,-,zeroth_184,zeroth_korean,지난해 국내 연구개발과 디자인 직군에만 시범 실시했는데 업무 효율성이 높아지고 직원 만족도가 높아 회사 전체로 확대한 겁니다,rawboost
data/processed/ko_augmented/zeroth_190_003_0844_aug.wav,ko,bonafide,real,-,zeroth_190,zeroth_korean,김씨가 가입한 공무원 준비 커뮤니티는 현직 게시판에 셀프 소개팅 관련 글이 넘쳐나면서 지난 유 월부터 전용 게시판을 별도로 마련했다,rawboost
data/processed/en_augmented/LA_T_1636151_aug.wav,en,bonafide,real,-,LA_0092,asvspoof2019la,,rawboost
data/processed/en_augmented/LA_T_4176612_aug.wav,en,bonafide,real,-,LA_0080,asvspoof2019la,,rawboost
data/processed/ko_augmented/zeroth_158_003_0738_aug.wav,ko,bonafide,real,-,zeroth_158,zeroth_korean,반 전총장의 갑작스러운 불출마선언은 귀국 후 축소일로를 걸어 온 본인의 정치적 영향력을 절감했기 때문으로 풀이된다,rawboost
data/processed/en_augmented/LA_T_1555189_aug.wav,en,bonafide,real,-,LA_0083,asvspoof2019la,,none
data/processed/ko_augmented/zeroth_157_003_0819_aug.wav,ko,bonafide,real,-,zeroth_157,zeroth_korean,여덟 시간이나 집을 비웠는데도 재우기만하면 별문제 없을 것이라고 착각했습니다,codec
data/processed/ko_mlaad_augmented/jane_eyre_17_f000233_aug.wav,ko,spoof,tts,Higgs-Audio-V2,-,mlaad,,codec
data/processed/en_mlaad_augmented/jane_eyre_31_f000073_aug.wav,en,spoof,tts,ElevenLabs-v3,-,mlaad,,rawboost
data/processed/ko_augmented/zeroth_146_003_0614_aug.wav,ko,bonafide,real,-,zeroth_146,zeroth_korean,그랬더니 강남구 쪽에서 좋은 의견을 내주시는데 왜 제가 안 받겠느냐,rawboost+codec
data/processed/ko_augmented/zeroth_165_003_1221_aug.wav,ko,bonafide,real,-,zeroth_165,zeroth_korean,세계암연구재단은 매주 붉은 고기 요리 섭취를 오백 그램 으로 제한할 것을 권한 바 있다,rawboost
data/processed/en_augmented/LA_T_8129486_aug.wav,en,bonafide,real,-,LA_0090,asvspoof2019la,,rawboost
data/processed/ko_mlaad_augmented/the_sea_fairies_02_f000148_aug.wav,ko,spoof,tts,tts_models_multilingual_multi-dataset_xtts_v2,-,mlaad,,none
data/processed/en_mlaad_augmented/jane_eyre_19_f000183_aug.wav,en,spoof,tts,MOSS-TTS-8B,-,mlaad,,rawboost+codec
data/processed/ko_augmented/zeroth_153_003_1242_aug.wav,ko,bonafide,real,-,zeroth_153,zeroth_korean,이 대표는 이 자리에서 젊은 여러분들의 열정과 충정이야말로 새누리당의 희망이라며 그래서 제가 결심했고 날짜까지 박았잖나라고 하소연했다,rawboost+codec
data/processed/en_augmented/LA_T_4053835_aug.wav,en,bonafide,real,-,LA_0079,asvspoof2019la,,rawboost
data/processed/en_augmented/LA_T_6760468_aug.wav,en,spoof,vc,A05,LA_0089,asvspoof2019la,,none
data/processed/ko_augmented/zeroth_152_from_zeroth_148_003_1885_aug.wav,ko,spoof,vc,rvc_zeroth_152,zeroth_152,rvc_from_zeroth_148,온라인 여행전문 사이트 익스피디아에 따르면 아랍에미리트 직장인들은 연차휴가 삼십 일 스웨덴 네덜란드 노르웨이는 이십 오 일을 받아 백 퍼센트 쓰고 있다,codec
data/processed/en_augmented/LA_T_9857249_aug.wav,en,bonafide,real,-,LA_0095,asvspoof2019la,,none
data/processed/ko_augmented/zeroth_196_003_1001_aug.wav,ko,bonafide,real,-,zeroth_196,zeroth_korean,그러나 누진제도에 대한 한전과 정부의 입장은 요지부동이다,none
data/processed/ko_augmented/zeroth_215_003_1508_aug.wav,ko,bonafide,real,-,zeroth_215,zeroth_korean,자기계발비가 너무 적어 가족당 외출을 한 달에 한 두 번밖에 못할 명세서도 등장했다,codec
data/processed/ko_augmented/zeroth_179_003_2228_aug.wav,ko,bonafide,real,-,zeroth_179,zeroth_korean,실제로 우두머리 수컷은 화가 나거나 흥분하면 코가 부풀어 오르면서 빨개집니다,rawboost
data/processed/ko_augmented/zeroth_190_003_2504_aug.wav,ko,bonafide,real,-,zeroth_190,zeroth_korean,쿠키뉴스 인터넷을 통해 자살 정보를 공유하고 동반자살까지 실행에 옮기는 위험한 사태가 현실에서 버젓이 일어나고 있는 것으로 드러났다,rawboost
data/processed/en_augmented/LA_T_4566714_aug.wav,en,bonafide,real,-,LA_0086,asvspoof2019la,,rawboost+codec
data/processed/ko_augmented/zeroth_201_from_zeroth_124_003_1556_aug.wav,ko,spoof,vc,rvc_zeroth_201,zeroth_201,rvc_from_zeroth_124,천 구백 사십 칠 년 오 월부터 지금까지 관람차는 계속 회전하면서 즐거워하는 손님들을 천천히 올려 주기도 하고 내려 주기도 합니다,rawboost
data/processed/ko_augmented/kss_12163_aug.wav,ko,bonafide,real,-,kss_speaker,kss,싼값에 비행기 표를 구할 방법 없을까?,none
data/processed/ko_mlaad_augmented/the_master_key_13_f000017_aug.wav,ko,spoof,tts,MOSS-TTS-1.7B,-,mlaad,,rawboost+codec
data/processed/ko_mlaad_augmented/emerald_city_of_oz_17_f000110_aug.wav,ko,spoof,tts,Higgs-Audio-V2,-,mlaad,,rawboost
data/processed/ko_augmented/zeroth_180_003_0299_aug.wav,ko,bonafide,real,-,zeroth_180,zeroth_korean,재계약 과정에서도 수당 상여금 요청을 번번이 거부당한 박씨는 결국 올 이 월 서울지방노동위원회에 차별시정 신청을 냈다,rawboost
data/processed/en_mlaad_augmented/silent_bullet_03_f000050_aug.wav,en,spoof,tts,kokoro,-,mlaad,,rawboost
data/processed/en_augmented/LA_T_7833340_aug.wav,en,bonafide,real,-,LA_0088,asvspoof2019la,,none
data/processed/en_mlaad_augmented/wives_and_daughters_48_f000083_aug.wav,en,spoof,tts,kokoro,-,mlaad,,none
data/processed/ko_mlaad_augmented/wives_and_daughters_43_f000073_aug.wav,ko,spoof,tts,OmniVoice,-,mlaad,,codec
data/processed/ko_mlaad_augmented/midnight_passenger_03_f000151_aug.wav,ko,spoof,tts,Qwen3-TTS-12Hz-1.7B-Base,-,mlaad,,rawboost+codec
data/processed/ko_augmented/kss_01034_aug.wav,ko,bonafide,real,-,kss_speaker,kss,내일은 제일 중요한 장면을 연습할 거야.,none
data/processed/ko_mlaad_augmented/pink_fairy_book_31_f000048_aug.wav,ko,spoof,tts,Higgs-Audio-V2,-,mlaad,,none
data/processed/ko_augmented/zeroth_106_003_0077_aug.wav,ko,bonafide,real,-,zeroth_106,zeroth_korean,인사를 결정하는 과정에서 당 지도부가 우 원내대표 및 원내지도부와 충분한 상의를 거치지 않은 채 일방적으로 인사를 했다는 불만도 원내지도부를 중심으로 흘러나왔다,rawboost+codec
data/processed/ko_augmented/zeroth_117_003_0227_aug.wav,ko,bonafide,real,-,zeroth_117,zeroth_korean,시속 여든 킬로미터를 넘으면 차체 뒷부분이 마흔 센티미터가량 길어져 주변 공기가 쉽게 빠져나가게 설계됐습니다,rawboost
data/processed/ko_augmented/zeroth_145_003_2636_aug.wav,ko,bonafide,real,-,zeroth_145,zeroth_korean,때문에 박 대통령의 이날 발언을 두고 박심 을 우회적으로 내비친 것 아니냐는 해석이 나왔다,none
data/processed/en_augmented/LA_T_8452659_aug.wav,en,bonafide,real,-,LA_0092,asvspoof2019la,,rawboost
data/processed/ko_augmented/kss_05782_aug.wav,ko,bonafide,real,-,kss_speaker,kss,"A: 저 게임 생방송이에요? B: 아뇨, 녹화방송이요.",rawboost
data/processed/en_augmented/LA_T_8856169_aug.wav,en,bonafide,real,-,LA_0088,asvspoof2019la,,none
data/processed/en_augmented/LA_T_4810261_aug.wav,en,bonafide,real,-,LA_0093,asvspoof2019la,,codec
data/processed/en_mlaad_augmented/skyisland_03_baum_64kb_f000088_aug.wav,en,spoof,tts,tts_models_multilingual_multi-dataset_xtts_v2,-,mlaad,,none
data/processed/en_augmented/LA_T_8537108_aug.wav,en,bonafide,real,-,LA_0095,asvspoof2019la,,rawboost+codec
data/processed/ko_augmented/zeroth_144_003_0469_aug.wav,ko,bonafide,real,-,zeroth_144,zeroth_korean,그러나 성인 기준 나이를 훌쩍 넘긴 이들이 미디어에서 어린이 다움을 어필하는 것은 이미 대세가 됐다,none
data/processed/en_augmented/LA_T_7521161_aug.wav,en,bonafide,real,-,LA_0098,asvspoof2019la,,rawboost
data/processed/en_augmented/LA_T_3176879_aug.wav,en,bonafide,real,-,LA_0094,asvspoof2019la,,none
data/processed/en_mlaad_augmented/rinkitink_baum_07_64kb_f000008_aug.wav,en,spoof,tts,minimax_speech-2.6-hd,-,mlaad,,codec
data/processed/en_mlaad_augmented/hunters_space_14_f000070_aug.wav,en,spoof,tts,tts_models_multilingual_multi-dataset_xtts_v2,-,mlaad,,rawboost
data/processed/en_augmented/LA_T_9949256_aug.wav,en,bonafide,real,-,LA_0094,asvspoof2019la,,codec
data/processed/en_mlaad_augmented/wives_and_daughters_29_f000164_aug.wav,en,spoof,tts,tts_models_multilingual_multi-dataset_xtts_v2,-,mlaad,,rawboost
data/processed/en_augmented/LA_T_4350540_aug.wav,en,bonafide,real,-,LA_0086,asvspoof2019la,,codec
data/processed/ko_mlaad_augmented/jane_eyre_05_f000006_aug.wav,ko,spoof,tts,Fish-S2-Pro,-,mlaad,,none
data/processed/ko_augmented/zeroth_163_003_2565_aug.wav,ko,bonafide,real,-,zeroth_163,zeroth_korean,우 전 수석은 특검 출범 이후 줄곧 사법처리 대상에 포함될지 관심을 받아왔다,rawboost+codec
data/processed/ko_augmented/zeroth_204_003_0972_aug.wav,ko,bonafide,real,-,zeroth_204,zeroth_korean,기자회견에 이어 오후에는 새정치 실현을 위한 집중 토론회를 개최 신당의 기조에 대한 의견을 수렴하고 신당의 정치 세력화를 성공시키기 위한 지역별 부문별 의견을 청취할 예정이다,none
data/processed/ko_augmented/zeroth_161_003_1721_aug.wav,ko,bonafide,real,-,zeroth_161,zeroth_korean,박정희 전 대통령이 사십 년전 창원기계공업단지를 지정했고 같은해에 거제에 조선공업단지를 지정했다,none
data/processed/en_augmented/LA_T_1029184_aug.wav,en,bonafide,real,-,LA_0096,asvspoof2019la,,none
data/processed/ko_augmented/zeroth_172_003_0646_aug.wav,ko,bonafide,real,-,zeroth_172,zeroth_korean,이런 현상 이면에는 자동차회사의 직영 정비공장이나 외산차 전문수리점의 부추김도 한몫했다는 지적이다,rawboost+codec
data/processed/ko_mlaad_augmented/jane_eyre_06_f000049_aug.wav,ko,spoof,tts,Higgs-Audio-V2,-,mlaad,,rawboost
data/processed/en_augmented/LA_T_1770624_aug.wav,en,bonafide,real,-,LA_0088,asvspoof2019la,,none
data/processed/ko_augmented/zeroth_166_003_1411_aug.wav,ko,bonafide,real,-,zeroth_166,zeroth_korean,대우조선이 잘하는 조선 쪽에 특화해 규모를 줄여 회생을 도모하자는 것이다,rawboost
data/processed/ko_mlaad_augmented/wives_and_daughters_04_f000037_aug.wav,ko,spoof,tts,VoxCPM2,-,mlaad,,none
data/processed/ko_augmented/zeroth_198_003_0112_aug.wav,ko,bonafide,real,-,zeroth_198,zeroth_korean,그런데 사무실의 냉방기준에는 이런 사정이 전혀 반영되지 않고 있다는 게 킹마 교수의 설명이다,rawboost+codec
data/processed/ko_augmented/zeroth_127_003_0501_aug.wav,ko,bonafide,real,-,zeroth_127,zeroth_korean,일요일인 지난 오 일 오후 아홉 시쯤 서울 광진구의 한 가정집에서 그릇 깨지는 소리가 요란하게 났다,rawboost
data/processed/en_augmented/LA_T_7975097_aug.wav,en,spoof,tts,A01,LA_0096,asvspoof2019la,,none
data/processed/en_augmented/LA_T_9075670_aug.wav,en,bonafide,real,-,LA_0082,asvspoof2019la,,rawboost+codec
data/processed/en_augmented/LA_T_6200206_aug.wav,en,bonafide,real,-,LA_0079,asvspoof2019la,,rawboost+codec
data/processed/en_augmented/LA_T_3220828_aug.wav,en,bonafide,real,-,LA_0087,asvspoof2019la,,rawboost
data/processed/en_mlaad_augmented/the_sea_fairies_15_f000140_aug.wav,en,spoof,tts,tts_models_multilingual_multi-dataset_xtts_v2,-,mlaad,,none
data/processed/en_mlaad_augmented/wives_and_daughters_58_f000025_aug.wav,en,spoof,tts,kokoro,-,mlaad,,rawboost+codec
data/processed/ko_mlaad_augmented/the_master_key_20_f000039_aug.wav,ko,spoof,tts,Fish-S2-Pro,-,mlaad,,none
data/processed/ko_augmented/zeroth_144_003_0747_aug.wav,ko,bonafide,real,-,zeroth_144,zeroth_korean,경기 안산단원경찰서는 안산 방조제 토막시신 사건 전단을 수정해 배포했다고 사 일 밝혔다,rawboost
data/processed/en_augmented/LA_T_8128283_aug.wav,en,spoof,tts,A03,LA_0094,asvspoof2019la,,rawboost
data/processed/en_augmented/LA_T_6144753_aug.wav,en,bonafide,real,-,LA_0095,asvspoof2019la,,rawboost
data/processed/ko_mlaad_augmented/piratesofersatz_03_leinster_64kb_f000076_aug.wav,ko,spoof,tts,MOSS-TTS-1.7B,-,mlaad,,none
data/processed/ko_mlaad_augmented/poisoned_pen_04_f000272_aug.wav,ko,spoof,tts,Qwen3-TTS-12Hz-0.6B-Base,-,mlaad,,rawboost
data/processed/ko_mlaad_augmented/skyisland_02_baum_64kb_f000083_aug.wav,ko,spoof,tts,minimax_speech-02-turbo,-,mlaad,,none
data/processed/en_augmented/LA_T_6038833_aug.wav,en,spoof,tts,A03,LA_0086,asvspoof2019la,,codec
data/processed/ko_mlaad_augmented/northandsouth_06_f000094_aug.wav,ko,spoof,tts,OmniVoice,-,mlaad,,rawboost+codec
data/processed/en_augmented/LA_T_8647496_aug.wav,en,bonafide,real,-,LA_0080,asvspoof2019la,,codec
data/processed/ko_augmented/zeroth_195_003_2105_aug.wav,ko,bonafide,real,-,zeroth_195,zeroth_korean,그마저도 남편이 다른 회사로 옮기면서 차가 필요해 중고차를 구매하자 지원대상에서 제외됐다,rawboost+codec
data/processed/en_mlaad_augmented/jane_eyre_11_f000169_aug.wav,en,spoof,tts,minimax_speech-2.6-hd,-,mlaad,,rawboost
data/processed/ko_augmented/zeroth_218_003_2711_aug.wav,ko,bonafide,real,-,zeroth_218,zeroth_korean,국산이 오 천 원 노르웨이산이 삼 천 구백 팔십 원으로 수입 고등어가 일 천 원 이상 쌌다,rawboost
data/processed/en_mlaad_augmented/hunters_space_11_f000027_aug.wav,en,spoof,tts,ElevenLabs-Turbo-v2.5,-,mlaad,,codec
data/processed/ko_mlaad_augmented/northandsouth_28_f000131_aug.wav,ko,spoof,tts,Fish-S2-Pro,-,mlaad,,none
data/processed/en_augmented/LA_T_1236840_aug.wav,en,bonafide,real,-,LA_0098,asvspoof2019la,,rawboost
data/processed/ko_augmented/zeroth_106_003_0325_aug.wav,ko,bonafide,real,-,zeroth_106,zeroth_korean,가방을 비롯한 수하물들을 컨베이어 벨트 위에 가능한 한 납작하게 올려놓으십시오,rawboost
data/processed/ko_augmented/zeroth_194_003_2832_aug.wav,ko,bonafide,real,-,zeroth_194,zeroth_korean,장면 하나하나를 놓치지 않으려는 제작진의 표정이 진지합니다,none
data/processed/ko_augmented/zeroth_122_003_0258_aug.wav,ko,bonafide,real,-,zeroth_122,zeroth_korean,사상 초유의 가축 질병 멀티 바이러스 대란이 닥쳤지만 현장에선 제대로 된 보고조차 이뤄지지 않고 컨트롤타워 역할을 해야 할 황 권한대행은 내용을 파악하지 못하고 있다,none
data/processed/en_mlaad_augmented/wives_and_daughters_39_f000162_aug.wav,en,spoof,tts,minimax_speech-2.6-hd,-,mlaad,,codec
data/processed/ko_mlaad_augmented/midnight_passenger_03_f000183_aug.wav,ko,spoof,tts,Fish-S2-Pro,-,mlaad,,none
data/processed/ko_augmented/kss_10563_aug.wav,ko,bonafide,real,-,kss_speaker,kss,방금 잠은 깼는데 술이 아직 안 깨요.,none
data/processed/ko_mlaad_augmented/poisoned_pen_01_f000241_aug.wav,ko,spoof,tts,MOSS-TTS-8B,-,mlaad,,rawboost
data/processed/ko_mlaad_augmented/the_sea_fairies_16_f000077_aug.wav,ko,spoof,tts,OmniVoice,-,mlaad,,rawboost
data/processed/ko_mlaad_augmented/northandsouth_46_f000284_aug.wav,ko,spoof,tts,Fish-S2-Pro,-,mlaad,,rawboost
data/processed/en_augmented/LA_T_3492130_aug.wav,en,bonafide,real,-,LA_0083,asvspoof2019la,,none
data/processed/en_mlaad_augmented/jane_eyre_12_f000206_aug.wav,en,spoof,tts,MOSS-TTS-8B,-,mlaad,,codec
data/processed/en_augmented/LA_T_8387777_aug.wav,en,bonafide,real,-,LA_0083,asvspoof2019la,,rawboost+codec
data/processed/ko_mlaad_augmented/midnight_passenger_04_f000111_aug.wav,ko,spoof,tts,MOSS-TTS-8B,-,mlaad,,rawboost+codec
data/processed/en_mlaad_augmented/northandsouth_16_f000106_aug.wav,en,spoof,tts,tts_models_multilingual_multi-dataset_xtts_v2,-,mlaad,,none
data/processed/ko_mlaad_augmented/northandsouth_26_f000106_aug.wav,ko,spoof,tts,Chatterbox Multilingual,-,mlaad,,none
data/processed/ko_mlaad_augmented/midnight_passenger_07_f000150_aug.wav,ko,spoof,tts,Qwen3-TTS-12Hz-1.7B-Base,-,mlaad,,rawboost
data/processed/ko_mlaad_augmented/pink_fairy_book_31_f000088_aug.wav,ko,spoof,tts,VoxCPM2,-,mlaad,,none
data/processed/ko_mlaad_augmented/jane_eyre_14_f000046_aug.wav,ko,spoof,tts,Chatterbox Multilingual,-,mlaad,,rawboost
data/processed/en_augmented/LA_T_8156237_aug.wav,en,bonafide,real,-,LA_0083,asvspoof2019la,,none
data/processed/ko_augmented/zeroth_164_003_2985_aug.wav,ko,bonafide,real,-,zeroth_164,zeroth_korean,앵커 한 고등학교가 얼마 전 이 학년 학부모들에게 발송한 가정통신문입니다,codec
data/processed/en_augmented/LA_T_6322694_aug.wav,en,spoof,tts,A01,LA_0090,asvspoof2019la,,rawboost
data/processed/ko_mlaad_augmented/wives_and_daughters_32_f000272_aug.wav,ko,spoof,tts,OmniVoice,-,mlaad,,none
data/processed/ko_augmented/zeroth_192_003_2140_aug.wav,ko,bonafide,real,-,zeroth_192,zeroth_korean,기재부 관계자는 특수활동비의 경우 총액 편성 총액 결산이기 때문에 결산 때 세부 내역까지 상세히 들여다보지 않는다고 했다,rawboost
data/processed/ko_augmented/zeroth_216_003_2548_aug.wav,ko,bonafide,real,-,zeroth_216,zeroth_korean,적어도 새누리당에 비해 완승을 거뒀다면서도 비례대표 공천은 검증이 다소 부실한 점이 있었고 중앙위 결정과 권한을 소홀하게 생각해 걱정이 많았다,rawboost+codec
data/processed/en_mlaad_augmented/dorothy_and_wizard_oz_01_f000103_aug.wav,en,spoof,tts,MOSS-TTS-8B,-,mlaad,,codec
data/processed/en_mlaad_augmented/jane_eyre_20_f000311_aug.wav,en,spoof,tts,ElevenLabs-v2-Multilingual,-,mlaad,,rawboost
data/processed/en_mlaad_augmented/wives_and_daughters_47_f000113_aug.wav,en,spoof,tts,minimax_speech-2.6-hd,-,mlaad,,codec
data/processed/ko_augmented/zeroth_158_003_2704_aug.wav,ko,bonafide,real,-,zeroth_158,zeroth_korean,나머지 세 명은 한은 금통위가 연내 금리를 인상할 것으로 내다봤다,none
data/processed/en_augmented/LA_T_1202598_aug.wav,en,bonafide,real,-,LA_0091,asvspoof2019la,,rawboost+codec
data/processed/ko_mlaad_augmented/poisoned_pen_09_f000107_aug.wav,ko,spoof,tts,Qwen3-TTS-12Hz-1.7B-Base,-,mlaad,,rawboost
data/processed/ko_mlaad_augmented/dorothy_and_wizard_oz_10_f000006_aug.wav,ko,spoof,tts,Fish-S2-Pro,-,mlaad,,rawboost
data/processed/en_augmented/LA_T_4871078_aug.wav,en,bonafide,real,-,LA_0093,asvspoof2019la,,rawboost+codec
data/processed/en_augmented/LA_T_2147294_aug.wav,en,bonafide,real,-,LA_0091,asvspoof2019la,,none
data/processed/ko_augmented/zeroth_151_003_2623_aug.wav,ko,bonafide,real,-,zeroth_151,zeroth_korean,신병 치료를 위해 병원에 입원해 있는 윤씨는 일체의 언론 접촉을 거부하고 있다,rawboost
data/processed/ko_augmented/zeroth_166_003_1617_aug.wav,ko,bonafide,real,-,zeroth_166,zeroth_korean,삼성전자가 갈수록 추락하는 중국 시장 점유율을 만회하기 위해 가격 대응에 나섰다,none
data/processed/ko_augmented/zeroth_136_003_0081_aug.wav,ko,bonafide,real,-,zeroth_136,zeroth_korean,모두가 언어를 공부하고 있었고 영어를 잘했기 때문에 그들에게 영어로 된 청소년은 묻는다 책 삼십 권을 전할 수 있었지요,rawboost+codec
data/processed/en_mlaad_augmented/rinkitink_baum_07_64kb_f000001_aug.wav,en,spoof,tts,Higgs-Audio-V2,-,mlaad,,none
data/processed/ko_augmented/zeroth_151_003_1746_aug.wav,ko,bonafide,real,-,zeroth_151,zeroth_korean,이날 완치된 다섯 번 환자처럼 면역력이 튼튼하고 기저 질환이 없으면 치료가 어렵지 않다는 것이 의료진의 설명이다,codec
data/processed/ko_mlaad_augmented/silent_bullet_08_f000229_aug.wav,ko,spoof,tts,Higgs-Audio-V2,-,mlaad,,rawboost
data/processed/en_augmented/LA_T_7466998_aug.wav,en,bonafide,real,-,LA_0092,asvspoof2019la,,rawboost
data/processed/ko_augmented/zeroth_128_003_2570_aug.wav,ko,bonafide,real,-,zeroth_128,zeroth_korean,한겨울 간식거리인 호빵과 즉석어묵도 매출이 전년대비 이십 에서 삼십 퍼센트 감소했다,rawboost
data/processed/ko_mlaad_augmented/emerald_city_of_oz_28_f000022_aug.wav,ko,spoof,tts,Fish-S2-Pro,-,mlaad,,codec
data/processed/ko_mlaad_augmented/emerald_city_of_oz_23_f000065_aug.wav,ko,spoof,tts,OmniVoice,-,mlaad,,none
data/processed/ko_augmented/zeroth_127_003_2274_aug.wav,ko,bonafide,real,-,zeroth_127,zeroth_korean,재임용 거부 소청 심사위 결정 소송 등 과정은 반복됐다,rawboost
data/processed/ko_augmented/zeroth_188_003_0126_aug.wav,ko,bonafide,real,-,zeroth_188,zeroth_korean,이 과정에서 일부 주주의 반대로 송광수 사외이사와 박재완 사외이사 신종균 사내이사 이사 보수한도 승인의 건 등 총 사 차례의 안건에 대한 찬반 투표가 진행됐다,none
data/processed/en_mlaad_augmented/the_sea_fairies_14_f000106_aug.wav,en,spoof,tts,kokoro,-,mlaad,,none
data/processed/ko_augmented/zeroth_184_003_2083_aug.wav,ko,bonafide,real,-,zeroth_184,zeroth_korean,정부는 전국에 있는 사 대 강 보를 통해 확보된 물을 더 효율적으로 활용할 수 있도록 사 대 강 수자원 활용 개선 방안 용역도 시행 중이다,none
data/processed/en_augmented/LA_T_1569908_aug.wav,en,bonafide,real,-,LA_0082,asvspoof2019la,,rawboost+codec
data/processed/ko_augmented/zeroth_168_003_1228_aug.wav,ko,bonafide,real,-,zeroth_168,zeroth_korean,일각에서는 내주 초 박 대통령의 방미를 앞두고 단행될 것이라는 관측도 제기된다,rawboost
data/processed/ko_mlaad_augmented/jane_eyre_19_f000088_aug.wav,ko,spoof,tts,Chatterbox Multilingual,-,mlaad,,rawboost
data/processed/ko_augmented/kss_08511_aug.wav,ko,bonafide,real,-,kss_speaker,kss,어머니는 제가 어서 결혼하기를 바라세요.,rawboost+codec
data/processed/en_augmented/LA_T_2797155_aug.wav,en,bonafide,real,-,LA_0092,asvspoof2019la,,none
data/processed/ko_augmented/kss_11788_aug.wav,ko,bonafide,real,-,kss_speaker,kss,여기에 한 줄로 서 주세요.,rawboost
data/processed/en_mlaad_augmented/rinkitink_baum_04_64kb_f000022_aug.wav,en,spoof,tts,Higgs-Audio-V2,-,mlaad,,codec
data/processed/ko_mlaad_augmented/pink_fairy_book_08_f000011_aug.wav,ko,spoof,tts,Qwen3-TTS-12Hz-1.7B-Base,-,mlaad,,none
data/processed/ko_mlaad_augmented/northandsouth_03_f000111_aug.wav,ko,spoof,tts,VoxCPM2,-,mlaad,,rawboost
data/processed/ko_augmented/zeroth_140_003_1912_aug.wav,ko,bonafide,real,-,zeroth_140,zeroth_korean,서울시나라의 저출산이 심각하니 여성은 출산을 해야 하는 의무를 가진 기계일 뿐이다,rawboost
data/processed/ko_augmented/zeroth_158_003_0810_aug.wav,ko,bonafide,real,-,zeroth_158,zeroth_korean,낯선 곳에 묵다 보니 누굴 만날 때 차림새가 엉망이었다,none
data/processed/ko_mlaad_augmented/jane_eyre_26_f000117_aug.wav,ko,spoof,tts,Fish-S2-Pro,-,mlaad,,none
data/processed/ko_augmented/zeroth_184_003_1828_aug.wav,ko,bonafide,real,-,zeroth_184,zeroth_korean,대신 준거집단 성향 고관여가전제품 여부가 향후수입 가전제품 구입 의향에 영향을 미쳤다,rawboost+codec
data/processed/en_augmented/LA_T_1700745_aug.wav,en,spoof,vc,A05,LA_0082,asvspoof2019la,,none
data/processed/ko_augmented/kss_05024_aug.wav,ko,bonafide,real,-,kss_speaker,kss,작품에 손대지 마시오.,none
data/processed/en_augmented/LA_T_3565683_aug.wav,en,bonafide,real,-,LA_0090,asvspoof2019la,,rawboost
data/processed/ko_augmented/zeroth_174_003_0245_aug.wav,ko,bonafide,real,-,zeroth_174,zeroth_korean,호남은 역대 대선에서 특정 후보에게 표를 몰아주는 전략적 선택을 해왔다,none
data/processed/en_mlaad_augmented/jane_eyre_21_f000305_aug.wav,en,spoof,tts,tts_models_multilingual_multi-dataset_xtts_v2,-,mlaad,,rawboost
data/processed/ko_mlaad_augmented/northandsouth_44_f000025_aug.wav,ko,spoof,tts,Higgs-Audio-V2,-,mlaad,,none
data/processed/en_augmented/LA_T_1267917_aug.wav,en,bonafide,real,-,LA_0098,asvspoof2019la,,rawboost+codec
data/processed/ko_mlaad_augmented/the_master_key_16_f000096_aug.wav,ko,spoof,tts,MOSS-TTS-8B,-,mlaad,,none
data/processed/ko_mlaad_augmented/northandsouth_03_f000080_aug.wav,ko,spoof,tts,Chatterbox Multilingual,-,mlaad,,none
data/processed/en_augmented/LA_T_3340235_aug.wav,en,bonafide,real,-,LA_0092,asvspoof2019la,,none
data/processed/en_augmented/LA_T_2823943_aug.wav,en,bonafide,real,-,LA_0088,asvspoof2019la,,rawboost
data/processed/en_augmented/LA_T_5702907_aug.wav,en,bonafide,real,-,LA_0089,asvspoof2019la,,rawboost
data/processed/en_augmented/LA_T_3551277_aug.wav,en,bonafide,real,-,LA_0096,asvspoof2019la,,codec
data/processed/ko_augmented/zeroth_160_003_0224_aug.wav,ko,bonafide,real,-,zeroth_160,zeroth_korean,또한 이곳은 세계에서 조수 간만의 차이가 가장 심한 곳 중 하나여서 캘리포니아 만 북단에서는 그로 인한 해수면의 차이가 아홉 미터에 달하기도 합니다,none
data/processed/en_augmented/LA_T_2089894_aug.wav,en,bonafide,real,-,LA_0092,asvspoof2019la,,none
data/processed/ko_mlaad_augmented/piratesofersatz_04_leinster_64kb_f000180_aug.wav,ko,spoof,tts,OmniVoice,-,mlaad,,rawboost
data/processed/ko_mlaad_augmented/northandsouth_04_f000046_aug.wav,ko,spoof,tts,Chatterbox Multilingual,-,mlaad,,codec
data/processed/en_mlaad_augmented/poisoned_pen_02_f000205_aug.wav,en,spoof,tts,kokoro,-,mlaad,,codec
data/processed/ko_augmented/zeroth_162_003_1262_aug.wav,ko,bonafide,real,-,zeroth_162,zeroth_korean,머스크의 상상력이 현실에서 펼쳐질 가능성이 커지면서 개발업체를 향한 투자도 이어지고 있다,rawboost
data/processed/ko_mlaad_augmented/jane_eyre_12_f000194_aug.wav,ko,spoof,tts,MOSS-TTS-1.7B,-,mlaad,,none
data/processed/en_mlaad_augmented/pink_fairy_book_12_f000067_aug.wav,en,spoof,tts,Higgs-Audio-V2,-,mlaad,,codec
data/processed/ko_augmented/zeroth_122_003_0975_aug.wav,ko,bonafide,real,-,zeroth_122,zeroth_korean,실제로 이천 육 년부터 이천 십 사 년 사이에 베네수엘라의 민간기업은 이십 퍼센트나 감소했다,codec
data/processed/en_augmented/LA_T_5043547_aug.wav,en,bonafide,real,-,LA_0098,asvspoof2019la,,rawboost
data/processed/en_mlaad_augmented/midnight_passenger_01_f000162_aug.wav,en,spoof,tts,GPT-SoVITS,-,mlaad,,rawboost+codec
data/processed/en_mlaad_augmented/silent_bullet_03_f000026_aug.wav,en,spoof,tts,ElevenLabs-v2-Multilingual,-,mlaad,,none
data/processed/en_augmented/LA_T_6657121_aug.wav,en,bonafide,real,-,LA_0095,asvspoof2019la,,rawboost+codec
data/processed/en_mlaad_augmented/silent_bullet_12_f000207_aug.wav,en,spoof,tts,Higgs-Audio-V2,-,mlaad,,rawboost+codec
data/processed/en_augmented/LA_T_9243374_aug.wav,en,bonafide,real,-,LA_0087,asvspoof2019la,,codec
data/processed/ko_mlaad_augmented/poisoned_pen_04_f000230_aug.wav,ko,spoof,tts,Chatterbox Multilingual,-,mlaad,,none
data/processed/en_augmented/LA_T_8111539_aug.wav,en,bonafide,real,-,LA_0089,asvspoof2019la,,none
data/processed/en_mlaad_augmented/jane_eyre_34_f000118_aug.wav,en,spoof,tts,GPT-SoVITS,-,mlaad,,rawboost+codec
data/processed/en_augmented/LA_T_3606713_aug.wav,en,spoof,vc,A05,LA_0087,asvspoof2019la,,none
data/processed/ko_augmented/zeroth_210_003_2114_aug.wav,ko,bonafide,real,-,zeroth_210,zeroth_korean,정보당국은 북한이 조업권 판매로 칠천 오백 만 달러를 벌어들여 김 위원장의 통치자금으로 사용하고 있는 것으로 파악하고 있다,codec
data/processed/en_augmented/LA_T_4050802_aug.wav,en,bonafide,real,-,LA_0095,asvspoof2019la,,none
data/processed/en_augmented/LA_T_2616885_aug.wav,en,bonafide,real,-,LA_0094,asvspoof2019la,,none
data/processed/en_mlaad_augmented/midnight_passenger_06_f000185_aug.wav,en,spoof,tts,ElevenLabs-v2-Multilingual,-,mlaad,,rawboost+codec
data/processed/en_mlaad_augmented/silent_bullet_03_f000286_aug.wav,en,spoof,tts,Higgs-Audio-V2,-,mlaad,,none
data/processed/en_mlaad_augmented/jane_eyre_37_f000291_aug.wav,en,spoof,tts,MOSS-TTS-8B,-,mlaad,,none
data/processed/en_augmented/LA_T_4925419_aug.wav,en,bonafide,real,-,LA_0085,asvspoof2019la,,none
data/processed/en_augmented/LA_T_5322386_aug.wav,en,bonafide,real,-,LA_0097,asvspoof2019la,,rawboost+codec
data/processed/ko_augmented/zeroth_183_003_0650_aug.wav,ko,bonafide,real,-,zeroth_183,zeroth_korean,대부분의 여론조사에서 유승민 사퇴에 공감 안 한다는 응답이 공감한다는 응답을 앞질렀다,none
data/processed/en_augmented/LA_T_7027837_aug.wav,en,bonafide,real,-,LA_0096,asvspoof2019la,,codec
data/processed/ko_mlaad_augmented/wives_and_daughters_44_f000139_aug.wav,ko,spoof,tts,Qwen3-TTS-12Hz-0.6B-Base,-,mlaad,,none
data/processed/ko_augmented/zeroth_158_003_0213_aug.wav,ko,bonafide,real,-,zeroth_158,zeroth_korean,희소난치병 육 천 개 중 국내에서 지원을 받을 수 있는 건 백 예순 일곱 개뿐입니다,none
data/processed/en_augmented/LA_T_4292472_aug.wav,en,bonafide,real,-,LA_0081,asvspoof2019la,,none
data/processed/ko_mlaad_augmented/jane_eyre_34_f000199_aug.wav,ko,spoof,tts,MOSS-TTS-1.7B,-,mlaad,,none
data/processed/en_augmented/LA_T_9378157_aug.wav,en,bonafide,real,-,LA_0090,asvspoof2019la,,rawboost
data/processed/en_augmented/LA_T_7022615_aug.wav,en,bonafide,real,-,LA_0097,asvspoof2019la,,none
data/processed/en_mlaad_augmented/silent_bullet_03_f000161_aug.wav,en,spoof,tts,Higgs-Audio-V2,-,mlaad,,rawboost+codec
data/processed/ko_mlaad_augmented/emerald_city_of_oz_11_f000058_aug.wav,ko,spoof,tts,tts_models_multilingual_multi-dataset_bark,-,mlaad,,none
data/processed/en_augmented/LA_T_8423394_aug.wav,en,bonafide,real,-,LA_0083,asvspoof2019la,,none
data/processed/en_augmented/LA_T_7746928_aug.wav,en,bonafide,real,-,LA_0084,asvspoof2019la,,rawboost
data/processed/en_augmented/LA_T_6418846_aug.wav,en,spoof,vc,A05,LA_0092,asvspoof2019la,,rawboost+codec
data/processed/ko_mlaad_augmented/rinkitink_baum_18_64kb_f000095_aug.wav,ko,spoof,tts,MOSS-TTS-8B,-,mlaad,,none
data/processed/ko_mlaad_augmented/wives_and_daughters_34_f000158_aug.wav,ko,spoof,tts,minimax_speech-02-turbo,-,mlaad,,none
data/processed/ko_mlaad_augmented/northandsouth_46_f000223_aug.wav,ko,spoof,tts,tts_models_multilingual_multi-dataset_xtts_v2,-,mlaad,,rawboost
data/processed/en_augmented/LA_T_6015645_aug.wav,en,bonafide,real,-,LA_0087,asvspoof2019la,,none
data/processed/en_augmented/LA_T_1411980_aug.wav,en,bonafide,real,-,LA_0080,asvspoof2019la,,none
data/processed/ko_mlaad_augmented/poisoned_pen_01_f000291_aug.wav,ko,spoof,tts,tts_models_multilingual_multi-dataset_xtts_v2,-,mlaad,,none
data/processed/ko_augmented/zeroth_189_003_1743_aug.wav,ko,bonafide,real,-,zeroth_189,zeroth_korean,무수단급은 지금 현재 완전히 성능개량을 하지는 못한 걸로 추정하고 있죠,rawboost+codec
data/processed/ko_augmented/zeroth_124_003_0552_aug.wav,ko,bonafide,real,-,zeroth_124,zeroth_korean,인수업체가 회원이 인도회사에 납부한 선수금을 보전하지 않아 인수업체의 폐업과 등록취소 시 소비자는 인도업체에 납입한 선수금에 대해 은행 등으로부터 피해보상금을 받지 못한다,none
data/processed/ko_augmented/kss_00738_aug.wav,ko,bonafide,real,-,kss_speaker,kss,폭력은 폭력을 낳는 법입니다.,none
data/processed/en_augmented/LA_T_9194689_aug.wav,en,bonafide,real,-,LA_0089,asvspoof2019la,,none
data/processed/ko_mlaad_augmented/pink_fairy_book_01_f000038_aug.wav,ko,spoof,tts,OmniVoice,-,mlaad,,none
data/processed/ko_augmented/kss_09350_aug.wav,ko,bonafide,real,-,kss_speaker,kss,이 캠페인의 핵심 주제가 뭐죠?,rawboost
data/processed/ko_mlaad_augmented/northandsouth_03_f000044_aug.wav,ko,spoof,tts,Qwen3-TTS-12Hz-1.7B-Base,-,mlaad,,none
data/processed/ko_augmented/zeroth_198_003_0006_aug.wav,ko,bonafide,real,-,zeroth_198,zeroth_korean,검찰은 여기서 그치지 않고 이 콘서트를 주최한 황선 씨 등 검찰의 표현에 따르면 이른바 종북 색채가 있는 사람들에 대해서도 수사를 확대하겠다고 밝혔습니다,rawboost
data/processed/en_mlaad_augmented/poisoned_pen_12_f000053_aug.wav,en,spoof,tts,MOSS-TTS-8B,-,mlaad,,rawboost
data/processed/en_augmented/LA_T_1406603_aug.wav,en,bonafide,real,-,LA_0092,asvspoof2019la,,rawboost
data/processed/en_augmented/LA_T_9329650_aug.wav,en,bonafide,real,-,LA_0093,asvspoof2019la,,codec
data/processed/ko_augmented/zeroth_174_003_1241_aug.wav,ko,bonafide,real,-,zeroth_174,zeroth_korean,서울중부경찰서 을지지구대 양모 경위와 이모 경장은 신고 내용과 유사한 오토바이를 발견했다는 공조 요청을 받고 현장에 출동했다,none
data/processed/ko_mlaad_augmented/poisoned_pen_08_f000046_aug.wav,ko,spoof,tts,Fish-S2-Pro,-,mlaad,,rawboost
data/processed/en_mlaad_augmented/poisoned_pen_12_f000239_aug.wav,en,spoof,tts,ElevenLabs-v3,-,mlaad,,rawboost
data/processed/ko_augmented/zeroth_145_003_2080_aug.wav,ko,bonafide,real,-,zeroth_145,zeroth_korean,지난해 국내 연구개발과 디자인 직군에만 시범 실시했는데 업무 효율성이 높아지고 직원 만족도가 높아 회사 전체로 확대한 겁니다,none
data/processed/ko_augmented/kss_02991_aug.wav,ko,bonafide,real,-,kss_speaker,kss,요즘 밤마다 불면증에 시달려요.,codec
data/processed/ko_augmented/zeroth_162_003_2137_aug.wav,ko,bonafide,real,-,zeroth_162,zeroth_korean,만약 사망할 정도로 큰 충격을 받았다면 부딪치는 소리가 크게 났을 텐데 남자친구가 인지하지 못했다는 것이 의아하다,none
data/processed/ko_mlaad_augmented/the_sea_fairies_17_f000103_aug.wav,ko,spoof,tts,tts_models_multilingual_multi-dataset_bark,-,mlaad,,none
data/processed/ko_augmented/kss_10382_aug.wav,ko,bonafide,real,-,kss_speaker,kss,저희 식당에서는 음식에 조미료를 넣지 않습니다.,codec
data/processed/en_augmented/LA_T_6434702_aug.wav,en,bonafide,real,-,LA_0090,asvspoof2019la,,none
data/processed/ko_augmented/zeroth_210_003_1735_aug.wav,ko,bonafide,real,-,zeroth_210,zeroth_korean,그는 저와 우리 당은 국정교과서를 반대하는 모든 세력을 모아내는 데 앞장서겠다며 다른 정당과 정파 학계와 시민사회가 함께하는 강력한 연대의 틀을 논의하겠다고 밝혔다,rawboost+codec
data/processed/en_augmented/LA_T_5988636_aug.wav,en,bonafide,real,-,LA_0093,asvspoof2019la,,none
data/processed/en_mlaad_augmented/ozma_of_oz_01_f000062_aug.wav,en,spoof,tts,minimax_speech-2.6-hd,-,mlaad,,rawboost
data/processed/ko_mlaad_augmented/dorothy_and_wizard_oz_04_f000083_aug.wav,ko,spoof,tts,Chatterbox Multilingual,-,mlaad,,rawboost
data/processed/ko_augmented/zeroth_142_003_0681_aug.wav,ko,bonafide,real,-,zeroth_142,zeroth_korean,삼 분기에만 매출 일 조 이천 구백 십 구 억원 영업이익 육백 십 팔 억원을 올렸다,none
data/processed/en_mlaad_augmented/pink_fairy_book_34_f000075_aug.wav,en,spoof,tts,Chatterbox-Turbo,-,mlaad,,codec
data/processed/ko_augmented/zeroth_205_003_2453_aug.wav,ko,bonafide,real,-,zeroth_205,zeroth_korean,이 회사는 또 차량유지비로 지난해 칠백 팔십 이 만원 이천 십 사 년 칠백 이 만원을 썼다,rawboost
data/processed/ko_augmented/zeroth_170_003_1997_aug.wav,ko,bonafide,real,-,zeroth_170,zeroth_korean,김현정 그러니까 두 시간밖에 못 자니까 정신이 혼미해서 죽음을 선택했구나 이런 생각을 하신 거예요,rawboost
data/processed/en_augmented/LA_T_8406833_aug.wav,en,bonafide,real,-,LA_0088,asvspoof2019la,,codec
data/processed/en_augmented/LA_T_7670239_aug.wav,en,bonafide,real,-,LA_0096,asvspoof2019la,,none
data/processed/ko_mlaad_augmented/northandsouth_07_f000065_aug.wav,ko,spoof,tts,MOSS-TTS-1.7B,-,mlaad,,rawboost
data/processed/en_augmented/LA_T_4657133_aug.wav,en,bonafide,real,-,LA_0081,asvspoof2019la,,rawboost
data/processed/en_augmented/LA_T_2697752_aug.wav,en,spoof,vc,A05,LA_0091,asvspoof2019la,,codec
data/processed/ko_augmented/zeroth_208_003_2733_aug.wav,ko,bonafide,real,-,zeroth_208,zeroth_korean,첫째로 불필요하게 시간을 빼앗아 가는 요인들을 어떻게 현명하게 제거할 수 있는지를 알려 줍니다,none
data/processed/en_augmented/LA_T_4923806_aug.wav,en,bonafide,real,-,LA_0093,asvspoof2019la,,rawboost
data/processed/en_augmented/LA_T_1347550_aug.wav,en,bonafide,real,-,LA_0097,asvspoof2019la,,none
data/processed/en_augmented/LA_T_9539101_aug.wav,en,bonafide,real,-,LA_0085,asvspoof2019la,,rawboost
data/processed/ko_mlaad_augmented/rinkitink_baum_14_64kb_f000128_aug.wav,ko,spoof,tts,Fish-S2-Pro,-,mlaad,,codec
data/processed/en_mlaad_augmented/wives_and_daughters_60_f000340_aug.wav,en,spoof,tts,GPT-SoVITS,-,mlaad,,rawboost
data/processed/en_augmented/LA_T_5787857_aug.wav,en,bonafide,real,-,LA_0082,asvspoof2019la,,rawboost+codec
data/processed/ko_augmented/zeroth_160_003_2438_aug.wav,ko,bonafide,real,-,zeroth_160,zeroth_korean,그러면서 적어도 사 월 십 육 일만큼은 국민과 함께 아픔을 나눠야 진정한 지도자일 것이라고 지적했다,rawboost
data/processed/ko_mlaad_augmented/silent_bullet_09_f000213_aug.wav,ko,spoof,tts,MOSS-TTS-8B,-,mlaad,,none
data/processed/ko_mlaad_augmented/skyisland_19_baum_64kb_f000022_aug.wav,ko,spoof,tts,minimax_speech-02-turbo,-,mlaad,,none
data/processed/ko_augmented/zeroth_191_003_2451_aug.wav,ko,bonafide,real,-,zeroth_191,zeroth_korean,그는 지난해 십 이 월 이십 사 일 집행유예형을 선고받고 풀려났다,rawboost
data/processed/ko_mlaad_augmented/pink_fairy_book_12_f000237_aug.wav,ko,spoof,tts,tts_models_multilingual_multi-dataset_xtts_v2,-,mlaad,,rawboost
data/processed/ko_mlaad_augmented/ozma_of_oz_06_f000125_aug.wav,ko,spoof,tts,Qwen3-TTS-12Hz-1.7B-Base,-,mlaad,,rawboost+codec
data/processed/ko_mlaad_augmented/poisoned_pen_02_f000307_aug.wav,ko,spoof,tts,MOSS-TTS-8B,-,mlaad,,rawboost+codec
data/processed/en_mlaad_augmented/midnight_passenger_01_f000048_aug.wav,en,spoof,tts,Higgs-Audio-V2,-,mlaad,,codec
data/processed/ko_augmented/kss_04996_aug.wav,ko,bonafide,real,-,kss_speaker,kss,제 꿈은 올림픽에서 메달을 따는 것입니다.,none
data/processed/ko_mlaad_augmented/emerald_city_of_oz_24_f000045_aug.wav,ko,spoof,tts,MOSS-TTS-1.7B,-,mlaad,,none
data/processed/ko_mlaad_augmented/emerald_city_of_oz_04_f000012_aug.wav,ko,spoof,tts,OmniVoice,-,mlaad,,none
data/processed/en_augmented/LA_T_2245366_aug.wav,en,bonafide,real,-,LA_0088,asvspoof2019la,,rawboost+codec
data/processed/ko_augmented/zeroth_140_003_2557_aug.wav,ko,bonafide,real,-,zeroth_140,zeroth_korean,김문수 전 경기지사는 십 삼 일 대구를 떠나 수도권 험지에 출마하라는 일각의 요구에 대해 저는 수성갑에 뼈를 묻어야 되겠다고 일축했다,none
data/processed/en_mlaad_augmented/northandsouth_26_f000049_aug.wav,en,spoof,tts,kokoro,-,mlaad,,codec
data/processed/ko_mlaad_augmented/wives_and_daughters_28_f000008_aug.wav,ko,spoof,tts,tts_models_multilingual_multi-dataset_bark,-,mlaad,,none
data/processed/ko_augmented/zeroth_165_003_0446_aug.wav,ko,bonafide,real,-,zeroth_165,zeroth_korean,정부는 지난 일 일 사 년 동안 중단됐던 협상을 재개한 데 이어 지난 십 사 일에는 일본과의 가서명까지 마쳤다,codec
data/processed/ko_mlaad_augmented/ozma_of_oz_14_f000044_aug.wav,ko,spoof,tts,Fish-S2-Pro,-,mlaad,,none
data/processed/en_mlaad_augmented/wives_and_daughters_29_f000241_aug.wav,en,spoof,tts,Higgs-Audio-V2,-,mlaad,,rawboost
data/processed/en_augmented/LA_T_2572311_aug.wav,en,bonafide,real,-,LA_0086,asvspoof2019la,,rawboost
data/processed/ko_augmented/zeroth_176_003_0860_aug.wav,ko,bonafide,real,-,zeroth_176,zeroth_korean,시간이 흐를수록 피고인 박씨에게 불리한 재판부의 판결이 이어지자 법정 안에 방청객으로 앉아 있던 피고인 박씨의 가족들 사이에서 불만의 소리가 터져 나왔다,rawboost
data/processed/en_augmented/LA_T_8042177_aug.wav,en,bonafide,real,-,LA_0085,asvspoof2019la,,none
data/processed/en_mlaad_augmented/northandsouth_36_f000212_aug.wav,en,spoof,tts,Chatterbox,-,mlaad,,rawboost+codec
data/processed/ko_mlaad_augmented/skyisland_08_baum_64kb_f000005_aug.wav,ko,spoof,tts,Higgs-Audio-V2,-,mlaad,,rawboost
data/processed/ko_augmented/zeroth_145_003_2990_aug.wav,ko,bonafide,real,-,zeroth_145,zeroth_korean,사실 한 성서 필자는 마음속에서 일어나는 그러한 충돌을 싸움으로 묘사했습니다,none
data/processed/ko_augmented/zeroth_201_from_zeroth_203_003_2211_aug.wav,ko,spoof,vc,rvc_zeroth_201,zeroth_201,rvc_from_zeroth_203,성북구 정릉 이 동 일대를 다니는 마을버스의 첫 배차는 오후 한 시 삼십 분이었다,none
data/processed/ko_augmented/kss_08259_aug.wav,ko,bonafide,real,-,kss_speaker,kss,머리 드라이해 주세요.,none
data/processed/en_augmented/LA_T_7457149_aug.wav,en,bonafide,real,-,LA_0087,asvspoof2019la,,rawboost
data/processed/en_augmented/LA_T_8272787_aug.wav,en,bonafide,real,-,LA_0087,asvspoof2019la,,rawboost
data/processed/ko_augmented/zeroth_196_003_1651_aug.wav,ko,bonafide,real,-,zeroth_196,zeroth_korean,이후 감정이 격해진 박 위원장은 결국 황 의원에게 너 임마,codec
data/processed/en_mlaad_augmented/northandsouth_40_f000030_aug.wav,en,spoof,tts,MOSS-TTS-8B,-,mlaad,,rawboost+codec
data/processed/en_augmented/LA_T_1424186_aug.wav,en,spoof,tts,A02,LA_0081,asvspoof2019la,,rawboost+codec
data/processed/en_augmented/LA_T_6014366_aug.wav,en,bonafide,real,-,LA_0095,asvspoof2019la,,codec
data/processed/ko_mlaad_augmented/poisoned_pen_07_f000013_aug.wav,ko,spoof,tts,VoxCPM2,-,mlaad,,rawboost
data/processed/ko_augmented/zeroth_204_003_2268_aug.wav,ko,bonafide,real,-,zeroth_204,zeroth_korean,다만 지금까지 미국 정부가 세균전을 공식 부인하고 있어 보고서만으로 한국전쟁에서 미군이 진짜로 세균무기를 사용했다고 확신할 수는 없다,rawboost
data/processed/en_augmented/LA_T_3249684_aug.wav,en,bonafide,real,-,LA_0095,asvspoof2019la,,codec
data/processed/en_augmented/LA_T_1678844_aug.wav,en,bonafide,real,-,LA_0083,asvspoof2019la,,none
data/processed/ko_mlaad_augmented/rinkitink_baum_01_64kb_f000070_aug.wav,ko,spoof,tts,MOSS-TTS-1.7B,-,mlaad,,rawboost+codec
data/processed/ko_mlaad_augmented/emerald_city_of_oz_23_f000049_aug.wav,ko,spoof,tts,minimax_speech-02-turbo,-,mlaad,,none
data/processed/en_augmented/LA_T_1934025_aug.wav,en,spoof,tts,A01,LA_0084,asvspoof2019la,,rawboost+codec
data/processed/ko_mlaad_augmented/hunters_space_10_f000070_aug.wav,ko,spoof,tts,Qwen3-TTS-12Hz-0.6B-Base,-,mlaad,,none
data/processed/en_augmented/LA_T_8686549_aug.wav,en,bonafide,real,-,LA_0098,asvspoof2019la,,codec
data/processed/en_mlaad_augmented/wives_and_daughters_16_f000138_aug.wav,en,spoof,tts,ElevenLabs-v3,-,mlaad,,rawboost
data/processed/ko_augmented/zeroth_158_003_0189_aug.wav,ko,bonafide,real,-,zeroth_158,zeroth_korean,제주로 오기 전 직업은 사무 관리직이 가장 많고 자영업 판매 서비스직 순이나 이주 후 직업은 자영업 판매 서비스직 일 차 산업 순으로 나타났다,none
data/processed/en_mlaad_augmented/dorothy_and_wizard_oz_19_f000075_aug.wav,en,spoof,tts,Higgs-Audio-V2,-,mlaad,,none
data/processed/ko_augmented/kss_11807_aug.wav,ko,bonafide,real,-,kss_speaker,kss,"나는 아내에게 같이 가자고 설득했지만, 아내는 듣지 않았다.",rawboost
data/processed/ko_augmented/kss_02548_aug.wav,ko,spoof,tts,mms-tts-kor,vits_default,kss_transcript,반 시간 정도 옷을 물에 불려라.,rawboost
data/processed/en_mlaad_augmented/wives_and_daughters_60_f000374_aug.wav,en,spoof,tts,minimax_speech-2.6-hd,-,mlaad,,rawboost
data/processed/ko_mlaad_augmented/the_sea_fairies_13_f000108_aug.wav,ko,spoof,tts,Qwen3-TTS-12Hz-1.7B-Base,-,mlaad,,none
data/processed/ko_mlaad_augmented/wives_and_daughters_16_f000200_aug.wav,ko,spoof,tts,OmniVoice,-,mlaad,,codec
data/processed/en_mlaad_augmented/jane_eyre_30_f000061_aug.wav,en,spoof,tts,ElevenLabs-Turbo-v2.5,-,mlaad,,none
data/processed/ko_augmented/kss_08705_aug.wav,ko,bonafide,real,-,kss_speaker,kss,강물이 더러워 보여요.,rawboost
data/processed/en_mlaad_augmented/midnight_passenger_01_f000185_aug.wav,en,spoof,tts,minimax_speech-2.6-hd,-,mlaad,,rawboost+codec
data/processed/ko_mlaad_augmented/poisoned_pen_01_f000268_aug.wav,ko,spoof,tts,VoxCPM2,-,mlaad,,rawboost
data/processed/en_augmented/LA_T_4956729_aug.wav,en,bonafide,real,-,LA_0081,asvspoof2019la,,none
data/processed/ko_augmented/zeroth_143_003_1049_aug.wav,ko,bonafide,real,-,zeroth_143,zeroth_korean,이번에 발견된 화석은 에우노토사우르스처럼 등딱지 배딱지가 없지만 등뼈 가슴뼈 등 골격구조는 오돈토켈리스를 닮았다,none
data/processed/ko_mlaad_augmented/midnight_passenger_04_f000229_aug.wav,ko,spoof,tts,Higgs-Audio-V2,-,mlaad,,codec
data/processed/ko_augmented/zeroth_141_003_1137_aug.wav,ko,bonafide,real,-,zeroth_141,zeroth_korean,이 수치는 전 세계의 남녀노소 일 인당 백 육십 이 달러에 해당하는 액수이다,none
data/processed/en_augmented/LA_T_3643681_aug.wav,en,bonafide,real,-,LA_0086,asvspoof2019la,,none
data/processed/en_mlaad_augmented/hunters_space_05_f000022_aug.wav,en,spoof,tts,Qwen3-TTS-12Hz-1.7B-Base,-,mlaad,,rawboost
data/processed/en_mlaad_augmented/silent_bullet_11_f000008_aug.wav,en,spoof,tts,Qwen3-TTS-12Hz-1.7B-Base,-,mlaad,,rawboost+codec
data/processed/en_mlaad_augmented/northandsouth_10_f000012_aug.wav,en,spoof,tts,Higgs-Audio-V2,-,mlaad,,codec
data/processed/en_mlaad_augmented/jane_eyre_27_f000153_aug.wav,en,spoof,tts,ElevenLabs-Turbo-v2.5,-,mlaad,,rawboost
data/processed/en_augmented/LA_T_7462273_aug.wav,en,bonafide,real,-,LA_0091,asvspoof2019la,,none
data/processed/en_mlaad_augmented/northandsouth_34_f000088_aug.wav,en,spoof,tts,Higgs-Audio-V2,-,mlaad,,none
data/processed/en_mlaad_augmented/midnight_passenger_07_f000187_aug.wav,en,spoof,tts,Chatterbox,-,mlaad,,codec
data/processed/en_mlaad_augmented/the_sea_fairies_01_f000060_aug.wav,en,spoof,tts,ElevenLabs-Turbo-v2.5,-,mlaad,,rawboost
data/processed/en_mlaad_augmented/emerald_city_of_oz_14_f000098_aug.wav,en,spoof,tts,Chatterbox-Turbo,-,mlaad,,none
data/processed/ko_mlaad_augmented/midnight_passenger_01_f000129_aug.wav,ko,spoof,tts,tts_models_multilingual_multi-dataset_bark,-,mlaad,,none
data/processed/ko_augmented/zeroth_183_003_1606_aug.wav,ko,bonafide,real,-,zeroth_183,zeroth_korean,혹시라도 두 살과 네 살짜리 언니들이 카이라가 예쁘다고 손이나 발이라도 만지면 안되기 때문입니다,rawboost
data/processed/ko_augmented/zeroth_106_003_0596_aug.wav,ko,bonafide,real,-,zeroth_106,zeroth_korean,천정배 혁신안은 이천 십 이 년 총선에선 여성 십 오 퍼센트 이후 선거에서는 여성 삼십 퍼센트 할당제를 제안했고 한명숙 지도부는 이를 수용했다,rawboost
data/processed/en_augmented/LA_T_4387428_aug.wav,en,bonafide,real,-,LA_0097,asvspoof2019la,,codec
data/processed/en_augmented/LA_T_8916463_aug.wav,en,spoof,vc,A06,LA_0081,asvspoof2019la,,rawboost+codec
data/processed/ko_mlaad_augmented/jane_eyre_06_f000128_aug.wav,ko,spoof,tts,Chatterbox Multilingual,-,mlaad,,rawboost
data/processed/ko_augmented/zeroth_114_003_1888_aug.wav,ko,bonafide,real,-,zeroth_114,zeroth_korean,이동통신업체들이 가장 많은 보조금을 받을 수 있던 요금제 기준을 지금보다 낮추는 방안을 추진한다,rawboost
data/processed/ko_mlaad_augmented/jane_eyre_25_f000243_aug.wav,ko,spoof,tts,VoxCPM2,-,mlaad,,rawboost
data/processed/en_mlaad_augmented/jane_eyre_10_f000099_aug.wav,en,spoof,tts,MOSS-TTS-8B,-,mlaad,,none
data/processed/ko_augmented/zeroth_113_003_2669_aug.wav,ko,bonafide,real,-,zeroth_113,zeroth_korean,어머니나 아버지가 녹내장에 걸린 사람은 녹내장에 걸릴 위험성이 세 배 내지 다섯 배로 높아집니다,none
data/processed/en_mlaad_augmented/ozma_of_oz_06_f000160_aug.wav,en,spoof,tts,kokoro,-,mlaad,,none
data/processed/en_mlaad_augmented/emerald_city_of_oz_23_f000026_aug.wav,en,spoof,tts,tts_models_multilingual_multi-dataset_xtts_v2,-,mlaad,,rawboost
data/processed/en_mlaad_augmented/wives_and_daughters_57_f000119_aug.wav,en,spoof,tts,Chatterbox-Turbo,-,mlaad,,rawboost
data/processed/en_mlaad_augmented/silent_bullet_03_f000273_aug.wav,en,spoof,tts,tts_models_multilingual_multi-dataset_xtts_v2,-,mlaad,,rawboost+codec
data/processed/en_augmented/LA_T_6642565_aug.wav,en,bonafide,real,-,LA_0090,asvspoof2019la,,rawboost+codec
data/processed/ko_augmented/zeroth_185_from_zeroth_151_003_1426_aug.wav,ko,spoof,vc,rvc_zeroth_185,zeroth_185,rvc_from_zeroth_151,바울 자신도 로마 정부가 제공하는 보호 제도를 이용하였습니다,rawboost
data/processed/en_mlaad_augmented/skyisland_19_baum_64kb_f000020_aug.wav,en,spoof,tts,minimax_speech-2.6-hd,-,mlaad,,none
data/processed/en_augmented/LA_T_9603308_aug.wav,en,bonafide,real,-,LA_0084,asvspoof2019la,,none
data/processed/ko_augmented/zeroth_110_003_2147_aug.wav,ko,bonafide,real,-,zeroth_110,zeroth_korean,그리하여 증인들은 수많은 사람들의 마음속에서 하느님의 말씀에 대한 사랑이 다시 불타오르도록 도와 왔습니다,rawboost
data/processed/ko_augmented/kss_06427_aug.wav,ko,bonafide,real,-,kss_speaker,kss,하루가 너무 길었어.,rawboost
data/processed/ko_augmented/zeroth_201_from_zeroth_211_003_0802_aug.wav,ko,spoof,vc,rvc_zeroth_201,zeroth_201,rvc_from_zeroth_211,콩에 대한 자료라면 무엇이든 구해 읽었고 누구를 만나도 콩의 중요성을 설파했다,rawboost
data/processed/ko_mlaad_augmented/pink_fairy_book_31_f000089_aug.wav,ko,spoof,tts,MOSS-TTS-1.7B,-,mlaad,,codec
data/processed/en_augmented/LA_T_1669827_aug.wav,en,bonafide,real,-,LA_0098,asvspoof2019la,,rawboost
data/processed/ko_mlaad_augmented/northandsouth_15_f000265_aug.wav,ko,spoof,tts,Chatterbox Multilingual,-,mlaad,,rawboost
data/processed/en_augmented/LA_T_7711596_aug.wav,en,bonafide,real,-,LA_0094,asvspoof2019la,,rawboost
data/processed/en_augmented/LA_T_4529370_aug.wav,en,bonafide,real,-,LA_0089,asvspoof2019la,,codec
data/processed/ko_augmented/zeroth_176_003_2909_aug.wav,ko,bonafide,real,-,zeroth_176,zeroth_korean,이 때문에 일각에서는 정부가 정규직이 많은 것처럼 보이기 위해 무기계약직을 정규직으로 표현하는 것 아니냐는 지적이 나오고 있다,none
data/processed/ko_augmented/kss_05633_aug.wav,ko,bonafide,real,-,kss_speaker,kss,경기가 작년보다 더 안 좋아요.,rawboost
data/processed/en_mlaad_augmented/the_sea_fairies_05_f000026_aug.wav,en,spoof,tts,tts_models_multilingual_multi-dataset_xtts_v2,-,mlaad,,rawboost
data/processed/en_augmented/LA_T_1075018_aug.wav,en,bonafide,real,-,LA_0088,asvspoof2019la,,rawboost
data/processed/ko_augmented/zeroth_204_003_2991_aug.wav,ko,bonafide,real,-,zeroth_204,zeroth_korean,복지혜택을 맞벌이 부부에게 돌아갈 수 있도록 지원책을 개선하자 라는 뜻을 밝혔습니다,none
data/processed/ko_augmented/zeroth_157_003_0478_aug.wav,ko,bonafide,real,-,zeroth_157,zeroth_korean,차 문이 종잇장처럼 얇지 않으니 문 두께 스물 센티미터를 빼면 실제 승 하차 여유 공간은 스물 센티미터라는 계산이 나옵니다,rawboost
data/processed/en_augmented/LA_T_9323726_aug.wav,en,bonafide,real,-,LA_0090,asvspoof2019la,,none
data/processed/ko_augmented/zeroth_202_003_2222_aug.wav,ko,bonafide,real,-,zeroth_202,zeroth_korean,중동호흡기증후군 삼 차 감염 환자가 사 일 새벽 두 명 더 추가되면서 다섯 명으로 늘었다,rawboost
data/processed/ko_augmented/kss_09103_aug.wav,ko,bonafide,real,-,kss_speaker,kss,아버지는 공무원이셨어요.,codec
data/processed/ko_mlaad_augmented/the_sea_fairies_07_f000033_aug.wav,ko,spoof,tts,Fish-S2-Pro,-,mlaad,,none
data/processed/en_augmented/LA_T_4128527_aug.wav,en,bonafide,real,-,LA_0088,asvspoof2019la,,rawboost+codec
data/processed/en_augmented/LA_T_9671407_aug.wav,en,bonafide,real,-,LA_0090,asvspoof2019la,,rawboost
data/processed/en_mlaad_augmented/the_sea_fairies_07_f000183_aug.wav,en,spoof,tts,tts_models_multilingual_multi-dataset_xtts_v2,-,mlaad,,rawboost
data/processed/ko_mlaad_augmented/midnight_passenger_05_f000174_aug.wav,ko,spoof,tts,Higgs-Audio-V2,-,mlaad,,rawboost+codec
data/processed/en_mlaad_augmented/northandsouth_02_f000066_aug.wav,en,spoof,tts,Qwen3-TTS-12Hz-1.7B-Base,-,mlaad,,rawboost
data/processed/en_mlaad_augmented/northandsouth_13_f000057_aug.wav,en,spoof,tts,tts_models_multilingual_multi-dataset_xtts_v2,-,mlaad,,none
data/processed/en_mlaad_augmented/rinkitink_baum_06_64kb_f000041_aug.wav,en,spoof,tts,Chatterbox-Turbo,-,mlaad,,rawboost+codec
data/processed/en_augmented/LA_T_3505871_aug.wav,en,bonafide,real,-,LA_0098,asvspoof2019la,,rawboost
data/processed/en_augmented/LA_T_9711208_aug.wav,en,bonafide,real,-,LA_0090,asvspoof2019la,,none
data/processed/ko_augmented/zeroth_197_003_0139_aug.wav,ko,bonafide,real,-,zeroth_197,zeroth_korean,그럴 경우에 내년 봄이나 농번기 때 그때 또 어떻게 할 것이냐,none
data/processed/ko_augmented/zeroth_135_003_0377_aug.wav,ko,bonafide,real,-,zeroth_135,zeroth_korean,박원순 그럼요 저희들 공무원들이 정말 지속적으로 설득하고 단속하고 있죠,rawboost
data/processed/en_mlaad_augmented/wives_and_daughters_04_f000016_aug.wav,en,spoof,tts,minimax_speech-2.6-hd,-,mlaad,,rawboost
data/processed/en_mlaad_augmented/wives_and_daughters_55_f000169_aug.wav,en,spoof,tts,Chatterbox-Turbo,-,mlaad,,rawboost
data/processed/ko_augmented/zeroth_178_003_2892_aug.wav,ko,bonafide,real,-,zeroth_178,zeroth_korean,삼천 개가 넘는 매장을 통해 압도적인 경쟁력을 확보하고 있기 때문이다,rawboost
data/processed/ko_augmented/kss_03112_aug.wav,ko,bonafide,real,-,kss_speaker,kss,비가 오는 날은 마음이 울적해.,rawboost
data/processed/ko_augmented/kss_09193_aug.wav,ko,bonafide,real,-,kss_speaker,kss,점심으로 김밥과 라면을 먹었어요.,codec
data/processed/en_mlaad_augmented/silent_bullet_12_f000323_aug.wav,en,spoof,tts,GPT-SoVITS,-,mlaad,,none
data/processed/ko_augmented/zeroth_161_003_2200_aug.wav,ko,bonafide,real,-,zeroth_161,zeroth_korean,판후이 두 단은 백 칠십 팔 은 이세돌의 도전정신과 포기하지 않는 인내를 보여주는 한 수였으며 그의 노력은 이 대국의 승리로 보상받았다고 적었다,none
data/processed/ko_augmented/zeroth_217_003_1850_aug.wav,ko,bonafide,real,-,zeroth_217,zeroth_korean,각 정당과 무소속 후보들은 치열한 예선을 거쳐 이제 당락을 가르는 십 여 일간의 진검승부에 나섰다,codec
data/processed/en_augmented/LA_T_5011936_aug.wav,en,bonafide,real,-,LA_0095,asvspoof2019la,,codec
data/processed/ko_augmented/zeroth_167_003_2586_aug.wav,ko,bonafide,real,-,zeroth_167,zeroth_korean,이대는 이번 특감 결과와 재단에서 하는 특별감사위원회 조사 결과 등을 종합적으로 고려해 관련자 징계와 정씨의 입학취소 등을 적법한 절차에 따라 차질 없이 진행하겠다고 밝혔다,rawboost+codec
data/processed/en_mlaad_augmented/northandsouth_36_f000064_aug.wav,en,spoof,tts,Higgs-Audio-V2,-,mlaad,,rawboost
data/processed/en_mlaad_augmented/piratesofersatz_07_leinster_64kb_f000078_aug.wav,en,spoof,tts,Qwen3-TTS-12Hz-1.7B-Base,-,mlaad,,none
data/processed/ko_mlaad_augmented/the_sea_fairies_03_f000143_aug.wav,ko,spoof,tts,OmniVoice,-,mlaad,,rawboost
data/processed/en_mlaad_augmented/silent_bullet_10_f000084_aug.wav,en,spoof,tts,tts_models_multilingual_multi-dataset_xtts_v2,-,mlaad,,codec
data/processed/en_mlaad_augmented/piratesofersatz_04_leinster_64kb_f000090_aug.wav,en,spoof,tts,ElevenLabs-v2-Multilingual,-,mlaad,,rawboost+codec
data/processed/en_mlaad_augmented/emerald_city_of_oz_10_f000085_aug.wav,en,spoof,tts,kokoro,-,mlaad,,none
data/processed/ko_augmented/zeroth_159_003_1935_aug.wav,ko,bonafide,real,-,zeroth_159,zeroth_korean,저체중아의 경우 몸무게에 따라 오백 만원에서 천 만원까지 의료비를 지원받을 수 있다,rawboost+codec
data/processed/en_mlaad_augmented/piratesofersatz_09_leinster_64kb_f000092_aug.wav,en,spoof,tts,Qwen3-TTS-12Hz-1.7B-Base,-,mlaad,,codec
data/processed/en_augmented/LA_T_2009235_aug.wav,en,bonafide,real,-,LA_0094,asvspoof2019la,,rawboost
data/processed/en_mlaad_augmented/emerald_city_of_oz_07_f000056_aug.wav,en,spoof,tts,Chatterbox,-,mlaad,,rawboost
data/processed/en_augmented/LA_T_3106270_aug.wav,en,bonafide,real,-,LA_0096,asvspoof2019la,,none
data/processed/en_augmented/LA_T_4844815_aug.wav,en,spoof,tts,A01,LA_0080,asvspoof2019la,,codec
data/processed/ko_augmented/zeroth_123_003_0952_aug.wav,ko,bonafide,real,-,zeroth_123,zeroth_korean,홍 후보는 바보처럼 리스트를 만드니 그걸 누가 공무원이 책임을 지느냐며 그걸 뿌리고 보안시절 다섯 공시절에 민주인사 리스트를 만들어 미행하고 도청하는 식으로 알려 버렸다,codec
data/processed/en_augmented/LA_T_7890455_aug.wav,en,bonafide,real,-,LA_0096,asvspoof2019la,,rawboost+codec
data/processed/en_augmented/LA_T_1394641_aug.wav,en,bonafide,real,-,LA_0087,asvspoof2019la,,none
data/processed/ko_mlaad_augmented/skyisland_22_baum_64kb_f000036_aug.wav,ko,spoof,tts,VoxCPM2,-,mlaad,,none
data/processed/en_augmented/LA_T_1829959_aug.wav,en,bonafide,real,-,LA_0093,asvspoof2019la,,rawboost
data/processed/ko_augmented/kss_07334_aug.wav,ko,bonafide,real,-,kss_speaker,kss,면접에 앞서 간단한 테스트가 있습니다.,rawboost
data/processed/ko_augmented/zeroth_211_003_0802_aug.wav,ko,bonafide,real,-,zeroth_211,zeroth_korean,콩에 대한 자료라면 무엇이든 구해 읽었고 누구를 만나도 콩의 중요성을 설파했다,rawboost
data/processed/en_mlaad_augmented/jane_eyre_05_f000217_aug.wav,en,spoof,tts,Chatterbox-Turbo,-,mlaad,,rawboost
data/processed/en_mlaad_augmented/wives_and_daughters_26_f000103_aug.wav,en,spoof,tts,Chatterbox-Turbo,-,mlaad,,rawboost+codec
data/processed/en_augmented/LA_T_1504888_aug.wav,en,bonafide,real,-,LA_0083,asvspoof2019la,,none
data/processed/ko_augmented/kss_02288_aug.wav,ko,bonafide,real,-,kss_speaker,kss,그녀는 자신의 재산을 딸에게 모두 남긴다는 유언을 남겼다.,rawboost
data/processed/en_mlaad_augmented/wives_and_daughters_50_f000107_aug.wav,en,spoof,tts,ElevenLabs-v2-Multilingual,-,mlaad,,none
data/processed/ko_mlaad_augmented/northandsouth_07_f000087_aug.wav,ko,spoof,tts,Fish-S2-Pro,-,mlaad,,none
data/processed/ko_mlaad_augmented/emerald_city_of_oz_13_f000036_aug.wav,ko,spoof,tts,Qwen3-TTS-12Hz-1.7B-Base,-,mlaad,,rawboost
data/processed/en_mlaad_augmented/northandsouth_46_f000047_aug.wav,en,spoof,tts,minimax_speech-2.6-hd,-,mlaad,,rawboost
data/processed/ko_augmented/zeroth_196_003_0312_aug.wav,ko,bonafide,real,-,zeroth_196,zeroth_korean,이들은 전날 모임에서와 마찬가지로 현 지도부로는 총선이 어렵다며 문 대표의 사퇴 필요성과 전당대회 개최를 통한 지도부 교체에 대해 공감대를 형성했다,rawboost
data/processed/en_mlaad_augmented/northandsouth_05_f000045_aug.wav,en,spoof,tts,GPT-SoVITS,-,mlaad,,rawboost
data/processed/en_mlaad_augmented/northandsouth_05_f000099_aug.wav,en,spoof,tts,Qwen3-TTS-12Hz-1.7B-Base,-,mlaad,,none
data/processed/en_augmented/LA_T_7839314_aug.wav,en,bonafide,real,-,LA_0084,asvspoof2019la,,codec
data/processed/en_mlaad_augmented/the_master_key_03_f000085_aug.wav,en,spoof,tts,Chatterbox,-,mlaad,,rawboost+codec
data/processed/ko_augmented/kss_02703_aug.wav,ko,bonafide,real,-,kss_speaker,kss,남은 음식 좀 싸 주시겠어요?,rawboost+codec
data/processed/ko_augmented/zeroth_183_003_2367_aug.wav,ko,bonafide,real,-,zeroth_183,zeroth_korean,육 일 통계청에 따르면 이천 십 사 년 기준 한국인의 여가 시간은 통계를 처음 내기 시작한 천 구백 구십 구 년보다 오히려 짧아졌다,none
data/processed/ko_augmented/zeroth_181_003_2238_aug.wav,ko,bonafide,real,-,zeroth_181,zeroth_korean,실제로 민 전 사장이 사표를 내자 후임 사장으로 청와대 등은 백 사장이 아니라 다른 후보를 원했다고 한다,rawboost
data/processed/en_mlaad_augmented/jane_eyre_20_f000142_aug.wav,en,spoof,tts,minimax_speech-2.6-hd,-,mlaad,,none
data/processed/en_augmented/LA_T_5596732_aug.wav,en,bonafide,real,-,LA_0091,asvspoof2019la,,rawboost+codec
data/processed/ko_mlaad_augmented/wives_and_daughters_30_f000088_aug.wav,ko,spoof,tts,tts_models_multilingual_multi-dataset_xtts_v2,-,mlaad,,none
data/processed/en_mlaad_augmented/poisoned_pen_11_f000234_aug.wav,en,spoof,tts,ElevenLabs-v2-Multilingual,-,mlaad,,rawboost
data/processed/en_mlaad_augmented/midnight_passenger_10_f000200_aug.wav,en,spoof,tts,MOSS-TTS-8B,-,mlaad,,none
data/processed/ko_mlaad_augmented/pink_fairy_book_38_f000149_aug.wav,ko,spoof,tts,tts_models_multilingual_multi-dataset_bark,-,mlaad,,none
data/processed/ko_augmented/zeroth_207_003_2294_aug.wav,ko,bonafide,real,-,zeroth_207,zeroth_korean,콧등에서부터 귀를 지나는 세 개의 넓은 흰색 줄무늬는 오소리의 두드러진 특징일 뿐 아니라 논란의 대상이기도 합니다,rawboost
data/processed/ko_mlaad_augmented/the_master_key_03_f000042_aug.wav,ko,spoof,tts,tts_models_multilingual_multi-dataset_bark,-,mlaad,,rawboost+codec
data/processed/ko_augmented/kss_05207_aug.wav,ko,bonafide,real,-,kss_speaker,kss,최근 길거리 범죄가 심각한 문제가 되고 있다.,none
data/processed/ko_mlaad_augmented/jane_eyre_28_f000359_aug.wav,ko,spoof,tts,Chatterbox Multilingual,-,mlaad,,rawboost+codec
data/processed/en_augmented/LA_T_1423202_aug.wav,en,bonafide,real,-,LA_0087,asvspoof2019la,,rawboost
data/processed/ko_augmented/kss_03501_aug.wav,ko,bonafide,real,-,kss_speaker,kss,요즘 한가해요.,none
data/processed/en_augmented/LA_T_9190599_aug.wav,en,bonafide,real,-,LA_0085,asvspoof2019la,,none
data/processed/en_mlaad_augmented/poisoned_pen_09_f000045_aug.wav,en,spoof,tts,kokoro,-,mlaad,,none
data/processed/en_augmented/LA_T_1142757_aug.wav,en,bonafide,real,-,LA_0092,asvspoof2019la,,none
data/processed/ko_mlaad_augmented/pink_fairy_book_36_f000120_aug.wav,ko,spoof,tts,Fish-S2-Pro,-,mlaad,,none
data/processed/en_augmented/LA_T_2363469_aug.wav,en,bonafide,real,-,LA_0094,asvspoof2019la,,rawboost+codec
data/processed/ko_augmented/zeroth_168_003_2800_aug.wav,ko,bonafide,real,-,zeroth_168,zeroth_korean,크리스티의 청각 장애는 여전히 우리 모두에게 도전이 되는 것입니다,none
data/processed/ko_mlaad_augmented/midnight_passenger_03_f000180_aug.wav,ko,spoof,tts,OmniVoice,-,mlaad,,codec
data/processed/ko_augmented/zeroth_111_003_2027_aug.wav,ko,bonafide,real,-,zeroth_111,zeroth_korean,사가미하라시 당국에 따르면 우에마쓰는 이 월 입원했을 당시 마약성 정신장애진단을 받았다,none
data/processed/ko_mlaad_augmented/wives_and_daughters_34_f000123_aug.wav,ko,spoof,tts,Qwen3-TTS-12Hz-0.6B-Base,-,mlaad,,codec
data/processed/ko_augmented/zeroth_180_003_1325_aug.wav,ko,bonafide,real,-,zeroth_180,zeroth_korean,하느님께서는 단지 배우자에게 만족하지 못하는 것과 같은 사소한 이유로 이혼하려는 것을 미워하십니다,rawboost
data/processed/ko_mlaad_augmented/the_sea_fairies_04_f000090_aug.wav,ko,spoof,tts,Fish-S2-Pro,-,mlaad,,rawboost
data/processed/en_mlaad_augmented/the_master_key_05_f000084_aug.wav,en,spoof,tts,GPT-SoVITS,-,mlaad,,none
data/processed/en_mlaad_augmented/skyisland_01_baum_64kb_f000041_aug.wav,en,spoof,tts,Higgs-Audio-V2,-,mlaad,,rawboost
data/processed/en_mlaad_augmented/pink_fairy_book_14_f000016_aug.wav,en,spoof,tts,ElevenLabs-Turbo-v2.5,-,mlaad,,none
data/processed/en_mlaad_augmented/silent_bullet_06_f000089_aug.wav,en,spoof,tts,tts_models_multilingual_multi-dataset_xtts_v2,-,mlaad,,codec
data/processed/en_mlaad_augmented/jane_eyre_21_f000311_aug.wav,en,spoof,tts,Qwen3-TTS-12Hz-1.7B-Base,-,mlaad,,codec
data/processed/en_augmented/LA_T_4900136_aug.wav,en,bonafide,real,-,LA_0088,asvspoof2019la,,none
data/processed/en_augmented/LA_T_3133284_aug.wav,en,bonafide,real,-,LA_0093,asvspoof2019la,,rawboost
data/processed/ko_augmented/kss_10613_aug.wav,ko,bonafide,real,-,kss_speaker,kss,전화가 끊기면 제가 다시 걸죠.,codec
data/processed/en_augmented/LA_T_1805431_aug.wav,en,spoof,tts,A04,LA_0093,asvspoof2019la,,rawboost
data/processed/en_mlaad_augmented/rinkitink_baum_19_64kb_f000044_aug.wav,en,spoof,tts,kokoro,-,mlaad,,rawboost+codec
data/processed/en_augmented/LA_T_6799312_aug.wav,en,bonafide,real,-,LA_0083,asvspoof2019la,,rawboost
data/processed/en_mlaad_augmented/northandsouth_20_f000102_aug.wav,en,spoof,tts,MOSS-TTS-8B,-,mlaad,,rawboost
data/processed/ko_mlaad_augmented/northandsouth_01_f000029_aug.wav,ko,spoof,tts,Higgs-Audio-V2,-,mlaad,,rawboost+codec
data/processed/ko_augmented/zeroth_189_003_2565_aug.wav,ko,bonafide,real,-,zeroth_189,zeroth_korean,우 전 수석은 특검 출범 이후 줄곧 사법처리 대상에 포함될지 관심을 받아왔다,codec
data/processed/ko_mlaad_augmented/jane_eyre_11_f000320_aug.wav,ko,spoof,tts,Qwen3-TTS-12Hz-1.7B-Base,-,mlaad,,codec
data/processed/ko_augmented/kss_12687_aug.wav,ko,bonafide,real,-,kss_speaker,kss,여직원이 전체의 50% 정도 됩니다.,none
data/processed/ko_mlaad_augmented/the_master_key_20_f000054_aug.wav,ko,spoof,tts,Qwen3-TTS-12Hz-0.6B-Base,-,mlaad,,rawboost
data/processed/ko_augmented/zeroth_152_from_zeroth_177_003_0237_aug.wav,ko,spoof,vc,rvc_zeroth_152,zeroth_152,rvc_from_zeroth_177,선대인 그런데 누구나 느끼시겠지만 지금 이천 육 년 부동산 폭등기 때보다 지금 호황인가,none
data/processed/ko_mlaad_augmented/wives_and_daughters_31_f000015_aug.wav,ko,spoof,tts,tts_models_multilingual_multi-dataset_bark,-,mlaad,,none
data/processed/ko_mlaad_augmented/silent_bullet_09_f000022_aug.wav,ko,spoof,tts,Qwen3-TTS-12Hz-1.7B-Base,-,mlaad,,none
data/processed/en_augmented/LA_T_2537892_aug.wav,en,bonafide,real,-,LA_0091,asvspoof2019la,,rawboost
data/processed/ko_augmented/zeroth_162_003_1767_aug.wav,ko,bonafide,real,-,zeroth_162,zeroth_korean,납치 용의자인 사십 대 남성은 지난 십 사 일 오후 강원도 원주시에서 숨진채 발견됐다,rawboost
data/processed/ko_mlaad_augmented/the_sea_fairies_03_f000030_aug.wav,ko,spoof,tts,Chatterbox Multilingual,-,mlaad,,codec
data/processed/ko_augmented/kss_06731_aug.wav,ko,bonafide,real,-,kss_speaker,kss,이런 날씨에 밖에 나가는 것은 몹시 위험하다.,none
data/processed/en_augmented/LA_T_1783185_aug.wav,en,bonafide,real,-,LA_0097,asvspoof2019la,,rawboost
data/processed/en_augmented/LA_T_4403320_aug.wav,en,bonafide,real,-,LA_0096,asvspoof2019la,,none
data/processed/ko_mlaad_augmented/jane_eyre_14_f000083_aug.wav,ko,spoof,tts,tts_models_multilingual_multi-dataset_bark,-,mlaad,,rawboost+codec
data/processed/ko_mlaad_augmented/hunters_space_01_f000030_aug.wav,ko,spoof,tts,Qwen3-TTS-12Hz-1.7B-Base,-,mlaad,,rawboost
data/processed/en_augmented/LA_T_6239874_aug.wav,en,bonafide,real,-,LA_0098,asvspoof2019la,,none
data/processed/ko_augmented/zeroth_123_003_1127_aug.wav,ko,bonafide,real,-,zeroth_123,zeroth_korean,아마존은 상품 배송에 드론을 이용하겠다며 아마존 프라임에어 계획을 발표했다,none
data/processed/ko_mlaad_augmented/piratesofersatz_06_leinster_64kb_f000138_aug.wav,ko,spoof,tts,Fish-S2-Pro,-,mlaad,,none
data/processed/en_mlaad_augmented/silent_bullet_08_f000151_aug.wav,en,spoof,tts,ElevenLabs-v3,-,mlaad,,none
data/processed/en_mlaad_augmented/the_sea_fairies_21_f000011_aug.wav,en,spoof,tts,ElevenLabs-Turbo-v2.5,-,mlaad,,none
data/processed/en_augmented/LA_T_8896720_aug.wav,en,bonafide,real,-,LA_0092,asvspoof2019la,,codec
data/processed/ko_augmented/zeroth_200_from_kss_02510_aug.wav,ko,spoof,vc,rvc_zeroth_200,zeroth_200,rvc_from_kss_speaker,충분한 수면과 휴식을 취하셔야 합니다.,rawboost
data/processed/ko_augmented/zeroth_114_003_1103_aug.wav,ko,bonafide,real,-,zeroth_114,zeroth_korean,심 전 의원은 칠 월 십 삼 일 오전 열 한 시께 대구 수성구의 한 호텔에서 사십 대 여성을 성폭행한 혐의를 받아 왔다,rawboost+codec
data/processed/ko_augmented/zeroth_116_003_2739_aug.wav,ko,bonafide,real,-,zeroth_116,zeroth_korean,방사선량 수치가 왜 이렇게 높아졌는지 설명은 없었습니다,none
data/processed/en_mlaad_augmented/pink_fairy_book_12_f000294_aug.wav,en,spoof,tts,ElevenLabs-v3,-,mlaad,,rawboost+codec
data/processed/ko_augmented/kss_08494_aug.wav,ko,bonafide,real,-,kss_speaker,kss,저는 컴퓨터 없이는 하루도 살 수가 없어요.,none
data/processed/en_mlaad_augmented/jane_eyre_27_f000184_aug.wav,en,spoof,tts,Chatterbox,-,mlaad,,rawboost
data/processed/ko_mlaad_augmented/wives_and_daughters_23_f000124_aug.wav,ko,spoof,tts,MOSS-TTS-1.7B,-,mlaad,,codec
data/processed/en_mlaad_augmented/wives_and_daughters_42_f000033_aug.wav,en,spoof,tts,Higgs-Audio-V2,-,mlaad,,none
data/processed/ko_mlaad_augmented/the_master_key_07_f000052_aug.wav,ko,spoof,tts,Higgs-Audio-V2,-,mlaad,,none
data/processed/en_augmented/LA_T_6324213_aug.wav,en,bonafide,real,-,LA_0089,asvspoof2019la,,rawboost
data/processed/en_mlaad_augmented/piratesofersatz_10_leinster_64kb_f000008_aug.wav,en,spoof,tts,ElevenLabs-Turbo-v2.5,-,mlaad,,none
data/processed/ko_mlaad_augmented/northandsouth_29_f000050_aug.wav,ko,spoof,tts,tts_models_multilingual_multi-dataset_bark,-,mlaad,,rawboost+codec
data/processed/en_mlaad_augmented/poisoned_pen_05_f000031_aug.wav,en,spoof,tts,ElevenLabs-Turbo-v2.5,-,mlaad,,rawboost
data/processed/ko_augmented/zeroth_185_from_zeroth_180_003_0514_aug.wav,ko,spoof,vc,rvc_zeroth_185,zeroth_185,rvc_from_zeroth_180,북한에선 남녀 모두에게 책임을 묻고 피해자인 여성은 사회적으로 매장된다는 것이 탈북 여성들의 공통된 증언이다,rawboost
data/processed/en_augmented/LA_T_7144134_aug.wav,en,bonafide,real,-,LA_0085,asvspoof2019la,,none
data/processed/en_augmented/LA_T_7967281_aug.wav,en,spoof,vc,A06,LA_0087,asvspoof2019la,,none
data/processed/ko_mlaad_augmented/northandsouth_34_f000023_aug.wav,ko,spoof,tts,Fish-S2-Pro,-,mlaad,,none
data/processed/en_mlaad_augmented/pink_fairy_book_22_f000018_aug.wav,en,spoof,tts,minimax_speech-2.6-hd,-,mlaad,,codec
data/processed/ko_mlaad_augmented/piratesofersatz_12_leinster_64kb_f000098_aug.wav,ko,spoof,tts,Qwen3-TTS-12Hz-1.7B-Base,-,mlaad,,none
data/processed/en_augmented/LA_T_7254652_aug.wav,en,bonafide,real,-,LA_0083,asvspoof2019la,,none
data/processed/en_mlaad_augmented/pink_fairy_book_10_f000172_aug.wav,en,spoof,tts,ElevenLabs-v2-Multilingual,-,mlaad,,rawboost
data/processed/ko_mlaad_augmented/jane_eyre_12_f000157_aug.wav,ko,spoof,tts,minimax_speech-02-turbo,-,mlaad,,none
data/processed/ko_mlaad_augmented/midnight_passenger_01_f000060_aug.wav,ko,spoof,tts,MOSS-TTS-1.7B,-,mlaad,,none
data/processed/en_augmented/LA_T_3831604_aug.wav,en,bonafide,real,-,LA_0085,asvspoof2019la,,rawboost+codec
data/processed/en_augmented/LA_T_5525305_aug.wav,en,bonafide,real,-,LA_0084,asvspoof2019la,,rawboost
data/processed/en_augmented/LA_T_2366817_aug.wav,en,bonafide,real,-,LA_0085,asvspoof2019la,,none
data/processed/en_mlaad_augmented/rinkitink_baum_07_64kb_f000005_aug.wav,en,spoof,tts,Chatterbox,-,mlaad,,rawboost
data/processed/en_augmented/LA_T_2599380_aug.wav,en,bonafide,real,-,LA_0090,asvspoof2019la,,rawboost+codec
data/processed/ko_mlaad_augmented/wives_and_daughters_37_f000122_aug.wav,ko,spoof,tts,Fish-S2-Pro,-,mlaad,,rawboost+codec
data/processed/en_mlaad_augmented/the_sea_fairies_22_f000055_aug.wav,en,spoof,tts,ElevenLabs-v2-Multilingual,-,mlaad,,codec
data/processed/ko_augmented/zeroth_214_003_2105_aug.wav,ko,bonafide,real,-,zeroth_214,zeroth_korean,그마저도 남편이 다른 회사로 옮기면서 차가 필요해 중고차를 구매하자 지원대상에서 제외됐다,none
data/processed/ko_augmented/zeroth_141_003_2022_aug.wav,ko,bonafide,real,-,zeroth_141,zeroth_korean,삼국유사에서 밀양 봉성사는 고려 태조에게 계책을 알려준 승려 보양이 머문 곳 등으로 기록됐다,rawboost+codec
data/processed/en_augmented/LA_T_8925956_aug.wav,en,bonafide,real,-,LA_0090,asvspoof2019la,,none
data/processed/ko_augmented/zeroth_129_003_1290_aug.wav,ko,bonafide,real,-,zeroth_129,zeroth_korean,지금 박근혜 후보에게 지난 대선 때 표를 던진 사람들 모두가 오 쩜 일 육 을 혁명으로 긍정적으로 보는 게 아니라는 사실을 대통령께서 알았으면 좋겠습니다,rawboost
data/processed/ko_augmented/kss_01090_aug.wav,ko,bonafide,real,-,kss_speaker,kss,소화가 안 될 때는 죽 같은 음식을 드세요.,rawboost+codec
data/processed/ko_mlaad_augmented/the_master_key_16_f000046_aug.wav,ko,spoof,tts,MOSS-TTS-1.7B,-,mlaad,,none
data/processed/en_augmented/LA_T_9474664_aug.wav,en,bonafide,real,-,LA_0088,asvspoof2019la,,rawboost
data/processed/en_augmented/LA_T_4198628_aug.wav,en,bonafide,real,-,LA_0082,asvspoof2019la,,none
data/processed/en_mlaad_augmented/wives_and_daughters_17_f000166_aug.wav,en,spoof,tts,Qwen3-TTS-12Hz-1.7B-Base,-,mlaad,,rawboost
data/processed/en_augmented/LA_T_2973329_aug.wav,en,bonafide,real,-,LA_0098,asvspoof2019la,,none
data/processed/ko_augmented/zeroth_168_003_1220_aug.wav,ko,bonafide,real,-,zeroth_168,zeroth_korean,조폭의 자금으로 굴러가는 지하경제 규모만 백 이십 일 조원에 이르는 것으로 대검찰청은 추정하고 있다,rawboost+codec
data/processed/en_mlaad_augmented/skyisland_23_baum_64kb_f000098_aug.wav,en,spoof,tts,tts_models_multilingual_multi-dataset_xtts_v2,-,mlaad,,codec
data/processed/ko_augmented/kss_11018_aug.wav,ko,spoof,tts,mms-tts-kor,vits_default,kss_transcript,그 사람에게는 다른 사람과 다른 면이 있어.,rawboost
data/processed/en_mlaad_augmented/silent_bullet_11_f000010_aug.wav,en,spoof,tts,Qwen3-TTS-12Hz-1.7B-Base,-,mlaad,,rawboost
data/processed/en_mlaad_augmented/jane_eyre_18_f000086_aug.wav,en,spoof,tts,minimax_speech-2.6-hd,-,mlaad,,rawboost
data/processed/ko_mlaad_augmented/wives_and_daughters_14_f000094_aug.wav,ko,spoof,tts,OmniVoice,-,mlaad,,codec
data/processed/ko_mlaad_augmented/hunters_space_16_f000107_aug.wav,ko,spoof,tts,minimax_speech-02-turbo,-,mlaad,,codec
data/processed/en_mlaad_augmented/northandsouth_16_f000080_aug.wav,en,spoof,tts,MOSS-TTS-8B,-,mlaad,,rawboost
data/processed/ko_augmented/zeroth_192_003_2056_aug.wav,ko,bonafide,real,-,zeroth_192,zeroth_korean,여름철에 누진제를 한시적으로 완화하는 방안도 논의될 가능성이 있다고 당 핵심 관계자는 설명했다,rawboost
data/processed/ko_mlaad_augmented/poisoned_pen_11_f000014_aug.wav,ko,spoof,tts,Qwen3-TTS-12Hz-0.6B-Base,-,mlaad,,rawboost+codec
data/processed/ko_mlaad_augmented/wives_and_daughters_35_f000119_aug.wav,ko,spoof,tts,MOSS-TTS-8B,-,mlaad,,codec
data/processed/ko_augmented/kss_01805_aug.wav,ko,bonafide,real,-,kss_speaker,kss,우리는 지원자들을 공정하고 엄격하게 심사할 겁니다.,rawboost
data/processed/en_mlaad_augmented/jane_eyre_33_f000268_aug.wav,en,spoof,tts,Chatterbox,-,mlaad,,none
data/processed/en_augmented/LA_T_4822766_aug.wav,en,bonafide,real,-,LA_0079,asvspoof2019la,,rawboost
data/processed/en_mlaad_augmented/wives_and_daughters_53_f000071_aug.wav,en,spoof,tts,ElevenLabs-Turbo-v2.5,-,mlaad,,none
data/processed/ko_mlaad_augmented/northandsouth_08_f000140_aug.wav,ko,spoof,tts,VoxCPM2,-,mlaad,,codec
data/processed/ko_augmented/zeroth_150_003_0530_aug.wav,ko,bonafide,real,-,zeroth_150,zeroth_korean,인터풋볼 감독님의 한결 같은 믿음이 적응과 활약의 토대,none
data/processed/ko_mlaad_augmented/midnight_passenger_12_f000129_aug.wav,ko,spoof,tts,Fish-S2-Pro,-,mlaad,,codec
data/processed/en_augmented/LA_T_1272637_aug.wav,en,bonafide,real,-,LA_0079,asvspoof2019la,,rawboost
data/processed/en_augmented/LA_T_5214235_aug.wav,en,bonafide,real,-,LA_0084,asvspoof2019la,,rawboost+codec
data/processed/en_augmented/LA_T_9107429_aug.wav,en,bonafide,real,-,LA_0079,asvspoof2019la,,codec
data/processed/ko_augmented/zeroth_140_003_0164_aug.wav,ko,bonafide,real,-,zeroth_140,zeroth_korean,우리는 위기의 진앙이 아닌 안전지대가 됐다는 말까지 나올 정도였다,none
data/processed/en_augmented/LA_T_6175341_aug.wav,en,bonafide,real,-,LA_0097,asvspoof2019la,,codec
data/processed/en_mlaad_augmented/poisoned_pen_12_f000154_aug.wav,en,spoof,tts,kokoro,-,mlaad,,rawboost
data/processed/ko_mlaad_augmented/jane_eyre_11_f000048_aug.wav,ko,spoof,tts,tts_models_multilingual_multi-dataset_bark,-,mlaad,,none
data/processed/en_mlaad_augmented/jane_eyre_29_f000070_aug.wav,en,spoof,tts,GPT-SoVITS,-,mlaad,,rawboost
data/processed/ko_augmented/zeroth_171_003_1234_aug.wav,ko,bonafide,real,-,zeroth_171,zeroth_korean,핵무력건설에 대해선 그 역사적 연원을 돌아보며 길게 설명했으니 반복하지 않을게,none
data/processed/en_augmented/LA_T_6499936_aug.wav,en,bonafide,real,-,LA_0085,asvspoof2019la,,rawboost
data/processed/en_mlaad_augmented/wives_and_daughters_12_f000046_aug.wav,en,spoof,tts,ElevenLabs-v3,-,mlaad,,none
data/processed/en_augmented/LA_T_9804482_aug.wav,en,bonafide,real,-,LA_0090,asvspoof2019la,,none
data/processed/ko_augmented/kss_10498_aug.wav,ko,spoof,tts,mms-tts-kor,vits_default,kss_transcript,들리는 얘기로는 그 사람 주식으로 돈을 엄청나게 벌었대요.,rawboost
data/processed/ko_augmented/zeroth_114_003_1431_aug.wav,ko,bonafide,real,-,zeroth_114,zeroth_korean,그 사건에 있어서는 처음에 사고 낸 거 그것은 수리 견적이 백 육십 오 만 원 나왔는데요,rawboost
data/processed/ko_mlaad_augmented/wives_and_daughters_37_f000240_aug.wav,ko,spoof,tts,minimax_speech-02-turbo,-,mlaad,,rawboost
data/processed/en_augmented/LA_T_2737588_aug.wav,en,bonafide,real,-,LA_0080,asvspoof2019la,,rawboost
data/processed/en_mlaad_augmented/dorothy_and_wizard_oz_17_f000050_aug.wav,en,spoof,tts,minimax_speech-2.6-hd,-,mlaad,,rawboost
data/processed/en_mlaad_augmented/the_sea_fairies_09_f000003_aug.wav,en,spoof,tts,tts_models_multilingual_multi-dataset_xtts_v2,-,mlaad,,rawboost
data/processed/ko_augmented/kss_07717_aug.wav,ko,bonafide,real,-,kss_speaker,kss,그의 인생은 불행의 연속이었다.,none
data/processed/en_mlaad_augmented/pink_fairy_book_23_f000022_aug.wav,en,spoof,tts,ElevenLabs-v3,-,mlaad,,codec
data/processed/ko_mlaad_augmented/emerald_city_of_oz_10_f000100_aug.wav,ko,spoof,tts,VoxCPM2,-,mlaad,,rawboost
data/processed/en_mlaad_augmented/northandsouth_11_f000034_aug.wav,en,spoof,tts,Chatterbox-Turbo,-,mlaad,,codec
data/processed/ko_mlaad_augmented/the_master_key_03_f000054_aug.wav,ko,spoof,tts,Qwen3-TTS-12Hz-0.6B-Base,-,mlaad,,rawboost
data/processed/ko_augmented/zeroth_202_003_1892_aug.wav,ko,bonafide,real,-,zeroth_202,zeroth_korean,국정 공백 탄핵 정국 관리 헌재 재판관 구성의 문제 때문이다,rawboost+codec
data/processed/en_mlaad_augmented/pink_fairy_book_12_f000104_aug.wav,en,spoof,tts,Higgs-Audio-V2,-,mlaad,,codec
data/processed/en_augmented/LA_T_8566553_aug.wav,en,bonafide,real,-,LA_0092,asvspoof2019la,,none
data/processed/en_mlaad_augmented/wives_and_daughters_10_f000217_aug.wav,en,spoof,tts,tts_models_multilingual_multi-dataset_xtts_v2,-,mlaad,,rawboost
data/processed/ko_mlaad_augmented/emerald_city_of_oz_12_f000091_aug.wav,ko,spoof,tts,Qwen3-TTS-12Hz-1.7B-Base,-,mlaad,,none
data/processed/ko_mlaad_augmented/pink_fairy_book_13_f000032_aug.wav,ko,spoof,tts,Chatterbox Multilingual,-,mlaad,,none
data/processed/ko_mlaad_augmented/piratesofersatz_11_leinster_64kb_f000062_aug.wav,ko,spoof,tts,Fish-S2-Pro,-,mlaad,,none
data/processed/ko_mlaad_augmented/rinkitink_baum_04_64kb_f000087_aug.wav,ko,spoof,tts,Chatterbox Multilingual,-,mlaad,,rawboost+codec
data/processed/en_augmented/LA_T_8280464_aug.wav,en,bonafide,real,-,LA_0095,asvspoof2019la,,none
data/processed/ko_mlaad_augmented/jane_eyre_15_f000034_aug.wav,ko,spoof,tts,Higgs-Audio-V2,-,mlaad,,none
data/processed/en_mlaad_augmented/jane_eyre_10_f000193_aug.wav,en,spoof,tts,GPT-SoVITS,-,mlaad,,none
data/processed/en_mlaad_augmented/skyisland_06_baum_64kb_f000071_aug.wav,en,spoof,tts,GPT-SoVITS,-,mlaad,,rawboost+codec
data/processed/ko_augmented/zeroth_162_003_0802_aug.wav,ko,bonafide,real,-,zeroth_162,zeroth_korean,콩에 대한 자료라면 무엇이든 구해 읽었고 누구를 만나도 콩의 중요성을 설파했다,none
data/processed/en_augmented/LA_T_9108411_aug.wav,en,bonafide,real,-,LA_0090,asvspoof2019la,,none
data/processed/en_mlaad_augmented/the_sea_fairies_08_f000030_aug.wav,en,spoof,tts,Qwen3-TTS-12Hz-1.7B-Base,-,mlaad,,rawboost
data/processed/ko_augmented/zeroth_161_003_2035_aug.wav,ko,bonafide,real,-,zeroth_161,zeroth_korean,합참도 이날 오전 아홉 시 삼십 분경 북한 풍계리일대에서 규모 오 쩜 공 의 인공지진파를 감지했다고 밝혔다,rawboost
data/processed/ko_augmented/zeroth_189_003_2954_aug.wav,ko,bonafide,real,-,zeroth_189,zeroth_korean,집에서 인정받은 최 씨는 이제 나가서도 당당히 자신이 미혼모임을 밝힌다,none
data/processed/ko_augmented/zeroth_164_003_2245_aug.wav,ko,bonafide,real,-,zeroth_164,zeroth_korean,박 대통령의 입장 표명과 사과를 요구하는 정치권의 요구에 곧장 맞서서 대응하기도 힘든 상황이었다,rawboost+codec
data/processed/ko_mlaad_augmented/dorothy_and_wizard_oz_14_f000059_aug.wav,ko,spoof,tts,Qwen3-TTS-12Hz-0.6B-Base,-,mlaad,,none
data/processed/ko_augmented/zeroth_173_003_2573_aug.wav,ko,bonafide,real,-,zeroth_173,zeroth_korean,국회 추천이라고 했으니까 새누리당은 사사건건 딴지를 걸면서 시간을 끌 것이다,none
data/processed/en_augmented/LA_T_3643851_aug.wav,en,bonafide,real,-,LA_0084,asvspoof2019la,,rawboost
data/processed/ko_augmented/zeroth_182_003_1508_aug.wav,ko,bonafide,real,-,zeroth_182,zeroth_korean,자기계발비가 너무 적어 가족당 외출을 한 달에 한 두 번밖에 못할 명세서도 등장했다,none
data/processed/en_augmented/LA_T_8232782_aug.wav,en,bonafide,real,-,LA_0092,asvspoof2019la,,none
data/processed/ko_augmented/zeroth_130_003_2701_aug.wav,ko,bonafide,real,-,zeroth_130,zeroth_korean,찢긴 플래카드들과 나무에 매단 리본들도 바람 따라 세차게 펄럭였다,rawboost
data/processed/en_augmented/LA_T_7317221_aug.wav,en,bonafide,real,-,LA_0084,asvspoof2019la,,rawboost+codec
data/processed/en_mlaad_augmented/wives_and_daughters_28_f000194_aug.wav,en,spoof,tts,Higgs-Audio-V2,-,mlaad,,rawboost
data/processed/ko_augmented/kss_00840_aug.wav,ko,bonafide,real,-,kss_speaker,kss,부산국제영화제가 10월 2일부터 10월 8일까지 펼쳐질 예정입니다.,rawboost
data/processed/en_augmented/LA_T_7504201_aug.wav,en,bonafide,real,-,LA_0083,asvspoof2019la,,codec
data/processed/en_mlaad_augmented/pink_fairy_book_29_f000006_aug.wav,en,spoof,tts,ElevenLabs-v2-Multilingual,-,mlaad,,rawboost
data/processed/ko_augmented/kss_03386_aug.wav,ko,bonafide,real,-,kss_speaker,kss,너 일부러 그런 거지?,rawboost+codec
data/processed/en_mlaad_augmented/the_master_key_10_f000169_aug.wav,en,spoof,tts,ElevenLabs-v3,-,mlaad,,rawboost+codec
data/processed/ko_augmented/zeroth_169_003_1003_aug.wav,ko,bonafide,real,-,zeroth_169,zeroth_korean,황정화 이건 사실 법 적용을 어떻게 할 것인가의 문제일 텐데요,codec
data/processed/ko_augmented/kss_12300_aug.wav,ko,bonafide,real,-,kss_speaker,kss,매년 태풍으로 인한 재산 피해가 심각해요.,rawboost
data/processed/ko_mlaad_augmented/jane_eyre_19_f000015_aug.wav,ko,spoof,tts,Chatterbox Multilingual,-,mlaad,,rawboost
data/processed/ko_augmented/zeroth_217_003_0592_aug.wav,ko,bonafide,real,-,zeroth_217,zeroth_korean,급기야 재단 측은 당초 하루 삼백 명으로 제한한 사전 접수 인원을 지난 칠 일부터 천 삼백 명으로 천 명 더 늘렸다,none
data/processed/ko_augmented/zeroth_146_003_0531_aug.wav,ko,bonafide,real,-,zeroth_146,zeroth_korean,동아일보 자정 넘도록 텐트 쳐놓고 술판 고성오후 아홉 시 이후에는 한강 둔치에 텐트를 설치할 수 없지만 밤 열 두 시가 다 되도록 텐트가 그대로 있다,rawboost
data/processed/ko_mlaad_augmented/northandsouth_47_f000083_aug.wav,ko,spoof,tts,Qwen3-TTS-12Hz-0.6B-Base,-,mlaad,,codec
data/processed/ko_mlaad_augmented/wives_and_daughters_40_f000155_aug.wav,ko,spoof,tts,minimax_speech-02-turbo,-,mlaad,,rawboost+codec
data/processed/ko_augmented/zeroth_158_003_1500_aug.wav,ko,bonafide,real,-,zeroth_158,zeroth_korean,그렇게 된 것은 전적으로 내가 스트레스에 제대로 대처하지 못한 탓이었어요,none
data/processed/ko_mlaad_augmented/pink_fairy_book_12_f000193_aug.wav,ko,spoof,tts,tts_models_multilingual_multi-dataset_xtts_v2,-,mlaad,,rawboost
data/processed/ko_mlaad_augmented/skyisland_17_baum_64kb_f000067_aug.wav,ko,spoof,tts,OmniVoice,-,mlaad,,rawboost
data/processed/ko_mlaad_augmented/hunters_space_12_f000031_aug.wav,ko,spoof,tts,VoxCPM2,-,mlaad,,none
data/processed/ko_mlaad_augmented/poisoned_pen_11_f000119_aug.wav,ko,spoof,tts,VoxCPM2,-,mlaad,,rawboost+codec
data/processed/en_augmented/LA_T_8172146_aug.wav,en,bonafide,real,-,LA_0089,asvspoof2019la,,rawboost+codec
data/processed/en_mlaad_augmented/wives_and_daughters_42_f000175_aug.wav,en,spoof,tts,minimax_speech-2.6-hd,-,mlaad,,rawboost
data/processed/en_augmented/LA_T_9969620_aug.wav,en,bonafide,real,-,LA_0089,asvspoof2019la,,none
data/processed/en_mlaad_augmented/jane_eyre_14_f000093_aug.wav,en,spoof,tts,Higgs-Audio-V2,-,mlaad,,rawboost
data/processed/en_mlaad_augmented/piratesofersatz_11_leinster_64kb_f000051_aug.wav,en,spoof,tts,ElevenLabs-v2-Multilingual,-,mlaad,,rawboost+codec
data/processed/en_mlaad_augmented/wives_and_daughters_51_f000032_aug.wav,en,spoof,tts,ElevenLabs-Turbo-v2.5,-,mlaad,,rawboost
data/processed/en_augmented/LA_T_8457102_aug.wav,en,bonafide,real,-,LA_0098,asvspoof2019la,,rawboost
data/processed/ko_augmented/zeroth_164_003_1874_aug.wav,ko,bonafide,real,-,zeroth_164,zeroth_korean,많은 전문가는 슈거 크래시를 유발하는 당분 함유 음료 대신 물을 많이 섭취할 것을 권한다,none
data/processed/ko_mlaad_augmented/jane_eyre_29_f000029_aug.wav,ko,spoof,tts,VoxCPM2,-,mlaad,,rawboost
data/processed/en_augmented/LA_T_8865587_aug.wav,en,bonafide,real,-,LA_0083,asvspoof2019la,,none
data/processed/ko_mlaad_augmented/wives_and_daughters_22_f000170_aug.wav,ko,spoof,tts,MOSS-TTS-8B,-,mlaad,,none
data/processed/en_mlaad_augmented/piratesofersatz_08_leinster_64kb_f000129_aug.wav,en,spoof,tts,kokoro,-,mlaad,,codec
data/processed/ko_mlaad_augmented/wives_and_daughters_37_f000148_aug.wav,ko,spoof,tts,tts_models_multilingual_multi-dataset_xtts_v2,-,mlaad,,none
data/processed/en_augmented/LA_T_5619335_aug.wav,en,bonafide,real,-,LA_0087,asvspoof2019la,,rawboost
data/processed/en_mlaad_augmented/dorothy_and_wizard_oz_05_f000022_aug.wav,en,spoof,tts,GPT-SoVITS,-,mlaad,,codec
data/processed/en_mlaad_augmented/northandsouth_12_f000064_aug.wav,en,spoof,tts,MOSS-TTS-8B,-,mlaad,,none
data/processed/en_augmented/LA_T_1909202_aug.wav,en,bonafide,real,-,LA_0080,asvspoof2019la,,rawboost
data/processed/en_augmented/LA_T_9910541_aug.wav,en,spoof,tts,A02,LA_0094,asvspoof2019la,,none
data/processed/ko_mlaad_augmented/poisoned_pen_02_f000127_aug.wav,ko,spoof,tts,tts_models_multilingual_multi-dataset_xtts_v2,-,mlaad,,codec
data/processed/ko_mlaad_augmented/wives_and_daughters_42_f000080_aug.wav,ko,spoof,tts,tts_models_multilingual_multi-dataset_bark,-,mlaad,,none
data/processed/en_mlaad_augmented/jane_eyre_09_f000008_aug.wav,en,spoof,tts,Chatterbox-Turbo,-,mlaad,,rawboost
data/processed/ko_augmented/kss_03119_aug.wav,ko,bonafide,real,-,kss_speaker,kss,욕심에는 끝이 없다.,rawboost+codec
data/processed/ko_augmented/zeroth_201_from_zeroth_170_003_0704_aug.wav,ko,spoof,vc,rvc_zeroth_201,zeroth_201,rvc_from_zeroth_170,구두변론을 자청해서는 단상에 서서 강 재판관을 국회 측 수석대리인이라고 지칭해 물의를 빚었다,rawboost
data/processed/ko_mlaad_augmented/northandsouth_22_f000125_aug.wav,ko,spoof,tts,VoxCPM2,-,mlaad,,none
data/processed/en_mlaad_augmented/wives_and_daughters_52_f000219_aug.wav,en,spoof,tts,Higgs-Audio-V2,-,mlaad,,none
data/processed/en_augmented/LA_T_1568153_aug.wav,en,spoof,vc,A06,LA_0097,asvspoof2019la,,none
data/processed/ko_augmented/zeroth_122_003_1277_aug.wav,ko,bonafide,real,-,zeroth_122,zeroth_korean,이번에도 미사일 자체는 그 정도의 투사능력이 있었던 것이다,rawboost+codec
data/processed/en_augmented/LA_T_3938480_aug.wav,en,bonafide,real,-,LA_0087,asvspoof2019la,,codec
data/processed/en_mlaad_augmented/rinkitink_baum_15_64kb_f000022_aug.wav,en,spoof,tts,Chatterbox-Turbo,-,mlaad,,none
data/processed/en_augmented/LA_T_3208992_aug.wav,en,bonafide,real,-,LA_0082,asvspoof2019la,,none
data/processed/ko_augmented/zeroth_195_003_1638_aug.wav,ko,bonafide,real,-,zeroth_195,zeroth_korean,네가 하루 이틀 정도 고민해 보고 나서 어떤 방법이 좋을지 그리고 왜 그렇게 생각하는지 함께 얘기해 볼까,rawboost+codec
data/processed/en_augmented/LA_T_5517736_aug.wav,en,bonafide,real,-,LA_0095,asvspoof2019la,,rawboost
data/processed/en_augmented/LA_T_2361518_aug.wav,en,bonafide,real,-,LA_0085,asvspoof2019la,,codec
data/processed/ko_augmented/kss_08508_aug.wav,ko,spoof,tts,mms-tts-kor,vits_default,kss_transcript,어려움은 없으신가요?,codec
data/processed/ko_mlaad_augmented/the_sea_fairies_17_f000007_aug.wav,ko,spoof,tts,Fish-S2-Pro,-,mlaad,,codec
data/processed/ko_mlaad_augmented/the_sea_fairies_03_f000088_aug.wav,ko,spoof,tts,Higgs-Audio-V2,-,mlaad,,rawboost
data/processed/ko_augmented/zeroth_167_003_2208_aug.wav,ko,bonafide,real,-,zeroth_167,zeroth_korean,동네 주민은 마씨는 정말로 대단한 엄마다라며 지난 이십 여년간 하루도 빠짐없이 두 아들을 극진히 보살폈다고 말했다,none
data/processed/en_augmented/LA_T_7337587_aug.wav,en,bonafide,real,-,LA_0081,asvspoof2019la,,none
data/processed/ko_mlaad_augmented/jane_eyre_09_f000106_aug.wav,ko,spoof,tts,Fish-S2-Pro,-,mlaad,,rawboost
data/processed/ko_mlaad_augmented/hunters_space_10_f000116_aug.wav,ko,spoof,tts,VoxCPM2,-,mlaad,,codec
data/processed/en_mlaad_augmented/the_master_key_03_f000082_aug.wav,en,spoof,tts,ElevenLabs-Turbo-v2.5,-,mlaad,,rawboost+codec
data/processed/ko_augmented/zeroth_174_003_2958_aug.wav,ko,bonafide,real,-,zeroth_174,zeroth_korean,이 때문에 국가정보원 주도로 이천 십 사 년 초부터 청와대를 포함해 정부 고위직 공무원들에게 보안폰이 지급되기도 했다,codec
data/processed/ko_mlaad_augmented/pink_fairy_book_33_f000119_aug.wav,ko,spoof,tts,OmniVoice,-,mlaad,,rawboost
data/processed/en_mlaad_augmented/wives_and_daughters_22_f000134_aug.wav,en,spoof,tts,Chatterbox-Turbo,-,mlaad,,rawboost+codec
data/processed/en_mlaad_augmented/jane_eyre_12_f000076_aug.wav,en,spoof,tts,ElevenLabs-v2-Multilingual,-,mlaad,,rawboost
data/processed/en_mlaad_augmented/jane_eyre_24_f000081_aug.wav,en,spoof,tts,MOSS-TTS-8B,-,mlaad,,none
data/processed/ko_mlaad_augmented/northandsouth_30_f000050_aug.wav,ko,spoof,tts,MOSS-TTS-1.7B,-,mlaad,,rawboost
data/processed/ko_augmented/zeroth_194_003_2622_aug.wav,ko,bonafide,real,-,zeroth_194,zeroth_korean,핫 플레이스가 된 동네의 그늘 하루가 다르게 새로운 가게들이 속속 들어서는 망원동,none
data/processed/ko_mlaad_augmented/jane_eyre_21_f000425_aug.wav,ko,spoof,tts,Higgs-Audio-V2,-,mlaad,,none
data/processed/ko_mlaad_augmented/poisoned_pen_09_f000076_aug.wav,ko,spoof,tts,tts_models_multilingual_multi-dataset_bark,-,mlaad,,rawboost
data/processed/ko_mlaad_augmented/wives_and_daughters_35_f000025_aug.wav,ko,spoof,tts,Qwen3-TTS-12Hz-0.6B-Base,-,mlaad,,rawboost
data/processed/en_augmented/LA_T_3336416_aug.wav,en,bonafide,real,-,LA_0093,asvspoof2019la,,rawboost
data/processed/en_mlaad_augmented/dorothy_and_wizard_oz_15_f000035_aug.wav,en,spoof,tts,kokoro,-,mlaad,,rawboost+codec
data/processed/en_augmented/LA_T_3325988_aug.wav,en,bonafide,real,-,LA_0083,asvspoof2019la,,codec
data/processed/ko_augmented/kss_03469_aug.wav,ko,bonafide,real,-,kss_speaker,kss,비가 와서 게임이 중단되었다.,rawboost
data/processed/en_augmented/LA_T_6111496_aug.wav,en,spoof,vc,A05,LA_0098,asvspoof2019la,,none
data/processed/en_augmented/LA_T_6763611_aug.wav,en,bonafide,real,-,LA_0083,asvspoof2019la,,rawboost
data/processed/ko_augmented/zeroth_184_003_0944_aug.wav,ko,bonafide,real,-,zeroth_184,zeroth_korean,배상 방식의 종류는 무상수리에서부터 환불이나 반품 교환 위약금없이 렌털계약 해지 등 다양하다,rawboost
data/processed/ko_augmented/zeroth_113_003_0182_aug.wav,ko,bonafide,real,-,zeroth_113,zeroth_korean,결론적으로 말하면 정종은 일본식 청주의 한 종류일 뿐입니다,rawboost+codec
data/processed/en_augmented/LA_T_3537526_aug.wav,en,bonafide,real,-,LA_0095,asvspoof2019la,,rawboost
data/processed/en_mlaad_augmented/jane_eyre_24_f000376_aug.wav,en,spoof,tts,minimax_speech-2.6-hd,-,mlaad,,rawboost+codec
data/processed/ko_augmented/zeroth_200_from_kss_10703_aug.wav,ko,spoof,vc,rvc_zeroth_200,zeroth_200,rvc_from_kss_speaker,구두 매장은 어디예요?,none
data/processed/en_mlaad_augmented/silent_bullet_02_f000109_aug.wav,en,spoof,tts,Higgs-Audio-V2,-,mlaad,,codec
data/processed/ko_mlaad_augmented/jane_eyre_27_f000583_aug.wav,ko,spoof,tts,Qwen3-TTS-12Hz-1.7B-Base,-,mlaad,,rawboost+codec
data/processed/ko_augmented/zeroth_154_003_0827_aug.wav,ko,bonafide,real,-,zeroth_154,zeroth_korean,쿨리발리는 이천 년대 중반 세리프 쿠아치와 함께 파리제 십 구 구네트워크라는 자생적인 테러조직에 함께 가담한 적이 있다,rawboost+codec
data/processed/en_mlaad_augmented/jane_eyre_34_f000117_aug.wav,en,spoof,tts,ElevenLabs-Turbo-v2.5,-,mlaad,,rawboost+codec
data/processed/en_augmented/LA_T_4948515_aug.wav,en,bonafide,real,-,LA_0093,asvspoof2019la,,rawboost
data/processed/en_augmented/LA_T_5192765_aug.wav,en,bonafide,real,-,LA_0081,asvspoof2019la,,rawboost
data/processed/en_mlaad_augmented/rinkitink_baum_06_64kb_f000104_aug.wav,en,spoof,tts,Chatterbox-Turbo,-,mlaad,,rawboost+codec
data/processed/en_augmented/LA_T_1395369_aug.wav,en,bonafide,real,-,LA_0094,asvspoof2019la,,rawboost+codec
data/processed/en_augmented/LA_T_9896961_aug.wav,en,bonafide,real,-,LA_0097,asvspoof2019la,,rawboost
data/processed/ko_mlaad_augmented/wives_and_daughters_41_f000128_aug.wav,ko,spoof,tts,Qwen3-TTS-12Hz-0.6B-Base,-,mlaad,,none
data/processed/ko_mlaad_augmented/wives_and_daughters_18_f000123_aug.wav,ko,spoof,tts,Chatterbox Multilingual,-,mlaad,,none
data/processed/ko_augmented/kss_12816_aug.wav,ko,bonafide,real,-,kss_speaker,kss,아이들 앞에서 욕하지 마세요.,none
data/processed/en_mlaad_augmented/northandsouth_22_f000003_aug.wav,en,spoof,tts,Higgs-Audio-V2,-,mlaad,,none
data/processed/en_augmented/LA_T_4761325_aug.wav,en,spoof,tts,A04,LA_0093,asvspoof2019la,,none
data/processed/ko_augmented/zeroth_150_003_0806_aug.wav,ko,bonafide,real,-,zeroth_150,zeroth_korean,기동민 민주당 원내대변인은 이날 논평을 통해 테니스 치고 사 대 강변에서 자전거 타던 이 전 대통령께서 낯 뜨거움 운운하며 입을 열었다며 이같이 비난했다,codec
data/processed/en_augmented/LA_T_8846765_aug.wav,en,bonafide,real,-,LA_0089,asvspoof2019la,,none
data/processed/ko_augmented/zeroth_108_003_1373_aug.wav,ko,bonafide,real,-,zeroth_108,zeroth_korean,이밖에도 올해 강남권 재건축 아파트 일 만 삼천 가구가 이주에 나설 예정이어서 연립 다세대주택으로 이주하는 세입자들은 더욱 늘어날 것으로 전망된다,codec
data/processed/ko_mlaad_augmented/northandsouth_41_f000020_aug.wav,ko,spoof,tts,Qwen3-TTS-12Hz-1.7B-Base,-,mlaad,,codec
data/processed/en_augmented/LA_T_4895817_aug.wav,en,spoof,tts,A04,LA_0081,asvspoof2019la,,rawboost
data/processed/ko_mlaad_augmented/silent_bullet_05_f000055_aug.wav,ko,spoof,tts,OmniVoice,-,mlaad,,rawboost
data/processed/en_augmented/LA_T_4356490_aug.wav,en,bonafide,real,-,LA_0080,asvspoof2019la,,rawboost
data/processed/ko_augmented/zeroth_157_003_0991_aug.wav,ko,bonafide,real,-,zeroth_157,zeroth_korean,한국과 중국의 연말 표정이 사뭇 다른 것 중의 하나가구세군 자선냄비다,codec
data/processed/ko_augmented/kss_08568_aug.wav,ko,bonafide,real,-,kss_speaker,kss,물이 얼어서 얼음으로 변했어요.,rawboost
data/processed/en_augmented/LA_T_6435392_aug.wav,en,bonafide,real,-,LA_0086,asvspoof2019la,,codec
data/processed/en_mlaad_augmented/wives_and_daughters_53_f000037_aug.wav,en,spoof,tts,ElevenLabs-Turbo-v2.5,-,mlaad,,none
data/processed/en_augmented/LA_T_2707835_aug.wav,en,bonafide,real,-,LA_0088,asvspoof2019la,,rawboost
data/processed/ko_augmented/zeroth_209_003_2347_aug.wav,ko,bonafide,real,-,zeroth_209,zeroth_korean,또 바른정당을 제외한 야 삼 당은 탄핵을 공동 추진키로 했다,rawboost+codec
data/processed/ko_augmented/kss_10654_aug.wav,ko,bonafide,real,-,kss_speaker,kss,오늘 아침은 꽤 시원하네요.,rawboost+codec
data/processed/en_mlaad_augmented/pink_fairy_book_17_f000027_aug.wav,en,spoof,tts,ElevenLabs-v3,-,mlaad,,rawboost+codec
data/processed/ko_mlaad_augmented/wives_and_daughters_17_f000219_aug.wav,ko,spoof,tts,tts_models_multilingual_multi-dataset_bark,-,mlaad,,codec
data/processed/en_mlaad_augmented/northandsouth_11_f000103_aug.wav,en,spoof,tts,kokoro,-,mlaad,,none
data/processed/ko_augmented/zeroth_120_003_1437_aug.wav,ko,bonafide,real,-,zeroth_120,zeroth_korean,이에 대해 한 건설사의 임원은 엘시티 더샵의 분양가는 솔직히 과하다며 현재 불안한 국내 부동산시장 상황을 볼 때 막바지 투기를 부추기는 것으로 보인다고 말했다,none
data/processed/ko_augmented/kss_09656_aug.wav,ko,bonafide,real,-,kss_speaker,kss,이것저것 샀어요.,rawboost
data/processed/ko_augmented/kss_00100_aug.wav,ko,bonafide,real,-,kss_speaker,kss,우리는 파티 준비를 위해 풍선을 불었다.,rawboost
data/processed/en_augmented/LA_T_4664739_aug.wav,en,bonafide,real,-,LA_0086,asvspoof2019la,,none
data/processed/ko_mlaad_augmented/piratesofersatz_02_leinster_64kb_f000155_aug.wav,ko,spoof,tts,Higgs-Audio-V2,-,mlaad,,none
data/processed/ko_augmented/zeroth_107_003_1669_aug.wav,ko,bonafide,real,-,zeroth_107,zeroth_korean,미래부 개편 스마트일자리 프로젝트로 사 차 산업혁명 준비 저성장 늪에 빠진 대한민국이 재도약하기 위해 사 차 산업혁명 물결 속에서 어떤 전략을 취해야 할까요,rawboost+codec
data/processed/ko_augmented/kss_04635_aug.wav,ko,bonafide,real,-,kss_speaker,kss,제가 제일 좋아하는 과목은 생물이에요.,codec
data/processed/en_augmented/LA_T_1450124_aug.wav,en,bonafide,real,-,LA_0081,asvspoof2019la,,rawboost
data/processed/ko_mlaad_augmented/poisoned_pen_09_f000243_aug.wav,ko,spoof,tts,Chatterbox Multilingual,-,mlaad,,none
data/processed/ko_augmented/zeroth_127_003_2527_aug.wav,ko,bonafide,real,-,zeroth_127,zeroth_korean,보도가 나가고 뉴스타파 와 앵커의 안위를 걱정하는 전화와 메시지가 쇄도하고 있다,rawboost+codec
data/processed/ko_mlaad_augmented/jane_eyre_14_f000201_aug.wav,ko,spoof,tts,Chatterbox Multilingual,-,mlaad,,codec
data/processed/en_mlaad_augmented/jane_eyre_24_f000248_aug.wav,en,spoof,tts,MOSS-TTS-8B,-,mlaad,,rawboost
data/processed/en_mlaad_augmented/midnight_passenger_08_f000270_aug.wav,en,spoof,tts,tts_models_multilingual_multi-dataset_xtts_v2,-,mlaad,,none
data/processed/en_mlaad_augmented/poisoned_pen_06_f000263_aug.wav,en,spoof,tts,tts_models_multilingual_multi-dataset_xtts_v2,-,mlaad,,none
data/processed/ko_augmented/zeroth_144_003_2174_aug.wav,ko,bonafide,real,-,zeroth_144,zeroth_korean,이 성서 기록은 사람에게 유익한 꿀의 특성 한 가지를 예시합니다,none
data/processed/en_mlaad_augmented/hunters_space_12_f000075_aug.wav,en,spoof,tts,kokoro,-,mlaad,,rawboost
data/processed/ko_mlaad_augmented/dorothy_and_wizard_oz_03_f000072_aug.wav,ko,spoof,tts,minimax_speech-02-turbo,-,mlaad,,none
data/processed/ko_mlaad_augmented/pink_fairy_book_36_f000103_aug.wav,ko,spoof,tts,tts_models_multilingual_multi-dataset_bark,-,mlaad,,none
data/processed/en_augmented/LA_T_9859327_aug.wav,en,bonafide,real,-,LA_0093,asvspoof2019la,,rawboost
data/processed/en_mlaad_augmented/poisoned_pen_08_f000287_aug.wav,en,spoof,tts,tts_models_multilingual_multi-dataset_xtts_v2,-,mlaad,,rawboost
data/processed/ko_mlaad_augmented/jane_eyre_18_f000167_aug.wav,ko,spoof,tts,OmniVoice,-,mlaad,,rawboost
data/processed/en_augmented/LA_T_9529079_aug.wav,en,bonafide,real,-,LA_0084,asvspoof2019la,,rawboost
data/processed/en_augmented/LA_T_5297168_aug.wav,en,bonafide,real,-,LA_0095,asvspoof2019la,,none
data/processed/en_mlaad_augmented/hunters_space_04_f000029_aug.wav,en,spoof,tts,GPT-SoVITS,-,mlaad,,rawboost
data/processed/ko_mlaad_augmented/wives_and_daughters_25_f000106_aug.wav,ko,spoof,tts,tts_models_multilingual_multi-dataset_bark,-,mlaad,,none
data/processed/ko_mlaad_augmented/wives_and_daughters_51_f000186_aug.wav,ko,spoof,tts,MOSS-TTS-1.7B,-,mlaad,,codec
data/processed/ko_augmented/zeroth_161_003_0901_aug.wav,ko,bonafide,real,-,zeroth_161,zeroth_korean,그런데 간 김에 우리 내외가 피검사 등 건강검진을 했다,rawboost+codec
data/processed/ko_mlaad_augmented/silent_bullet_02_f000069_aug.wav,ko,spoof,tts,Fish-S2-Pro,-,mlaad,,none
data/processed/en_mlaad_augmented/pink_fairy_book_12_f000003_aug.wav,en,spoof,tts,ElevenLabs-Turbo-v2.5,-,mlaad,,rawboost
data/processed/en_mlaad_augmented/wives_and_daughters_22_f000153_aug.wav,en,spoof,tts,Qwen3-TTS-12Hz-1.7B-Base,-,mlaad,,none
data/processed/en_augmented/LA_T_8140876_aug.wav,en,bonafide,real,-,LA_0081,asvspoof2019la,,codec
data/processed/ko_augmented/zeroth_179_003_0999_aug.wav,ko,bonafide,real,-,zeroth_179,zeroth_korean,그러면 연락을 받은 수취 은행에서 계좌 주인에게 전화를 걸어 돈을 돌려 달라고 요청한다,codec
data/processed/ko_mlaad_augmented/jane_eyre_34_f000277_aug.wav,ko,spoof,tts,Qwen3-TTS-12Hz-1.7B-Base,-,mlaad,,codec
data/processed/en_mlaad_augmented/wives_and_daughters_13_f000165_aug.wav,en,spoof,tts,tts_models_multilingual_multi-dataset_xtts_v2,-,mlaad,,rawboost+codec
data/processed/en_mlaad_augmented/wives_and_daughters_56_f000035_aug.wav,en,spoof,tts,minimax_speech-2.6-hd,-,mlaad,,none
data/processed/ko_mlaad_augmented/dorothy_and_wizard_oz_19_f000059_aug.wav,ko,spoof,tts,VoxCPM2,-,mlaad,,none
data/processed/en_augmented/LA_T_6150814_aug.wav,en,bonafide,real,-,LA_0092,asvspoof2019la,,none
data/processed/ko_augmented/kss_11246_aug.wav,ko,bonafide,real,-,kss_speaker,kss,바보 같은 놈아!,rawboost+codec
data/processed/en_mlaad_augmented/northandsouth_44_f000162_aug.wav,en,spoof,tts,Chatterbox-Turbo,-,mlaad,,none
data/processed/ko_augmented/zeroth_218_003_2371_aug.wav,ko,bonafide,real,-,zeroth_218,zeroth_korean,백 한 경비단장은 물론 부단장도 부임 일 년 뒤 총경에서 경무관으로 승진하는 게 관행이다,none
data/processed/ko_mlaad_augmented/the_master_key_10_f000104_aug.wav,ko,spoof,tts,VoxCPM2,-,mlaad,,rawboost
data/processed/ko_mlaad_augmented/emerald_city_of_oz_15_f000062_aug.wav,ko,spoof,tts,Higgs-Audio-V2,-,mlaad,,none
data/processed/ko_augmented/kss_03279_aug.wav,ko,bonafide,real,-,kss_speaker,kss,네가 집중하지 않기 때문에 설명을 이해하지 못하는 거야.,rawboost+codec
data/processed/en_augmented/LA_T_4130056_aug.wav,en,bonafide,real,-,LA_0095,asvspoof2019la,,rawboost+codec
data/processed/en_augmented/LA_T_8196808_aug.wav,en,bonafide,real,-,LA_0084,asvspoof2019la,,rawboost+codec
data/processed/en_augmented/LA_T_1763423_aug.wav,en,bonafide,real,-,LA_0097,asvspoof2019la,,none
data/processed/en_mlaad_augmented/poisoned_pen_11_f000142_aug.wav,en,spoof,tts,Chatterbox-Turbo,-,mlaad,,rawboost+codec
data/processed/en_mlaad_augmented/northandsouth_12_f000085_aug.wav,en,spoof,tts,GPT-SoVITS,-,mlaad,,codec
data/processed/ko_mlaad_augmented/skyisland_09_baum_64kb_f000012_aug.wav,ko,spoof,tts,MOSS-TTS-8B,-,mlaad,,rawboost
data/processed/ko_augmented/kss_11244_aug.wav,ko,bonafide,real,-,kss_speaker,kss,왜 나를 계속 놀리는 거예요?,rawboost
data/processed/ko_augmented/zeroth_158_003_2916_aug.wav,ko,bonafide,real,-,zeroth_158,zeroth_korean,또한 운전자 열 명 중 여섯 명은 사람들이 난폭하거나 무모하게 운전하는 것을 정기적으로 본다고 말했다,rawboost+codec
data/processed/ko_mlaad_augmented/hunters_space_04_f000026_aug.wav,ko,spoof,tts,MOSS-TTS-8B,-,mlaad,,none
data/processed/ko_augmented/zeroth_125_003_0754_aug.wav,ko,bonafide,real,-,zeroth_125,zeroth_korean,하지만 조계종 공식 여론조사에서의 압도적인 지지에도 불구하고 총무원장 직선제가 무산됐다,none
data/processed/ko_mlaad_augmented/dorothy_and_wizard_oz_18_f000040_aug.wav,ko,spoof,tts,minimax_speech-02-turbo,-,mlaad,,rawboost
data/processed/en_augmented/LA_T_3197072_aug.wav,en,bonafide,real,-,LA_0092,asvspoof2019la,,rawboost
data/processed/ko_mlaad_augmented/pink_fairy_book_40_f000094_aug.wav,ko,spoof,tts,Higgs-Audio-V2,-,mlaad,,rawboost+codec
data/processed/ko_mlaad_augmented/northandsouth_20_f000031_aug.wav,ko,spoof,tts,tts_models_multilingual_multi-dataset_bark,-,mlaad,,rawboost
data/processed/ko_augmented/zeroth_211_003_1716_aug.wav,ko,bonafide,real,-,zeroth_211,zeroth_korean,김종덕 전 장관을 임명하기 전인 이천 십 사 년 칠 월에는 후임 장관이 정해지지도 않은 상태에서 유진룡 당시 문체부 장관을 전격 면직 처리해 그 이유를 두고 무수한 뒷말을 낳았다,none
data/processed/ko_augmented/kss_08021_aug.wav,ko,bonafide,real,-,kss_speaker,kss,엄마는 아버지가 돌아가시자 충격으로 쓰러지셨어요.,rawboost+codec
data/processed/ko_augmented/zeroth_185_from_zeroth_135_003_1544_aug.wav,ko,spoof,vc,rvc_zeroth_185,zeroth_185,rvc_from_zeroth_135,대중들은 문혁이 재연될 경우 어렵게 일궈 온 개혁개방의 경제 성과는 순식간에 사라지고 가난만 남을 뿐이라는데 의견을 같이 합니다,rawboost
data/processed/ko_mlaad_augmented/piratesofersatz_03_leinster_64kb_f000134_aug.wav,ko,spoof,tts,tts_models_multilingual_multi-dataset_xtts_v2,-,mlaad,,rawboost
data/processed/en_mlaad_augmented/silent_bullet_13_f000024_aug.wav,en,spoof,tts,ElevenLabs-v2-Multilingual,-,mlaad,,rawboost+codec
data/processed/en_augmented/LA_T_2224597_aug.wav,en,bonafide,real,-,LA_0090,asvspoof2019la,,rawboost+codec
data/processed/en_mlaad_augmented/northandsouth_21_f000067_aug.wav,en,spoof,tts,ElevenLabs-v2-Multilingual,-,mlaad,,codec
data/processed/ko_mlaad_augmented/pink_fairy_book_13_f000049_aug.wav,ko,spoof,tts,Higgs-Audio-V2,-,mlaad,,rawboost
data/processed/ko_augmented/zeroth_210_003_1088_aug.wav,ko,bonafide,real,-,zeroth_210,zeroth_korean,십 일 한강 잠실 상수원 보호구역에서도 이와 비슷하게 잘린 소와 돼지 등 사체 이십 여 구가 발견됐다,codec
data/processed/ko_mlaad_augmented/jane_eyre_10_f000086_aug.wav,ko,spoof,tts,Fish-S2-Pro,-,mlaad,,rawboost
data/processed/ko_mlaad_augmented/the_master_key_05_f000058_aug.wav,ko,spoof,tts,VoxCPM2,-,mlaad,,rawboost+codec
data/processed/en_augmented/LA_T_4684802_aug.wav,en,bonafide,real,-,LA_0081,asvspoof2019la,,codec
data/processed/ko_mlaad_augmented/wives_and_daughters_14_f000172_aug.wav,ko,spoof,tts,Fish-S2-Pro,-,mlaad,,codec
data/processed/en_mlaad_augmented/wives_and_daughters_41_f000207_aug.wav,en,spoof,tts,Chatterbox,-,mlaad,,rawboost
data/processed/en_augmented/LA_T_1208112_aug.wav,en,bonafide,real,-,LA_0089,asvspoof2019la,,rawboost
data/processed/en_mlaad_augmented/silent_bullet_04_f000084_aug.wav,en,spoof,tts,GPT-SoVITS,-,mlaad,,rawboost
data/processed/ko_mlaad_augmented/hunters_space_08_f000072_aug.wav,ko,spoof,tts,MOSS-TTS-8B,-,mlaad,,rawboost
data/processed/ko_mlaad_augmented/emerald_city_of_oz_03_f000062_aug.wav,ko,spoof,tts,Qwen3-TTS-12Hz-1.7B-Base,-,mlaad,,codec
data/processed/ko_mlaad_augmented/the_sea_fairies_18_f000047_aug.wav,ko,spoof,tts,minimax_speech-02-turbo,-,mlaad,,rawboost
data/processed/ko_augmented/zeroth_111_003_1745_aug.wav,ko,bonafide,real,-,zeroth_111,zeroth_korean,하지만 삼 당이 합의해 개헌안을 발의해도 민주당이 흔쾌한 자세를 보이지 않아 대선 전 이뤄지기는 어려울 것이라고 전망했다,none
data/processed/en_augmented/LA_T_8665473_aug.wav,en,bonafide,real,-,LA_0080,asvspoof2019la,,rawboost
data/processed/en_mlaad_augmented/northandsouth_36_f000111_aug.wav,en,spoof,tts,Chatterbox,-,mlaad,,none
data/processed/en_mlaad_augmented/wives_and_daughters_37_f000140_aug.wav,en,spoof,tts,ElevenLabs-v3,-,mlaad,,rawboost
data/processed/en_augmented/LA_T_4486346_aug.wav,en,bonafide,real,-,LA_0083,asvspoof2019la,,rawboost
data/processed/ko_mlaad_augmented/piratesofersatz_04_leinster_64kb_f000007_aug.wav,ko,spoof,tts,MOSS-TTS-1.7B,-,mlaad,,none
data/processed/ko_mlaad_augmented/pink_fairy_book_34_f000067_aug.wav,ko,spoof,tts,MOSS-TTS-1.7B,-,mlaad,,rawboost
data/processed/ko_augmented/zeroth_197_003_0917_aug.wav,ko,bonafide,real,-,zeroth_197,zeroth_korean,앵커 공천 배제 대상으로 지목된 박지원 의원은 검찰에 공천권을 맡길 순 없다며 즉각 반발했습니다,rawboost
data/processed/ko_mlaad_augmented/pink_fairy_book_23_f000059_aug.wav,ko,spoof,tts,MOSS-TTS-1.7B,-,mlaad,,rawboost+codec
data/processed/en_mlaad_augmented/wives_and_daughters_57_f000159_aug.wav,en,spoof,tts,Chatterbox,-,mlaad,,rawboost+codec
data/processed/en_augmented/LA_T_9549153_aug.wav,en,bonafide,real,-,LA_0095,asvspoof2019la,,rawboost
data/processed/ko_augmented/zeroth_146_003_1012_aug.wav,ko,bonafide,real,-,zeroth_146,zeroth_korean,박원순 서울시장이 아들 주신 씨의 병역비리 의혹을 제기한 보수논객 변희재 미디어워치 대표 등의 허위사실 유포 행위를 중단해달라며 법원에 가처분 신청을 한 것으로 확인됐다,codec
data/processed/ko_augmented/zeroth_195_003_2495_aug.wav,ko,bonafide,real,-,zeroth_195,zeroth_korean,경찰은 소년의 시신은 이십 사 일 인근 수풀에서 발견됐으며 용의자들을 이십 사 이십 오 일에 걸쳐 모두 붙잡았다고 설명했다,none
data/processed/ko_mlaad_augmented/the_sea_fairies_17_f000012_aug.wav,ko,spoof,tts,OmniVoice,-,mlaad,,none
data/processed/en_mlaad_augmented/the_master_key_13_f000027_aug.wav,en,spoof,tts,Chatterbox-Turbo,-,mlaad,,codec
data/processed/en_augmented/LA_T_2118892_aug.wav,en,bonafide,real,-,LA_0088,asvspoof2019la,,none
data/processed/en_augmented/LA_T_9387015_aug.wav,en,bonafide,real,-,LA_0098,asvspoof2019la,,rawboost
data/processed/en_augmented/LA_T_3877061_aug.wav,en,bonafide,real,-,LA_0089,asvspoof2019la,,none
data/processed/en_augmented/LA_T_2139401_aug.wav,en,bonafide,real,-,LA_0086,asvspoof2019la,,rawboost
data/processed/ko_mlaad_augmented/northandsouth_15_f000246_aug.wav,ko,spoof,tts,tts_models_multilingual_multi-dataset_xtts_v2,-,mlaad,,none
data/processed/ko_mlaad_augmented/rinkitink_baum_14_64kb_f000044_aug.wav,ko,spoof,tts,VoxCPM2,-,mlaad,,rawboost+codec
data/processed/en_mlaad_augmented/midnight_passenger_12_f000213_aug.wav,en,spoof,tts,ElevenLabs-Turbo-v2.5,-,mlaad,,rawboost
data/processed/en_augmented/LA_T_8507928_aug.wav,en,bonafide,real,-,LA_0079,asvspoof2019la,,none
data/processed/en_mlaad_augmented/wives_and_daughters_45_f000065_aug.wav,en,spoof,tts,ElevenLabs-v2-Multilingual,-,mlaad,,codec
data/processed/en_augmented/LA_T_6025945_aug.wav,en,bonafide,real,-,LA_0095,asvspoof2019la,,none
data/processed/en_mlaad_augmented/piratesofersatz_02_leinster_64kb_f000046_aug.wav,en,spoof,tts,Qwen3-TTS-12Hz-1.7B-Base,-,mlaad,,none
data/processed/ko_mlaad_augmented/wives_and_daughters_21_f000223_aug.wav,ko,spoof,tts,Qwen3-TTS-12Hz-0.6B-Base,-,mlaad,,none
data/processed/en_augmented/LA_T_1475339_aug.wav,en,bonafide,real,-,LA_0097,asvspoof2019la,,codec
data/processed/en_augmented/LA_T_7774011_aug.wav,en,bonafide,real,-,LA_0087,asvspoof2019la,,rawboost
data/processed/ko_augmented/zeroth_151_003_1243_aug.wav,ko,bonafide,real,-,zeroth_151,zeroth_korean,트럭은 다섯 미터를 더 달려 박씨의 하반신을 으깨고 지나갔다,codec
data/processed/en_augmented/LA_T_1459453_aug.wav,en,bonafide,real,-,LA_0097,asvspoof2019la,,rawboost+codec
data/processed/en_augmented/LA_T_7915229_aug.wav,en,bonafide,real,-,LA_0089,asvspoof2019la,,codec
data/processed/ko_augmented/zeroth_125_003_0022_aug.wav,ko,bonafide,real,-,zeroth_125,zeroth_korean,송 군의 이번 논문은 출간을 준비 중인 논문인 셈이다,codec
data/processed/en_mlaad_augmented/northandsouth_10_f000124_aug.wav,en,spoof,tts,ElevenLabs-v3,-,mlaad,,rawboost
data/processed/en_augmented/LA_T_7302615_aug.wav,en,bonafide,real,-,LA_0096,asvspoof2019la,,rawboost
data/processed/en_augmented/LA_T_8585150_aug.wav,en,bonafide,real,-,LA_0098,asvspoof2019la,,rawboost
data/processed/en_mlaad_augmented/hunters_space_06_f000053_aug.wav,en,spoof,tts,Chatterbox,-,mlaad,,none
data/processed/ko_mlaad_augmented/silent_bullet_03_f000163_aug.wav,ko,spoof,tts,MOSS-TTS-8B,-,mlaad,,rawboost
data/processed/ko_augmented/zeroth_154_003_2612_aug.wav,ko,bonafide,real,-,zeroth_154,zeroth_korean,그는 성서 계시록에 기록된 매우 인상적인 환상을 받은 후에 경외심에 사로잡힌 나머지 환상을 보여 준 천사의 발 앞에 숭배하려고 엎드렸습니다,rawboost
data/processed/en_augmented/LA_T_7720305_aug.wav,en,bonafide,real,-,LA_0093,asvspoof2019la,,none
data/processed/ko_mlaad_augmented/ozma_of_oz_09_f000038_aug.wav,ko,spoof,tts,OmniVoice,-,mlaad,,codec
data/processed/en_augmented/LA_T_1608170_aug.wav,en,bonafide,real,-,LA_0079,asvspoof2019la,,rawboost
data/processed/en_augmented/LA_T_7856471_aug.wav,en,bonafide,real,-,LA_0080,asvspoof2019la,,none
data/processed/en_mlaad_augmented/wives_and_daughters_12_f000090_aug.wav,en,spoof,tts,MOSS-TTS-8B,-,mlaad,,none
data/processed/en_augmented/LA_T_4255653_aug.wav,en,bonafide,real,-,LA_0083,asvspoof2019la,,codec
data/processed/ko_augmented/zeroth_191_003_2563_aug.wav,ko,bonafide,real,-,zeroth_191,zeroth_korean,다른 사람과 비교할 때 얻을 수 있는 유익이 있습니까,rawboost
data/processed/ko_augmented/kss_03915_aug.wav,ko,bonafide,real,-,kss_speaker,kss,이곳에 출입하려면 사전 허가가 필요합니다.,none
data/processed/en_mlaad_augmented/midnight_passenger_11_f000185_aug.wav,en,spoof,tts,Chatterbox,-,mlaad,,none
data/processed/en_augmented/LA_T_4365113_aug.wav,en,bonafide,real,-,LA_0086,asvspoof2019la,,rawboost+codec
data/processed/ko_mlaad_augmented/rinkitink_baum_07_64kb_f000106_aug.wav,ko,spoof,tts,Fish-S2-Pro,-,mlaad,,rawboost+codec
data/processed/en_augmented/LA_T_8097695_aug.wav,en,bonafide,real,-,LA_0088,asvspoof2019la,,none
data/processed/ko_mlaad_augmented/ozma_of_oz_16_f000048_aug.wav,ko,spoof,tts,Chatterbox Multilingual,-,mlaad,,none
data/processed/en_augmented/LA_T_1793666_aug.wav,en,bonafide,real,-,LA_0083,asvspoof2019la,,none
data/processed/ko_mlaad_augmented/ozma_of_oz_04_f000018_aug.wav,ko,spoof,tts,MOSS-TTS-8B,-,mlaad,,rawboost
data/processed/en_mlaad_augmented/skyisland_15_baum_64kb_f000022_aug.wav,en,spoof,tts,Higgs-Audio-V2,-,mlaad,,rawboost+codec
data/processed/ko_augmented/zeroth_120_003_0253_aug.wav,ko,bonafide,real,-,zeroth_120,zeroth_korean,현재 백화점과 영화관 등은 오픈해 영업하고 있고 테마파크 및 아파트 등의 공사는 이천 십 팔 년 완공을 목표로 진행돼 왔다,rawboost+codec
data/processed/en_augmented/LA_T_1667973_aug.wav,en,bonafide,real,-,LA_0082,asvspoof2019la,,rawboost
data/processed/ko_mlaad_augmented/jane_eyre_27_f000066_aug.wav,ko,spoof,tts,Qwen3-TTS-12Hz-1.7B-Base,-,mlaad,,rawboost
data/processed/en_mlaad_augmented/wives_and_daughters_04_f000225_aug.wav,en,spoof,tts,kokoro,-,mlaad,,rawboost
data/processed/ko_mlaad_augmented/pink_fairy_book_06_f000060_aug.wav,ko,spoof,tts,MOSS-TTS-8B,-,mlaad,,none
data/processed/ko_mlaad_augmented/the_master_key_10_f000003_aug.wav,ko,spoof,tts,MOSS-TTS-1.7B,-,mlaad,,rawboost
data/processed/ko_augmented/zeroth_116_003_0815_aug.wav,ko,bonafide,real,-,zeroth_116,zeroth_korean,미리 준비한 거 자체가 문제는 아니잖아요 그렇죠 라고 동의를 구하듯 질문했습니다,rawboost
data/processed/ko_mlaad_augmented/wives_and_daughters_43_f000136_aug.wav,ko,spoof,tts,VoxCPM2,-,mlaad,,rawboost
data/processed/ko_mlaad_augmented/wives_and_daughters_41_f000005_aug.wav,ko,spoof,tts,tts_models_multilingual_multi-dataset_xtts_v2,-,mlaad,,rawboost
data/processed/en_augmented/LA_T_3026804_aug.wav,en,bonafide,real,-,LA_0082,asvspoof2019la,,rawboost
data/processed/en_augmented/LA_T_4296255_aug.wav,en,spoof,vc,A06,LA_0084,asvspoof2019la,,rawboost
data/processed/ko_mlaad_augmented/northandsouth_25_f000154_aug.wav,ko,spoof,tts,minimax_speech-02-turbo,-,mlaad,,none
data/processed/en_augmented/LA_T_1745993_aug.wav,en,bonafide,real,-,LA_0088,asvspoof2019la,,rawboost
data/processed/ko_mlaad_augmented/jane_eyre_23_f000062_aug.wav,ko,spoof,tts,Fish-S2-Pro,-,mlaad,,none
data/processed/ko_augmented/zeroth_185_from_kss_01488_aug.wav,ko,spoof,vc,rvc_zeroth_185,zeroth_185,rvc_from_kss_speaker,부모님 앞에서 노래를 한다는 건 민망한 일이에요.,none
data/processed/ko_mlaad_augmented/piratesofersatz_10_leinster_64kb_f000024_aug.wav,ko,spoof,tts,tts_models_multilingual_multi-dataset_xtts_v2,-,mlaad,,codec
data/processed/ko_augmented/zeroth_119_003_1966_aug.wav,ko,bonafide,real,-,zeroth_119,zeroth_korean,십대 청소년들의 낭만적인 관계가 대부분 애처로울 정도로 짧게 끝나 버리는 것도 놀라운 일이 아닙니다,codec
data/processed/ko_augmented/kss_08589_aug.wav,ko,bonafide,real,-,kss_speaker,kss,그 사람은 자기 개를 자식같이 여긴다.,none
data/processed/ko_augmented/zeroth_143_003_2228_aug.wav,ko,bonafide,real,-,zeroth_143,zeroth_korean,실제로 우두머리 수컷은 화가 나거나 흥분하면 코가 부풀어 오르면서 빨개집니다,rawboost
data/processed/en_augmented/LA_T_1377264_aug.wav,en,bonafide,real,-,LA_0093,asvspoof2019la,,rawboost+codec
data/processed/ko_mlaad_augmented/wives_and_daughters_59_f000084_aug.wav,ko,spoof,tts,tts_models_multilingual_multi-dataset_xtts_v2,-,mlaad,,rawboost
data/processed/en_mlaad_augmented/wives_and_daughters_54_f000122_aug.wav,en,spoof,tts,Qwen3-TTS-12Hz-1.7B-Base,-,mlaad,,none
data/processed/en_augmented/LA_T_1856855_aug.wav,en,bonafide,real,-,LA_0088,asvspoof2019la,,none
data/processed/en_mlaad_augmented/poisoned_pen_10_f000099_aug.wav,en,spoof,tts,ElevenLabs-v3,-,mlaad,,rawboost
data/processed/en_augmented/LA_T_8162915_aug.wav,en,bonafide,real,-,LA_0097,asvspoof2019la,,rawboost+codec
data/processed/ko_augmented/zeroth_204_003_0301_aug.wav,ko,bonafide,real,-,zeroth_204,zeroth_korean,가비 홀즈워스는 현지 매체 디 인포메이션과의 인터뷰에서 캘러닉이 회사 고위 임원 다섯 명과 이천 십 사 년 중반 출장 차 서울을 찾았을 때 에스코트 바에 갔다고 말했다,codec
data/processed/en_augmented/LA_T_3168689_aug.wav,en,bonafide,real,-,LA_0096,asvspoof2019la,,rawboost+codec
data/processed/ko_augmented/zeroth_155_003_1754_aug.wav,ko,bonafide,real,-,zeroth_155,zeroth_korean,일 년에 두 번 열리는 정기 전시회를 위해 산과 바다 도시 곳곳에 출사를 나갈 때면 여행이라도 떠나는 것처럼 즐거웠다,rawboost+codec
data/processed/ko_mlaad_augmented/silent_bullet_12_f000155_aug.wav,ko,spoof,tts,Qwen3-TTS-12Hz-1.7B-Base,-,mlaad,,rawboost+codec
data/processed/ko_mlaad_augmented/pink_fairy_book_30_f000048_aug.wav,ko,spoof,tts,Higgs-Audio-V2,-,mlaad,,none
data/processed/ko_mlaad_augmented/jane_eyre_33_f000165_aug.wav,ko,spoof,tts,OmniVoice,-,mlaad,,rawboost
data/processed/en_augmented/LA_T_4155454_aug.wav,en,bonafide,real,-,LA_0079,asvspoof2019la,,none
data/processed/ko_augmented/kss_01199_aug.wav,ko,bonafide,real,-,kss_speaker,kss,고향에 계신 부모님이 그립습니다.,rawboost+codec
data/processed/en_augmented/LA_T_3913974_aug.wav,en,bonafide,real,-,LA_0098,asvspoof2019la,,codec
data/processed/ko_augmented/zeroth_141_003_2471_aug.wav,ko,bonafide,real,-,zeroth_141,zeroth_korean,우리가 규제라고 생각하는 것이 아니라 교육 현장에서 규제라고 생각하는 것이 중요하다,none
data/processed/ko_augmented/zeroth_108_003_1038_aug.wav,ko,bonafide,real,-,zeroth_108,zeroth_korean,그러나 한 가지 제가 가져갈 수 없는 짐이 있다며 저에게 덧씌워진 호남홀대 호남차별이라는 오해는 부디 거두어 달라,codec
data/processed/ko_mlaad_augmented/poisoned_pen_09_f000350_aug.wav,ko,spoof,tts,MOSS-TTS-1.7B,-,mlaad,,none
data/processed/en_augmented/LA_T_8880327_aug.wav,en,bonafide,real,-,LA_0088,asvspoof2019la,,rawboost
data/processed/ko_augmented/zeroth_179_003_1398_aug.wav,ko,bonafide,real,-,zeroth_179,zeroth_korean,먼저 안내인의 마을로 가서 우리와 동행할 두 명의 피그미족 약초 채집꾼들인 제르멘과 발라레를 만납니다,none
data/processed/en_mlaad_augmented/midnight_passenger_06_f000254_aug.wav,en,spoof,tts,Qwen3-TTS-12Hz-1.7B-Base,-,mlaad,,none
data/processed/en_mlaad_augmented/piratesofersatz_07_leinster_64kb_f000089_aug.wav,en,spoof,tts,ElevenLabs-v2-Multilingual,-,mlaad,,rawboost
data/processed/ko_mlaad_augmented/northandsouth_37_f000084_aug.wav,ko,spoof,tts,Higgs-Audio-V2,-,mlaad,,none
data/processed/en_augmented/LA_T_6328130_aug.wav,en,bonafide,real,-,LA_0080,asvspoof2019la,,rawboost
data/processed/en_augmented/LA_T_7645220_aug.wav,en,bonafide,real,-,LA_0090,asvspoof2019la,,none
data/processed/en_mlaad_augmented/wives_and_daughters_23_f000013_aug.wav,en,spoof,tts,GPT-SoVITS,-,mlaad,,codec
data/processed/ko_mlaad_augmented/ozma_of_oz_14_f000061_aug.wav,ko,spoof,tts,OmniVoice,-,mlaad,,codec
data/processed/ko_augmented/zeroth_191_003_2034_aug.wav,ko,bonafide,real,-,zeroth_191,zeroth_korean,다음 질문들에 답한 다음 성구에 있는 빈칸을 채워 넣으십시오,rawboost+codec
data/processed/ko_mlaad_augmented/jane_eyre_38_f000038_aug.wav,ko,spoof,tts,minimax_speech-02-turbo,-,mlaad,,rawboost
data/processed/en_augmented/LA_T_3306464_aug.wav,en,bonafide,real,-,LA_0091,asvspoof2019la,,rawboost
data/processed/ko_augmented/zeroth_176_003_2083_aug.wav,ko,bonafide,real,-,zeroth_176,zeroth_korean,정부는 전국에 있는 사 대 강 보를 통해 확보된 물을 더 효율적으로 활용할 수 있도록 사 대 강 수자원 활용 개선 방안 용역도 시행 중이다,none
data/processed/ko_augmented/zeroth_123_003_2076_aug.wav,ko,bonafide,real,-,zeroth_123,zeroth_korean,그래서 채무증명서 이런 거 제출해서 휴학했었습니다 일 년,none
data/processed/ko_augmented/zeroth_135_003_2746_aug.wav,ko,bonafide,real,-,zeroth_135,zeroth_korean,최소한 집은 자녀에게 물려줘야 한다는 생각도 생활고를 겪는 노인들이 주택 자산을 팔지 못하는 이유다,rawboost
data/processed/ko_augmented/kss_10081_aug.wav,ko,bonafide,real,-,kss_speaker,kss,인터넷 덕분에 전 세계 사람들하고 이야기할 수 있게 되었어요.,rawboost
data/processed/ko_augmented/kss_04266_aug.wav,ko,bonafide,real,-,kss_speaker,kss,주량이 얼마나 되세요?,codec
data/processed/ko_augmented/kss_08255_aug.wav,ko,bonafide,real,-,kss_speaker,kss,올해 들어 등록금이 많이 올랐어요.,rawboost+codec
data/processed/en_augmented/LA_T_8916418_aug.wav,en,spoof,tts,A02,LA_0090,asvspoof2019la,,rawboost
data/processed/en_mlaad_augmented/ozma_of_oz_07_f000037_aug.wav,en,spoof,tts,Higgs-Audio-V2,-,mlaad,,rawboost+codec
data/processed/en_augmented/LA_T_1486451_aug.wav,en,bonafide,real,-,LA_0096,asvspoof2019la,,codec
data/processed/en_augmented/LA_T_7478918_aug.wav,en,bonafide,real,-,LA_0092,asvspoof2019la,,none
data/processed/en_mlaad_augmented/piratesofersatz_04_leinster_64kb_f000164_aug.wav,en,spoof,tts,kokoro,-,mlaad,,rawboost+codec
data/processed/ko_augmented/zeroth_119_003_0864_aug.wav,ko,bonafide,real,-,zeroth_119,zeroth_korean,일을 하지 않으니 혼자 보내는 시간이 많아졌고 그게 문제였죠,none
data/processed/ko_mlaad_augmented/northandsouth_06_f000078_aug.wav,ko,spoof,tts,MOSS-TTS-1.7B,-,mlaad,,codec
data/processed/en_augmented/LA_T_3465911_aug.wav,en,bonafide,real,-,LA_0095,asvspoof2019la,,rawboost
data/processed/ko_augmented/zeroth_116_003_2247_aug.wav,ko,bonafide,real,-,zeroth_116,zeroth_korean,사고 당시 청와대는 진도에서 여객선 조난신고가 왔냐며 배의 이름 도착 예정지 몇 톤 급인지에 정보를 요구했다,rawboost
data/processed/ko_augmented/zeroth_109_003_2610_aug.wav,ko,bonafide,real,-,zeroth_109,zeroth_korean,김씨는 노지 수박은 요즘이 한창 수확철이기 때문에 일기예보가 중요하다,rawboost+codec
data/processed/ko_mlaad_augmented/jane_eyre_34_f000352_aug.wav,ko,spoof,tts,MOSS-TTS-8B,-,mlaad,,rawboost
data/processed/ko_mlaad_augmented/poisoned_pen_05_f000232_aug.wav,ko,spoof,tts,minimax_speech-02-turbo,-,mlaad,,rawboost
data/processed/ko_augmented/zeroth_155_003_0142_aug.wav,ko,bonafide,real,-,zeroth_155,zeroth_korean,그리고 다시 경남기업의 신기수 회장의 도움을 받고 주변 지인들의 도움을 받아서 성북동으로 이사를 가지 않습니까,none
data/processed/en_augmented/LA_T_5640656_aug.wav,en,spoof,vc,A06,LA_0094,asvspoof2019la,,rawboost
data/processed/ko_augmented/zeroth_201_from_zeroth_211_003_2874_aug.wav,ko,spoof,vc,rvc_zeroth_201,zeroth_201,rvc_from_zeroth_211,그곳에서 여호와의 천사가 불타는 덤불 가운데서 모세에게 나타났습니다,rawboost+codec
data/processed/ko_mlaad_augmented/northandsouth_22_f000202_aug.wav,ko,spoof,tts,Chatterbox Multilingual,-,mlaad,,rawboost
data/processed/en_augmented/LA_T_8209686_aug.wav,en,bonafide,real,-,LA_0085,asvspoof2019la,,none
data/processed/ko_augmented/kss_01521_aug.wav,ko,bonafide,real,-,kss_speaker,kss,"말하기 부끄럽지만, 저는 엄마 생일이 언제인지 몰라요.",rawboost+codec
data/processed/ko_augmented/zeroth_169_003_1260_aug.wav,ko,bonafide,real,-,zeroth_169,zeroth_korean,여덟 명만 불러서 조사하고 말아서는 안되는 것 아닌가라고 말했다,none
data/processed/ko_augmented/zeroth_181_003_2575_aug.wav,ko,bonafide,real,-,zeroth_181,zeroth_korean,그리고 마드리드 지역의 광범위한 왕실 소유지는 결국 이 도시의 주요 공원들과 휴양지가 되었습니다,rawboost
data/processed/ko_mlaad_augmented/midnight_passenger_01_f000016_aug.wav,ko,spoof,tts,MOSS-TTS-1.7B,-,mlaad,,rawboost+codec
data/processed/en_mlaad_augmented/wives_and_daughters_32_f000214_aug.wav,en,spoof,tts,Chatterbox,-,mlaad,,rawboost
data/processed/ko_mlaad_augmented/silent_bullet_01_f000009_aug.wav,ko,spoof,tts,Qwen3-TTS-12Hz-0.6B-Base,-,mlaad,,rawboost+codec
data/processed/ko_mlaad_augmented/pink_fairy_book_14_f000119_aug.wav,ko,spoof,tts,Qwen3-TTS-12Hz-1.7B-Base,-,mlaad,,rawboost
data/processed/ko_augmented/kss_10268_aug.wav,ko,bonafide,real,-,kss_speaker,kss,질서를 지켜서 입장해 주시기 바랍니다.,rawboost
data/processed/en_mlaad_augmented/jane_eyre_28_f000198_aug.wav,en,spoof,tts,MOSS-TTS-8B,-,mlaad,,none
data/processed/ko_mlaad_augmented/skyisland_13_baum_64kb_f000068_aug.wav,ko,spoof,tts,Qwen3-TTS-12Hz-0.6B-Base,-,mlaad,,rawboost+codec
data/processed/ko_augmented/zeroth_148_003_0221_aug.wav,ko,bonafide,real,-,zeroth_148,zeroth_korean,하지만 전반적인 상승 추세가 이어지고 있어 육십 달러대를 회복하는 것은 시간문제라는 관측이 나온다,rawboost
data/processed/ko_mlaad_augmented/pink_fairy_book_15_f000035_aug.wav,ko,spoof,tts,OmniVoice,-,mlaad,,none
data/processed/ko_augmented/zeroth_203_003_2211_aug.wav,ko,bonafide,real,-,zeroth_203,zeroth_korean,성북구 정릉 이 동 일대를 다니는 마을버스의 첫 배차는 오후 한 시 삼십 분이었다,rawboost
data/processed/en_mlaad_augmented/poisoned_pen_06_f000337_aug.wav,en,spoof,tts,kokoro,-,mlaad,,none
data/processed/en_mlaad_augmented/pink_fairy_book_22_f000126_aug.wav,en,spoof,tts,Qwen3-TTS-12Hz-1.7B-Base,-,mlaad,,none
data/processed/ko_mlaad_augmented/pink_fairy_book_12_f000276_aug.wav,ko,spoof,tts,MOSS-TTS-8B,-,mlaad,,codec
data/processed/ko_mlaad_augmented/rinkitink_baum_09_64kb_f000006_aug.wav,ko,spoof,tts,tts_models_multilingual_multi-dataset_xtts_v2,-,mlaad,,rawboost
data/processed/ko_mlaad_augmented/jane_eyre_20_f000070_aug.wav,ko,spoof,tts,Fish-S2-Pro,-,mlaad,,rawboost
data/processed/en_mlaad_augmented/silent_bullet_12_f000308_aug.wav,en,spoof,tts,GPT-SoVITS,-,mlaad,,codec
data/processed/en_mlaad_augmented/piratesofersatz_10_leinster_64kb_f000107_aug.wav,en,spoof,tts,ElevenLabs-v3,-,mlaad,,none
data/processed/en_mlaad_augmented/poisoned_pen_12_f000315_aug.wav,en,spoof,tts,MOSS-TTS-8B,-,mlaad,,codec
data/processed/en_augmented/LA_T_3076054_aug.wav,en,bonafide,real,-,LA_0095,asvspoof2019la,,codec
data/processed/en_augmented/LA_T_5132134_aug.wav,en,bonafide,real,-,LA_0086,asvspoof2019la,,rawboost
data/processed/en_mlaad_augmented/northandsouth_03_f000039_aug.wav,en,spoof,tts,minimax_speech-2.6-hd,-,mlaad,,rawboost+codec
data/processed/en_mlaad_augmented/wives_and_daughters_11_f000203_aug.wav,en,spoof,tts,ElevenLabs-Turbo-v2.5,-,mlaad,,none
data/processed/ko_augmented/kss_03007_aug.wav,ko,bonafide,real,-,kss_speaker,kss,선생님이 널 보면 기뻐하실 거야.,rawboost
data/processed/ko_mlaad_augmented/rinkitink_baum_18_64kb_f000203_aug.wav,ko,spoof,tts,tts_models_multilingual_multi-dataset_bark,-,mlaad,,none
data/processed/ko_augmented/zeroth_217_003_1036_aug.wav,ko,bonafide,real,-,zeroth_217,zeroth_korean,심지어 운전 여건이 좋을 때에도 차량 한 대만 관련된 대형 단독 충돌 사고의 십 퍼센트는 피로와 관련이 있었다,none
data/processed/ko_mlaad_augmented/hunters_space_03_f000091_aug.wav,ko,spoof,tts,Qwen3-TTS-12Hz-1.7B-Base,-,mlaad,,none
data/processed/en_mlaad_augmented/emerald_city_of_oz_29_f000022_aug.wav,en,spoof,tts,ElevenLabs-v3,-,mlaad,,none
data/processed/ko_augmented/zeroth_174_003_0219_aug.wav,ko,bonafide,real,-,zeroth_174,zeroth_korean,서울중앙지검 형사 일 부는 우남찬가를 출품한 장모 씨를 자유경제원이 정보통신망법상 명예훼손 업무방해 사기 등의 혐의로 고소한 사건에 대해 각하처분을 내렸다고 육 일 밝혔다,codec
data/processed/ko_augmented/kss_09254_aug.wav,ko,bonafide,real,-,kss_speaker,kss,저희 은행에 계좌가 있으신가요?,codec
data/processed/ko_augmented/zeroth_169_003_2463_aug.wav,ko,bonafide,real,-,zeroth_169,zeroth_korean,작년 팔 월 연세대를 졸업한 박모씨는 부산의 한 공기업 인턴 직에 지원했지만 서류 전형에서 탈락했다,rawboost+codec
data/processed/ko_augmented/zeroth_109_003_1458_aug.wav,ko,bonafide,real,-,zeroth_109,zeroth_korean,부대는 결국 김 이병을 위해 따로 행정병 자리를 만들었다,rawboost
data/processed/en_mlaad_augmented/poisoned_pen_05_f000271_aug.wav,en,spoof,tts,ElevenLabs-Turbo-v2.5,-,mlaad,,none
data/processed/ko_mlaad_augmented/jane_eyre_05_f000137_aug.wav,ko,spoof,tts,tts_models_multilingual_multi-dataset_xtts_v2,-,mlaad,,codec
data/processed/ko_augmented/zeroth_218_003_1621_aug.wav,ko,bonafide,real,-,zeroth_218,zeroth_korean,그러나 비박계 유승민 의원은 침묵을 지키며 박 대통령의 퇴장을 바라만 봤다,codec
data/processed/en_mlaad_augmented/northandsouth_29_f000031_aug.wav,en,spoof,tts,ElevenLabs-v2-Multilingual,-,mlaad,,none
data/processed/ko_augmented/kss_01219_aug.wav,ko,bonafide,real,-,kss_speaker,kss,인생은 짧고 예술은 길다.,codec
data/processed/ko_mlaad_augmented/northandsouth_16_f000023_aug.wav,ko,spoof,tts,tts_models_multilingual_multi-dataset_xtts_v2,-,mlaad,,rawboost
data/processed/en_augmented/LA_T_1080623_aug.wav,en,bonafide,real,-,LA_0091,asvspoof2019la,,rawboost
data/processed/ko_augmented/zeroth_115_003_2812_aug.wav,ko,bonafide,real,-,zeroth_115,zeroth_korean,태양풍이란 태양에서 끊임없이 방출되는 에너지를 띤 미립자의 흐름을 말합니다,rawboost
data/processed/en_mlaad_augmented/jane_eyre_22_f000058_aug.wav,en,spoof,tts,Qwen3-TTS-12Hz-1.7B-Base,-,mlaad,,none
data/processed/en_augmented/LA_T_8119863_aug.wav,en,bonafide,real,-,LA_0086,asvspoof2019la,,rawboost
data/processed/en_mlaad_augmented/northandsouth_50_f000067_aug.wav,en,spoof,tts,ElevenLabs-v2-Multilingual,-,mlaad,,codec
data/processed/en_mlaad_augmented/northandsouth_51_f000078_aug.wav,en,spoof,tts,Higgs-Audio-V2,-,mlaad,,codec
data/processed/ko_mlaad_augmented/emerald_city_of_oz_27_f000024_aug.wav,ko,spoof,tts,Higgs-Audio-V2,-,mlaad,,codec
data/processed/ko_mlaad_augmented/dorothy_and_wizard_oz_06_f000005_aug.wav,ko,spoof,tts,Fish-S2-Pro,-,mlaad,,rawboost
data/processed/ko_augmented/kss_11627_aug.wav,ko,bonafide,real,-,kss_speaker,kss,문제가 생기면 알려 주세요.,codec
data/processed/en_augmented/LA_T_4460814_aug.wav,en,bonafide,real,-,LA_0084,asvspoof2019la,,rawboost+codec
data/processed/ko_mlaad_augmented/skyisland_30_baum_64kb_f000027_aug.wav,ko,spoof,tts,VoxCPM2,-,mlaad,,none
data/processed/ko_mlaad_augmented/jane_eyre_29_f000079_aug.wav,ko,spoof,tts,tts_models_multilingual_multi-dataset_bark,-,mlaad,,none
data/processed/en_augmented/LA_T_7797083_aug.wav,en,bonafide,real,-,LA_0092,asvspoof2019la,,none
data/processed/en_augmented/LA_T_3533946_aug.wav,en,bonafide,real,-,LA_0091,asvspoof2019la,,codec
data/processed/ko_mlaad_augmented/silent_bullet_13_f000304_aug.wav,ko,spoof,tts,Chatterbox Multilingual,-,mlaad,,rawboost+codec
data/processed/en_mlaad_augmented/wives_and_daughters_10_f000092_aug.wav,en,spoof,tts,GPT-SoVITS,-,mlaad,,codec
data/processed/en_mlaad_augmented/jane_eyre_32_f000044_aug.wav,en,spoof,tts,ElevenLabs-v3,-,mlaad,,codec
data/processed/en_mlaad_augmented/poisoned_pen_04_f000077_aug.wav,en,spoof,tts,kokoro,-,mlaad,,rawboost
data/processed/ko_mlaad_augmented/wives_and_daughters_04_f000196_aug.wav,ko,spoof,tts,Higgs-Audio-V2,-,mlaad,,rawboost
data/processed/en_mlaad_augmented/jane_eyre_03_f000135_aug.wav,en,spoof,tts,Higgs-Audio-V2,-,mlaad,,none
data/processed/en_mlaad_augmented/jane_eyre_10_f000032_aug.wav,en,spoof,tts,Chatterbox,-,mlaad,,none
data/processed/en_augmented/LA_T_5537857_aug.wav,en,spoof,tts,A03,LA_0083,asvspoof2019la,,none
data/processed/en_augmented/LA_T_8458654_aug.wav,en,bonafide,real,-,LA_0079,asvspoof2019la,,rawboost
data/processed/en_augmented/LA_T_1217514_aug.wav,en,bonafide,real,-,LA_0091,asvspoof2019la,,rawboost
data/processed/ko_mlaad_augmented/wives_and_daughters_08_f000252_aug.wav,ko,spoof,tts,OmniVoice,-,mlaad,,rawboost
data/processed/ko_augmented/kss_00378_aug.wav,ko,bonafide,real,-,kss_speaker,kss,그 일은 내 동생과 관련돼 있어.,rawboost+codec
data/processed/en_augmented/LA_T_5716018_aug.wav,en,bonafide,real,-,LA_0094,asvspoof2019la,,rawboost
data/processed/ko_augmented/zeroth_207_003_0635_aug.wav,ko,bonafide,real,-,zeroth_207,zeroth_korean,옥시 측이 검찰에 제시한 서울대 호서대 연구도 문제가 있는 것으로 밝혀졌다,none
data/processed/ko_augmented/zeroth_202_003_2122_aug.wav,ko,bonafide,real,-,zeroth_202,zeroth_korean,아그레망은 신임 대사를 파견할 때 상대국에 관례적으로 사전 동의를 받는 것을 말합니다,rawboost
data/processed/ko_mlaad_augmented/pink_fairy_book_12_f000160_aug.wav,ko,spoof,tts,Qwen3-TTS-12Hz-1.7B-Base,-,mlaad,,rawboost
data/processed/ko_augmented/kss_05143_aug.wav,ko,spoof,tts,mms-tts-kor,vits_default,kss_transcript,저는 일본에서 자랐지만 국적은 한국입니다.,codec
data/processed/en_augmented/LA_T_7608310_aug.wav,en,spoof,tts,A04,LA_0085,asvspoof2019la,,rawboost
data/processed/ko_augmented/kss_06203_aug.wav,ko,bonafide,real,-,kss_speaker,kss,여기서 일한 지 벌써 석 달이 넘었어요.,rawboost
data/processed/ko_mlaad_augmented/northandsouth_04_f000103_aug.wav,ko,spoof,tts,Chatterbox Multilingual,-,mlaad,,codec
data/processed/en_augmented/LA_T_8571358_aug.wav,en,bonafide,real,-,LA_0084,asvspoof2019la,,rawboost
data/processed/en_mlaad_augmented/wives_and_daughters_21_f000101_aug.wav,en,spoof,tts,Chatterbox-Turbo,-,mlaad,,rawboost
data/processed/ko_augmented/zeroth_205_003_1823_aug.wav,ko,bonafide,real,-,zeroth_205,zeroth_korean,한편 지난 십 이 일 일부 언론에 보도된 삼성전자 협력사 직원 메르스 일 차 양성판정은 사실이 아닌 것으로 확인됐다,none
data/processed/ko_augmented/zeroth_178_003_1729_aug.wav,ko,bonafide,real,-,zeroth_178,zeroth_korean,문제는 이 기 특조위에 선체 조사 권한이 넘어갈지 아니면 선조위에서 만든 보고서만 활용할지다,rawboost+codec
data/processed/en_augmented/LA_T_9022965_aug.wav,en,bonafide,real,-,LA_0085,asvspoof2019la,,none
data/processed/ko_augmented/zeroth_179_003_2189_aug.wav,ko,bonafide,real,-,zeroth_179,zeroth_korean,착신전환 금융사기는 바로 이 절차 때문에 등장했습니다,none
data/processed/ko_augmented/zeroth_184_003_2971_aug.wav,ko,bonafide,real,-,zeroth_184,zeroth_korean,오히려 그는 사람들이 이 문제에 대해 서로 다른 결정을 내릴 수 있다는 사실을 인정하였습니다,none
data/processed/en_mlaad_augmented/jane_eyre_34_f000375_aug.wav,en,spoof,tts,ElevenLabs-v3,-,mlaad,,rawboost
data/processed/en_mlaad_augmented/the_sea_fairies_07_f000124_aug.wav,en,spoof,tts,Chatterbox-Turbo,-,mlaad,,rawboost
data/processed/ko_augmented/zeroth_179_003_2460_aug.wav,ko,bonafide,real,-,zeroth_179,zeroth_korean,나라나 종교가 다른 사람도 죽으면 모두 같은 장소로 가는가,none
data/processed/en_augmented/LA_T_6767811_aug.wav,en,bonafide,real,-,LA_0092,asvspoof2019la,,rawboost
data/processed/ko_mlaad_augmented/jane_eyre_24_f000220_aug.wav,ko,spoof,tts,OmniVoice,-,mlaad,,rawboost
data/processed/en_augmented/LA_T_7629056_aug.wav,en,bonafide,real,-,LA_0098,asvspoof2019la,,codec
data/processed/ko_mlaad_augmented/wives_and_daughters_16_f000165_aug.wav,ko,spoof,tts,Qwen3-TTS-12Hz-0.6B-Base,-,mlaad,,rawboost+codec
data/processed/en_augmented/LA_T_4197596_aug.wav,en,bonafide,real,-,LA_0098,asvspoof2019la,,rawboost
data/processed/en_mlaad_augmented/piratesofersatz_09_leinster_64kb_f000131_aug.wav,en,spoof,tts,Qwen3-TTS-12Hz-1.7B-Base,-,mlaad,,rawboost
data/processed/ko_mlaad_augmented/piratesofersatz_07_leinster_64kb_f000179_aug.wav,ko,spoof,tts,tts_models_multilingual_multi-dataset_xtts_v2,-,mlaad,,rawboost
data/processed/ko_mlaad_augmented/pink_fairy_book_41_f000030_aug.wav,ko,spoof,tts,Fish-S2-Pro,-,mlaad,,rawboost
data/processed/en_mlaad_augmented/northandsouth_25_f000041_aug.wav,en,spoof,tts,ElevenLabs-v2-Multilingual,-,mlaad,,none
data/processed/ko_augmented/zeroth_190_003_1487_aug.wav,ko,bonafide,real,-,zeroth_190,zeroth_korean,우리는 숨을 헐떡이며 숲을 벗어나 바위층이 드러나 있는 곳에서 잠시 휴식을 취합니다,rawboost
data/processed/ko_augmented/kss_06129_aug.wav,ko,bonafide,real,-,kss_speaker,kss,밤에는 기온이 영하로 떨어지겠습니다.,rawboost+codec
data/processed/en_mlaad_augmented/poisoned_pen_07_f000068_aug.wav,en,spoof,tts,ElevenLabs-v2-Multilingual,-,mlaad,,codec
data/processed/en_mlaad_augmented/midnight_passenger_10_f000065_aug.wav,en,spoof,tts,Chatterbox-Turbo,-,mlaad,,rawboost
data/processed/ko_augmented/zeroth_128_003_0267_aug.wav,ko,bonafide,real,-,zeroth_128,zeroth_korean,도시의 크기가 커지고 있는 데다 콘크리트와 철재는 햇볕을 쉽게 흡수했다가 밤에 서서히 식는다는 것입니다,rawboost
data/processed/en_augmented/LA_T_6795804_aug.wav,en,bonafide,real,-,LA_0082,asvspoof2019la,,rawboost
data/processed/ko_augmented/kss_08897_aug.wav,ko,spoof,tts,mms-tts-kor,vits_default,kss_transcript,저는 그녀를 사랑합니다.,none
data/processed/en_augmented/LA_T_8925615_aug.wav,en,bonafide,real,-,LA_0096,asvspoof2019la,,none
data/processed/ko_mlaad_augmented/poisoned_pen_06_f000109_aug.wav,ko,spoof,tts,Qwen3-TTS-12Hz-1.7B-Base,-,mlaad,,rawboost+codec
data/processed/en_mlaad_augmented/jane_eyre_13_f000159_aug.wav,en,spoof,tts,kokoro,-,mlaad,,none
data/processed/ko_augmented/kss_06325_aug.wav,ko,bonafide,real,-,kss_speaker,kss,드디어 우리가 떠날 날이 왔다.,codec
data/processed/ko_augmented/zeroth_193_003_1934_aug.wav,ko,bonafide,real,-,zeroth_193,zeroth_korean,임씨가 죽으면서 내국인 사찰과 선거용 사찰은 없었다고 밝혔지만 오히려 그 의혹은 증폭되고 있는 것이다,codec
data/processed/ko_mlaad_augmented/jane_eyre_27_f000080_aug.wav,ko,spoof,tts,Higgs-Audio-V2,-,mlaad,,rawboost+codec
data/processed/ko_augmented/zeroth_144_003_0012_aug.wav,ko,bonafide,real,-,zeroth_144,zeroth_korean,이러한 노천탕에는 아침에 새들이 부르는 합창곡이나 부드럽게 흐르는 시냇물 소리가 들려올 때도 있습니다,codec
data/processed/en_mlaad_augmented/pink_fairy_book_12_f000193_aug.wav,en,spoof,tts,GPT-SoVITS,-,mlaad,,codec
data/processed/ko_augmented/zeroth_203_003_0731_aug.wav,ko,bonafide,real,-,zeroth_203,zeroth_korean,김수현 전북 전주 덕진동 수박을 고를 때 두드려보거나 꼭지 상태를 보고 구매를 했는데요,rawboost
data/processed/ko_augmented/zeroth_186_003_1762_aug.wav,ko,bonafide,real,-,zeroth_186,zeroth_korean,그런데 이걸 국민을 이게 비밀 공작으로 처리할 문제들이 아닌데요,none
data/processed/ko_augmented/kss_12393_aug.wav,ko,spoof,tts,mms-tts-kor,vits_default,kss_transcript,아이가 아무리 잘못을 했어도 때리는 것은 옳지 않습니다.,codec
data/processed/en_mlaad_augmented/the_sea_fairies_12_f000151_aug.wav,en,spoof,tts,MOSS-TTS-8B,-,mlaad,,rawboost
data/processed/ko_augmented/kss_00204_aug.wav,ko,bonafide,real,-,kss_speaker,kss,저희 집은 여기에서 엎어지면 코 닿을 데 있어요.,codec
data/processed/ko_mlaad_augmented/wives_and_daughters_35_f000146_aug.wav,ko,spoof,tts,OmniVoice,-,mlaad,,rawboost+codec
data/processed/en_augmented/LA_T_4456925_aug.wav,en,bonafide,real,-,LA_0086,asvspoof2019la,,none
data/processed/en_mlaad_augmented/wives_and_daughters_27_f000143_aug.wav,en,spoof,tts,minimax_speech-2.6-hd,-,mlaad,,none
data/processed/en_augmented/LA_T_9126862_aug.wav,en,bonafide,real,-,LA_0098,asvspoof2019la,,rawboost
data/processed/en_augmented/LA_T_6275615_aug.wav,en,bonafide,real,-,LA_0095,asvspoof2019la,,rawboost
data/processed/ko_augmented/zeroth_139_003_0034_aug.wav,ko,bonafide,real,-,zeroth_139,zeroth_korean,테러단이 파견됐으니 우리국민 위해 시도가 있는 것이다,none
data/processed/ko_augmented/zeroth_218_003_0631_aug.wav,ko,bonafide,real,-,zeroth_218,zeroth_korean,이 사건을 수사 중인 시흥경찰서 수사본부는 칠 일 오전 발견된 시신 손에서 지문을 채취 확인한 결과 중국 동포 한모씨로 확인됐다고 밝혔다,none
data/processed/ko_mlaad_augmented/the_sea_fairies_14_f000085_aug.wav,ko,spoof,tts,tts_models_multilingual_multi-dataset_bark,-,mlaad,,rawboost+codec
data/processed/ko_augmented/zeroth_125_003_1618_aug.wav,ko,bonafide,real,-,zeroth_125,zeroth_korean,이게 유족들을 격분시켜서 지금까지도 요양비 신청을 못 하게 만드는 이유가 된 겁니다,rawboost
data/processed/en_mlaad_augmented/piratesofersatz_07_leinster_64kb_f000246_aug.wav,en,spoof,tts,ElevenLabs-v2-Multilingual,-,mlaad,,none
data/processed/en_augmented/LA_T_8025784_aug.wav,en,bonafide,real,-,LA_0081,asvspoof2019la,,rawboost
data/processed/ko_mlaad_augmented/the_sea_fairies_12_f000070_aug.wav,ko,spoof,tts,Fish-S2-Pro,-,mlaad,,codec
data/processed/ko_augmented/zeroth_205_003_2026_aug.wav,ko,bonafide,real,-,zeroth_205,zeroth_korean,지 씨는 작년 시 월 십 팔 일 필리핀 중부 관광도시 앙헬레스 자택 근처에서 몸값을 노린 마약 단속 경찰관들에 의해 경찰청으로 끌려가 살해된 사실이 최근 드러났다,codec
data/processed/ko_mlaad_augmented/wives_and_daughters_19_f000050_aug.wav,ko,spoof,tts,VoxCPM2,-,mlaad,,none
data/processed/en_augmented/LA_T_7776792_aug.wav,en,bonafide,real,-,LA_0091,asvspoof2019la,,none
data/processed/en_mlaad_augmented/wives_and_daughters_06_f000230_aug.wav,en,spoof,tts,ElevenLabs-Turbo-v2.5,-,mlaad,,rawboost
data/processed/ko_augmented/zeroth_115_003_1351_aug.wav,ko,bonafide,real,-,zeroth_115,zeroth_korean,일베저장소를 운영하는 유비에이치는 최근 일베에 채용공고를 냈다,none
data/processed/en_augmented/LA_T_8107610_aug.wav,en,bonafide,real,-,LA_0095,asvspoof2019la,,rawboost
data/processed/en_mlaad_augmented/wives_and_daughters_21_f000208_aug.wav,en,spoof,tts,tts_models_multilingual_multi-dataset_xtts_v2,-,mlaad,,rawboost
data/processed/ko_mlaad_augmented/poisoned_pen_06_f000119_aug.wav,ko,spoof,tts,Higgs-Audio-V2,-,mlaad,,none
data/processed/en_mlaad_augmented/northandsouth_10_f000122_aug.wav,en,spoof,tts,GPT-SoVITS,-,mlaad,,rawboost+codec
data/processed/ko_mlaad_augmented/the_sea_fairies_03_f000053_aug.wav,ko,spoof,tts,MOSS-TTS-8B,-,mlaad,,rawboost
data/processed/en_mlaad_augmented/dorothy_and_wizard_oz_04_f000080_aug.wav,en,spoof,tts,ElevenLabs-v3,-,mlaad,,rawboost
data/processed/en_augmented/LA_T_6370865_aug.wav,en,bonafide,real,-,LA_0079,asvspoof2019la,,rawboost
data/processed/ko_mlaad_augmented/wives_and_daughters_18_f000248_aug.wav,ko,spoof,tts,tts_models_multilingual_multi-dataset_bark,-,mlaad,,codec
data/processed/en_augmented/LA_T_5029038_aug.wav,en,bonafide,real,-,LA_0089,asvspoof2019la,,none
data/processed/ko_augmented/zeroth_140_003_2767_aug.wav,ko,bonafide,real,-,zeroth_140,zeroth_korean,키루스는 기원전 육백 년경에 출생한 것으로 알려져 있다,codec
data/processed/ko_augmented/kss_07932_aug.wav,ko,spoof,tts,mms-tts-kor,vits_default,kss_transcript,침착하시고 지금 위치를 말씀해 주세요.,none
data/processed/ko_augmented/zeroth_181_003_1959_aug.wav,ko,bonafide,real,-,zeroth_181,zeroth_korean,이들은 현대차그룹의 옛 한전부지 개발과 관련 시가 이해당사자인 강남구나 구민들과 사전협의없이 지구단위계획구역을 확대 추진하고 있다며 비판했다,none
data/processed/ko_mlaad_augmented/wives_and_daughters_13_f000069_aug.wav,ko,spoof,tts,MOSS-TTS-1.7B,-,mlaad,,rawboost
data/processed/ko_augmented/zeroth_136_003_0644_aug.wav,ko,bonafide,real,-,zeroth_136,zeroth_korean,그리고 천 오백 삼십 육 년에는 쇤베르크 추기경이 코페르니쿠스에게 그의 견해를 온전히 기술한 책을 출판하도록 촉구하는 글을 보냈습니다,rawboost
data/processed/en_mlaad_augmented/jane_eyre_31_f000046_aug.wav,en,spoof,tts,kokoro,-,mlaad,,rawboost+codec
data/processed/en_augmented/LA_T_1126222_aug.wav,en,bonafide,real,-,LA_0083,asvspoof2019la,,none
data/processed/ko_augmented/zeroth_135_003_2952_aug.wav,ko,bonafide,real,-,zeroth_135,zeroth_korean,그런 데서 여든 일곱 명의 장병들은 기성세대들에게 천만의 말씀이라며 신세대에 대한 편견을 기분좋게 깨놓았다,rawboost
data/processed/ko_mlaad_augmented/wives_and_daughters_08_f000252_aug.wav,ko,spoof,tts,Fish-S2-Pro,-,mlaad,,none
data/processed/ko_mlaad_augmented/emerald_city_of_oz_02_f000053_aug.wav,ko,spoof,tts,tts_models_multilingual_multi-dataset_xtts_v2,-,mlaad,,rawboost
data/processed/en_mlaad_augmented/ozma_of_oz_02_f000094_aug.wav,en,spoof,tts,GPT-SoVITS,-,mlaad,,rawboost
data/processed/en_mlaad_augmented/jane_eyre_15_f000180_aug.wav,en,spoof,tts,ElevenLabs-v3,-,mlaad,,none
data/processed/en_mlaad_augmented/hunters_space_04_f000039_aug.wav,en,spoof,tts,ElevenLabs-v2-Multilingual,-,mlaad,,none
data/processed/en_augmented/LA_T_4769298_aug.wav,en,bonafide,real,-,LA_0082,asvspoof2019la,,none
data/processed/en_augmented/LA_T_6129228_aug.wav,en,bonafide,real,-,LA_0092,asvspoof2019la,,rawboost
data/processed/en_mlaad_augmented/poisoned_pen_10_f000172_aug.wav,en,spoof,tts,ElevenLabs-v2-Multilingual,-,mlaad,,none
data/processed/en_augmented/LA_T_8953087_aug.wav,en,bonafide,real,-,LA_0093,asvspoof2019la,,none
data/processed/ko_mlaad_augmented/midnight_passenger_08_f000257_aug.wav,ko,spoof,tts,Fish-S2-Pro,-,mlaad,,codec
data/processed/en_augmented/LA_T_4976230_aug.wav,en,bonafide,real,-,LA_0092,asvspoof2019la,,codec
data/processed/ko_augmented/zeroth_196_003_1552_aug.wav,ko,bonafide,real,-,zeroth_196,zeroth_korean,대만은 또 항모킬러라는 두오장급 스텔스 코르벳함을 실전배치했다,none
data/processed/en_augmented/LA_T_6240107_aug.wav,en,bonafide,real,-,LA_0093,asvspoof2019la,,rawboost
data/processed/en_mlaad_augmented/emerald_city_of_oz_30_f000008_aug.wav,en,spoof,tts,ElevenLabs-v2-Multilingual,-,mlaad,,rawboost+codec
data/processed/ko_mlaad_augmented/ozma_of_oz_19_f000007_aug.wav,ko,spoof,tts,Fish-S2-Pro,-,mlaad,,rawboost
data/processed/ko_mlaad_augmented/pink_fairy_book_26_f000051_aug.wav,ko,spoof,tts,MOSS-TTS-8B,-,mlaad,,none
data/processed/en_mlaad_augmented/northandsouth_06_f000088_aug.wav,en,spoof,tts,ElevenLabs-v2-Multilingual,-,mlaad,,codec
data/processed/ko_augmented/zeroth_194_003_0514_aug.wav,ko,bonafide,real,-,zeroth_194,zeroth_korean,북한에선 남녀 모두에게 책임을 묻고 피해자인 여성은 사회적으로 매장된다는 것이 탈북 여성들의 공통된 증언이다,none
data/processed/ko_augmented/zeroth_163_003_1763_aug.wav,ko,bonafide,real,-,zeroth_163,zeroth_korean,언제 이 뚜껑이 들끓어서 열릴까하는 게 시간문제였거든요,rawboost+codec
data/processed/en_augmented/LA_T_6720241_aug.wav,en,bonafide,real,-,LA_0090,asvspoof2019la,,none
data/processed/ko_augmented/zeroth_210_003_1978_aug.wav,ko,bonafide,real,-,zeroth_210,zeroth_korean,이처럼 손 전 고문에게 야권 인사들의 발길이 이어지는 것은 그가 야권에서 가진 현실적 영향력 때문이다,rawboost
data/processed/ko_augmented/zeroth_143_003_1662_aug.wav,ko,bonafide,real,-,zeroth_143,zeroth_korean,그러나 현지 과학자들은 보다 작은 크기의 동식물의 경우 방사능에 의한 직접적 피해가 확인됐으며 지렁이나 전나무의 경우엔 유전자 손상 및 돌연변이 또한 관찰됐다고 전했다,rawboost
data/processed/ko_mlaad_augmented/ozma_of_oz_09_f000090_aug.wav,ko,spoof,tts,OmniVoice,-,mlaad,,rawboost
data/processed/ko_mlaad_augmented/ozma_of_oz_02_f000047_aug.wav,ko,spoof,tts,Higgs-Audio-V2,-,mlaad,,none
data/processed/en_mlaad_augmented/wives_and_daughters_49_f000005_aug.wav,en,spoof,tts,minimax_speech-2.6-hd,-,mlaad,,rawboost+codec
data/processed/ko_augmented/kss_03236_aug.wav,ko,bonafide,real,-,kss_speaker,kss,진실은 드러나게 되어 있다.,rawboost+codec
data/processed/en_mlaad_augmented/northandsouth_15_f000038_aug.wav,en,spoof,tts,ElevenLabs-v3,-,mlaad,,rawboost
data/processed/ko_mlaad_augmented/jane_eyre_04_f000249_aug.wav,ko,spoof,tts,Qwen3-TTS-12Hz-0.6B-Base,-,mlaad,,rawboost
data/processed/ko_augmented/zeroth_181_003_2526_aug.wav,ko,bonafide,real,-,zeroth_181,zeroth_korean,하루도 병원을 떠나지 못한 어머니는 아름다운 캠퍼스를 걷는 딸의 모습을 꿈꾸고 있다,rawboost+codec
data/processed/en_augmented/LA_T_4360430_aug.wav,en,bonafide,real,-,LA_0096,asvspoof2019la,,rawboost
data/processed/en_mlaad_augmented/rinkitink_baum_09_64kb_f000018_aug.wav,en,spoof,tts,kokoro,-,mlaad,,rawboost+codec
data/processed/ko_augmented/zeroth_124_003_1556_aug.wav,ko,bonafide,real,-,zeroth_124,zeroth_korean,천 구백 사십 칠 년 오 월부터 지금까지 관람차는 계속 회전하면서 즐거워하는 손님들을 천천히 올려 주기도 하고 내려 주기도 합니다,rawboost
data/processed/ko_augmented/kss_08267_aug.wav,ko,bonafide,real,-,kss_speaker,kss,우리 팀에 들어올래요?,rawboost+codec
data/processed/en_augmented/LA_T_9396899_aug.wav,en,bonafide,real,-,LA_0081,asvspoof2019la,,rawboost
data/processed/ko_augmented/zeroth_174_003_2413_aug.wav,ko,bonafide,real,-,zeroth_174,zeroth_korean,이십 팔 일 산부인과 교수들을 만나 난소암을 극복할 수 있는 방법에 대해 물었습니다,none
data/processed/en_mlaad_augmented/poisoned_pen_09_f000254_aug.wav,en,spoof,tts,Qwen3-TTS-12Hz-1.7B-Base,-,mlaad,,rawboost
data/processed/ko_mlaad_augmented/jane_eyre_22_f000018_aug.wav,ko,spoof,tts,tts_models_multilingual_multi-dataset_bark,-,mlaad,,none
data/processed/ko_mlaad_augmented/wives_and_daughters_48_f000043_aug.wav,ko,spoof,tts,tts_models_multilingual_multi-dataset_xtts_v2,-,mlaad,,rawboost+codec
data/processed/en_augmented/LA_T_1784012_aug.wav,en,bonafide,real,-,LA_0092,asvspoof2019la,,none
data/processed/ko_augmented/kss_11475_aug.wav,ko,bonafide,real,-,kss_speaker,kss,남은 거 포장해 주시겠어요?,rawboost+codec
data/processed/en_augmented/LA_T_4594945_aug.wav,en,bonafide,real,-,LA_0098,asvspoof2019la,,rawboost
data/processed/en_augmented/LA_T_9959600_aug.wav,en,bonafide,real,-,LA_0095,asvspoof2019la,,none
data/processed/en_augmented/LA_T_9622854_aug.wav,en,bonafide,real,-,LA_0091,asvspoof2019la,,none
data/processed/ko_mlaad_augmented/skyisland_07_baum_64kb_f000047_aug.wav,ko,spoof,tts,tts_models_multilingual_multi-dataset_xtts_v2,-,mlaad,,none
data/processed/ko_mlaad_augmented/northandsouth_28_f000237_aug.wav,ko,spoof,tts,Qwen3-TTS-12Hz-0.6B-Base,-,mlaad,,rawboost+codec
data/processed/en_mlaad_augmented/pink_fairy_book_34_f000049_aug.wav,en,spoof,tts,tts_models_multilingual_multi-dataset_xtts_v2,-,mlaad,,codec
data/processed/ko_mlaad_augmented/hunters_space_02_f000005_aug.wav,ko,spoof,tts,minimax_speech-02-turbo,-,mlaad,,codec
data/processed/ko_augmented/zeroth_174_003_1542_aug.wav,ko,bonafide,real,-,zeroth_174,zeroth_korean,성완종 리스트를 수사하는 검찰 특별수사팀과 일 억원 수수 의혹 당사자인 홍준표 경남지사의 경선 자금을 둘러싼 설전이 이어지고 있다,none
data/processed/en_augmented/LA_T_7698485_aug.wav,en,bonafide,real,-,LA_0092,asvspoof2019la,,none
data/processed/ko_mlaad_augmented/wives_and_daughters_29_f000188_aug.wav,ko,spoof,tts,tts_models_multilingual_multi-dataset_bark,-,mlaad,,none
data/processed/en_augmented/LA_T_6396662_aug.wav,en,bonafide,real,-,LA_0097,asvspoof2019la,,none
data/processed/en_augmented/LA_T_3576775_aug.wav,en,bonafide,real,-,LA_0079,asvspoof2019la,,rawboost
data/processed/en_mlaad_augmented/the_sea_fairies_06_f000114_aug.wav,en,spoof,tts,Qwen3-TTS-12Hz-1.7B-Base,-,mlaad,,none
data/processed/ko_augmented/zeroth_206_003_2501_aug.wav,ko,bonafide,real,-,zeroth_206,zeroth_korean,만약의 돌발 사태를 우려한 경찰과 청와대 측이 초긴장상태에 돌입했다,rawboost
data/processed/ko_augmented/zeroth_195_003_1805_aug.wav,ko,bonafide,real,-,zeroth_195,zeroth_korean,인터뷰 우선 대형마트나 백화점 이런 데서는 다 보상을 해 주겠다는 입장입니다,rawboost
data/processed/ko_augmented/kss_09436_aug.wav,ko,bonafide,real,-,kss_speaker,kss,"한식으로 할까, 아니면 일식으로 할까?",none
data/processed/en_mlaad_augmented/wives_and_daughters_12_f000157_aug.wav,en,spoof,tts,ElevenLabs-Turbo-v2.5,-,mlaad,,rawboost
data/processed/ko_mlaad_augmented/wives_and_daughters_22_f000189_aug.wav,ko,spoof,tts,MOSS-TTS-8B,-,mlaad,,rawboost+codec
data/processed/en_augmented/LA_T_2435826_aug.wav,en,bonafide,real,-,LA_0085,asvspoof2019la,,rawboost+codec
data/processed/en_mlaad_augmented/wives_and_daughters_29_f000051_aug.wav,en,spoof,tts,Higgs-Audio-V2,-,mlaad,,none
data/processed/ko_mlaad_augmented/wives_and_daughters_35_f000230_aug.wav,ko,spoof,tts,MOSS-TTS-1.7B,-,mlaad,,none
data/processed/en_augmented/LA_T_8353042_aug.wav,en,bonafide,real,-,LA_0092,asvspoof2019la,,none
data/processed/en_augmented/LA_T_3643756_aug.wav,en,spoof,vc,A06,LA_0086,asvspoof2019la,,none
data/processed/en_augmented/LA_T_6334483_aug.wav,en,bonafide,real,-,LA_0092,asvspoof2019la,,rawboost
data/processed/ko_mlaad_augmented/jane_eyre_24_f000267_aug.wav,ko,spoof,tts,OmniVoice,-,mlaad,,rawboost+codec
data/processed/ko_mlaad_augmented/jane_eyre_03_f000181_aug.wav,ko,spoof,tts,Fish-S2-Pro,-,mlaad,,none
data/processed/en_mlaad_augmented/rinkitink_baum_03_64kb_f000074_aug.wav,en,spoof,tts,tts_models_multilingual_multi-dataset_xtts_v2,-,mlaad,,none
data/processed/en_mlaad_augmented/the_sea_fairies_06_f000076_aug.wav,en,spoof,tts,tts_models_multilingual_multi-dataset_xtts_v2,-,mlaad,,rawboost
data/processed/en_mlaad_augmented/poisoned_pen_10_f000241_aug.wav,en,spoof,tts,Chatterbox,-,mlaad,,none
data/processed/en_mlaad_augmented/rinkitink_baum_23_64kb_f000039_aug.wav,en,spoof,tts,kokoro,-,mlaad,,none
data/processed/en_mlaad_augmented/northandsouth_39_f000080_aug.wav,en,spoof,tts,kokoro,-,mlaad,,none
data/processed/en_mlaad_augmented/northandsouth_41_f000151_aug.wav,en,spoof,tts,GPT-SoVITS,-,mlaad,,none
data/processed/ko_augmented/zeroth_136_003_0137_aug.wav,ko,bonafide,real,-,zeroth_136,zeroth_korean,한 중견법조인은 성추행을 한 대학교수를 구속하면 그게 반 대학정서를 확산시키는 것이냐 고 반문하면서 사안을 있는 그대로 보면 된다,none
data/processed/en_augmented/LA_T_5462809_aug.wav,en,bonafide,real,-,LA_0086,asvspoof2019la,,none
data/processed/en_mlaad_augmented/the_sea_fairies_11_f000046_aug.wav,en,spoof,tts,Higgs-Audio-V2,-,mlaad,,none
data/processed/ko_mlaad_augmented/wives_and_daughters_50_f000105_aug.wav,ko,spoof,tts,Higgs-Audio-V2,-,mlaad,,rawboost
data/processed/ko_mlaad_augmented/poisoned_pen_03_f000343_aug.wav,ko,spoof,tts,minimax_speech-02-turbo,-,mlaad,,rawboost+codec
data/processed/ko_augmented/zeroth_166_003_0870_aug.wav,ko,bonafide,real,-,zeroth_166,zeroth_korean,군인들이 죽어갈 수 있는 건 내 조국이 정의로운 조국이니까 가능하다고 그랬어,none
data/processed/en_augmented/LA_T_2450169_aug.wav,en,bonafide,real,-,LA_0084,asvspoof2019la,,rawboost
data/processed/ko_augmented/zeroth_131_003_0709_aug.wav,ko,bonafide,real,-,zeroth_131,zeroth_korean,이어 지금은 딸이 잘 자라준다는 사실에 신께 감사하고 있다 면서 엄마의 자리가 느껴지지 않도록 딸을 행복하게 키울 것 이라고 덧붙였다,rawboost
data/processed/en_augmented/LA_T_7478780_aug.wav,en,bonafide,real,-,LA_0085,asvspoof2019la,,none
data/processed/en_augmented/LA_T_9654665_aug.wav,en,bonafide,real,-,LA_0096,asvspoof2019la,,none
data/processed/en_augmented/LA_T_9635654_aug.wav,en,bonafide,real,-,LA_0096,asvspoof2019la,,rawboost
data/processed/ko_augmented/zeroth_151_003_2634_aug.wav,ko,bonafide,real,-,zeroth_151,zeroth_korean,특히 이번 총선에서 국민의당이 전체 스물 여덟 개 의석 중 스물 세 개를 휩쓸었던 호남에서 지지율 하락세가 뚜렷했다,none
data/processed/ko_mlaad_augmented/pink_fairy_book_36_f000159_aug.wav,ko,spoof,tts,MOSS-TTS-1.7B,-,mlaad,,none
data/processed/en_augmented/LA_T_5383824_aug.wav,en,bonafide,real,-,LA_0083,asvspoof2019la,,rawboost
data/processed/en_mlaad_augmented/piratesofersatz_06_leinster_64kb_f000012_aug.wav,en,spoof,tts,ElevenLabs-Turbo-v2.5,-,mlaad,,codec
data/processed/ko_augmented/kss_02295_aug.wav,ko,bonafide,real,-,kss_speaker,kss,이번 주말에 가족들과 아버지 산소에 갈 생각입니다.,rawboost
data/processed/en_mlaad_augmented/ozma_of_oz_10_f000053_aug.wav,en,spoof,tts,Higgs-Audio-V2,-,mlaad,,rawboost
data/processed/en_mlaad_augmented/dorothy_and_wizard_oz_15_f000055_aug.wav,en,spoof,tts,tts_models_multilingual_multi-dataset_xtts_v2,-,mlaad,,none
data/processed/ko_augmented/zeroth_111_003_0563_aug.wav,ko,bonafide,real,-,zeroth_111,zeroth_korean,대법원은 패터슨 진술의 신빙성이 의심스러워 리가 단독 범행을 했다고 단정하기 어렵다고 했다,rawboost+codec
data/processed/en_augmented/LA_T_4254409_aug.wav,en,bonafide,real,-,LA_0090,asvspoof2019la,,rawboost
data/processed/ko_augmented/zeroth_139_003_2405_aug.wav,ko,bonafide,real,-,zeroth_139,zeroth_korean,하지만 병원 문 닫으면 이 환자들이 갈 곳이 없지 않느냐고 되물었다,none
data/processed/ko_mlaad_augmented/hunters_space_02_f000101_aug.wav,ko,spoof,tts,Fish-S2-Pro,-,mlaad,,rawboost
data/processed/en_mlaad_augmented/silent_bullet_12_f000110_aug.wav,en,spoof,tts,GPT-SoVITS,-,mlaad,,rawboost
data/processed/ko_mlaad_augmented/skyisland_21_baum_64kb_f000055_aug.wav,ko,spoof,tts,Fish-S2-Pro,-,mlaad,,rawboost
data/processed/ko_augmented/kss_03823_aug.wav,ko,bonafide,real,-,kss_speaker,kss,100퍼센트 장담합니다.,none
data/processed/ko_augmented/zeroth_213_003_1699_aug.wav,ko,bonafide,real,-,zeroth_213,zeroth_korean,그 여파로 이천 팔 년에 삼십 이 만가구 이천 구 년에는 이십 팔 만가구의 입주물량이 쏟아졌다,rawboost
data/processed/ko_mlaad_augmented/northandsouth_15_f000158_aug.wav,ko,spoof,tts,Chatterbox Multilingual,-,mlaad,,rawboost
data/processed/ko_augmented/kss_03756_aug.wav,ko,bonafide,real,-,kss_speaker,kss,고집 부리지 마라.,none
data/processed/en_mlaad_augmented/poisoned_pen_10_f000230_aug.wav,en,spoof,tts,kokoro,-,mlaad,,rawboost
data/processed/en_augmented/LA_T_5954195_aug.wav,en,bonafide,real,-,LA_0079,asvspoof2019la,,none
data/processed/ko_augmented/zeroth_188_003_0263_aug.wav,ko,bonafide,real,-,zeroth_188,zeroth_korean,김대중 대통령이 살아계신다면 이 상황을 어떻게 정리하실까 탈당이 과연 최선이라고 하실까 탈당하라고 하실까,none
data/processed/en_mlaad_augmented/rinkitink_baum_18_64kb_f000169_aug.wav,en,spoof,tts,Chatterbox,-,mlaad,,rawboost
data/processed/ko_augmented/kss_07415_aug.wav,ko,bonafide,real,-,kss_speaker,kss,모래 위에 발자국이 나 있었다.,none
data/processed/ko_mlaad_augmented/wives_and_daughters_42_f000183_aug.wav,ko,spoof,tts,Chatterbox Multilingual,-,mlaad,,rawboost+codec
data/processed/en_mlaad_augmented/piratesofersatz_07_leinster_64kb_f000036_aug.wav,en,spoof,tts,tts_models_multilingual_multi-dataset_xtts_v2,-,mlaad,,none
data/processed/en_augmented/LA_T_5118997_aug.wav,en,bonafide,real,-,LA_0088,asvspoof2019la,,rawboost
data/processed/en_augmented/LA_T_5891775_aug.wav,en,bonafide,real,-,LA_0080,asvspoof2019la,,codec
data/processed/en_augmented/LA_T_2193944_aug.wav,en,bonafide,real,-,LA_0083,asvspoof2019la,,none
data/processed/ko_mlaad_augmented/wives_and_daughters_26_f000121_aug.wav,ko,spoof,tts,Qwen3-TTS-12Hz-0.6B-Base,-,mlaad,,rawboost
data/processed/ko_mlaad_augmented/jane_eyre_32_f000107_aug.wav,ko,spoof,tts,MOSS-TTS-1.7B,-,mlaad,,rawboost
data/processed/ko_augmented/kss_08919_aug.wav,ko,bonafide,real,-,kss_speaker,kss,택시를 타세요. 그러면 제가 마중 갈게요.,none
data/processed/ko_mlaad_augmented/wives_and_daughters_23_f000028_aug.wav,ko,spoof,tts,tts_models_multilingual_multi-dataset_xtts_v2,-,mlaad,,none
data/processed/en_mlaad_augmented/poisoned_pen_01_f000280_aug.wav,en,spoof,tts,Qwen3-TTS-12Hz-1.7B-Base,-,mlaad,,none
data/processed/en_augmented/LA_T_4972864_aug.wav,en,bonafide,real,-,LA_0087,asvspoof2019la,,rawboost
data/processed/ko_mlaad_augmented/the_sea_fairies_12_f000001_aug.wav,ko,spoof,tts,tts_models_multilingual_multi-dataset_xtts_v2,-,mlaad,,rawboost+codec
data/processed/en_augmented/LA_T_7944475_aug.wav,en,bonafide,real,-,LA_0083,asvspoof2019la,,none
data/processed/ko_mlaad_augmented/wives_and_daughters_41_f000122_aug.wav,ko,spoof,tts,MOSS-TTS-8B,-,mlaad,,codec
data/processed/ko_mlaad_augmented/pink_fairy_book_13_f000140_aug.wav,ko,spoof,tts,MOSS-TTS-1.7B,-,mlaad,,rawboost
data/processed/ko_augmented/zeroth_141_003_0230_aug.wav,ko,bonafide,real,-,zeroth_141,zeroth_korean,이 고사총은 대공용이 주임무지만 사람 특히 정적이나 정치범 등을 대상으로 한 것은 북한 외에는 없다는 것이 전문가들의 전언이다,none
data/processed/en_mlaad_augmented/hunters_space_12_f000029_aug.wav,en,spoof,tts,minimax_speech-2.6-hd,-,mlaad,,rawboost
data/processed/en_augmented/LA_T_3721939_aug.wav,en,bonafide,real,-,LA_0091,asvspoof2019la,,none
data/processed/ko_augmented/zeroth_212_003_2985_aug.wav,ko,bonafide,real,-,zeroth_212,zeroth_korean,앵커 한 고등학교가 얼마 전 이 학년 학부모들에게 발송한 가정통신문입니다,none
data/processed/ko_augmented/zeroth_128_003_0453_aug.wav,ko,bonafide,real,-,zeroth_128,zeroth_korean,아울러 칠 년간 신상정보 공개와 이십 년간 위치추적 전자장치 부착도 명령했죠,rawboost
data/processed/ko_augmented/kss_10383_aug.wav,ko,bonafide,real,-,kss_speaker,kss,저는 이 영화의 조명을 담당하고 있습니다.,none
data/processed/en_augmented/LA_T_9392229_aug.wav,en,bonafide,real,-,LA_0082,asvspoof2019la,,codec
data/processed/ko_mlaad_augmented/wives_and_daughters_22_f000100_aug.wav,ko,spoof,tts,Chatterbox Multilingual,-,mlaad,,none
data/processed/ko_mlaad_augmented/rinkitink_baum_06_64kb_f000142_aug.wav,ko,spoof,tts,minimax_speech-02-turbo,-,mlaad,,rawboost
data/processed/ko_mlaad_augmented/the_master_key_11_f000038_aug.wav,ko,spoof,tts,tts_models_multilingual_multi-dataset_bark,-,mlaad,,rawboost+codec
data/processed/ko_mlaad_augmented/northandsouth_22_f000193_aug.wav,ko,spoof,tts,MOSS-TTS-1.7B,-,mlaad,,rawboost+codec
data/processed/en_mlaad_augmented/wives_and_daughters_22_f000215_aug.wav,en,spoof,tts,ElevenLabs-v2-Multilingual,-,mlaad,,rawboost
data/processed/ko_mlaad_augmented/jane_eyre_15_f000053_aug.wav,ko,spoof,tts,Qwen3-TTS-12Hz-0.6B-Base,-,mlaad,,none
data/processed/en_mlaad_augmented/emerald_city_of_oz_02_f000028_aug.wav,en,spoof,tts,Higgs-Audio-V2,-,mlaad,,rawboost
data/processed/en_mlaad_augmented/northandsouth_28_f000051_aug.wav,en,spoof,tts,ElevenLabs-Turbo-v2.5,-,mlaad,,none
data/processed/ko_augmented/kss_04235_aug.wav,ko,bonafide,real,-,kss_speaker,kss,입맛이 없어서 점심을 걸렀어요.,codec
data/processed/ko_mlaad_augmented/jane_eyre_38_f000047_aug.wav,ko,spoof,tts,Fish-S2-Pro,-,mlaad,,codec
data/processed/ko_mlaad_augmented/piratesofersatz_06_leinster_64kb_f000193_aug.wav,ko,spoof,tts,OmniVoice,-,mlaad,,rawboost+codec
data/processed/en_augmented/LA_T_8349132_aug.wav,en,bonafide,real,-,LA_0096,asvspoof2019la,,none
data/processed/en_mlaad_augmented/rinkitink_baum_14_64kb_f000096_aug.wav,en,spoof,tts,Chatterbox-Turbo,-,mlaad,,none
data/processed/ko_mlaad_augmented/wives_and_daughters_47_f000128_aug.wav,ko,spoof,tts,Higgs-Audio-V2,-,mlaad,,rawboost
data/processed/ko_augmented/zeroth_131_003_0803_aug.wav,ko,bonafide,real,-,zeroth_131,zeroth_korean,연구진은 스마트폰 등에 사용하는 배터리의 수명이 닳는 원리도 알아냈다,codec
data/processed/ko_augmented/kss_02667_aug.wav,ko,spoof,tts,mms-tts-kor,vits_default,kss_transcript,반대하시는 분은 손을 들어 주세요.,codec
data/processed/ko_augmented/kss_07764_aug.wav,ko,bonafide,real,-,kss_speaker,kss,범인이 곧 붙잡혀야 할 텐데.,none
data/processed/en_mlaad_augmented/piratesofersatz_10_leinster_64kb_f000061_aug.wav,en,spoof,tts,tts_models_multilingual_multi-dataset_xtts_v2,-,mlaad,,rawboost
data/processed/ko_mlaad_augmented/poisoned_pen_09_f000391_aug.wav,ko,spoof,tts,tts_models_multilingual_multi-dataset_bark,-,mlaad,,rawboost
data/processed/ko_augmented/kss_01584_aug.wav,ko,bonafide,real,-,kss_speaker,kss,저는 목소리가 아버지와 비슷하다는 말을 종종 들어요.,rawboost
data/processed/en_augmented/LA_T_7292672_aug.wav,en,bonafide,real,-,LA_0081,asvspoof2019la,,rawboost+codec
data/processed/ko_augmented/kss_03092_aug.wav,ko,spoof,tts,mms-tts-kor,vits_default,kss_transcript,지금은 모든 게 다 귀찮아.,rawboost
data/processed/en_augmented/LA_T_2113561_aug.wav,en,bonafide,real,-,LA_0086,asvspoof2019la,,rawboost
data/processed/en_augmented/LA_T_8448396_aug.wav,en,bonafide,real,-,LA_0082,asvspoof2019la,,none
data/processed/ko_augmented/kss_06750_aug.wav,ko,bonafide,real,-,kss_speaker,kss,실로 충격적이다.,codec
data/processed/en_augmented/LA_T_8362890_aug.wav,en,spoof,vc,A05,LA_0090,asvspoof2019la,,none
data/processed/en_mlaad_augmented/jane_eyre_03_f000015_aug.wav,en,spoof,tts,Higgs-Audio-V2,-,mlaad,,none
data/processed/en_augmented/LA_T_6487011_aug.wav,en,bonafide,real,-,LA_0087,asvspoof2019la,,rawboost
data/processed/ko_augmented/zeroth_173_003_1641_aug.wav,ko,bonafide,real,-,zeroth_173,zeroth_korean,증권 시장의 호황으로도 사회 정의가 구현될 수는 없다,rawboost+codec
data/processed/en_mlaad_augmented/pink_fairy_book_22_f000074_aug.wav,en,spoof,tts,ElevenLabs-v2-Multilingual,-,mlaad,,codec
data/processed/ko_augmented/zeroth_146_003_0309_aug.wav,ko,bonafide,real,-,zeroth_146,zeroth_korean,다만 그는 김 대표가 가져온 정보가 효과가 하나도 없었다,rawboost
data/processed/en_mlaad_augmented/piratesofersatz_04_leinster_64kb_f000136_aug.wav,en,spoof,tts,MOSS-TTS-8B,-,mlaad,,rawboost
data/processed/en_mlaad_augmented/jane_eyre_37_f000292_aug.wav,en,spoof,tts,Chatterbox-Turbo,-,mlaad,,codec
data/processed/ko_augmented/zeroth_192_003_0958_aug.wav,ko,bonafide,real,-,zeroth_192,zeroth_korean,몇 년 안에는 성사가 돼야 건강한 몸으로 만나러 갈 텐데 말이에요,none
data/processed/en_augmented/LA_T_8147818_aug.wav,en,bonafide,real,-,LA_0096,asvspoof2019la,,rawboost
data/processed/en_mlaad_augmented/wives_and_daughters_34_f000158_aug.wav,en,spoof,tts,Qwen3-TTS-12Hz-1.7B-Base,-,mlaad,,rawboost+codec
data/processed/en_augmented/LA_T_3680444_aug.wav,en,bonafide,real,-,LA_0096,asvspoof2019la,,none
data/processed/en_mlaad_augmented/wives_and_daughters_23_f000088_aug.wav,en,spoof,tts,ElevenLabs-v2-Multilingual,-,mlaad,,rawboost
data/processed/en_mlaad_augmented/hunters_space_08_f000064_aug.wav,en,spoof,tts,Higgs-Audio-V2,-,mlaad,,rawboost
data/processed/ko_augmented/kss_04192_aug.wav,ko,bonafide,real,-,kss_speaker,kss,국을 뭘로 양념했어요?,rawboost+codec
data/processed/en_mlaad_augmented/pink_fairy_book_24_f000032_aug.wav,en,spoof,tts,Qwen3-TTS-12Hz-1.7B-Base,-,mlaad,,none
data/processed/ko_augmented/zeroth_176_003_1292_aug.wav,ko,bonafide,real,-,zeroth_176,zeroth_korean,이 단지는 지하철 분당선 서울숲역이 가까워 역세권 입지를 갖춘 데다 중랑천과 서울숲이 가까이에 있어 자연경관이 좋고 한강도 조망할 수 있다,rawboost
data/processed/ko_mlaad_augmented/poisoned_pen_12_f000100_aug.wav,ko,spoof,tts,Qwen3-TTS-12Hz-1.7B-Base,-,mlaad,,codec
data/processed/en_augmented/LA_T_5918833_aug.wav,en,bonafide,real,-,LA_0083,asvspoof2019la,,none
data/processed/en_augmented/LA_T_7601537_aug.wav,en,bonafide,real,-,LA_0087,asvspoof2019la,,rawboost
data/processed/en_augmented/LA_T_2534170_aug.wav,en,bonafide,real,-,LA_0096,asvspoof2019la,,rawboost+codec
data/processed/ko_augmented/zeroth_193_003_0710_aug.wav,ko,bonafide,real,-,zeroth_193,zeroth_korean,십 육 위원자재 연마 가공사 원료물질을 갈고 윤내는 업무에 종사하는 사람이 자동화될 가능성은 구십 칠 퍼센트다,none
data/processed/en_augmented/LA_T_6982603_aug.wav,en,bonafide,real,-,LA_0084,asvspoof2019la,,codec
data/processed/en_augmented/LA_T_5428638_aug.wav,en,bonafide,real,-,LA_0088,asvspoof2019la,,rawboost
data/processed/ko_augmented/zeroth_216_003_0334_aug.wav,ko,bonafide,real,-,zeroth_216,zeroth_korean,저희들이 생각하는 가장 유력한 증거는 현재 화물차에 접수돼 있던 차량에 보면 블랙박스가 있지 않습니까,rawboost
data/processed/ko_augmented/zeroth_211_003_0524_aug.wav,ko,bonafide,real,-,zeroth_211,zeroth_korean,러시아는 세계 삼 위의 밀 수출국이기 때문에 아르헨티나로부터 밀을 수입할 필요를 느끼지 못하고 있었으나 쇠고기는 이야기가 달랐다,none
data/processed/en_augmented/LA_T_7807441_aug.wav,en,bonafide,real,-,LA_0092,asvspoof2019la,,rawboost+codec
data/processed/ko_augmented/zeroth_117_003_0204_aug.wav,ko,bonafide,real,-,zeroth_117,zeroth_korean,만일 하느님께서 실제로 모든 것을 예지하신다면 아담과 하와를 창조하시기도 전에 그들이 자신에게 불순종할 것이라는 사실을 알고 계셨을 것입니다,none
data/processed/ko_mlaad_augmented/wives_and_daughters_51_f000127_aug.wav,ko,spoof,tts,MOSS-TTS-1.7B,-,mlaad,,codec
data/processed/ko_mlaad_augmented/the_master_key_08_f000044_aug.wav,ko,spoof,tts,VoxCPM2,-,mlaad,,none
data/processed/en_augmented/LA_T_3586569_aug.wav,en,bonafide,real,-,LA_0095,asvspoof2019la,,rawboost+codec
data/processed/ko_mlaad_augmented/wives_and_daughters_02_f000246_aug.wav,ko,spoof,tts,MOSS-TTS-8B,-,mlaad,,codec
data/processed/ko_mlaad_augmented/poisoned_pen_03_f000031_aug.wav,ko,spoof,tts,Qwen3-TTS-12Hz-1.7B-Base,-,mlaad,,rawboost+codec
data/processed/en_augmented/LA_T_2032733_aug.wav,en,bonafide,real,-,LA_0088,asvspoof2019la,,none
data/processed/en_augmented/LA_T_9749112_aug.wav,en,bonafide,real,-,LA_0084,asvspoof2019la,,none
data/processed/en_augmented/LA_T_8405652_aug.wav,en,bonafide,real,-,LA_0084,asvspoof2019la,,rawboost
data/processed/en_augmented/LA_T_4668575_aug.wav,en,bonafide,real,-,LA_0093,asvspoof2019la,,rawboost+codec
data/processed/ko_augmented/zeroth_204_003_1219_aug.wav,ko,bonafide,real,-,zeroth_204,zeroth_korean,재판부는 배심원단의 의견을 반영해 양형을 정했다며 피고인의 죄질은 나쁘지만 스스로 반성하고 있으며 피해자와 합의한 점 등을 고려했다고 밝혔다,rawboost
data/processed/en_mlaad_augmented/ozma_of_oz_09_f000025_aug.wav,en,spoof,tts,minimax_speech-2.6-hd,-,mlaad,,rawboost
data/processed/ko_augmented/kss_09757_aug.wav,ko,bonafide,real,-,kss_speaker,kss,이게 요즘 십대들 사이에서 제일 인기가 있는 모델이에요.,rawboost
data/processed/ko_augmented/zeroth_119_003_0202_aug.wav,ko,bonafide,real,-,zeroth_119,zeroth_korean,사진과 실제 급식이 일치하는지를 학교운영위원회가 일일이 확인해야 하는데 현실적으로 불가능하기 때문입니다,none
data/processed/en_augmented/LA_T_6602884_aug.wav,en,bonafide,real,-,LA_0084,asvspoof2019la,,none
data/processed/en_mlaad_augmented/northandsouth_09_f000063_aug.wav,en,spoof,tts,tts_models_multilingual_multi-dataset_xtts_v2,-,mlaad,,none
