path,lang,label,technique,system_id,speaker_id,source,text,augmentation
data/processed/en_augmented/LA_T_6741908_aug.wav,en,bonafide,real,-,LA_0086,asvspoof2019la,,rawboost
data/processed/en_augmented/LA_T_5805796_aug.wav,en,bonafide,real,-,LA_0096,asvspoof2019la,,none
data/processed/en_augmented/LA_T_3295065_aug.wav,en,spoof,tts,A04,LA_0091,asvspoof2019la,,rawboost
data/processed/en_augmented/LA_T_1596451_aug.wav,en,bonafide,real,-,LA_0079,asvspoof2019la,,rawboost+codec
data/processed/en_augmented/LA_T_7411125_aug.wav,en,spoof,tts,A01,LA_0091,asvspoof2019la,,codec
data/processed/en_augmented/LA_T_5315235_aug.wav,en,bonafide,real,-,LA_0092,asvspoof2019la,,rawboost
data/processed/en_augmented/LA_T_7683892_aug.wav,en,spoof,vc,A06,LA_0093,asvspoof2019la,,rawboost
data/processed/en_augmented/LA_T_9483901_aug.wav,en,bonafide,real,-,LA_0090,asvspoof2019la,,none
data/processed/en_augmented/LA_T_2547751_aug.wav,en,bonafide,real,-,LA_0086,asvspoof2019la,,codec
data/processed/en_augmented/LA_T_3957794_aug.wav,en,bonafide,real,-,LA_0094,asvspoof2019la,,rawboost
data/processed/en_augmented/LA_T_7321595_aug.wav,en,spoof,tts,A03,LA_0095,asvspoof2019la,,codec
data/processed/en_augmented/LA_T_6769763_aug.wav,en,bonafide,real,-,LA_0081,asvspoof2019la,,rawboost
data/processed/en_augmented/LA_T_3994219_aug.wav,en,spoof,vc,A05,LA_0097,asvspoof2019la,,rawboost
data/processed/en_augmented/LA_T_9242200_aug.wav,en,bonafide,real,-,LA_0080,asvspoof2019la,,rawboost+codec
data/processed/en_augmented/LA_T_5866788_aug.wav,en,spoof,tts,A04,LA_0096,asvspoof2019la,,none
data/processed/en_augmented/LA_T_5340625_aug.wav,en,bonafide,real,-,LA_0093,asvspoof2019la,,rawboost
data/processed/en_augmented/LA_T_3635733_aug.wav,en,bonafide,real,-,LA_0079,asvspoof2019la,,none
data/processed/en_augmented/LA_T_6271185_aug.wav,en,bonafide,real,-,LA_0088,asvspoof2019la,,codec
data/processed/en_augmented/LA_T_4810261_aug.wav,en,bonafide,real,-,LA_0093,asvspoof2019la,,codec
data/processed/en_augmented/LA_T_6663907_aug.wav,en,bonafide,real,-,LA_0089,asvspoof2019la,,none
data/processed/en_augmented/LA_T_3601574_aug.wav,en,spoof,vc,A05,LA_0094,asvspoof2019la,,codec
data/processed/en_augmented/LA_T_2959505_aug.wav,en,bonafide,real,-,LA_0086,asvspoof2019la,,codec
data/processed/en_augmented/LA_T_1188742_aug.wav,en,bonafide,real,-,LA_0083,asvspoof2019la,,none
data/processed/en_augmented/LA_T_6571989_aug.wav,en,spoof,vc,A06,LA_0091,asvspoof2019la,,codec
data/processed/en_augmented/LA_T_1305270_aug.wav,en,bonafide,real,-,LA_0097,asvspoof2019la,,rawboost
data/processed/en_augmented/LA_T_5630619_aug.wav,en,bonafide,real,-,LA_0091,asvspoof2019la,,rawboost
data/processed/en_augmented/LA_T_6350377_aug.wav,en,bonafide,real,-,LA_0085,asvspoof2019la,,rawboost+codec
data/processed/en_augmented/LA_T_8349132_aug.wav,en,bonafide,real,-,LA_0096,asvspoof2019la,,none
data/processed/en_augmented/LA_T_4768074_aug.wav,en,spoof,tts,A03,LA_0094,asvspoof2019la,,none
data/processed/en_augmented/LA_T_9369650_aug.wav,en,bonafide,real,-,LA_0088,asvspoof2019la,,codec
data/processed/en_augmented/LA_T_7168600_aug.wav,en,spoof,vc,A05,LA_0088,asvspoof2019la,,none
data/processed/en_augmented/LA_T_3855962_aug.wav,en,spoof,tts,A03,LA_0087,asvspoof2019la,,rawboost
data/processed/en_augmented/LA_T_6790729_aug.wav,en,spoof,tts,A02,LA_0085,asvspoof2019la,,codec
data/processed/en_augmented/LA_T_6886321_aug.wav,en,spoof,tts,A02,LA_0091,asvspoof2019la,,rawboost
data/processed/en_augmented/LA_T_7717439_aug.wav,en,spoof,vc,A05,LA_0096,asvspoof2019la,,codec
data/processed/en_augmented/LA_T_2200914_aug.wav,en,spoof,tts,A04,LA_0098,asvspoof2019la,,codec
data/processed/en_augmented/LA_T_6763611_aug.wav,en,bonafide,real,-,LA_0083,asvspoof2019la,,rawboost
data/processed/en_augmented/LA_T_6533322_aug.wav,en,bonafide,real,-,LA_0097,asvspoof2019la,,rawboost
data/processed/en_augmented/LA_T_7422011_aug.wav,en,bonafide,real,-,LA_0086,asvspoof2019la,,none
data/processed/en_augmented/LA_T_9329650_aug.wav,en,bonafide,real,-,LA_0093,asvspoof2019la,,codec
data/processed/en_augmented/LA_T_9884044_aug.wav,en,bonafide,real,-,LA_0080,asvspoof2019la,,rawboost
data/processed/en_augmented/LA_T_6442486_aug.wav,en,bonafide,real,-,LA_0091,asvspoof2019la,,none
data/processed/en_augmented/LA_T_2552121_aug.wav,en,spoof,vc,A06,LA_0093,asvspoof2019la,,none
data/processed/en_augmented/LA_T_1197118_aug.wav,en,spoof,tts,A01,LA_0097,asvspoof2019la,,none
data/processed/en_augmented/LA_T_4164081_aug.wav,en,bonafide,real,-,LA_0096,asvspoof2019la,,codec
data/processed/en_augmented/LA_T_8214917_aug.wav,en,bonafide,real,-,LA_0083,asvspoof2019la,,rawboost
data/processed/en_augmented/LA_T_5563601_aug.wav,en,spoof,tts,A04,LA_0093,asvspoof2019la,,none
data/processed/en_augmented/LA_T_4050802_aug.wav,en,bonafide,real,-,LA_0095,asvspoof2019la,,none
data/processed/en_augmented/LA_T_6439061_aug.wav,en,spoof,vc,A05,LA_0089,asvspoof2019la,,none
data/processed/en_augmented/LA_T_9346943_aug.wav,en,bonafide,real,-,LA_0097,asvspoof2019la,,rawboost+codec
data/processed/en_augmented/LA_T_3333905_aug.wav,en,bonafide,real,-,LA_0096,asvspoof2019la,,rawboost+codec
data/processed/en_augmented/LA_T_3721939_aug.wav,en,bonafide,real,-,LA_0091,asvspoof2019la,,none
data/processed/en_augmented/LA_T_4938812_aug.wav,en,bonafide,real,-,LA_0097,asvspoof2019la,,rawboost
data/processed/en_augmented/LA_T_5490522_aug.wav,en,spoof,vc,A06,LA_0082,asvspoof2019la,,codec
data/processed/en_augmented/LA_T_2869730_aug.wav,en,bonafide,real,-,LA_0080,asvspoof2019la,,rawboost
data/processed/en_augmented/LA_T_6223299_aug.wav,en,spoof,tts,A04,LA_0096,asvspoof2019la,,codec
data/processed/en_augmented/LA_T_5785000_aug.wav,en,spoof,vc,A05,LA_0080,asvspoof2019la,,rawboost
data/processed/en_augmented/LA_T_3484516_aug.wav,en,spoof,tts,A02,LA_0085,asvspoof2019la,,rawboost+codec
data/processed/en_augmented/LA_T_2404974_aug.wav,en,spoof,vc,A06,LA_0084,asvspoof2019la,,none
data/processed/en_augmented/LA_T_9474664_aug.wav,en,bonafide,real,-,LA_0088,asvspoof2019la,,rawboost
data/processed/en_augmented/LA_T_2130649_aug.wav,en,spoof,tts,A02,LA_0096,asvspoof2019la,,rawboost+codec
data/processed/en_augmented/LA_T_3288573_aug.wav,en,bonafide,real,-,LA_0093,asvspoof2019la,,none
data/processed/en_augmented/LA_T_8457730_aug.wav,en,spoof,vc,A05,LA_0087,asvspoof2019la,,rawboost+codec
data/processed/en_augmented/LA_T_3424442_aug.wav,en,bonafide,real,-,LA_0094,asvspoof2019la,,none
data/processed/en_augmented/LA_T_2800535_aug.wav,en,spoof,vc,A06,LA_0098,asvspoof2019la,,none
data/processed/en_augmented/LA_T_5913109_aug.wav,en,bonafide,real,-,LA_0080,asvspoof2019la,,rawboost
data/processed/en_augmented/LA_T_5411496_aug.wav,en,spoof,vc,A06,LA_0084,asvspoof2019la,,rawboost
data/processed/en_augmented/LA_T_9936219_aug.wav,en,bonafide,real,-,LA_0094,asvspoof2019la,,rawboost
data/processed/en_augmented/LA_T_3967622_aug.wav,en,spoof,vc,A05,LA_0093,asvspoof2019la,,codec
data/processed/en_augmented/LA_T_9162208_aug.wav,en,spoof,tts,A03,LA_0081,asvspoof2019la,,rawboost
data/processed/en_augmented/LA_T_3682028_aug.wav,en,spoof,tts,A01,LA_0094,asvspoof2019la,,none
data/processed/en_augmented/LA_T_3617225_aug.wav,en,spoof,tts,A02,LA_0086,asvspoof2019la,,rawboost
data/processed/en_augmented/LA_T_2050961_aug.wav,en,spoof,tts,A04,LA_0089,asvspoof2019la,,rawboost
data/processed/en_augmented/LA_T_2822122_aug.wav,en,spoof,vc,A06,LA_0088,asvspoof2019la,,none
data/processed/en_augmented/LA_T_1830509_aug.wav,en,bonafide,real,-,LA_0082,asvspoof2019la,,rawboost
data/processed/en_augmented/LA_T_4703539_aug.wav,en,spoof,vc,A05,LA_0081,asvspoof2019la,,codec
data/processed/en_augmented/LA_T_8085421_aug.wav,en,spoof,tts,A02,LA_0091,asvspoof2019la,,rawboost+codec
data/processed/en_augmented/LA_T_7801452_aug.wav,en,bonafide,real,-,LA_0094,asvspoof2019la,,none
data/processed/en_augmented/LA_T_1883173_aug.wav,en,spoof,vc,A05,LA_0096,asvspoof2019la,,none
data/processed/en_augmented/LA_T_2033062_aug.wav,en,spoof,tts,A04,LA_0081,asvspoof2019la,,none
data/processed/en_augmented/LA_T_6104293_aug.wav,en,spoof,vc,A06,LA_0098,asvspoof2019la,,rawboost
data/processed/en_augmented/LA_T_8599305_aug.wav,en,bonafide,real,-,LA_0091,asvspoof2019la,,none
data/processed/en_augmented/LA_T_5544402_aug.wav,en,bonafide,real,-,LA_0086,asvspoof2019la,,none
data/processed/en_augmented/LA_T_8852908_aug.wav,en,spoof,vc,A06,LA_0090,asvspoof2019la,,codec
data/processed/en_augmented/LA_T_4657133_aug.wav,en,bonafide,real,-,LA_0081,asvspoof2019la,,rawboost
data/processed/en_augmented/LA_T_9529079_aug.wav,en,bonafide,real,-,LA_0084,asvspoof2019la,,rawboost
data/processed/en_augmented/LA_T_2996311_aug.wav,en,bonafide,real,-,LA_0086,asvspoof2019la,,codec
data/processed/en_augmented/LA_T_8053471_aug.wav,en,spoof,vc,A06,LA_0094,asvspoof2019la,,none
data/processed/en_augmented/LA_T_9859861_aug.wav,en,spoof,tts,A03,LA_0093,asvspoof2019la,,none
data/processed/en_augmented/LA_T_3666478_aug.wav,en,spoof,vc,A06,LA_0086,asvspoof2019la,,none
data/processed/en_augmented/LA_T_7667225_aug.wav,en,bonafide,real,-,LA_0082,asvspoof2019la,,none
data/processed/en_augmented/LA_T_6542898_aug.wav,en,spoof,vc,A06,LA_0092,asvspoof2019la,,rawboost+codec
data/processed/en_augmented/LA_T_9276305_aug.wav,en,bonafide,real,-,LA_0087,asvspoof2019la,,rawboost
data/processed/en_augmented/LA_T_8798465_aug.wav,en,bonafide,real,-,LA_0097,asvspoof2019la,,rawboost
data/processed/en_augmented/LA_T_6626691_aug.wav,en,spoof,tts,A01,LA_0087,asvspoof2019la,,rawboost
data/processed/en_augmented/LA_T_3784983_aug.wav,en,spoof,tts,A03,LA_0091,asvspoof2019la,,none
data/processed/en_augmented/LA_T_1261884_aug.wav,en,bonafide,real,-,LA_0083,asvspoof2019la,,none
data/processed/en_augmented/LA_T_3106270_aug.wav,en,bonafide,real,-,LA_0096,asvspoof2019la,,none
data/processed/en_augmented/LA_T_3296635_aug.wav,en,spoof,vc,A06,LA_0094,asvspoof2019la,,none
data/processed/en_augmented/LA_T_9392229_aug.wav,en,bonafide,real,-,LA_0082,asvspoof2019la,,codec
data/processed/en_augmented/LA_T_2718042_aug.wav,en,spoof,vc,A05,LA_0088,asvspoof2019la,,rawboost
data/processed/en_augmented/LA_T_4184798_aug.wav,en,spoof,tts,A04,LA_0098,asvspoof2019la,,none
data/processed/en_augmented/LA_T_1581753_aug.wav,en,bonafide,real,-,LA_0085,asvspoof2019la,,rawboost
data/processed/en_augmented/LA_T_4864288_aug.wav,en,spoof,vc,A05,LA_0095,asvspoof2019la,,none
data/processed/en_augmented/LA_T_5239258_aug.wav,en,bonafide,real,-,LA_0085,asvspoof2019la,,rawboost+codec
data/processed/en_augmented/LA_T_8932562_aug.wav,en,spoof,vc,A05,LA_0092,asvspoof2019la,,rawboost+codec
data/processed/en_augmented/LA_T_7154443_aug.wav,en,spoof,tts,A02,LA_0089,asvspoof2019la,,rawboost
data/processed/en_augmented/LA_T_2193944_aug.wav,en,bonafide,real,-,LA_0083,asvspoof2019la,,none
data/processed/en_augmented/LA_T_5201099_aug.wav,en,spoof,tts,A02,LA_0079,asvspoof2019la,,codec
data/processed/en_augmented/LA_T_5443162_aug.wav,en,spoof,tts,A02,LA_0083,asvspoof2019la,,none
data/processed/en_augmented/LA_T_4958567_aug.wav,en,spoof,vc,A06,LA_0085,asvspoof2019la,,rawboost
data/processed/en_augmented/LA_T_4460814_aug.wav,en,bonafide,real,-,LA_0084,asvspoof2019la,,rawboost+codec
data/processed/en_augmented/LA_T_4947528_aug.wav,en,spoof,tts,A02,LA_0079,asvspoof2019la,,rawboost+codec
data/processed/en_augmented/LA_T_3641295_aug.wav,en,bonafide,real,-,LA_0084,asvspoof2019la,,none
data/processed/en_augmented/LA_T_9384799_aug.wav,en,spoof,vc,A06,LA_0094,asvspoof2019la,,rawboost+codec
data/processed/en_augmented/LA_T_1226390_aug.wav,en,bonafide,real,-,LA_0092,asvspoof2019la,,codec
data/processed/en_augmented/LA_T_5297168_aug.wav,en,bonafide,real,-,LA_0095,asvspoof2019la,,none
data/processed/en_augmented/LA_T_4979512_aug.wav,en,spoof,tts,A03,LA_0092,asvspoof2019la,,rawboost
data/processed/en_augmented/LA_T_1993747_aug.wav,en,spoof,tts,A01,LA_0083,asvspoof2019la,,codec
data/processed/en_augmented/LA_T_6653103_aug.wav,en,spoof,vc,A05,LA_0081,asvspoof2019la,,rawboost
data/processed/en_augmented/LA_T_4027299_aug.wav,en,spoof,tts,A01,LA_0079,asvspoof2019la,,rawboost
data/processed/en_augmented/LA_T_4475897_aug.wav,en,spoof,tts,A03,LA_0082,asvspoof2019la,,rawboost+codec
data/processed/en_augmented/LA_T_1735385_aug.wav,en,bonafide,real,-,LA_0080,asvspoof2019la,,codec
data/processed/en_augmented/LA_T_1121974_aug.wav,en,spoof,vc,A05,LA_0096,asvspoof2019la,,none
data/processed/en_augmented/LA_T_4105710_aug.wav,en,spoof,vc,A05,LA_0081,asvspoof2019la,,codec
data/processed/en_augmented/LA_T_2802903_aug.wav,en,bonafide,real,-,LA_0094,asvspoof2019la,,codec
data/processed/en_augmented/LA_T_2369027_aug.wav,en,spoof,vc,A06,LA_0087,asvspoof2019la,,rawboost
data/processed/en_augmented/LA_T_3221904_aug.wav,en,spoof,vc,A06,LA_0091,asvspoof2019la,,rawboost
data/processed/en_augmented/LA_T_4103020_aug.wav,en,spoof,vc,A06,LA_0081,asvspoof2019la,,codec
data/processed/en_augmented/LA_T_2905034_aug.wav,en,spoof,tts,A04,LA_0079,asvspoof2019la,,none
data/processed/en_augmented/LA_T_3978678_aug.wav,en,bonafide,real,-,LA_0085,asvspoof2019la,,none
data/processed/en_augmented/LA_T_4704382_aug.wav,en,spoof,tts,A04,LA_0081,asvspoof2019la,,none
data/processed/en_augmented/LA_T_5320596_aug.wav,en,spoof,vc,A06,LA_0085,asvspoof2019la,,codec
data/processed/en_augmented/LA_T_8833328_aug.wav,en,bonafide,real,-,LA_0091,asvspoof2019la,,rawboost
data/processed/en_augmented/LA_T_5708317_aug.wav,en,spoof,tts,A04,LA_0086,asvspoof2019la,,none
data/processed/en_augmented/LA_T_3104100_aug.wav,en,bonafide,real,-,LA_0091,asvspoof2019la,,rawboost
data/processed/en_augmented/LA_T_1131312_aug.wav,en,bonafide,real,-,LA_0092,asvspoof2019la,,rawboost
data/processed/en_augmented/LA_T_1215743_aug.wav,en,bonafide,real,-,LA_0095,asvspoof2019la,,none
data/processed/en_augmented/LA_T_9110923_aug.wav,en,spoof,vc,A05,LA_0098,asvspoof2019la,,rawboost
data/processed/en_augmented/LA_T_7059475_aug.wav,en,spoof,vc,A06,LA_0083,asvspoof2019la,,rawboost
data/processed/en_augmented/LA_T_7655193_aug.wav,en,spoof,tts,A03,LA_0084,asvspoof2019la,,rawboost+codec
data/processed/en_augmented/LA_T_9378157_aug.wav,en,bonafide,real,-,LA_0090,asvspoof2019la,,rawboost
data/processed/en_augmented/LA_T_5462809_aug.wav,en,bonafide,real,-,LA_0086,asvspoof2019la,,none
data/processed/en_augmented/LA_T_1909202_aug.wav,en,bonafide,real,-,LA_0080,asvspoof2019la,,rawboost
data/processed/en_augmented/LA_T_1373249_aug.wav,en,bonafide,real,-,LA_0080,asvspoof2019la,,none
data/processed/en_augmented/LA_T_2684786_aug.wav,en,bonafide,real,-,LA_0087,asvspoof2019la,,rawboost
data/processed/en_augmented/LA_T_1727672_aug.wav,en,spoof,vc,A05,LA_0088,asvspoof2019la,,rawboost
data/processed/en_augmented/LA_T_5549038_aug.wav,en,spoof,vc,A05,LA_0095,asvspoof2019la,,rawboost
data/processed/en_augmented/LA_T_8953087_aug.wav,en,bonafide,real,-,LA_0093,asvspoof2019la,,none
data/processed/en_augmented/LA_T_2079451_aug.wav,en,bonafide,real,-,LA_0097,asvspoof2019la,,codec
data/processed/en_augmented/LA_T_8667595_aug.wav,en,spoof,vc,A05,LA_0084,asvspoof2019la,,codec
data/processed/en_augmented/LA_T_9324055_aug.wav,en,bonafide,real,-,LA_0096,asvspoof2019la,,codec
data/processed/en_augmented/LA_T_6593113_aug.wav,en,spoof,tts,A02,LA_0083,asvspoof2019la,,codec
data/processed/en_augmented/LA_T_4936345_aug.wav,en,spoof,tts,A01,LA_0088,asvspoof2019la,,rawboost
data/processed/en_augmented/LA_T_8313917_aug.wav,en,spoof,tts,A01,LA_0093,asvspoof2019la,,none
data/processed/en_augmented/LA_T_5919466_aug.wav,en,spoof,vc,A05,LA_0091,asvspoof2019la,,rawboost+codec
data/processed/en_augmented/LA_T_1443312_aug.wav,en,spoof,tts,A04,LA_0087,asvspoof2019la,,codec
data/processed/en_augmented/LA_T_1288665_aug.wav,en,spoof,vc,A05,LA_0079,asvspoof2019la,,codec
data/processed/en_augmented/LA_T_2534170_aug.wav,en,bonafide,real,-,LA_0096,asvspoof2019la,,rawboost+codec
data/processed/en_augmented/LA_T_5490265_aug.wav,en,bonafide,real,-,LA_0091,asvspoof2019la,,rawboost
data/processed/en_augmented/LA_T_4153589_aug.wav,en,spoof,vc,A06,LA_0085,asvspoof2019la,,rawboost
data/processed/en_augmented/LA_T_1882969_aug.wav,en,bonafide,real,-,LA_0092,asvspoof2019la,,rawboost+codec
data/processed/en_augmented/LA_T_2987671_aug.wav,en,bonafide,real,-,LA_0095,asvspoof2019la,,none
data/processed/en_augmented/LA_T_6200206_aug.wav,en,bonafide,real,-,LA_0079,asvspoof2019la,,rawboost+codec
data/processed/en_augmented/LA_T_4034344_aug.wav,en,spoof,vc,A06,LA_0094,asvspoof2019la,,none
data/processed/en_augmented/LA_T_1420784_aug.wav,en,spoof,vc,A06,LA_0095,asvspoof2019la,,rawboost
data/processed/en_augmented/LA_T_7478780_aug.wav,en,bonafide,real,-,LA_0085,asvspoof2019la,,none
data/processed/en_augmented/LA_T_6780223_aug.wav,en,spoof,tts,A04,LA_0079,asvspoof2019la,,none
data/processed/en_augmented/LA_T_9859327_aug.wav,en,bonafide,real,-,LA_0093,asvspoof2019la,,rawboost
data/processed/en_augmented/LA_T_5745605_aug.wav,en,spoof,tts,A01,LA_0092,asvspoof2019la,,none
data/processed/en_augmented/LA_T_8688366_aug.wav,en,spoof,vc,A05,LA_0087,asvspoof2019la,,rawboost+codec
data/processed/en_augmented/LA_T_8122166_aug.wav,en,spoof,tts,A03,LA_0090,asvspoof2019la,,none
data/processed/en_augmented/LA_T_1217514_aug.wav,en,bonafide,real,-,LA_0091,asvspoof2019la,,rawboost
data/processed/en_augmented/LA_T_9029058_aug.wav,en,bonafide,real,-,LA_0086,asvspoof2019la,,none
data/processed/en_augmented/LA_T_5937726_aug.wav,en,spoof,vc,A06,LA_0083,asvspoof2019la,,rawboost+codec
data/processed/en_augmented/LA_T_4857212_aug.wav,en,spoof,vc,A05,LA_0094,asvspoof2019la,,rawboost
data/processed/en_augmented/LA_T_2127859_aug.wav,en,spoof,vc,A05,LA_0084,asvspoof2019la,,none
data/processed/en_augmented/LA_T_5954195_aug.wav,en,bonafide,real,-,LA_0079,asvspoof2019la,,none
data/processed/en_augmented/LA_T_4891748_aug.wav,en,bonafide,real,-,LA_0091,asvspoof2019la,,rawboost
data/processed/en_augmented/LA_T_5409495_aug.wav,en,spoof,vc,A06,LA_0081,asvspoof2019la,,none
data/processed/en_augmented/LA_T_8887502_aug.wav,en,bonafide,real,-,LA_0093,asvspoof2019la,,codec
data/processed/en_augmented/LA_T_5214235_aug.wav,en,bonafide,real,-,LA_0084,asvspoof2019la,,rawboost+codec
data/processed/en_augmented/LA_T_4568066_aug.wav,en,spoof,tts,A02,LA_0097,asvspoof2019la,,rawboost
data/processed/en_augmented/LA_T_4362109_aug.wav,en,bonafide,real,-,LA_0079,asvspoof2019la,,rawboost
data/processed/en_augmented/LA_T_4774940_aug.wav,en,bonafide,real,-,LA_0098,asvspoof2019la,,rawboost
data/processed/en_augmented/LA_T_2797155_aug.wav,en,bonafide,real,-,LA_0092,asvspoof2019la,,none
data/processed/en_augmented/LA_T_2118892_aug.wav,en,bonafide,real,-,LA_0088,asvspoof2019la,,none
data/processed/en_augmented/LA_T_2684362_aug.wav,en,spoof,vc,A05,LA_0087,asvspoof2019la,,rawboost
data/processed/en_augmented/LA_T_4123333_aug.wav,en,bonafide,real,-,LA_0085,asvspoof2019la,,rawboost
data/processed/en_augmented/LA_T_3010406_aug.wav,en,spoof,tts,A04,LA_0095,asvspoof2019la,,none
data/processed/en_augmented/LA_T_7478905_aug.wav,en,spoof,vc,A05,LA_0096,asvspoof2019la,,rawboost
data/processed/en_augmented/LA_T_5650122_aug.wav,en,bonafide,real,-,LA_0096,asvspoof2019la,,none
data/processed/en_augmented/LA_T_9654665_aug.wav,en,bonafide,real,-,LA_0096,asvspoof2019la,,none
data/processed/en_augmented/LA_T_4946491_aug.wav,en,spoof,vc,A05,LA_0093,asvspoof2019la,,rawboost
data/processed/en_augmented/LA_T_1110572_aug.wav,en,spoof,vc,A06,LA_0093,asvspoof2019la,,none
data/processed/en_augmented/LA_T_9023352_aug.wav,en,spoof,vc,A06,LA_0096,asvspoof2019la,,rawboost
data/processed/en_augmented/LA_T_8367422_aug.wav,en,spoof,vc,A05,LA_0090,asvspoof2019la,,codec
data/processed/en_augmented/LA_T_4069200_aug.wav,en,spoof,vc,A05,LA_0095,asvspoof2019la,,rawboost+codec
data/processed/en_augmented/LA_T_6152187_aug.wav,en,spoof,tts,A01,LA_0079,asvspoof2019la,,none
data/processed/en_augmented/LA_T_7769676_aug.wav,en,spoof,tts,A02,LA_0094,asvspoof2019la,,none
data/processed/en_augmented/LA_T_6760264_aug.wav,en,bonafide,real,-,LA_0089,asvspoof2019la,,rawboost+codec
data/processed/en_augmented/LA_T_7181798_aug.wav,en,spoof,tts,A03,LA_0082,asvspoof2019la,,rawboost
data/processed/en_augmented/LA_T_6258382_aug.wav,en,spoof,vc,A06,LA_0093,asvspoof2019la,,rawboost
data/processed/en_augmented/LA_T_9182456_aug.wav,en,bonafide,real,-,LA_0097,asvspoof2019la,,none
data/processed/en_augmented/LA_T_3629702_aug.wav,en,spoof,tts,A01,LA_0095,asvspoof2019la,,rawboost+codec
data/processed/en_augmented/LA_T_7243556_aug.wav,en,spoof,vc,A05,LA_0080,asvspoof2019la,,rawboost+codec
data/processed/en_augmented/LA_T_7566470_aug.wav,en,bonafide,real,-,LA_0083,asvspoof2019la,,rawboost
data/processed/en_augmented/LA_T_1649834_aug.wav,en,spoof,vc,A05,LA_0090,asvspoof2019la,,rawboost
data/processed/en_augmented/LA_T_6150814_aug.wav,en,bonafide,real,-,LA_0092,asvspoof2019la,,none
data/processed/en_augmented/LA_T_9013801_aug.wav,en,spoof,vc,A05,LA_0093,asvspoof2019la,,none
data/processed/en_augmented/LA_T_8306508_aug.wav,en,spoof,vc,A06,LA_0097,asvspoof2019la,,none
data/processed/en_augmented/LA_T_3272409_aug.wav,en,spoof,vc,A06,LA_0079,asvspoof2019la,,codec
data/processed/en_augmented/LA_T_9828683_aug.wav,en,spoof,tts,A01,LA_0091,asvspoof2019la,,none
data/processed/en_augmented/LA_T_5599930_aug.wav,en,spoof,vc,A06,LA_0080,asvspoof2019la,,none
data/processed/en_augmented/LA_T_7478793_aug.wav,en,spoof,vc,A05,LA_0088,asvspoof2019la,,none
data/processed/en_augmented/LA_T_1467964_aug.wav,en,bonafide,real,-,LA_0096,asvspoof2019la,,rawboost
data/processed/en_augmented/LA_T_3472831_aug.wav,en,spoof,vc,A05,LA_0082,asvspoof2019la,,none
data/processed/en_augmented/LA_T_1542243_aug.wav,en,spoof,tts,A04,LA_0084,asvspoof2019la,,rawboost
data/processed/en_augmented/LA_T_8813096_aug.wav,en,spoof,vc,A05,LA_0083,asvspoof2019la,,none
data/processed/en_augmented/LA_T_6739861_aug.wav,en,spoof,vc,A05,LA_0087,asvspoof2019la,,rawboost+codec
data/processed/en_augmented/LA_T_5973234_aug.wav,en,spoof,vc,A05,LA_0093,asvspoof2019la,,none
data/processed/en_augmented/LA_T_9162513_aug.wav,en,bonafide,real,-,LA_0089,asvspoof2019la,,codec
data/processed/en_augmented/LA_T_4292472_aug.wav,en,bonafide,real,-,LA_0081,asvspoof2019la,,none
data/processed/en_augmented/LA_T_4339311_aug.wav,en,bonafide,real,-,LA_0079,asvspoof2019la,,rawboost
data/processed/en_augmented/LA_T_8452659_aug.wav,en,bonafide,real,-,LA_0092,asvspoof2019la,,rawboost
data/processed/en_augmented/LA_T_7985597_aug.wav,en,bonafide,real,-,LA_0088,asvspoof2019la,,rawboost
data/processed/en_augmented/LA_T_5077870_aug.wav,en,bonafide,real,-,LA_0096,asvspoof2019la,,rawboost+codec
data/processed/en_augmented/LA_T_4245140_aug.wav,en,spoof,vc,A06,LA_0079,asvspoof2019la,,none
data/processed/en_augmented/LA_T_8156237_aug.wav,en,bonafide,real,-,LA_0083,asvspoof2019la,,none
data/processed/en_augmented/LA_T_2687543_aug.wav,en,spoof,tts,A02,LA_0087,asvspoof2019la,,none
data/processed/en_augmented/LA_T_3712096_aug.wav,en,spoof,vc,A06,LA_0098,asvspoof2019la,,codec
data/processed/en_augmented/LA_T_7443186_aug.wav,en,spoof,vc,A05,LA_0092,asvspoof2019la,,none
data/processed/en_augmented/LA_T_6653415_aug.wav,en,spoof,vc,A06,LA_0081,asvspoof2019la,,rawboost+codec
data/processed/en_augmented/LA_T_9926593_aug.wav,en,bonafide,real,-,LA_0079,asvspoof2019la,,rawboost
data/processed/en_augmented/LA_T_9392152_aug.wav,en,bonafide,real,-,LA_0080,asvspoof2019la,,rawboost+codec
data/processed/en_augmented/LA_T_1208112_aug.wav,en,bonafide,real,-,LA_0089,asvspoof2019la,,rawboost
data/processed/en_augmented/LA_T_8090857_aug.wav,en,spoof,vc,A05,LA_0097,asvspoof2019la,,codec
data/processed/en_augmented/LA_T_3168689_aug.wav,en,bonafide,real,-,LA_0096,asvspoof2019la,,rawboost+codec
data/processed/en_augmented/LA_T_6011071_aug.wav,en,spoof,vc,A06,LA_0091,asvspoof2019la,,rawboost+codec
data/processed/en_augmented/LA_T_9889132_aug.wav,en,spoof,tts,A04,LA_0086,asvspoof2019la,,rawboost
data/processed/en_augmented/LA_T_6541032_aug.wav,en,bonafide,real,-,LA_0088,asvspoof2019la,,codec
data/processed/en_augmented/LA_T_5596732_aug.wav,en,bonafide,real,-,LA_0091,asvspoof2019la,,rawboost+codec
data/processed/en_augmented/LA_T_7053645_aug.wav,en,spoof,vc,A05,LA_0096,asvspoof2019la,,none
data/processed/en_augmented/LA_T_3077492_aug.wav,en,bonafide,real,-,LA_0091,asvspoof2019la,,rawboost
data/processed/en_augmented/LA_T_8865587_aug.wav,en,bonafide,real,-,LA_0083,asvspoof2019la,,none
data/processed/en_augmented/LA_T_6007335_aug.wav,en,bonafide,real,-,LA_0081,asvspoof2019la,,rawboost+codec
data/processed/en_augmented/LA_T_1647444_aug.wav,en,spoof,tts,A01,LA_0079,asvspoof2019la,,rawboost+codec
data/processed/en_augmented/LA_T_2205687_aug.wav,en,bonafide,real,-,LA_0079,asvspoof2019la,,rawboost
data/processed/en_augmented/LA_T_8232782_aug.wav,en,bonafide,real,-,LA_0092,asvspoof2019la,,none
data/processed/en_augmented/LA_T_9373039_aug.wav,en,spoof,vc,A05,LA_0096,asvspoof2019la,,rawboost+codec
data/processed/en_augmented/LA_T_9580780_aug.wav,en,spoof,vc,A06,LA_0080,asvspoof2019la,,rawboost+codec
data/processed/en_augmented/LA_T_5135273_aug.wav,en,spoof,vc,A05,LA_0086,asvspoof2019la,,rawboost
data/processed/en_augmented/LA_T_7302615_aug.wav,en,bonafide,real,-,LA_0096,asvspoof2019la,,rawboost
data/processed/en_augmented/LA_T_8219941_aug.wav,en,spoof,vc,A06,LA_0080,asvspoof2019la,,none
data/processed/en_augmented/LA_T_9915654_aug.wav,en,spoof,vc,A06,LA_0090,asvspoof2019la,,rawboost+codec
data/processed/en_augmented/LA_T_2136477_aug.wav,en,bonafide,real,-,LA_0095,asvspoof2019la,,rawboost+codec
data/processed/en_augmented/LA_T_6197698_aug.wav,en,spoof,tts,A01,LA_0084,asvspoof2019la,,none
data/processed/en_augmented/LA_T_6627537_aug.wav,en,spoof,tts,A04,LA_0085,asvspoof2019la,,rawboost
data/processed/en_augmented/LA_T_8280464_aug.wav,en,bonafide,real,-,LA_0095,asvspoof2019la,,none
data/processed/en_augmented/LA_T_4020570_aug.wav,en,spoof,tts,A01,LA_0086,asvspoof2019la,,rawboost
data/processed/en_augmented/LA_T_5656982_aug.wav,en,bonafide,real,-,LA_0086,asvspoof2019la,,none
data/processed/en_augmented/LA_T_4655803_aug.wav,en,spoof,vc,A06,LA_0081,asvspoof2019la,,rawboost+codec
data/processed/en_augmented/LA_T_6134992_aug.wav,en,spoof,vc,A05,LA_0085,asvspoof2019la,,rawboost
data/processed/en_augmented/LA_T_5638559_aug.wav,en,bonafide,real,-,LA_0081,asvspoof2019la,,none
data/processed/en_augmented/LA_T_7173012_aug.wav,en,spoof,tts,A03,LA_0093,asvspoof2019la,,none
data/processed/en_augmented/LA_T_2093687_aug.wav,en,spoof,tts,A03,LA_0090,asvspoof2019la,,codec
data/processed/en_augmented/LA_T_4844815_aug.wav,en,spoof,tts,A01,LA_0080,asvspoof2019la,,codec
data/processed/en_augmented/LA_T_6217520_aug.wav,en,bonafide,real,-,LA_0086,asvspoof2019la,,codec
data/processed/en_augmented/LA_T_3580756_aug.wav,en,spoof,vc,A05,LA_0080,asvspoof2019la,,codec
data/processed/en_augmented/LA_T_2410307_aug.wav,en,spoof,tts,A02,LA_0079,asvspoof2019la,,codec
data/processed/en_augmented/LA_T_1450124_aug.wav,en,bonafide,real,-,LA_0081,asvspoof2019la,,rawboost
data/processed/en_augmented/LA_T_5029038_aug.wav,en,bonafide,real,-,LA_0089,asvspoof2019la,,none
data/processed/en_augmented/LA_T_3154528_aug.wav,en,bonafide,real,-,LA_0084,asvspoof2019la,,codec
data/processed/en_augmented/LA_T_9192060_aug.wav,en,bonafide,real,-,LA_0085,asvspoof2019la,,rawboost+codec
data/processed/en_augmented/LA_T_2925763_aug.wav,en,bonafide,real,-,LA_0082,asvspoof2019la,,rawboost+codec
data/processed/en_augmented/LA_T_2132583_aug.wav,en,spoof,vc,A06,LA_0086,asvspoof2019la,,none
data/processed/en_augmented/LA_T_4410915_aug.wav,en,spoof,tts,A04,LA_0079,asvspoof2019la,,none
data/processed/en_augmented/LA_T_7607104_aug.wav,en,spoof,vc,A05,LA_0082,asvspoof2019la,,rawboost+codec
data/processed/en_augmented/LA_T_6650632_aug.wav,en,bonafide,real,-,LA_0096,asvspoof2019la,,rawboost
data/processed/en_augmented/LA_T_5691156_aug.wav,en,bonafide,real,-,LA_0097,asvspoof2019la,,none
data/processed/en_augmented/LA_T_5787857_aug.wav,en,bonafide,real,-,LA_0082,asvspoof2019la,,rawboost+codec
data/processed/en_augmented/LA_T_4428088_aug.wav,en,bonafide,real,-,LA_0083,asvspoof2019la,,none
data/processed/en_augmented/LA_T_3263810_aug.wav,en,spoof,tts,A02,LA_0091,asvspoof2019la,,none
data/processed/en_augmented/LA_T_1272637_aug.wav,en,bonafide,real,-,LA_0079,asvspoof2019la,,rawboost
data/processed/en_augmented/LA_T_3249684_aug.wav,en,bonafide,real,-,LA_0095,asvspoof2019la,,codec
data/processed/en_augmented/LA_T_8541274_aug.wav,en,bonafide,real,-,LA_0080,asvspoof2019la,,rawboost
data/processed/en_augmented/LA_T_3724264_aug.wav,en,bonafide,real,-,LA_0093,asvspoof2019la,,none
data/processed/en_augmented/LA_T_1658596_aug.wav,en,spoof,vc,A06,LA_0081,asvspoof2019la,,rawboost+codec
data/processed/en_augmented/LA_T_6058119_aug.wav,en,bonafide,real,-,LA_0082,asvspoof2019la,,none
data/processed/en_augmented/LA_T_5866152_aug.wav,en,bonafide,real,-,LA_0095,asvspoof2019la,,none
data/processed/en_augmented/LA_T_4596401_aug.wav,en,spoof,vc,A05,LA_0092,asvspoof2019la,,rawboost
data/processed/en_augmented/LA_T_5410731_aug.wav,en,spoof,tts,A04,LA_0093,asvspoof2019la,,rawboost+codec
data/processed/en_augmented/LA_T_4130056_aug.wav,en,bonafide,real,-,LA_0095,asvspoof2019la,,rawboost+codec
data/processed/en_augmented/LA_T_1075018_aug.wav,en,bonafide,real,-,LA_0088,asvspoof2019la,,rawboost
data/processed/en_augmented/LA_T_6591503_aug.wav,en,bonafide,real,-,LA_0085,asvspoof2019la,,rawboost
data/processed/en_augmented/LA_T_7652535_aug.wav,en,spoof,vc,A06,LA_0094,asvspoof2019la,,rawboost
data/processed/en_augmented/LA_T_5368954_aug.wav,en,spoof,vc,A06,LA_0091,asvspoof2019la,,rawboost+codec
data/processed/en_augmented/LA_T_3582106_aug.wav,en,bonafide,real,-,LA_0087,asvspoof2019la,,rawboost+codec
data/processed/en_augmented/LA_T_3441209_aug.wav,en,spoof,tts,A02,LA_0084,asvspoof2019la,,none
data/processed/en_augmented/LA_T_2606704_aug.wav,en,bonafide,real,-,LA_0094,asvspoof2019la,,none
data/processed/en_augmented/LA_T_2616885_aug.wav,en,bonafide,real,-,LA_0094,asvspoof2019la,,none
data/processed/en_augmented/LA_T_9073024_aug.wav,en,bonafide,real,-,LA_0095,asvspoof2019la,,none
data/processed/en_augmented/LA_T_6487011_aug.wav,en,bonafide,real,-,LA_0087,asvspoof2019la,,rawboost
data/processed/en_augmented/LA_T_8711433_aug.wav,en,spoof,tts,A02,LA_0094,asvspoof2019la,,codec
data/processed/en_augmented/LA_T_4668575_aug.wav,en,bonafide,real,-,LA_0093,asvspoof2019la,,rawboost+codec
data/processed/en_augmented/LA_T_9971213_aug.wav,en,bonafide,real,-,LA_0094,asvspoof2019la,,codec
data/processed/en_augmented/LA_T_1447757_aug.wav,en,bonafide,real,-,LA_0098,asvspoof2019la,,codec
data/processed/en_augmented/LA_T_5943648_aug.wav,en,spoof,vc,A06,LA_0089,asvspoof2019la,,none
data/processed/en_augmented/LA_T_4300273_aug.wav,en,bonafide,real,-,LA_0089,asvspoof2019la,,codec
data/processed/en_augmented/LA_T_1953670_aug.wav,en,spoof,vc,A05,LA_0080,asvspoof2019la,,rawboost
data/processed/en_augmented/LA_T_8827683_aug.wav,en,spoof,tts,A03,LA_0093,asvspoof2019la,,none
data/processed/en_augmented/LA_T_8343013_aug.wav,en,spoof,tts,A01,LA_0095,asvspoof2019la,,codec
data/processed/en_augmented/LA_T_2822179_aug.wav,en,bonafide,real,-,LA_0084,asvspoof2019la,,rawboost
data/processed/en_augmented/LA_T_4484196_aug.wav,en,bonafide,real,-,LA_0090,asvspoof2019la,,codec
data/processed/en_augmented/LA_T_1933449_aug.wav,en,bonafide,real,-,LA_0083,asvspoof2019la,,none
data/processed/en_augmented/LA_T_3496319_aug.wav,en,spoof,tts,A01,LA_0089,asvspoof2019la,,rawboost
data/processed/en_augmented/LA_T_2862832_aug.wav,en,bonafide,real,-,LA_0097,asvspoof2019la,,none
data/processed/en_augmented/LA_T_2715624_aug.wav,en,bonafide,real,-,LA_0089,asvspoof2019la,,none
data/processed/en_augmented/LA_T_4456087_aug.wav,en,bonafide,real,-,LA_0094,asvspoof2019la,,none
data/processed/en_augmented/LA_T_7211346_aug.wav,en,spoof,vc,A06,LA_0092,asvspoof2019la,,codec
data/processed/en_augmented/LA_T_3608902_aug.wav,en,spoof,tts,A02,LA_0079,asvspoof2019la,,rawboost+codec
data/processed/en_augmented/LA_T_7839314_aug.wav,en,bonafide,real,-,LA_0084,asvspoof2019la,,codec
data/processed/en_augmented/LA_T_9331433_aug.wav,en,bonafide,real,-,LA_0098,asvspoof2019la,,rawboost
data/processed/en_augmented/LA_T_1380991_aug.wav,en,spoof,tts,A04,LA_0088,asvspoof2019la,,none
data/processed/en_augmented/LA_T_9949256_aug.wav,en,bonafide,real,-,LA_0094,asvspoof2019la,,codec
data/processed/en_augmented/LA_T_3860059_aug.wav,en,bonafide,real,-,LA_0093,asvspoof2019la,,none
data/processed/en_augmented/LA_T_4309739_aug.wav,en,spoof,vc,A05,LA_0084,asvspoof2019la,,none
data/processed/en_augmented/LA_T_1158271_aug.wav,en,spoof,tts,A03,LA_0085,asvspoof2019la,,codec
data/processed/en_augmented/LA_T_1017386_aug.wav,en,spoof,tts,A03,LA_0079,asvspoof2019la,,none
data/processed/en_augmented/LA_T_3840528_aug.wav,en,bonafide,real,-,LA_0080,asvspoof2019la,,none
data/processed/en_augmented/LA_T_1770624_aug.wav,en,bonafide,real,-,LA_0088,asvspoof2019la,,none
data/processed/en_augmented/LA_T_9349035_aug.wav,en,spoof,vc,A06,LA_0095,asvspoof2019la,,codec
data/processed/en_augmented/LA_T_1949866_aug.wav,en,spoof,tts,A04,LA_0093,asvspoof2019la,,rawboost
data/processed/en_augmented/LA_T_7627889_aug.wav,en,spoof,tts,A01,LA_0091,asvspoof2019la,,rawboost
data/processed/en_augmented/LA_T_8206136_aug.wav,en,spoof,tts,A04,LA_0097,asvspoof2019la,,codec
data/processed/en_augmented/LA_T_3707155_aug.wav,en,spoof,tts,A03,LA_0086,asvspoof2019la,,rawboost+codec
data/processed/en_augmented/LA_T_1394641_aug.wav,en,bonafide,real,-,LA_0087,asvspoof2019la,,none
data/processed/en_augmented/LA_T_5278674_aug.wav,en,spoof,vc,A05,LA_0097,asvspoof2019la,,none
data/processed/en_augmented/LA_T_9857249_aug.wav,en,bonafide,real,-,LA_0095,asvspoof2019la,,none
data/processed/en_augmented/LA_T_4365113_aug.wav,en,bonafide,real,-,LA_0086,asvspoof2019la,,rawboost+codec
data/processed/en_augmented/LA_T_9569208_aug.wav,en,bonafide,real,-,LA_0097,asvspoof2019la,,rawboost
data/processed/en_augmented/LA_T_4348949_aug.wav,en,bonafide,real,-,LA_0083,asvspoof2019la,,none
data/processed/en_augmented/LA_T_3280870_aug.wav,en,spoof,tts,A04,LA_0092,asvspoof2019la,,rawboost
data/processed/en_augmented/LA_T_5809798_aug.wav,en,spoof,tts,A01,LA_0086,asvspoof2019la,,codec
data/processed/en_augmented/LA_T_2123366_aug.wav,en,bonafide,real,-,LA_0094,asvspoof2019la,,none
data/processed/en_augmented/LA_T_5989009_aug.wav,en,bonafide,real,-,LA_0094,asvspoof2019la,,rawboost
data/processed/en_augmented/LA_T_5061172_aug.wav,en,bonafide,real,-,LA_0088,asvspoof2019la,,rawboost
data/processed/en_augmented/LA_T_5050431_aug.wav,en,spoof,tts,A03,LA_0092,asvspoof2019la,,none
data/processed/en_augmented/LA_T_2245366_aug.wav,en,bonafide,real,-,LA_0088,asvspoof2019la,,rawboost+codec
data/processed/en_augmented/LA_T_4035112_aug.wav,en,bonafide,real,-,LA_0091,asvspoof2019la,,rawboost+codec
data/processed/en_augmented/LA_T_5331905_aug.wav,en,spoof,tts,A03,LA_0098,asvspoof2019la,,rawboost
data/processed/en_augmented/LA_T_7686559_aug.wav,en,bonafide,real,-,LA_0091,asvspoof2019la,,none
data/processed/en_augmented/LA_T_6390530_aug.wav,en,bonafide,real,-,LA_0086,asvspoof2019la,,rawboost+codec
data/processed/en_augmented/LA_T_1173157_aug.wav,en,spoof,vc,A05,LA_0090,asvspoof2019la,,rawboost
data/processed/en_augmented/LA_T_8062147_aug.wav,en,bonafide,real,-,LA_0090,asvspoof2019la,,none
data/processed/en_augmented/LA_T_7633686_aug.wav,en,bonafide,real,-,LA_0096,asvspoof2019la,,rawboost+codec
data/processed/en_augmented/LA_T_6416286_aug.wav,en,spoof,vc,A06,LA_0084,asvspoof2019la,,none
data/processed/en_augmented/LA_T_6692628_aug.wav,en,bonafide,real,-,LA_0092,asvspoof2019la,,rawboost
data/processed/en_augmented/LA_T_6650609_aug.wav,en,spoof,tts,A02,LA_0086,asvspoof2019la,,none
data/processed/en_augmented/LA_T_7027837_aug.wav,en,bonafide,real,-,LA_0096,asvspoof2019la,,codec
data/processed/en_augmented/LA_T_8367167_aug.wav,en,spoof,vc,A06,LA_0097,asvspoof2019la,,none
data/processed/en_augmented/LA_T_2457942_aug.wav,en,spoof,vc,A06,LA_0090,asvspoof2019la,,codec
data/processed/en_augmented/LA_T_9169770_aug.wav,en,bonafide,real,-,LA_0095,asvspoof2019la,,none
data/processed/en_augmented/LA_T_2866573_aug.wav,en,bonafide,real,-,LA_0096,asvspoof2019la,,rawboost+codec
data/processed/en_augmented/LA_T_4053835_aug.wav,en,bonafide,real,-,LA_0079,asvspoof2019la,,rawboost
data/processed/en_augmented/LA_T_3303309_aug.wav,en,spoof,tts,A01,LA_0093,asvspoof2019la,,none
data/processed/en_augmented/LA_T_1805431_aug.wav,en,spoof,tts,A04,LA_0093,asvspoof2019la,,rawboost
data/processed/en_augmented/LA_T_9574610_aug.wav,en,spoof,vc,A05,LA_0097,asvspoof2019la,,none
data/processed/en_augmented/LA_T_7230833_aug.wav,en,spoof,vc,A05,LA_0096,asvspoof2019la,,none
data/processed/en_augmented/LA_T_4614402_aug.wav,en,bonafide,real,-,LA_0086,asvspoof2019la,,rawboost+codec
data/processed/en_augmented/LA_T_4010121_aug.wav,en,spoof,tts,A04,LA_0098,asvspoof2019la,,codec
data/processed/en_augmented/LA_T_3831604_aug.wav,en,bonafide,real,-,LA_0085,asvspoof2019la,,rawboost+codec
data/processed/en_augmented/LA_T_8457081_aug.wav,en,spoof,tts,A03,LA_0091,asvspoof2019la,,rawboost
data/processed/en_augmented/LA_T_3580508_aug.wav,en,bonafide,real,-,LA_0079,asvspoof2019la,,rawboost+codec
data/processed/en_augmented/LA_T_7853091_aug.wav,en,spoof,vc,A05,LA_0088,asvspoof2019la,,codec
data/processed/en_augmented/LA_T_8914237_aug.wav,en,spoof,tts,A03,LA_0095,asvspoof2019la,,rawboost
data/processed/en_augmented/LA_T_2003699_aug.wav,en,bonafide,real,-,LA_0096,asvspoof2019la,,rawboost
data/processed/en_augmented/LA_T_3387144_aug.wav,en,spoof,tts,A01,LA_0086,asvspoof2019la,,rawboost
data/processed/en_augmented/LA_T_2634789_aug.wav,en,bonafide,real,-,LA_0081,asvspoof2019la,,rawboost
data/processed/en_augmented/LA_T_8334338_aug.wav,en,spoof,tts,A03,LA_0082,asvspoof2019la,,none
data/processed/en_augmented/LA_T_3400735_aug.wav,en,spoof,vc,A05,LA_0098,asvspoof2019la,,rawboost
data/processed/en_augmented/LA_T_2257126_aug.wav,en,bonafide,real,-,LA_0088,asvspoof2019la,,codec
data/processed/en_augmented/LA_T_8667111_aug.wav,en,spoof,vc,A06,LA_0083,asvspoof2019la,,rawboost
data/processed/en_augmented/LA_T_4330941_aug.wav,en,spoof,vc,A05,LA_0089,asvspoof2019la,,none
data/processed/en_augmented/LA_T_6434382_aug.wav,en,spoof,vc,A05,LA_0089,asvspoof2019la,,none
data/processed/en_augmented/LA_T_9362697_aug.wav,en,spoof,vc,A05,LA_0088,asvspoof2019la,,codec
data/processed/en_augmented/LA_T_5654988_aug.wav,en,bonafide,real,-,LA_0090,asvspoof2019la,,rawboost
data/processed/en_augmented/LA_T_8190614_aug.wav,en,spoof,tts,A03,LA_0083,asvspoof2019la,,none
data/processed/en_augmented/LA_T_2139401_aug.wav,en,bonafide,real,-,LA_0086,asvspoof2019la,,rawboost
data/processed/en_augmented/LA_T_9172266_aug.wav,en,spoof,vc,A05,LA_0086,asvspoof2019la,,rawboost
data/processed/en_augmented/LA_T_1459453_aug.wav,en,bonafide,real,-,LA_0097,asvspoof2019la,,rawboost+codec
data/processed/en_augmented/LA_T_1669827_aug.wav,en,bonafide,real,-,LA_0098,asvspoof2019la,,rawboost
data/processed/en_augmented/LA_T_8172146_aug.wav,en,bonafide,real,-,LA_0089,asvspoof2019la,,rawboost+codec
data/processed/en_augmented/LA_T_1302070_aug.wav,en,spoof,vc,A05,LA_0094,asvspoof2019la,,codec
data/processed/en_augmented/LA_T_5285752_aug.wav,en,spoof,vc,A06,LA_0082,asvspoof2019la,,none
data/processed/en_augmented/LA_T_5637214_aug.wav,en,bonafide,real,-,LA_0084,asvspoof2019la,,none
data/processed/en_augmented/LA_T_7156807_aug.wav,en,spoof,tts,A02,LA_0082,asvspoof2019la,,none
data/processed/en_augmented/LA_T_9431341_aug.wav,en,bonafide,real,-,LA_0079,asvspoof2019la,,rawboost+codec
data/processed/en_augmented/LA_T_7600593_aug.wav,en,spoof,vc,A05,LA_0094,asvspoof2019la,,rawboost+codec
data/processed/en_augmented/LA_T_8406833_aug.wav,en,bonafide,real,-,LA_0088,asvspoof2019la,,codec
data/processed/en_augmented/LA_T_5656942_aug.wav,en,bonafide,real,-,LA_0095,asvspoof2019la,,none
data/processed/en_augmented/LA_T_8196808_aug.wav,en,bonafide,real,-,LA_0084,asvspoof2019la,,rawboost+codec
data/processed/en_augmented/LA_T_7974459_aug.wav,en,bonafide,real,-,LA_0083,asvspoof2019la,,codec
data/processed/en_augmented/LA_T_1853533_aug.wav,en,bonafide,real,-,LA_0092,asvspoof2019la,,rawboost
data/processed/en_augmented/LA_T_5112094_aug.wav,en,bonafide,real,-,LA_0090,asvspoof2019la,,rawboost
data/processed/en_augmented/LA_T_4654973_aug.wav,en,bonafide,real,-,LA_0096,asvspoof2019la,,none
data/processed/en_augmented/LA_T_7045823_aug.wav,en,spoof,vc,A05,LA_0079,asvspoof2019la,,none
data/processed/en_augmented/LA_T_7090713_aug.wav,en,spoof,tts,A04,LA_0097,asvspoof2019la,,rawboost
data/processed/en_augmented/LA_T_3025335_aug.wav,en,bonafide,real,-,LA_0094,asvspoof2019la,,rawboost
data/processed/en_augmented/LA_T_3685864_aug.wav,en,spoof,vc,A05,LA_0086,asvspoof2019la,,none
data/processed/en_augmented/LA_T_3651643_aug.wav,en,spoof,vc,A06,LA_0095,asvspoof2019la,,none
data/processed/en_augmented/LA_T_5265204_aug.wav,en,bonafide,real,-,LA_0091,asvspoof2019la,,codec
data/processed/en_augmented/LA_T_1029184_aug.wav,en,bonafide,real,-,LA_0096,asvspoof2019la,,none
data/processed/en_augmented/LA_T_6708956_aug.wav,en,bonafide,real,-,LA_0087,asvspoof2019la,,rawboost
data/processed/en_augmented/LA_T_4955328_aug.wav,en,spoof,tts,A03,LA_0088,asvspoof2019la,,rawboost
data/processed/en_augmented/LA_T_7231267_aug.wav,en,spoof,vc,A05,LA_0093,asvspoof2019la,,none
data/processed/en_augmented/LA_T_3643851_aug.wav,en,bonafide,real,-,LA_0084,asvspoof2019la,,rawboost
data/processed/en_augmented/LA_T_8220892_aug.wav,en,bonafide,real,-,LA_0087,asvspoof2019la,,rawboost
data/processed/en_augmented/LA_T_7776792_aug.wav,en,bonafide,real,-,LA_0091,asvspoof2019la,,none
data/processed/en_augmented/LA_T_3919915_aug.wav,en,spoof,tts,A02,LA_0085,asvspoof2019la,,rawboost
data/processed/en_augmented/LA_T_6082136_aug.wav,en,bonafide,real,-,LA_0091,asvspoof2019la,,codec
data/processed/en_augmented/LA_T_1614978_aug.wav,en,spoof,vc,A05,LA_0082,asvspoof2019la,,rawboost+codec
data/processed/en_augmented/LA_T_8726287_aug.wav,en,bonafide,real,-,LA_0088,asvspoof2019la,,rawboost
data/processed/en_augmented/LA_T_2788845_aug.wav,en,spoof,tts,A02,LA_0091,asvspoof2019la,,none
data/processed/en_augmented/LA_T_3641391_aug.wav,en,spoof,tts,A02,LA_0093,asvspoof2019la,,rawboost+codec
data/processed/en_augmented/LA_T_2263368_aug.wav,en,spoof,tts,A04,LA_0090,asvspoof2019la,,none
data/processed/en_augmented/LA_T_4528153_aug.wav,en,spoof,vc,A06,LA_0096,asvspoof2019la,,codec
data/processed/en_augmented/LA_T_2601192_aug.wav,en,bonafide,real,-,LA_0091,asvspoof2019la,,rawboost
data/processed/en_augmented/LA_T_5812139_aug.wav,en,spoof,tts,A04,LA_0082,asvspoof2019la,,rawboost+codec
data/processed/en_augmented/LA_T_4198628_aug.wav,en,bonafide,real,-,LA_0082,asvspoof2019la,,none
data/processed/en_augmented/LA_T_9201803_aug.wav,en,spoof,tts,A01,LA_0088,asvspoof2019la,,codec
data/processed/en_augmented/LA_T_6136637_aug.wav,en,spoof,vc,A05,LA_0082,asvspoof2019la,,rawboost
data/processed/en_augmented/LA_T_8353042_aug.wav,en,bonafide,real,-,LA_0092,asvspoof2019la,,none
data/processed/en_augmented/LA_T_7289275_aug.wav,en,spoof,vc,A05,LA_0080,asvspoof2019la,,rawboost+codec
data/processed/en_augmented/LA_T_4260745_aug.wav,en,spoof,tts,A01,LA_0098,asvspoof2019la,,none
data/processed/en_augmented/LA_T_8025784_aug.wav,en,bonafide,real,-,LA_0081,asvspoof2019la,,rawboost
data/processed/en_augmented/LA_T_5140325_aug.wav,en,bonafide,real,-,LA_0084,asvspoof2019la,,codec
data/processed/en_augmented/LA_T_9321757_aug.wav,en,bonafide,real,-,LA_0093,asvspoof2019la,,rawboost
data/processed/en_augmented/LA_T_8585150_aug.wav,en,bonafide,real,-,LA_0098,asvspoof2019la,,rawboost
data/processed/en_augmented/LA_T_7061715_aug.wav,en,spoof,tts,A04,LA_0084,asvspoof2019la,,rawboost
data/processed/en_augmented/LA_T_2508565_aug.wav,en,bonafide,real,-,LA_0093,asvspoof2019la,,rawboost
data/processed/en_augmented/LA_T_7121055_aug.wav,en,bonafide,real,-,LA_0088,asvspoof2019la,,none
data/processed/en_augmented/LA_T_6982603_aug.wav,en,bonafide,real,-,LA_0084,asvspoof2019la,,codec
data/processed/en_augmented/LA_T_6370865_aug.wav,en,bonafide,real,-,LA_0079,asvspoof2019la,,rawboost
data/processed/en_augmented/LA_T_2866777_aug.wav,en,bonafide,real,-,LA_0081,asvspoof2019la,,rawboost
data/processed/en_augmented/LA_T_7013382_aug.wav,en,spoof,tts,A01,LA_0081,asvspoof2019la,,rawboost+codec
data/processed/en_augmented/LA_T_5123366_aug.wav,en,bonafide,real,-,LA_0081,asvspoof2019la,,rawboost+codec
data/processed/en_augmented/LA_T_3026804_aug.wav,en,bonafide,real,-,LA_0082,asvspoof2019la,,rawboost
data/processed/en_augmented/LA_T_9573761_aug.wav,en,spoof,tts,A01,LA_0084,asvspoof2019la,,codec
data/processed/en_augmented/LA_T_2023579_aug.wav,en,bonafide,real,-,LA_0095,asvspoof2019la,,none
data/processed/en_augmented/LA_T_3560086_aug.wav,en,bonafide,real,-,LA_0095,asvspoof2019la,,rawboost
data/processed/en_augmented/LA_T_9882639_aug.wav,en,bonafide,real,-,LA_0087,asvspoof2019la,,none
data/processed/en_augmented/LA_T_4898635_aug.wav,en,bonafide,real,-,LA_0087,asvspoof2019la,,rawboost
data/processed/en_augmented/LA_T_7447351_aug.wav,en,bonafide,real,-,LA_0096,asvspoof2019la,,none
data/processed/en_augmented/LA_T_5621485_aug.wav,en,spoof,tts,A04,LA_0095,asvspoof2019la,,rawboost+codec
data/processed/en_augmented/LA_T_1302542_aug.wav,en,bonafide,real,-,LA_0086,asvspoof2019la,,rawboost+codec
data/processed/en_augmented/LA_T_8400669_aug.wav,en,spoof,tts,A02,LA_0096,asvspoof2019la,,none
data/processed/en_augmented/LA_T_8430551_aug.wav,en,bonafide,real,-,LA_0089,asvspoof2019la,,rawboost+codec
data/processed/en_augmented/LA_T_4772321_aug.wav,en,bonafide,real,-,LA_0082,asvspoof2019la,,rawboost+codec
data/processed/en_augmented/LA_T_3707068_aug.wav,en,spoof,vc,A06,LA_0094,asvspoof2019la,,rawboost
data/processed/en_augmented/LA_T_6548465_aug.wav,en,spoof,tts,A01,LA_0086,asvspoof2019la,,none
data/processed/en_augmented/LA_T_7661468_aug.wav,en,bonafide,real,-,LA_0087,asvspoof2019la,,rawboost
data/processed/en_augmented/LA_T_6309338_aug.wav,en,spoof,tts,A02,LA_0088,asvspoof2019la,,none
data/processed/en_augmented/LA_T_6979136_aug.wav,en,spoof,vc,A06,LA_0092,asvspoof2019la,,rawboost+codec
data/processed/en_augmented/LA_T_8162915_aug.wav,en,bonafide,real,-,LA_0097,asvspoof2019la,,rawboost+codec
data/processed/en_augmented/LA_T_9329101_aug.wav,en,spoof,vc,A06,LA_0086,asvspoof2019la,,rawboost
data/processed/en_augmented/LA_T_1075302_aug.wav,en,bonafide,real,-,LA_0097,asvspoof2019la,,codec
data/processed/en_augmented/LA_T_1141342_aug.wav,en,bonafide,real,-,LA_0091,asvspoof2019la,,rawboost
data/processed/en_augmented/LA_T_4190244_aug.wav,en,spoof,vc,A06,LA_0086,asvspoof2019la,,rawboost+codec
data/processed/en_augmented/LA_T_5960681_aug.wav,en,bonafide,real,-,LA_0098,asvspoof2019la,,rawboost
data/processed/en_augmented/LA_T_1160090_aug.wav,en,bonafide,real,-,LA_0087,asvspoof2019la,,rawboost
data/processed/en_augmented/LA_T_7420442_aug.wav,en,spoof,vc,A06,LA_0093,asvspoof2019la,,none
data/processed/en_augmented/LA_T_8344139_aug.wav,en,bonafide,real,-,LA_0081,asvspoof2019la,,none
data/processed/en_augmented/LA_T_2973329_aug.wav,en,bonafide,real,-,LA_0098,asvspoof2019la,,none
data/processed/en_augmented/LA_T_6958535_aug.wav,en,bonafide,real,-,LA_0087,asvspoof2019la,,rawboost
data/processed/en_augmented/LA_T_2176887_aug.wav,en,spoof,tts,A04,LA_0082,asvspoof2019la,,none
data/processed/en_augmented/LA_T_4897828_aug.wav,en,spoof,tts,A04,LA_0092,asvspoof2019la,,rawboost+codec
data/processed/en_augmented/LA_T_7517332_aug.wav,en,spoof,vc,A06,LA_0097,asvspoof2019la,,codec
data/processed/en_augmented/LA_T_5879219_aug.wav,en,bonafide,real,-,LA_0095,asvspoof2019la,,rawboost
data/processed/en_augmented/LA_T_8107610_aug.wav,en,bonafide,real,-,LA_0095,asvspoof2019la,,rawboost
data/processed/en_augmented/LA_T_1038078_aug.wav,en,spoof,tts,A04,LA_0082,asvspoof2019la,,none
data/processed/en_augmented/LA_T_2816987_aug.wav,en,spoof,vc,A05,LA_0089,asvspoof2019la,,codec
data/processed/en_augmented/LA_T_4556831_aug.wav,en,spoof,vc,A05,LA_0086,asvspoof2019la,,none
data/processed/en_augmented/LA_T_7490764_aug.wav,en,bonafide,real,-,LA_0089,asvspoof2019la,,rawboost
data/processed/en_augmented/LA_T_3643681_aug.wav,en,bonafide,real,-,LA_0086,asvspoof2019la,,none
data/processed/en_augmented/LA_T_1269847_aug.wav,en,bonafide,real,-,LA_0083,asvspoof2019la,,rawboost
data/processed/en_augmented/LA_T_2215571_aug.wav,en,spoof,vc,A06,LA_0082,asvspoof2019la,,rawboost
data/processed/en_augmented/LA_T_6183805_aug.wav,en,spoof,vc,A06,LA_0092,asvspoof2019la,,rawboost
data/processed/en_augmented/LA_T_6144368_aug.wav,en,bonafide,real,-,LA_0089,asvspoof2019la,,none
data/processed/en_augmented/LA_T_6115983_aug.wav,en,spoof,tts,A04,LA_0086,asvspoof2019la,,none
data/processed/en_augmented/LA_T_3309337_aug.wav,en,spoof,vc,A06,LA_0083,asvspoof2019la,,none
data/processed/en_augmented/LA_T_2454697_aug.wav,en,bonafide,real,-,LA_0084,asvspoof2019la,,rawboost
data/processed/en_augmented/LA_T_6586285_aug.wav,en,spoof,vc,A06,LA_0085,asvspoof2019la,,none
data/processed/en_augmented/LA_T_3226167_aug.wav,en,bonafide,real,-,LA_0082,asvspoof2019la,,codec
data/processed/en_augmented/LA_T_7695454_aug.wav,en,spoof,vc,A06,LA_0089,asvspoof2019la,,rawboost+codec
data/processed/en_augmented/LA_T_7803296_aug.wav,en,spoof,tts,A01,LA_0083,asvspoof2019la,,rawboost
data/processed/en_augmented/LA_T_7595016_aug.wav,en,spoof,tts,A02,LA_0081,asvspoof2019la,,none
data/processed/en_augmented/LA_T_7136815_aug.wav,en,spoof,vc,A06,LA_0085,asvspoof2019la,,rawboost
data/processed/en_augmented/LA_T_4083004_aug.wav,en,spoof,tts,A04,LA_0089,asvspoof2019la,,rawboost
data/processed/en_augmented/LA_T_2901163_aug.wav,en,bonafide,real,-,LA_0094,asvspoof2019la,,none
data/processed/en_augmented/LA_T_6182049_aug.wav,en,spoof,vc,A05,LA_0085,asvspoof2019la,,none
data/processed/en_augmented/LA_T_8366918_aug.wav,en,spoof,tts,A01,LA_0086,asvspoof2019la,,none
data/processed/en_augmented/LA_T_3033649_aug.wav,en,spoof,vc,A05,LA_0087,asvspoof2019la,,rawboost
data/processed/en_augmented/LA_T_1395369_aug.wav,en,bonafide,real,-,LA_0094,asvspoof2019la,,rawboost+codec
data/processed/en_augmented/LA_T_7451856_aug.wav,en,spoof,tts,A02,LA_0096,asvspoof2019la,,none
data/processed/en_augmented/LA_T_6462285_aug.wav,en,bonafide,real,-,LA_0080,asvspoof2019la,,none
data/processed/en_augmented/LA_T_8323930_aug.wav,en,spoof,vc,A05,LA_0085,asvspoof2019la,,none
data/processed/en_augmented/LA_T_9043274_aug.wav,en,bonafide,real,-,LA_0085,asvspoof2019la,,none
data/processed/en_augmented/LA_T_9223743_aug.wav,en,bonafide,real,-,LA_0096,asvspoof2019la,,rawboost+codec
data/processed/en_augmented/LA_T_3110916_aug.wav,en,bonafide,real,-,LA_0091,asvspoof2019la,,none
data/processed/en_augmented/LA_T_6921964_aug.wav,en,spoof,vc,A06,LA_0085,asvspoof2019la,,rawboost
data/processed/en_augmented/LA_T_8758984_aug.wav,en,bonafide,real,-,LA_0090,asvspoof2019la,,rawboost+codec
data/processed/en_augmented/LA_T_4820938_aug.wav,en,bonafide,real,-,LA_0092,asvspoof2019la,,none
data/processed/en_augmented/LA_T_7514330_aug.wav,en,bonafide,real,-,LA_0087,asvspoof2019la,,none
data/processed/en_augmented/LA_T_2091969_aug.wav,en,bonafide,real,-,LA_0080,asvspoof2019la,,rawboost+codec
data/processed/en_augmented/LA_T_8804300_aug.wav,en,spoof,tts,A01,LA_0096,asvspoof2019la,,none
data/processed/en_augmented/LA_T_1878391_aug.wav,en,bonafide,real,-,LA_0084,asvspoof2019la,,none
data/processed/en_augmented/LA_T_7145903_aug.wav,en,bonafide,real,-,LA_0081,asvspoof2019la,,rawboost
data/processed/en_augmented/LA_T_2299372_aug.wav,en,bonafide,real,-,LA_0098,asvspoof2019la,,none
data/processed/en_augmented/LA_T_4107830_aug.wav,en,spoof,tts,A03,LA_0092,asvspoof2019la,,none
data/processed/en_augmented/LA_T_7800300_aug.wav,en,spoof,tts,A04,LA_0084,asvspoof2019la,,none
data/processed/en_augmented/LA_T_6999329_aug.wav,en,spoof,vc,A05,LA_0084,asvspoof2019la,,rawboost+codec
data/processed/en_augmented/LA_T_1142427_aug.wav,en,spoof,vc,A06,LA_0083,asvspoof2019la,,none
data/processed/en_augmented/LA_T_7521161_aug.wav,en,bonafide,real,-,LA_0098,asvspoof2019la,,rawboost
data/processed/en_augmented/LA_T_4972864_aug.wav,en,bonafide,real,-,LA_0087,asvspoof2019la,,rawboost
data/processed/en_augmented/LA_T_2366817_aug.wav,en,bonafide,real,-,LA_0085,asvspoof2019la,,none
data/processed/en_augmented/LA_T_2174946_aug.wav,en,spoof,vc,A05,LA_0089,asvspoof2019la,,none
data/processed/en_augmented/LA_T_7623796_aug.wav,en,spoof,vc,A06,LA_0092,asvspoof2019la,,codec
data/processed/en_augmented/LA_T_2810942_aug.wav,en,spoof,tts,A03,LA_0086,asvspoof2019la,,rawboost
data/processed/en_augmented/LA_T_5702967_aug.wav,en,spoof,vc,A06,LA_0097,asvspoof2019la,,codec
data/processed/en_augmented/LA_T_9663413_aug.wav,en,spoof,tts,A03,LA_0092,asvspoof2019la,,none
data/processed/en_augmented/LA_T_9190599_aug.wav,en,bonafide,real,-,LA_0085,asvspoof2019la,,none
data/processed/en_augmented/LA_T_8853344_aug.wav,en,bonafide,real,-,LA_0085,asvspoof2019la,,rawboost+codec
data/processed/en_augmented/LA_T_7288960_aug.wav,en,bonafide,real,-,LA_0087,asvspoof2019la,,codec
data/processed/en_augmented/LA_T_6371068_aug.wav,en,bonafide,real,-,LA_0083,asvspoof2019la,,rawboost
data/processed/en_augmented/LA_T_8208951_aug.wav,en,bonafide,real,-,LA_0096,asvspoof2019la,,rawboost+codec
data/processed/en_augmented/LA_T_8052308_aug.wav,en,bonafide,real,-,LA_0084,asvspoof2019la,,rawboost
data/processed/en_augmented/LA_T_3127267_aug.wav,en,bonafide,real,-,LA_0085,asvspoof2019la,,codec
data/processed/en_augmented/LA_T_8007489_aug.wav,en,bonafide,real,-,LA_0084,asvspoof2019la,,rawboost+codec
data/processed/en_augmented/LA_T_6059767_aug.wav,en,bonafide,real,-,LA_0092,asvspoof2019la,,rawboost
data/processed/en_augmented/LA_T_8428084_aug.wav,en,spoof,vc,A06,LA_0097,asvspoof2019la,,codec
data/processed/en_augmented/LA_T_9884977_aug.wav,en,spoof,vc,A06,LA_0093,asvspoof2019la,,rawboost
data/processed/en_augmented/LA_T_7661929_aug.wav,en,spoof,vc,A05,LA_0098,asvspoof2019la,,rawboost
data/processed/en_augmented/LA_T_1107670_aug.wav,en,spoof,vc,A06,LA_0084,asvspoof2019la,,rawboost+codec
data/processed/en_augmented/LA_T_9990362_aug.wav,en,spoof,tts,A02,LA_0094,asvspoof2019la,,none
data/processed/en_augmented/LA_T_1642895_aug.wav,en,spoof,tts,A03,LA_0097,asvspoof2019la,,none
data/processed/en_augmented/LA_T_3367155_aug.wav,en,spoof,tts,A01,LA_0084,asvspoof2019la,,rawboost
data/processed/en_augmented/LA_T_2745780_aug.wav,en,bonafide,real,-,LA_0098,asvspoof2019la,,none
data/processed/en_augmented/LA_T_8010580_aug.wav,en,spoof,tts,A03,LA_0092,asvspoof2019la,,none
data/processed/en_augmented/LA_T_7046940_aug.wav,en,spoof,tts,A03,LA_0085,asvspoof2019la,,rawboost
data/processed/en_augmented/LA_T_5885327_aug.wav,en,spoof,tts,A04,LA_0095,asvspoof2019la,,codec
data/processed/en_augmented/LA_T_5095808_aug.wav,en,spoof,tts,A02,LA_0082,asvspoof2019la,,rawboost
data/processed/en_augmented/LA_T_9793995_aug.wav,en,bonafide,real,-,LA_0088,asvspoof2019la,,none
data/processed/en_augmented/LA_T_3533946_aug.wav,en,bonafide,real,-,LA_0091,asvspoof2019la,,codec
data/processed/en_augmented/LA_T_9944200_aug.wav,en,bonafide,real,-,LA_0085,asvspoof2019la,,none
data/processed/en_augmented/LA_T_2880914_aug.wav,en,spoof,vc,A06,LA_0093,asvspoof2019la,,none
data/processed/en_augmented/LA_T_5475184_aug.wav,en,spoof,tts,A03,LA_0088,asvspoof2019la,,none
data/processed/en_augmented/LA_T_6161587_aug.wav,en,spoof,vc,A06,LA_0084,asvspoof2019la,,none
data/processed/en_augmented/LA_T_8130582_aug.wav,en,spoof,tts,A03,LA_0083,asvspoof2019la,,none
data/processed/en_augmented/LA_T_3340235_aug.wav,en,bonafide,real,-,LA_0092,asvspoof2019la,,none
data/processed/en_augmented/LA_T_1678844_aug.wav,en,bonafide,real,-,LA_0083,asvspoof2019la,,none
data/processed/en_augmented/LA_T_2214399_aug.wav,en,spoof,vc,A05,LA_0095,asvspoof2019la,,none
data/processed/en_augmented/LA_T_8899946_aug.wav,en,spoof,vc,A05,LA_0094,asvspoof2019la,,rawboost+codec
data/processed/en_augmented/LA_T_1628209_aug.wav,en,spoof,vc,A06,LA_0088,asvspoof2019la,,rawboost
data/processed/en_augmented/LA_T_7677120_aug.wav,en,bonafide,real,-,LA_0079,asvspoof2019la,,rawboost
data/processed/en_augmented/LA_T_7057601_aug.wav,en,spoof,vc,A06,LA_0087,asvspoof2019la,,rawboost
data/processed/en_augmented/LA_T_1399792_aug.wav,en,spoof,vc,A06,LA_0096,asvspoof2019la,,rawboost
data/processed/en_augmented/LA_T_1581637_aug.wav,en,spoof,vc,A05,LA_0087,asvspoof2019la,,rawboost
data/processed/en_augmented/LA_T_6152543_aug.wav,en,spoof,vc,A06,LA_0096,asvspoof2019la,,none
data/processed/en_augmented/LA_T_7785251_aug.wav,en,bonafide,real,-,LA_0096,asvspoof2019la,,none
data/processed/en_augmented/LA_T_9951511_aug.wav,en,bonafide,real,-,LA_0091,asvspoof2019la,,rawboost
data/processed/en_augmented/LA_T_2993376_aug.wav,en,bonafide,real,-,LA_0089,asvspoof2019la,,rawboost
data/processed/en_augmented/LA_T_6470867_aug.wav,en,bonafide,real,-,LA_0093,asvspoof2019la,,rawboost+codec
data/processed/en_augmented/LA_T_1831818_aug.wav,en,bonafide,real,-,LA_0084,asvspoof2019la,,rawboost+codec
data/processed/en_augmented/LA_T_1001718_aug.wav,en,spoof,tts,A01,LA_0098,asvspoof2019la,,none
data/processed/en_augmented/LA_T_2888246_aug.wav,en,bonafide,real,-,LA_0081,asvspoof2019la,,codec
data/processed/en_augmented/LA_T_6577656_aug.wav,en,spoof,tts,A02,LA_0097,asvspoof2019la,,codec
data/processed/en_augmented/LA_T_2193666_aug.wav,en,bonafide,real,-,LA_0092,asvspoof2019la,,rawboost
data/processed/en_augmented/LA_T_1926066_aug.wav,en,bonafide,real,-,LA_0093,asvspoof2019la,,none
data/processed/en_augmented/LA_T_7698485_aug.wav,en,bonafide,real,-,LA_0092,asvspoof2019la,,none
data/processed/en_augmented/LA_T_4369654_aug.wav,en,bonafide,real,-,LA_0080,asvspoof2019la,,none
data/processed/en_augmented/LA_T_8098268_aug.wav,en,spoof,vc,A06,LA_0098,asvspoof2019la,,none
data/processed/en_augmented/LA_T_5011936_aug.wav,en,bonafide,real,-,LA_0095,asvspoof2019la,,codec
data/processed/en_augmented/LA_T_5119283_aug.wav,en,spoof,vc,A05,LA_0080,asvspoof2019la,,none
data/processed/en_augmented/LA_T_7143060_aug.wav,en,bonafide,real,-,LA_0094,asvspoof2019la,,codec
data/processed/en_augmented/LA_T_5686628_aug.wav,en,spoof,vc,A06,LA_0093,asvspoof2019la,,rawboost
data/processed/en_augmented/LA_T_2596154_aug.wav,en,spoof,tts,A04,LA_0091,asvspoof2019la,,none
data/processed/en_augmented/LA_T_9365550_aug.wav,en,spoof,tts,A03,LA_0093,asvspoof2019la,,codec
data/processed/en_augmented/LA_T_9328148_aug.wav,en,spoof,tts,A03,LA_0085,asvspoof2019la,,rawboost+codec
data/processed/en_augmented/LA_T_7722062_aug.wav,en,spoof,tts,A01,LA_0093,asvspoof2019la,,rawboost
data/processed/en_augmented/LA_T_2284275_aug.wav,en,bonafide,real,-,LA_0096,asvspoof2019la,,none
data/processed/en_augmented/LA_T_9527200_aug.wav,en,bonafide,real,-,LA_0095,asvspoof2019la,,none
data/processed/en_augmented/LA_T_7848595_aug.wav,en,bonafide,real,-,LA_0081,asvspoof2019la,,rawboost
data/processed/en_augmented/LA_T_7301103_aug.wav,en,bonafide,real,-,LA_0086,asvspoof2019la,,none
data/processed/en_augmented/LA_T_9829666_aug.wav,en,spoof,tts,A03,LA_0086,asvspoof2019la,,rawboost
data/processed/en_augmented/LA_T_1499248_aug.wav,en,spoof,vc,A05,LA_0079,asvspoof2019la,,none
data/processed/en_augmented/LA_T_3176879_aug.wav,en,bonafide,real,-,LA_0094,asvspoof2019la,,none
data/processed/en_augmented/LA_T_6539819_aug.wav,en,spoof,vc,A05,LA_0081,asvspoof2019la,,none
data/processed/en_augmented/LA_T_1214022_aug.wav,en,spoof,vc,A06,LA_0081,asvspoof2019la,,codec
data/processed/en_augmented/LA_T_3679834_aug.wav,en,spoof,vc,A05,LA_0088,asvspoof2019la,,rawboost
data/processed/en_augmented/LA_T_3707104_aug.wav,en,bonafide,real,-,LA_0091,asvspoof2019la,,rawboost
data/processed/en_augmented/LA_T_5439165_aug.wav,en,spoof,vc,A05,LA_0083,asvspoof2019la,,none
data/processed/en_augmented/LA_T_2841157_aug.wav,en,bonafide,real,-,LA_0097,asvspoof2019la,,none
data/processed/en_augmented/LA_T_7022615_aug.wav,en,bonafide,real,-,LA_0097,asvspoof2019la,,none
data/processed/en_augmented/LA_T_9133356_aug.wav,en,bonafide,real,-,LA_0087,asvspoof2019la,,rawboost
data/processed/en_augmented/LA_T_9048990_aug.wav,en,bonafide,real,-,LA_0092,asvspoof2019la,,rawboost
data/processed/en_augmented/LA_T_2270118_aug.wav,en,spoof,vc,A06,LA_0094,asvspoof2019la,,codec
data/processed/en_augmented/LA_T_1653822_aug.wav,en,spoof,vc,A05,LA_0085,asvspoof2019la,,rawboost+codec
data/processed/en_augmented/LA_T_2361518_aug.wav,en,bonafide,real,-,LA_0085,asvspoof2019la,,codec
data/processed/en_augmented/LA_T_1152394_aug.wav,en,bonafide,real,-,LA_0096,asvspoof2019la,,none
data/processed/en_augmented/LA_T_9670904_aug.wav,en,bonafide,real,-,LA_0094,asvspoof2019la,,codec
data/processed/en_augmented/LA_T_9901878_aug.wav,en,bonafide,real,-,LA_0097,asvspoof2019la,,rawboost
data/processed/en_augmented/LA_T_8566553_aug.wav,en,bonafide,real,-,LA_0092,asvspoof2019la,,none
data/processed/en_augmented/LA_T_1358658_aug.wav,en,spoof,vc,A06,LA_0089,asvspoof2019la,,none
data/processed/en_augmented/LA_T_8415843_aug.wav,en,bonafide,real,-,LA_0085,asvspoof2019la,,rawboost
data/processed/en_augmented/LA_T_7015040_aug.wav,en,spoof,vc,A05,LA_0088,asvspoof2019la,,rawboost+codec
data/processed/en_augmented/LA_T_6435400_aug.wav,en,spoof,tts,A03,LA_0091,asvspoof2019la,,rawboost+codec
data/processed/en_augmented/LA_T_9910541_aug.wav,en,spoof,tts,A02,LA_0094,asvspoof2019la,,none
data/processed/en_augmented/LA_T_2043279_aug.wav,en,bonafide,real,-,LA_0082,asvspoof2019la,,codec
data/processed/en_augmented/LA_T_3579841_aug.wav,en,bonafide,real,-,LA_0095,asvspoof2019la,,rawboost
data/processed/en_augmented/LA_T_3076054_aug.wav,en,bonafide,real,-,LA_0095,asvspoof2019la,,codec
data/processed/en_augmented/LA_T_6978009_aug.wav,en,bonafide,real,-,LA_0084,asvspoof2019la,,none
data/processed/en_augmented/LA_T_5417170_aug.wav,en,bonafide,real,-,LA_0091,asvspoof2019la,,rawboost+codec
data/processed/en_augmented/LA_T_8847275_aug.wav,en,bonafide,real,-,LA_0094,asvspoof2019la,,none
data/processed/en_augmented/LA_T_2035811_aug.wav,en,spoof,vc,A05,LA_0083,asvspoof2019la,,none
data/processed/en_augmented/LA_T_9333003_aug.wav,en,bonafide,real,-,LA_0098,asvspoof2019la,,codec
data/processed/en_augmented/LA_T_6625610_aug.wav,en,spoof,vc,A06,LA_0092,asvspoof2019la,,rawboost
data/processed/en_augmented/LA_T_2474244_aug.wav,en,bonafide,real,-,LA_0084,asvspoof2019la,,rawboost
data/processed/en_augmented/LA_T_1115054_aug.wav,en,spoof,tts,A01,LA_0094,asvspoof2019la,,none
data/processed/en_augmented/LA_T_2198160_aug.wav,en,spoof,tts,A03,LA_0091,asvspoof2019la,,rawboost+codec
data/processed/en_augmented/LA_T_5360887_aug.wav,en,bonafide,real,-,LA_0091,asvspoof2019la,,codec
data/processed/en_augmented/LA_T_8324598_aug.wav,en,bonafide,real,-,LA_0079,asvspoof2019la,,codec
data/processed/en_augmented/LA_T_7326260_aug.wav,en,spoof,vc,A05,LA_0079,asvspoof2019la,,none
data/processed/en_augmented/LA_T_1886741_aug.wav,en,spoof,vc,A05,LA_0088,asvspoof2019la,,rawboost
data/processed/en_augmented/LA_T_4647642_aug.wav,en,spoof,tts,A01,LA_0093,asvspoof2019la,,rawboost
data/processed/en_augmented/LA_T_6631167_aug.wav,en,bonafide,real,-,LA_0080,asvspoof2019la,,rawboost
data/processed/en_augmented/LA_T_8841743_aug.wav,en,spoof,vc,A06,LA_0083,asvspoof2019la,,none
data/processed/en_augmented/LA_T_7164354_aug.wav,en,spoof,tts,A01,LA_0086,asvspoof2019la,,none
data/processed/en_augmented/LA_T_7034015_aug.wav,en,spoof,vc,A05,LA_0096,asvspoof2019la,,none
data/processed/en_augmented/LA_T_2089894_aug.wav,en,bonafide,real,-,LA_0092,asvspoof2019la,,none
data/processed/en_augmented/LA_T_9478659_aug.wav,en,bonafide,real,-,LA_0080,asvspoof2019la,,none
data/processed/en_augmented/LA_T_2135722_aug.wav,en,spoof,vc,A06,LA_0092,asvspoof2019la,,rawboost
data/processed/en_augmented/LA_T_8209686_aug.wav,en,bonafide,real,-,LA_0085,asvspoof2019la,,none
data/processed/en_augmented/LA_T_2468992_aug.wav,en,spoof,tts,A01,LA_0081,asvspoof2019la,,codec
data/processed/en_augmented/LA_T_8479323_aug.wav,en,spoof,tts,A01,LA_0094,asvspoof2019la,,codec
data/processed/en_augmented/LA_T_3247389_aug.wav,en,bonafide,real,-,LA_0079,asvspoof2019la,,rawboost
data/processed/en_augmented/LA_T_4281685_aug.wav,en,spoof,tts,A04,LA_0092,asvspoof2019la,,none
data/processed/en_augmented/LA_T_7714858_aug.wav,en,spoof,tts,A02,LA_0096,asvspoof2019la,,none
data/processed/en_augmented/LA_T_7303315_aug.wav,en,bonafide,real,-,LA_0089,asvspoof2019la,,rawboost
data/processed/en_augmented/LA_T_9630296_aug.wav,en,spoof,tts,A04,LA_0087,asvspoof2019la,,rawboost
data/processed/en_augmented/LA_T_4916447_aug.wav,en,spoof,vc,A05,LA_0097,asvspoof2019la,,codec
data/processed/en_augmented/LA_T_5769708_aug.wav,en,spoof,vc,A06,LA_0093,asvspoof2019la,,codec
data/processed/en_augmented/LA_T_9534983_aug.wav,en,bonafide,real,-,LA_0079,asvspoof2019la,,rawboost+codec
data/processed/en_augmented/LA_T_3141223_aug.wav,en,bonafide,real,-,LA_0079,asvspoof2019la,,rawboost
data/processed/en_augmented/LA_T_6993201_aug.wav,en,bonafide,real,-,LA_0087,asvspoof2019la,,codec
data/processed/en_augmented/LA_T_9447463_aug.wav,en,bonafide,real,-,LA_0086,asvspoof2019la,,none
data/processed/en_augmented/LA_T_2706454_aug.wav,en,spoof,tts,A02,LA_0093,asvspoof2019la,,codec
data/processed/en_augmented/LA_T_1661773_aug.wav,en,bonafide,real,-,LA_0089,asvspoof2019la,,codec
data/processed/en_augmented/LA_T_1933336_aug.wav,en,bonafide,real,-,LA_0097,asvspoof2019la,,rawboost
data/processed/en_augmented/LA_T_8867970_aug.wav,en,spoof,vc,A05,LA_0081,asvspoof2019la,,rawboost
data/processed/en_augmented/LA_T_8211262_aug.wav,en,bonafide,real,-,LA_0088,asvspoof2019la,,rawboost+codec
data/processed/en_augmented/LA_T_7897302_aug.wav,en,spoof,vc,A05,LA_0097,asvspoof2019la,,codec
data/processed/en_augmented/LA_T_3751646_aug.wav,en,bonafide,real,-,LA_0098,asvspoof2019la,,none
data/processed/en_augmented/LA_T_4959938_aug.wav,en,spoof,tts,A03,LA_0079,asvspoof2019la,,rawboost
data/processed/en_augmented/LA_T_1369550_aug.wav,en,spoof,vc,A05,LA_0091,asvspoof2019la,,codec
data/processed/en_augmented/LA_T_9854555_aug.wav,en,spoof,tts,A02,LA_0092,asvspoof2019la,,codec
data/processed/en_augmented/LA_T_1162918_aug.wav,en,spoof,vc,A05,LA_0093,asvspoof2019la,,rawboost
data/processed/en_augmented/LA_T_7485887_aug.wav,en,spoof,tts,A01,LA_0089,asvspoof2019la,,rawboost+codec
data/processed/en_augmented/LA_T_6119283_aug.wav,en,bonafide,real,-,LA_0087,asvspoof2019la,,rawboost
data/processed/en_augmented/LA_T_5322386_aug.wav,en,bonafide,real,-,LA_0097,asvspoof2019la,,rawboost+codec
data/processed/en_augmented/LA_T_8362890_aug.wav,en,spoof,vc,A05,LA_0090,asvspoof2019la,,none
data/processed/en_augmented/LA_T_9701712_aug.wav,en,bonafide,real,-,LA_0079,asvspoof2019la,,codec
data/processed/en_augmented/LA_T_4383926_aug.wav,en,spoof,tts,A03,LA_0096,asvspoof2019la,,none
data/processed/en_augmented/LA_T_9801288_aug.wav,en,spoof,tts,A03,LA_0094,asvspoof2019la,,rawboost
data/processed/en_augmented/LA_T_1620045_aug.wav,en,spoof,vc,A06,LA_0089,asvspoof2019la,,rawboost
data/processed/en_augmented/LA_T_4051081_aug.wav,en,spoof,vc,A06,LA_0088,asvspoof2019la,,rawboost+codec
data/processed/en_augmented/LA_T_6839158_aug.wav,en,bonafide,real,-,LA_0089,asvspoof2019la,,none
data/processed/en_augmented/LA_T_9543922_aug.wav,en,bonafide,real,-,LA_0079,asvspoof2019la,,rawboost
data/processed/en_augmented/LA_T_4319970_aug.wav,en,spoof,vc,A05,LA_0098,asvspoof2019la,,rawboost
data/processed/en_augmented/LA_T_4682760_aug.wav,en,spoof,vc,A06,LA_0088,asvspoof2019la,,none
data/processed/en_augmented/LA_T_2126037_aug.wav,en,spoof,tts,A03,LA_0098,asvspoof2019la,,none
data/processed/en_augmented/LA_T_7214815_aug.wav,en,spoof,tts,A04,LA_0097,asvspoof2019la,,none
data/processed/en_augmented/LA_T_2301911_aug.wav,en,spoof,tts,A01,LA_0089,asvspoof2019la,,rawboost+codec
data/processed/en_augmented/LA_T_9265464_aug.wav,en,spoof,vc,A06,LA_0093,asvspoof2019la,,none
data/processed/en_augmented/LA_T_5374473_aug.wav,en,bonafide,real,-,LA_0091,asvspoof2019la,,none
data/processed/en_augmented/LA_T_6051217_aug.wav,en,spoof,tts,A03,LA_0082,asvspoof2019la,,codec
data/processed/en_augmented/LA_T_2081059_aug.wav,en,spoof,tts,A02,LA_0089,asvspoof2019la,,rawboost+codec
data/processed/en_augmented/LA_T_5521272_aug.wav,en,bonafide,real,-,LA_0079,asvspoof2019la,,none
data/processed/en_augmented/LA_T_3506181_aug.wav,en,spoof,tts,A03,LA_0093,asvspoof2019la,,rawboost
data/processed/en_augmented/LA_T_4940666_aug.wav,en,bonafide,real,-,LA_0082,asvspoof2019la,,rawboost
data/processed/en_augmented/LA_T_5621967_aug.wav,en,bonafide,real,-,LA_0095,asvspoof2019la,,none
data/processed/en_augmented/LA_T_8703036_aug.wav,en,spoof,vc,A06,LA_0079,asvspoof2019la,,rawboost
data/processed/en_augmented/LA_T_6328130_aug.wav,en,bonafide,real,-,LA_0080,asvspoof2019la,,rawboost
data/processed/en_augmented/LA_T_1888223_aug.wav,en,bonafide,real,-,LA_0081,asvspoof2019la,,rawboost
data/processed/en_augmented/LA_T_6485102_aug.wav,en,spoof,vc,A05,LA_0087,asvspoof2019la,,rawboost
data/processed/en_augmented/LA_T_9573877_aug.wav,en,bonafide,real,-,LA_0089,asvspoof2019la,,none
data/processed/en_augmented/LA_T_4635542_aug.wav,en,bonafide,real,-,LA_0093,asvspoof2019la,,rawboost+codec
data/processed/en_augmented/LA_T_5010828_aug.wav,en,bonafide,real,-,LA_0093,asvspoof2019la,,rawboost
data/processed/en_augmented/LA_T_6841490_aug.wav,en,spoof,vc,A05,LA_0082,asvspoof2019la,,rawboost+codec
data/processed/en_augmented/LA_T_8419320_aug.wav,en,spoof,vc,A05,LA_0090,asvspoof2019la,,rawboost
data/processed/en_augmented/LA_T_6277993_aug.wav,en,bonafide,real,-,LA_0094,asvspoof2019la,,codec
data/processed/en_augmented/LA_T_7953863_aug.wav,en,bonafide,real,-,LA_0090,asvspoof2019la,,rawboost+codec
data/processed/en_augmented/LA_T_4684802_aug.wav,en,bonafide,real,-,LA_0081,asvspoof2019la,,codec
data/processed/en_augmented/LA_T_8925615_aug.wav,en,bonafide,real,-,LA_0096,asvspoof2019la,,none
data/processed/en_augmented/LA_T_3365001_aug.wav,en,bonafide,real,-,LA_0085,asvspoof2019la,,none
data/processed/en_augmented/LA_T_5248590_aug.wav,en,spoof,tts,A01,LA_0090,asvspoof2019la,,none
data/processed/en_augmented/LA_T_6047823_aug.wav,en,spoof,vc,A05,LA_0081,asvspoof2019la,,none
data/processed/en_augmented/LA_T_8049822_aug.wav,en,bonafide,real,-,LA_0083,asvspoof2019la,,none
data/processed/en_augmented/LA_T_2675422_aug.wav,en,bonafide,real,-,LA_0082,asvspoof2019la,,none
data/processed/en_augmented/LA_T_8861285_aug.wav,en,spoof,tts,A03,LA_0098,asvspoof2019la,,rawboost
data/processed/en_augmented/LA_T_6520320_aug.wav,en,spoof,vc,A06,LA_0085,asvspoof2019la,,none
data/processed/en_augmented/LA_T_4825294_aug.wav,en,bonafide,real,-,LA_0095,asvspoof2019la,,rawboost
data/processed/en_augmented/LA_T_4246220_aug.wav,en,spoof,vc,A05,LA_0080,asvspoof2019la,,rawboost+codec
data/processed/en_augmented/LA_T_4546797_aug.wav,en,bonafide,real,-,LA_0086,asvspoof2019la,,none
data/processed/en_augmented/LA_T_6789290_aug.wav,en,bonafide,real,-,LA_0085,asvspoof2019la,,rawboost
data/processed/en_augmented/LA_T_3744266_aug.wav,en,spoof,vc,A05,LA_0081,asvspoof2019la,,codec
data/processed/en_augmented/LA_T_3754709_aug.wav,en,spoof,vc,A05,LA_0082,asvspoof2019la,,rawboost
data/processed/en_augmented/LA_T_2534579_aug.wav,en,bonafide,real,-,LA_0093,asvspoof2019la,,none
data/processed/en_augmented/LA_T_6627269_aug.wav,en,bonafide,real,-,LA_0087,asvspoof2019la,,rawboost
data/processed/en_augmented/LA_T_5400219_aug.wav,en,bonafide,real,-,LA_0093,asvspoof2019la,,rawboost+codec
data/processed/en_augmented/LA_T_4405087_aug.wav,en,spoof,vc,A05,LA_0086,asvspoof2019la,,rawboost
data/processed/en_augmented/LA_T_5065822_aug.wav,en,bonafide,real,-,LA_0092,asvspoof2019la,,none
data/processed/en_augmented/LA_T_2642014_aug.wav,en,bonafide,real,-,LA_0096,asvspoof2019la,,rawboost
data/processed/en_augmented/LA_T_7593116_aug.wav,en,bonafide,real,-,LA_0095,asvspoof2019la,,rawboost
data/processed/en_augmented/LA_T_1424186_aug.wav,en,spoof,tts,A02,LA_0081,asvspoof2019la,,rawboost+codec
data/processed/en_augmented/LA_T_7201521_aug.wav,en,bonafide,real,-,LA_0080,asvspoof2019la,,rawboost
data/processed/en_augmented/LA_T_8721428_aug.wav,en,bonafide,real,-,LA_0080,asvspoof2019la,,none
data/processed/en_augmented/LA_T_9108411_aug.wav,en,bonafide,real,-,LA_0090,asvspoof2019la,,none
data/processed/en_augmented/LA_T_4558205_aug.wav,en,spoof,tts,A04,LA_0082,asvspoof2019la,,rawboost
data/processed/en_augmented/LA_T_6751630_aug.wav,en,spoof,tts,A04,LA_0095,asvspoof2019la,,rawboost+codec
data/processed/en_augmented/LA_T_3178062_aug.wav,en,spoof,vc,A05,LA_0085,asvspoof2019la,,none
data/processed/en_augmented/LA_T_9994911_aug.wav,en,spoof,tts,A02,LA_0080,asvspoof2019la,,none
data/processed/en_augmented/LA_T_6524013_aug.wav,en,bonafide,real,-,LA_0084,asvspoof2019la,,none
data/processed/en_augmented/LA_T_5093385_aug.wav,en,spoof,tts,A04,LA_0079,asvspoof2019la,,rawboost+codec
data/processed/en_augmented/LA_T_2383150_aug.wav,en,spoof,tts,A03,LA_0094,asvspoof2019la,,rawboost
data/processed/en_augmented/LA_T_8273340_aug.wav,en,bonafide,real,-,LA_0092,asvspoof2019la,,rawboost+codec
data/processed/en_augmented/LA_T_6069668_aug.wav,en,spoof,vc,A05,LA_0092,asvspoof2019la,,rawboost
data/processed/en_augmented/LA_T_3545264_aug.wav,en,bonafide,real,-,LA_0094,asvspoof2019la,,none
data/processed/en_augmented/LA_T_6020393_aug.wav,en,spoof,tts,A02,LA_0082,asvspoof2019la,,none
data/processed/en_augmented/LA_T_6290647_aug.wav,en,bonafide,real,-,LA_0085,asvspoof2019la,,none
data/processed/en_augmented/LA_T_1302087_aug.wav,en,bonafide,real,-,LA_0085,asvspoof2019la,,rawboost+codec
data/processed/en_augmented/LA_T_2300161_aug.wav,en,spoof,tts,A04,LA_0087,asvspoof2019la,,none
data/processed/en_augmented/LA_T_7786868_aug.wav,en,bonafide,real,-,LA_0084,asvspoof2019la,,rawboost+codec
data/processed/en_augmented/LA_T_1946144_aug.wav,en,bonafide,real,-,LA_0091,asvspoof2019la,,rawboost
data/processed/en_augmented/LA_T_2564579_aug.wav,en,bonafide,real,-,LA_0079,asvspoof2019la,,codec
data/processed/en_augmented/LA_T_4481879_aug.wav,en,bonafide,real,-,LA_0082,asvspoof2019la,,none
data/processed/en_augmented/LA_T_8421122_aug.wav,en,bonafide,real,-,LA_0080,asvspoof2019la,,codec
data/processed/en_augmented/LA_T_9923341_aug.wav,en,bonafide,real,-,LA_0083,asvspoof2019la,,rawboost+codec
data/processed/en_augmented/LA_T_4840741_aug.wav,en,spoof,tts,A02,LA_0095,asvspoof2019la,,rawboost
data/processed/en_augmented/LA_T_5191628_aug.wav,en,spoof,vc,A05,LA_0093,asvspoof2019la,,none
data/processed/en_augmented/LA_T_6756969_aug.wav,en,bonafide,real,-,LA_0087,asvspoof2019la,,none
data/processed/en_augmented/LA_T_4108965_aug.wav,en,spoof,tts,A01,LA_0091,asvspoof2019la,,none
data/processed/en_augmented/LA_T_9340900_aug.wav,en,spoof,tts,A04,LA_0090,asvspoof2019la,,rawboost
data/processed/en_augmented/LA_T_8819733_aug.wav,en,spoof,tts,A02,LA_0091,asvspoof2019la,,none
data/processed/en_augmented/LA_T_2911754_aug.wav,en,spoof,vc,A06,LA_0096,asvspoof2019la,,none
data/processed/en_augmented/LA_T_1651877_aug.wav,en,bonafide,real,-,LA_0080,asvspoof2019la,,rawboost
data/processed/en_augmented/LA_T_3059635_aug.wav,en,bonafide,real,-,LA_0083,asvspoof2019la,,none
data/processed/en_augmented/LA_T_1955701_aug.wav,en,spoof,tts,A03,LA_0087,asvspoof2019la,,rawboost+codec
data/processed/en_augmented/LA_T_8289751_aug.wav,en,bonafide,real,-,LA_0091,asvspoof2019la,,rawboost
data/processed/en_augmented/LA_T_6936229_aug.wav,en,bonafide,real,-,LA_0097,asvspoof2019la,,rawboost
data/processed/en_augmented/LA_T_6903114_aug.wav,en,bonafide,real,-,LA_0093,asvspoof2019la,,none
data/processed/en_augmented/LA_T_7210891_aug.wav,en,spoof,tts,A03,LA_0096,asvspoof2019la,,rawboost
data/processed/en_augmented/LA_T_2784316_aug.wav,en,spoof,tts,A03,LA_0080,asvspoof2019la,,rawboost
data/processed/en_augmented/LA_T_3279226_aug.wav,en,spoof,tts,A01,LA_0086,asvspoof2019la,,rawboost
data/processed/en_augmented/LA_T_2100932_aug.wav,en,bonafide,real,-,LA_0097,asvspoof2019la,,rawboost+codec
data/processed/en_augmented/LA_T_6050095_aug.wav,en,spoof,vc,A06,LA_0087,asvspoof2019la,,codec
data/processed/en_augmented/LA_T_4678305_aug.wav,en,bonafide,real,-,LA_0098,asvspoof2019la,,rawboost
data/processed/en_augmented/LA_T_8512706_aug.wav,en,bonafide,real,-,LA_0097,asvspoof2019la,,rawboost
data/processed/en_augmented/LA_T_7544663_aug.wav,en,bonafide,real,-,LA_0090,asvspoof2019la,,none
data/processed/en_augmented/LA_T_7717952_aug.wav,en,bonafide,real,-,LA_0084,asvspoof2019la,,codec
data/processed/en_augmented/LA_T_3256127_aug.wav,en,spoof,vc,A05,LA_0083,asvspoof2019la,,rawboost
data/processed/en_augmented/LA_T_4624695_aug.wav,en,spoof,tts,A04,LA_0083,asvspoof2019la,,rawboost
data/processed/en_augmented/LA_T_6240107_aug.wav,en,bonafide,real,-,LA_0093,asvspoof2019la,,rawboost
data/processed/en_augmented/LA_T_1455233_aug.wav,en,bonafide,real,-,LA_0080,asvspoof2019la,,rawboost
data/processed/en_augmented/LA_T_3447323_aug.wav,en,bonafide,real,-,LA_0088,asvspoof2019la,,codec
data/processed/en_augmented/LA_T_9914466_aug.wav,en,spoof,vc,A06,LA_0089,asvspoof2019la,,none
data/processed/en_augmented/LA_T_7179987_aug.wav,en,bonafide,real,-,LA_0098,asvspoof2019la,,codec
data/processed/en_augmented/LA_T_1128865_aug.wav,en,bonafide,real,-,LA_0093,asvspoof2019la,,none
data/processed/en_augmented/LA_T_5959553_aug.wav,en,bonafide,real,-,LA_0092,asvspoof2019la,,rawboost
data/processed/en_augmented/LA_T_8657799_aug.wav,en,spoof,vc,A05,LA_0081,asvspoof2019la,,none
data/processed/en_augmented/LA_T_2462715_aug.wav,en,spoof,vc,A06,LA_0097,asvspoof2019la,,rawboost
data/processed/en_augmented/LA_T_8918938_aug.wav,en,bonafide,real,-,LA_0083,asvspoof2019la,,rawboost
data/processed/en_augmented/LA_T_9758941_aug.wav,en,spoof,vc,A06,LA_0095,asvspoof2019la,,rawboost+codec
data/processed/en_augmented/LA_T_6734950_aug.wav,en,bonafide,real,-,LA_0095,asvspoof2019la,,rawboost
data/processed/en_augmented/LA_T_6647814_aug.wav,en,bonafide,real,-,LA_0098,asvspoof2019la,,codec
data/processed/en_augmented/LA_T_1307755_aug.wav,en,bonafide,real,-,LA_0088,asvspoof2019la,,rawboost+codec
data/processed/en_augmented/LA_T_3110367_aug.wav,en,spoof,tts,A02,LA_0079,asvspoof2019la,,none
data/processed/en_augmented/LA_T_6521929_aug.wav,en,spoof,tts,A01,LA_0098,asvspoof2019la,,none
data/processed/en_augmented/LA_T_5988636_aug.wav,en,bonafide,real,-,LA_0093,asvspoof2019la,,none
data/processed/en_augmented/LA_T_6599866_aug.wav,en,spoof,tts,A02,LA_0094,asvspoof2019la,,none
data/processed/en_augmented/LA_T_5540469_aug.wav,en,spoof,tts,A04,LA_0092,asvspoof2019la,,rawboost
data/processed/en_augmented/LA_T_2559146_aug.wav,en,bonafide,real,-,LA_0088,asvspoof2019la,,rawboost+codec
data/processed/en_augmented/LA_T_3606713_aug.wav,en,spoof,vc,A05,LA_0087,asvspoof2019la,,none
data/processed/en_augmented/LA_T_8089647_aug.wav,en,bonafide,real,-,LA_0094,asvspoof2019la,,rawboost
data/processed/en_augmented/LA_T_3509336_aug.wav,en,spoof,tts,A03,LA_0095,asvspoof2019la,,none
data/processed/en_augmented/LA_T_1419430_aug.wav,en,spoof,vc,A05,LA_0091,asvspoof2019la,,rawboost
data/processed/en_augmented/LA_T_9166813_aug.wav,en,bonafide,real,-,LA_0086,asvspoof2019la,,rawboost
data/processed/en_augmented/LA_T_5761909_aug.wav,en,bonafide,real,-,LA_0079,asvspoof2019la,,none
data/processed/en_augmented/LA_T_7317221_aug.wav,en,bonafide,real,-,LA_0084,asvspoof2019la,,rawboost+codec
data/processed/en_augmented/LA_T_6807168_aug.wav,en,bonafide,real,-,LA_0086,asvspoof2019la,,none
data/processed/en_augmented/LA_T_9476394_aug.wav,en,bonafide,real,-,LA_0087,asvspoof2019la,,rawboost
data/processed/en_augmented/LA_T_8100988_aug.wav,en,bonafide,real,-,LA_0091,asvspoof2019la,,none
data/processed/en_augmented/LA_T_1007571_aug.wav,en,bonafide,real,-,LA_0088,asvspoof2019la,,rawboost+codec
data/processed/en_augmented/LA_T_8042177_aug.wav,en,bonafide,real,-,LA_0085,asvspoof2019la,,none
data/processed/en_augmented/LA_T_3785674_aug.wav,en,spoof,tts,A02,LA_0082,asvspoof2019la,,rawboost+codec
data/processed/en_augmented/LA_T_8272787_aug.wav,en,bonafide,real,-,LA_0087,asvspoof2019la,,rawboost
data/processed/en_augmented/LA_T_6854881_aug.wav,en,spoof,tts,A02,LA_0085,asvspoof2019la,,codec
data/processed/en_augmented/LA_T_7248140_aug.wav,en,bonafide,real,-,LA_0079,asvspoof2019la,,rawboost
data/processed/en_augmented/LA_T_8374631_aug.wav,en,bonafide,real,-,LA_0082,asvspoof2019la,,none
data/processed/en_augmented/LA_T_6554775_aug.wav,en,bonafide,real,-,LA_0082,asvspoof2019la,,rawboost
data/processed/en_augmented/LA_T_6015645_aug.wav,en,bonafide,real,-,LA_0087,asvspoof2019la,,none
data/processed/en_augmented/LA_T_8892784_aug.wav,en,spoof,vc,A06,LA_0084,asvspoof2019la,,none
data/processed/en_augmented/LA_T_2897508_aug.wav,en,spoof,tts,A04,LA_0095,asvspoof2019la,,rawboost+codec
data/processed/en_augmented/LA_T_8275432_aug.wav,en,bonafide,real,-,LA_0088,asvspoof2019la,,rawboost
data/processed/en_augmented/LA_T_3437551_aug.wav,en,spoof,vc,A05,LA_0095,asvspoof2019la,,rawboost
data/processed/en_augmented/LA_T_3583591_aug.wav,en,bonafide,real,-,LA_0082,asvspoof2019la,,none
data/processed/en_augmented/LA_T_6418846_aug.wav,en,spoof,vc,A05,LA_0092,asvspoof2019la,,rawboost+codec
data/processed/en_augmented/LA_T_5535201_aug.wav,en,bonafide,real,-,LA_0084,asvspoof2019la,,none
data/processed/en_augmented/LA_T_2281446_aug.wav,en,bonafide,real,-,LA_0094,asvspoof2019la,,none
data/processed/en_augmented/LA_T_4179989_aug.wav,en,bonafide,real,-,LA_0079,asvspoof2019la,,none
data/processed/en_augmented/LA_T_7659929_aug.wav,en,spoof,tts,A01,LA_0091,asvspoof2019la,,rawboost
data/processed/en_augmented/LA_T_4403320_aug.wav,en,bonafide,real,-,LA_0096,asvspoof2019la,,none
data/processed/en_augmented/LA_T_1856855_aug.wav,en,bonafide,real,-,LA_0088,asvspoof2019la,,none
data/processed/en_augmented/LA_T_4224058_aug.wav,en,bonafide,real,-,LA_0089,asvspoof2019la,,codec
data/processed/en_augmented/LA_T_3654877_aug.wav,en,spoof,vc,A05,LA_0097,asvspoof2019la,,codec
data/processed/en_augmented/LA_T_8173202_aug.wav,en,spoof,vc,A06,LA_0085,asvspoof2019la,,codec
data/processed/en_augmented/LA_T_8380191_aug.wav,en,spoof,vc,A05,LA_0090,asvspoof2019la,,rawboost
data/processed/en_augmented/LA_T_8083939_aug.wav,en,bonafide,real,-,LA_0088,asvspoof2019la,,none
data/processed/en_augmented/LA_T_9202620_aug.wav,en,spoof,tts,A01,LA_0079,asvspoof2019la,,none
data/processed/en_augmented/LA_T_9327976_aug.wav,en,spoof,tts,A01,LA_0081,asvspoof2019la,,none
data/processed/en_augmented/LA_T_7089329_aug.wav,en,bonafide,real,-,LA_0089,asvspoof2019la,,none
data/processed/en_augmented/LA_T_7778575_aug.wav,en,bonafide,real,-,LA_0084,asvspoof2019la,,rawboost
data/processed/en_augmented/LA_T_3852468_aug.wav,en,spoof,vc,A06,LA_0084,asvspoof2019la,,rawboost
data/processed/en_augmented/LA_T_2812157_aug.wav,en,spoof,tts,A01,LA_0083,asvspoof2019la,,rawboost+codec
data/processed/en_augmented/LA_T_9614098_aug.wav,en,spoof,vc,A05,LA_0097,asvspoof2019la,,none
data/processed/en_augmented/LA_T_4529370_aug.wav,en,bonafide,real,-,LA_0089,asvspoof2019la,,codec
data/processed/en_augmented/LA_T_6760468_aug.wav,en,spoof,vc,A05,LA_0089,asvspoof2019la,,none
data/processed/en_augmented/LA_T_8035781_aug.wav,en,bonafide,real,-,LA_0080,asvspoof2019la,,none
data/processed/en_augmented/LA_T_4504097_aug.wav,en,spoof,tts,A01,LA_0082,asvspoof2019la,,rawboost
data/processed/en_augmented/LA_T_6141212_aug.wav,en,spoof,vc,A05,LA_0086,asvspoof2019la,,rawboost
data/processed/en_augmented/LA_T_9539101_aug.wav,en,bonafide,real,-,LA_0085,asvspoof2019la,,rawboost
data/processed/en_augmented/LA_T_9083796_aug.wav,en,spoof,tts,A01,LA_0089,asvspoof2019la,,none
data/processed/en_augmented/LA_T_7040475_aug.wav,en,spoof,tts,A03,LA_0080,asvspoof2019la,,codec
data/processed/en_augmented/LA_T_4707993_aug.wav,en,bonafide,real,-,LA_0089,asvspoof2019la,,rawboost+codec
data/processed/en_augmented/LA_T_4674925_aug.wav,en,bonafide,real,-,LA_0094,asvspoof2019la,,codec
data/processed/en_augmented/LA_T_6524371_aug.wav,en,spoof,tts,A04,LA_0080,asvspoof2019la,,codec
data/processed/en_augmented/LA_T_4901591_aug.wav,en,bonafide,real,-,LA_0081,asvspoof2019la,,rawboost
data/processed/en_augmented/LA_T_9335781_aug.wav,en,spoof,vc,A05,LA_0088,asvspoof2019la,,rawboost
data/processed/en_augmented/LA_T_5020979_aug.wav,en,spoof,tts,A01,LA_0094,asvspoof2019la,,rawboost
data/processed/en_augmented/LA_T_1646363_aug.wav,en,bonafide,real,-,LA_0085,asvspoof2019la,,rawboost
data/processed/en_augmented/LA_T_1618237_aug.wav,en,spoof,vc,A05,LA_0082,asvspoof2019la,,rawboost
data/processed/en_augmented/LA_T_9208716_aug.wav,en,bonafide,real,-,LA_0086,asvspoof2019la,,rawboost
data/processed/en_augmented/LA_T_8400115_aug.wav,en,spoof,vc,A06,LA_0089,asvspoof2019la,,none
data/processed/en_augmented/LA_T_1763423_aug.wav,en,bonafide,real,-,LA_0097,asvspoof2019la,,none
data/processed/en_augmented/LA_T_1619575_aug.wav,en,spoof,vc,A06,LA_0081,asvspoof2019la,,none
data/processed/en_augmented/LA_T_5038210_aug.wav,en,spoof,tts,A03,LA_0084,asvspoof2019la,,none
data/processed/en_augmented/LA_T_9675042_aug.wav,en,bonafide,real,-,LA_0082,asvspoof2019la,,none
data/processed/en_augmented/LA_T_7881170_aug.wav,en,spoof,vc,A06,LA_0097,asvspoof2019la,,rawboost
data/processed/en_augmented/LA_T_7093455_aug.wav,en,spoof,tts,A03,LA_0079,asvspoof2019la,,rawboost
data/processed/en_augmented/LA_T_7905301_aug.wav,en,spoof,vc,A06,LA_0084,asvspoof2019la,,rawboost
data/processed/en_augmented/LA_T_1236840_aug.wav,en,bonafide,real,-,LA_0098,asvspoof2019la,,rawboost
data/processed/en_augmented/LA_T_1458142_aug.wav,en,spoof,vc,A05,LA_0093,asvspoof2019la,,rawboost
data/processed/en_augmented/LA_T_6432468_aug.wav,en,bonafide,real,-,LA_0089,asvspoof2019la,,rawboost+codec
data/processed/en_augmented/LA_T_8522890_aug.wav,en,spoof,vc,A05,LA_0089,asvspoof2019la,,rawboost+codec
data/processed/en_augmented/LA_T_3595564_aug.wav,en,spoof,vc,A06,LA_0082,asvspoof2019la,,rawboost
data/processed/en_augmented/LA_T_9426918_aug.wav,en,spoof,vc,A05,LA_0080,asvspoof2019la,,rawboost
data/processed/en_augmented/LA_T_4886041_aug.wav,en,spoof,tts,A03,LA_0094,asvspoof2019la,,rawboost
data/processed/en_augmented/LA_T_7587186_aug.wav,en,spoof,tts,A01,LA_0095,asvspoof2019la,,rawboost
data/processed/en_augmented/LA_T_3056191_aug.wav,en,spoof,vc,A06,LA_0096,asvspoof2019la,,codec
data/processed/en_augmented/LA_T_4356490_aug.wav,en,bonafide,real,-,LA_0080,asvspoof2019la,,rawboost
data/processed/en_augmented/LA_T_3769045_aug.wav,en,bonafide,real,-,LA_0088,asvspoof2019la,,none
data/processed/en_augmented/LA_T_1964816_aug.wav,en,spoof,tts,A03,LA_0091,asvspoof2019la,,rawboost
data/processed/en_augmented/LA_T_7675012_aug.wav,en,spoof,tts,A02,LA_0084,asvspoof2019la,,rawboost
data/processed/en_augmented/LA_T_2304357_aug.wav,en,bonafide,real,-,LA_0083,asvspoof2019la,,rawboost
data/processed/en_augmented/LA_T_4575102_aug.wav,en,bonafide,real,-,LA_0084,asvspoof2019la,,rawboost+codec
data/processed/en_augmented/LA_T_2143909_aug.wav,en,spoof,tts,A04,LA_0082,asvspoof2019la,,none
data/processed/en_augmented/LA_T_8896720_aug.wav,en,bonafide,real,-,LA_0092,asvspoof2019la,,codec
data/processed/en_augmented/LA_T_2424805_aug.wav,en,spoof,tts,A02,LA_0089,asvspoof2019la,,codec
data/processed/en_augmented/LA_T_4664739_aug.wav,en,bonafide,real,-,LA_0086,asvspoof2019la,,none
data/processed/en_augmented/LA_T_6710807_aug.wav,en,bonafide,real,-,LA_0084,asvspoof2019la,,rawboost+codec
data/processed/en_augmented/LA_T_8309909_aug.wav,en,spoof,vc,A05,LA_0089,asvspoof2019la,,codec
data/processed/en_augmented/LA_T_1797409_aug.wav,en,spoof,tts,A03,LA_0098,asvspoof2019la,,rawboost
data/processed/en_augmented/LA_T_4140135_aug.wav,en,bonafide,real,-,LA_0088,asvspoof2019la,,rawboost+codec
data/processed/en_augmented/LA_T_5657926_aug.wav,en,bonafide,real,-,LA_0091,asvspoof2019la,,codec
data/processed/en_augmented/LA_T_9174733_aug.wav,en,bonafide,real,-,LA_0098,asvspoof2019la,,rawboost
data/processed/en_augmented/LA_T_3964315_aug.wav,en,bonafide,real,-,LA_0091,asvspoof2019la,,none
data/processed/en_augmented/LA_T_7686633_aug.wav,en,bonafide,real,-,LA_0098,asvspoof2019la,,none
data/processed/en_augmented/LA_T_8277579_aug.wav,en,spoof,tts,A01,LA_0091,asvspoof2019la,,rawboost+codec
data/processed/en_augmented/LA_T_1923872_aug.wav,en,bonafide,real,-,LA_0082,asvspoof2019la,,rawboost
data/processed/en_augmented/LA_T_1488844_aug.wav,en,spoof,vc,A06,LA_0094,asvspoof2019la,,rawboost+codec
data/processed/en_augmented/LA_T_1840394_aug.wav,en,bonafide,real,-,LA_0095,asvspoof2019la,,rawboost+codec
data/processed/en_augmented/LA_T_6611269_aug.wav,en,bonafide,real,-,LA_0094,asvspoof2019la,,rawboost+codec
data/processed/en_augmented/LA_T_2165389_aug.wav,en,spoof,tts,A03,LA_0083,asvspoof2019la,,none
data/processed/en_augmented/LA_T_8209063_aug.wav,en,spoof,vc,A05,LA_0097,asvspoof2019la,,rawboost
data/processed/en_augmented/LA_T_5592527_aug.wav,en,bonafide,real,-,LA_0081,asvspoof2019la,,rawboost
data/processed/en_augmented/LA_T_2032733_aug.wav,en,bonafide,real,-,LA_0088,asvspoof2019la,,none
data/processed/en_augmented/LA_T_5996640_aug.wav,en,spoof,tts,A02,LA_0098,asvspoof2019la,,none
data/processed/en_augmented/LA_T_3105506_aug.wav,en,bonafide,real,-,LA_0098,asvspoof2019la,,codec
data/processed/en_augmented/LA_T_3551277_aug.wav,en,bonafide,real,-,LA_0096,asvspoof2019la,,codec
data/processed/en_augmented/LA_T_7670239_aug.wav,en,bonafide,real,-,LA_0096,asvspoof2019la,,none
data/processed/en_augmented/LA_T_5161324_aug.wav,en,spoof,vc,A06,LA_0094,asvspoof2019la,,rawboost+codec
data/processed/en_augmented/LA_T_1793666_aug.wav,en,bonafide,real,-,LA_0083,asvspoof2019la,,none
data/processed/en_augmented/LA_T_4900136_aug.wav,en,bonafide,real,-,LA_0088,asvspoof2019la,,none
data/processed/en_augmented/LA_T_7720305_aug.wav,en,bonafide,real,-,LA_0093,asvspoof2019la,,none
data/processed/en_augmented/LA_T_7630214_aug.wav,en,spoof,tts,A01,LA_0082,asvspoof2019la,,rawboost
data/processed/en_augmented/LA_T_7652349_aug.wav,en,spoof,vc,A06,LA_0090,asvspoof2019la,,rawboost+codec
data/processed/en_augmented/LA_T_7537165_aug.wav,en,spoof,tts,A02,LA_0082,asvspoof2019la,,codec
data/processed/en_augmented/LA_T_7850247_aug.wav,en,bonafide,real,-,LA_0095,asvspoof2019la,,none
data/processed/en_augmented/LA_T_7223887_aug.wav,en,bonafide,real,-,LA_0092,asvspoof2019la,,none
data/processed/en_augmented/LA_T_5790524_aug.wav,en,spoof,vc,A06,LA_0089,asvspoof2019la,,rawboost
data/processed/en_augmented/LA_T_6496177_aug.wav,en,bonafide,real,-,LA_0082,asvspoof2019la,,codec
data/processed/en_augmented/LA_T_4093954_aug.wav,en,spoof,vc,A06,LA_0090,asvspoof2019la,,none
data/processed/en_augmented/LA_T_2207320_aug.wav,en,bonafide,real,-,LA_0091,asvspoof2019la,,codec
data/processed/en_augmented/LA_T_8993559_aug.wav,en,bonafide,real,-,LA_0088,asvspoof2019la,,rawboost
data/processed/en_augmented/LA_T_7316699_aug.wav,en,bonafide,real,-,LA_0090,asvspoof2019la,,rawboost+codec
data/processed/en_augmented/LA_T_2394631_aug.wav,en,spoof,vc,A06,LA_0091,asvspoof2019la,,rawboost+codec
data/processed/en_augmented/LA_T_3176741_aug.wav,en,spoof,vc,A05,LA_0098,asvspoof2019la,,codec
data/processed/en_augmented/LA_T_7690633_aug.wav,en,bonafide,real,-,LA_0084,asvspoof2019la,,none
data/processed/en_augmented/LA_T_6507572_aug.wav,en,spoof,vc,A06,LA_0093,asvspoof2019la,,rawboost
data/processed/en_augmented/LA_T_4201076_aug.wav,en,spoof,tts,A02,LA_0092,asvspoof2019la,,codec
data/processed/en_augmented/LA_T_9071029_aug.wav,en,bonafide,real,-,LA_0097,asvspoof2019la,,none
data/processed/en_augmented/LA_T_8571358_aug.wav,en,bonafide,real,-,LA_0084,asvspoof2019la,,rawboost
data/processed/en_augmented/LA_T_3266022_aug.wav,en,bonafide,real,-,LA_0098,asvspoof2019la,,none
data/processed/en_augmented/LA_T_5191549_aug.wav,en,bonafide,real,-,LA_0079,asvspoof2019la,,rawboost
data/processed/en_augmented/LA_T_3325988_aug.wav,en,bonafide,real,-,LA_0083,asvspoof2019la,,codec
data/processed/en_augmented/LA_T_3689595_aug.wav,en,bonafide,real,-,LA_0091,asvspoof2019la,,none
data/processed/en_augmented/LA_T_8783617_aug.wav,en,spoof,tts,A01,LA_0083,asvspoof2019la,,rawboost
data/processed/en_augmented/LA_T_8243158_aug.wav,en,spoof,tts,A03,LA_0097,asvspoof2019la,,none
data/processed/en_augmented/LA_T_9639923_aug.wav,en,spoof,vc,A06,LA_0097,asvspoof2019la,,codec
data/processed/en_augmented/LA_T_4756464_aug.wav,en,bonafide,real,-,LA_0079,asvspoof2019la,,rawboost
data/processed/en_augmented/LA_T_1934739_aug.wav,en,spoof,vc,A06,LA_0081,asvspoof2019la,,none
data/processed/en_augmented/LA_T_6682948_aug.wav,en,spoof,vc,A06,LA_0097,asvspoof2019la,,none
data/processed/en_augmented/LA_T_9881753_aug.wav,en,bonafide,real,-,LA_0084,asvspoof2019la,,codec
data/processed/en_augmented/LA_T_9741234_aug.wav,en,bonafide,real,-,LA_0081,asvspoof2019la,,none
data/processed/en_augmented/LA_T_3945238_aug.wav,en,spoof,vc,A05,LA_0086,asvspoof2019la,,codec
data/processed/en_augmented/LA_T_8422260_aug.wav,en,spoof,tts,A03,LA_0086,asvspoof2019la,,none
data/processed/en_augmented/LA_T_1864383_aug.wav,en,bonafide,real,-,LA_0083,asvspoof2019la,,rawboost
data/processed/en_augmented/LA_T_2952924_aug.wav,en,spoof,tts,A02,LA_0089,asvspoof2019la,,none
data/processed/en_augmented/LA_T_2507189_aug.wav,en,bonafide,real,-,LA_0098,asvspoof2019la,,none
data/processed/en_augmented/LA_T_9444299_aug.wav,en,spoof,vc,A06,LA_0088,asvspoof2019la,,none
data/processed/en_augmented/LA_T_4414920_aug.wav,en,bonafide,real,-,LA_0094,asvspoof2019la,,none
data/processed/en_augmented/LA_T_5580502_aug.wav,en,spoof,vc,A06,LA_0080,asvspoof2019la,,codec
data/processed/en_augmented/LA_T_7253192_aug.wav,en,spoof,tts,A02,LA_0089,asvspoof2019la,,rawboost
data/processed/en_augmented/LA_T_1504888_aug.wav,en,bonafide,real,-,LA_0083,asvspoof2019la,,none
data/processed/en_augmented/LA_T_3882719_aug.wav,en,bonafide,real,-,LA_0090,asvspoof2019la,,none
data/processed/en_augmented/LA_T_1341430_aug.wav,en,bonafide,real,-,LA_0093,asvspoof2019la,,rawboost
data/processed/en_augmented/LA_T_7804422_aug.wav,en,spoof,vc,A05,LA_0091,asvspoof2019la,,rawboost
data/processed/en_augmented/LA_T_5201581_aug.wav,en,spoof,tts,A02,LA_0098,asvspoof2019la,,rawboost
data/processed/en_augmented/LA_T_6248859_aug.wav,en,spoof,tts,A04,LA_0089,asvspoof2019la,,none
data/processed/en_augmented/LA_T_2726428_aug.wav,en,bonafide,real,-,LA_0088,asvspoof2019la,,rawboost
data/processed/en_augmented/LA_T_6742582_aug.wav,en,bonafide,real,-,LA_0087,asvspoof2019la,,codec
data/processed/en_augmented/LA_T_6642565_aug.wav,en,bonafide,real,-,LA_0090,asvspoof2019la,,rawboost+codec
data/processed/en_augmented/LA_T_8135846_aug.wav,en,bonafide,real,-,LA_0089,asvspoof2019la,,none
data/processed/en_augmented/LA_T_3370556_aug.wav,en,spoof,vc,A06,LA_0081,asvspoof2019la,,codec
data/processed/en_augmented/LA_T_7254652_aug.wav,en,bonafide,real,-,LA_0083,asvspoof2019la,,none
data/processed/en_augmented/LA_T_8854115_aug.wav,en,bonafide,real,-,LA_0086,asvspoof2019la,,none
data/processed/en_augmented/LA_T_8923337_aug.wav,en,spoof,tts,A02,LA_0089,asvspoof2019la,,none
data/processed/en_augmented/LA_T_4237787_aug.wav,en,bonafide,real,-,LA_0079,asvspoof2019la,,none
data/processed/en_augmented/LA_T_9177970_aug.wav,en,bonafide,real,-,LA_0089,asvspoof2019la,,none
data/processed/en_augmented/LA_T_8586306_aug.wav,en,spoof,vc,A06,LA_0085,asvspoof2019la,,none
data/processed/en_augmented/LA_T_4028948_aug.wav,en,spoof,vc,A05,LA_0081,asvspoof2019la,,rawboost
data/processed/en_augmented/LA_T_1947138_aug.wav,en,bonafide,real,-,LA_0091,asvspoof2019la,,rawboost
data/processed/en_augmented/LA_T_1477639_aug.wav,en,bonafide,real,-,LA_0086,asvspoof2019la,,rawboost
data/processed/en_augmented/LA_T_5056244_aug.wav,en,spoof,tts,A03,LA_0081,asvspoof2019la,,rawboost
data/processed/en_augmented/LA_T_5299003_aug.wav,en,spoof,vc,A05,LA_0089,asvspoof2019la,,rawboost+codec
data/processed/en_augmented/LA_T_3586382_aug.wav,en,spoof,tts,A02,LA_0086,asvspoof2019la,,rawboost+codec
data/processed/en_augmented/LA_T_6045054_aug.wav,en,spoof,vc,A05,LA_0098,asvspoof2019la,,rawboost
data/processed/en_augmented/LA_T_2465871_aug.wav,en,bonafide,real,-,LA_0087,asvspoof2019la,,none
data/processed/en_augmented/LA_T_6760364_aug.wav,en,bonafide,real,-,LA_0097,asvspoof2019la,,rawboost
data/processed/en_augmented/LA_T_6110688_aug.wav,en,spoof,vc,A05,LA_0090,asvspoof2019la,,rawboost
data/processed/en_augmented/LA_T_9194689_aug.wav,en,bonafide,real,-,LA_0089,asvspoof2019la,,none
data/processed/en_augmented/LA_T_6736628_aug.wav,en,bonafide,real,-,LA_0079,asvspoof2019la,,rawboost
data/processed/en_augmented/LA_T_6553669_aug.wav,en,bonafide,real,-,LA_0090,asvspoof2019la,,codec
data/processed/en_augmented/LA_T_6721654_aug.wav,en,bonafide,real,-,LA_0079,asvspoof2019la,,none
data/processed/en_augmented/LA_T_8963579_aug.wav,en,spoof,tts,A04,LA_0081,asvspoof2019la,,none
data/processed/en_augmented/LA_T_6555022_aug.wav,en,bonafide,real,-,LA_0094,asvspoof2019la,,codec
data/processed/en_augmented/LA_T_8818743_aug.wav,en,spoof,vc,A06,LA_0082,asvspoof2019la,,none
data/processed/en_augmented/LA_T_7090581_aug.wav,en,bonafide,real,-,LA_0080,asvspoof2019la,,none
data/processed/en_augmented/LA_T_5420297_aug.wav,en,spoof,vc,A05,LA_0081,asvspoof2019la,,rawboost+codec
data/processed/en_augmented/LA_T_3505871_aug.wav,en,bonafide,real,-,LA_0098,asvspoof2019la,,rawboost
data/processed/en_augmented/LA_T_5067784_aug.wav,en,bonafide,real,-,LA_0090,asvspoof2019la,,codec
data/processed/en_augmented/LA_T_9265598_aug.wav,en,bonafide,real,-,LA_0084,asvspoof2019la,,none
data/processed/en_augmented/LA_T_6584011_aug.wav,en,spoof,vc,A06,LA_0091,asvspoof2019la,,none
data/processed/en_augmented/LA_T_4679259_aug.wav,en,spoof,tts,A02,LA_0084,asvspoof2019la,,rawboost
data/processed/en_augmented/LA_T_7786173_aug.wav,en,bonafide,real,-,LA_0090,asvspoof2019la,,rawboost
data/processed/en_augmented/LA_T_6074694_aug.wav,en,bonafide,real,-,LA_0079,asvspoof2019la,,none
data/processed/en_augmented/LA_T_7890801_aug.wav,en,bonafide,real,-,LA_0090,asvspoof2019la,,none
data/processed/en_augmented/LA_T_3202796_aug.wav,en,spoof,tts,A02,LA_0091,asvspoof2019la,,codec
data/processed/en_augmented/LA_T_7300523_aug.wav,en,bonafide,real,-,LA_0081,asvspoof2019la,,rawboost+codec
data/processed/en_augmented/LA_T_9273556_aug.wav,en,bonafide,real,-,LA_0094,asvspoof2019la,,rawboost
data/processed/en_augmented/LA_T_5547883_aug.wav,en,bonafide,real,-,LA_0093,asvspoof2019la,,none
data/processed/en_augmented/LA_T_4817040_aug.wav,en,bonafide,real,-,LA_0082,asvspoof2019la,,rawboost
data/processed/en_augmented/LA_T_3774144_aug.wav,en,spoof,vc,A05,LA_0088,asvspoof2019la,,rawboost+codec
data/processed/en_augmented/LA_T_4515078_aug.wav,en,spoof,vc,A05,LA_0097,asvspoof2019la,,none
data/processed/en_augmented/LA_T_8458654_aug.wav,en,bonafide,real,-,LA_0079,asvspoof2019la,,rawboost
data/processed/en_augmented/LA_T_2334590_aug.wav,en,spoof,tts,A01,LA_0096,asvspoof2019la,,rawboost
data/processed/en_augmented/LA_T_1142757_aug.wav,en,bonafide,real,-,LA_0092,asvspoof2019la,,none
data/processed/en_augmented/LA_T_1041717_aug.wav,en,bonafide,real,-,LA_0092,asvspoof2019la,,rawboost+codec
data/processed/en_augmented/LA_T_4387428_aug.wav,en,bonafide,real,-,LA_0097,asvspoof2019la,,codec
data/processed/en_augmented/LA_T_3121388_aug.wav,en,bonafide,real,-,LA_0080,asvspoof2019la,,rawboost
data/processed/en_augmented/LA_T_6665119_aug.wav,en,spoof,vc,A05,LA_0098,asvspoof2019la,,none
data/processed/en_augmented/LA_T_2202862_aug.wav,en,bonafide,real,-,LA_0094,asvspoof2019la,,none
data/processed/en_augmented/LA_T_9338093_aug.wav,en,spoof,tts,A02,LA_0096,asvspoof2019la,,none
data/processed/en_augmented/LA_T_1459702_aug.wav,en,bonafide,real,-,LA_0081,asvspoof2019la,,rawboost
data/processed/en_augmented/LA_T_7890455_aug.wav,en,bonafide,real,-,LA_0096,asvspoof2019la,,rawboost+codec
data/processed/en_augmented/LA_T_4024715_aug.wav,en,bonafide,real,-,LA_0097,asvspoof2019la,,none
data/processed/en_augmented/LA_T_7310629_aug.wav,en,bonafide,real,-,LA_0088,asvspoof2019la,,none
data/processed/en_augmented/LA_T_5148309_aug.wav,en,spoof,tts,A01,LA_0091,asvspoof2019la,,none
data/processed/en_augmented/LA_T_3581312_aug.wav,en,spoof,tts,A02,LA_0092,asvspoof2019la,,none
data/processed/en_augmented/LA_T_1377264_aug.wav,en,bonafide,real,-,LA_0093,asvspoof2019la,,rawboost+codec
data/processed/en_augmented/LA_T_8760338_aug.wav,en,bonafide,real,-,LA_0083,asvspoof2019la,,rawboost
data/processed/en_augmented/LA_T_4124610_aug.wav,en,spoof,vc,A06,LA_0080,asvspoof2019la,,rawboost
data/processed/en_augmented/LA_T_5982829_aug.wav,en,spoof,tts,A03,LA_0095,asvspoof2019la,,codec
data/processed/en_augmented/LA_T_1773196_aug.wav,en,bonafide,real,-,LA_0091,asvspoof2019la,,none
data/processed/en_augmented/LA_T_4532840_aug.wav,en,spoof,tts,A02,LA_0093,asvspoof2019la,,rawboost
data/processed/en_augmented/LA_T_5410994_aug.wav,en,spoof,vc,A05,LA_0095,asvspoof2019la,,none
data/processed/en_augmented/LA_T_6003134_aug.wav,en,spoof,tts,A02,LA_0080,asvspoof2019la,,none
data/processed/en_augmented/LA_T_1506952_aug.wav,en,spoof,vc,A06,LA_0096,asvspoof2019la,,codec
data/processed/en_augmented/LA_T_8521460_aug.wav,en,bonafide,real,-,LA_0086,asvspoof2019la,,rawboost+codec
data/processed/en_augmented/LA_T_8837286_aug.wav,en,spoof,vc,A05,LA_0085,asvspoof2019la,,rawboost
data/processed/en_augmented/LA_T_8916463_aug.wav,en,spoof,vc,A06,LA_0081,asvspoof2019la,,rawboost+codec
data/processed/en_augmented/LA_T_7432530_aug.wav,en,bonafide,real,-,LA_0088,asvspoof2019la,,rawboost
data/processed/en_augmented/LA_T_5264471_aug.wav,en,bonafide,real,-,LA_0080,asvspoof2019la,,rawboost
data/processed/en_augmented/LA_T_3133284_aug.wav,en,bonafide,real,-,LA_0093,asvspoof2019la,,rawboost
data/processed/en_augmented/LA_T_3477694_aug.wav,en,bonafide,real,-,LA_0081,asvspoof2019la,,rawboost
data/processed/en_augmented/LA_T_5725310_aug.wav,en,spoof,tts,A02,LA_0086,asvspoof2019la,,none
data/processed/en_augmented/LA_T_9581881_aug.wav,en,bonafide,real,-,LA_0097,asvspoof2019la,,none
data/processed/en_augmented/LA_T_5525305_aug.wav,en,bonafide,real,-,LA_0084,asvspoof2019la,,rawboost
data/processed/en_augmented/LA_T_2092466_aug.wav,en,bonafide,real,-,LA_0090,asvspoof2019la,,none
data/processed/en_augmented/LA_T_1825168_aug.wav,en,spoof,vc,A06,LA_0085,asvspoof2019la,,none
data/processed/en_augmented/LA_T_1664008_aug.wav,en,spoof,vc,A05,LA_0093,asvspoof2019la,,none
data/processed/en_augmented/LA_T_3008265_aug.wav,en,bonafide,real,-,LA_0093,asvspoof2019la,,none
data/processed/en_augmented/LA_T_6334499_aug.wav,en,spoof,vc,A06,LA_0083,asvspoof2019la,,codec
data/processed/en_augmented/LA_T_2482961_aug.wav,en,bonafide,real,-,LA_0095,asvspoof2019la,,rawboost
data/processed/en_augmented/LA_T_8480400_aug.wav,en,bonafide,real,-,LA_0096,asvspoof2019la,,rawboost+codec
data/processed/en_augmented/LA_T_8507928_aug.wav,en,bonafide,real,-,LA_0079,asvspoof2019la,,none
data/processed/en_augmented/LA_T_7213473_aug.wav,en,bonafide,real,-,LA_0081,asvspoof2019la,,rawboost+codec
data/processed/en_augmented/LA_T_4735359_aug.wav,en,spoof,tts,A02,LA_0079,asvspoof2019la,,none
data/processed/en_augmented/LA_T_4858578_aug.wav,en,spoof,tts,A02,LA_0093,asvspoof2019la,,rawboost
data/processed/en_augmented/LA_T_7972168_aug.wav,en,bonafide,real,-,LA_0081,asvspoof2019la,,none
data/processed/en_augmented/LA_T_6928142_aug.wav,en,spoof,vc,A05,LA_0085,asvspoof2019la,,none
data/processed/en_augmented/LA_T_7816568_aug.wav,en,bonafide,real,-,LA_0082,asvspoof2019la,,codec
data/processed/en_augmented/LA_T_5795707_aug.wav,en,bonafide,real,-,LA_0087,asvspoof2019la,,codec
data/processed/en_augmented/LA_T_9408141_aug.wav,en,bonafide,real,-,LA_0082,asvspoof2019la,,rawboost
data/processed/en_augmented/LA_T_6930515_aug.wav,en,spoof,tts,A03,LA_0088,asvspoof2019la,,rawboost
data/processed/en_augmented/LA_T_2198548_aug.wav,en,spoof,tts,A01,LA_0097,asvspoof2019la,,rawboost+codec
data/processed/en_augmented/LA_T_4281022_aug.wav,en,spoof,vc,A06,LA_0085,asvspoof2019la,,codec
data/processed/en_augmented/LA_T_7625857_aug.wav,en,spoof,tts,A01,LA_0092,asvspoof2019la,,rawboost
data/processed/en_augmented/LA_T_1013597_aug.wav,en,bonafide,real,-,LA_0086,asvspoof2019la,,rawboost
data/processed/en_augmented/LA_T_7688229_aug.wav,en,spoof,vc,A06,LA_0095,asvspoof2019la,,codec
data/processed/en_augmented/LA_T_3515602_aug.wav,en,bonafide,real,-,LA_0093,asvspoof2019la,,none
data/processed/en_augmented/LA_T_4848589_aug.wav,en,spoof,vc,A05,LA_0097,asvspoof2019la,,rawboost
data/processed/en_augmented/LA_T_6407273_aug.wav,en,bonafide,real,-,LA_0085,asvspoof2019la,,none
data/processed/en_augmented/LA_T_2687846_aug.wav,en,spoof,vc,A06,LA_0097,asvspoof2019la,,codec
data/processed/en_augmented/LA_T_8190780_aug.wav,en,spoof,vc,A05,LA_0082,asvspoof2019la,,none
data/processed/en_augmented/LA_T_4051400_aug.wav,en,spoof,tts,A04,LA_0088,asvspoof2019la,,none
data/processed/en_augmented/LA_T_3362954_aug.wav,en,spoof,tts,A03,LA_0087,asvspoof2019la,,none
data/processed/en_augmented/LA_T_7103061_aug.wav,en,spoof,vc,A06,LA_0090,asvspoof2019la,,none
data/processed/en_augmented/LA_T_2195795_aug.wav,en,bonafide,real,-,LA_0094,asvspoof2019la,,rawboost+codec
data/processed/en_augmented/LA_T_9118858_aug.wav,en,spoof,vc,A06,LA_0079,asvspoof2019la,,rawboost+codec
data/processed/en_augmented/LA_T_5132955_aug.wav,en,spoof,vc,A06,LA_0088,asvspoof2019la,,none
data/processed/en_augmented/LA_T_8339895_aug.wav,en,bonafide,real,-,LA_0081,asvspoof2019la,,none
data/processed/en_augmented/LA_T_5919047_aug.wav,en,bonafide,real,-,LA_0093,asvspoof2019la,,rawboost
data/processed/en_augmented/LA_T_3452123_aug.wav,en,spoof,tts,A03,LA_0093,asvspoof2019la,,rawboost
data/processed/en_augmented/LA_T_5427607_aug.wav,en,bonafide,real,-,LA_0095,asvspoof2019la,,none
data/processed/en_augmented/LA_T_4711197_aug.wav,en,bonafide,real,-,LA_0085,asvspoof2019la,,rawboost
data/processed/en_augmented/LA_T_4272222_aug.wav,en,spoof,tts,A01,LA_0084,asvspoof2019la,,codec
data/processed/en_augmented/LA_T_7626810_aug.wav,en,spoof,vc,A06,LA_0087,asvspoof2019la,,none
data/processed/en_augmented/LA_T_3961864_aug.wav,en,spoof,tts,A02,LA_0094,asvspoof2019la,,rawboost
data/processed/en_augmented/LA_T_3990411_aug.wav,en,spoof,tts,A03,LA_0085,asvspoof2019la,,rawboost
data/processed/en_augmented/LA_T_9630620_aug.wav,en,bonafide,real,-,LA_0086,asvspoof2019la,,none
data/processed/en_augmented/LA_T_5688836_aug.wav,en,spoof,tts,A01,LA_0091,asvspoof2019la,,rawboost
data/processed/en_augmented/LA_T_4512688_aug.wav,en,spoof,vc,A05,LA_0082,asvspoof2019la,,none
data/processed/en_augmented/LA_T_2038174_aug.wav,en,spoof,vc,A06,LA_0091,asvspoof2019la,,rawboost
data/processed/en_augmented/LA_T_4989128_aug.wav,en,spoof,tts,A01,LA_0096,asvspoof2019la,,rawboost
data/processed/en_augmented/LA_T_9545423_aug.wav,en,spoof,vc,A05,LA_0097,asvspoof2019la,,rawboost+codec
data/processed/en_augmented/LA_T_9748392_aug.wav,en,bonafide,real,-,LA_0087,asvspoof2019la,,none
data/processed/en_augmented/LA_T_4030250_aug.wav,en,bonafide,real,-,LA_0091,asvspoof2019la,,none
data/processed/en_augmented/LA_T_6651095_aug.wav,en,bonafide,real,-,LA_0096,asvspoof2019la,,codec
data/processed/en_augmented/LA_T_1950262_aug.wav,en,spoof,tts,A03,LA_0088,asvspoof2019la,,codec
data/processed/en_augmented/LA_T_2389084_aug.wav,en,spoof,tts,A04,LA_0098,asvspoof2019la,,none
data/processed/en_augmented/LA_T_7774011_aug.wav,en,bonafide,real,-,LA_0087,asvspoof2019la,,rawboost
data/processed/en_augmented/LA_T_4362938_aug.wav,en,spoof,vc,A05,LA_0082,asvspoof2019la,,rawboost
data/processed/en_augmented/LA_T_7687047_aug.wav,en,spoof,vc,A05,LA_0082,asvspoof2019la,,none
data/processed/en_augmented/LA_T_8590705_aug.wav,en,bonafide,real,-,LA_0090,asvspoof2019la,,none
data/processed/en_augmented/LA_T_5773269_aug.wav,en,spoof,tts,A01,LA_0092,asvspoof2019la,,rawboost
data/processed/en_augmented/LA_T_5211683_aug.wav,en,spoof,tts,A01,LA_0092,asvspoof2019la,,none
data/processed/en_augmented/LA_T_5813352_aug.wav,en,spoof,vc,A06,LA_0093,asvspoof2019la,,rawboost
data/processed/en_augmented/LA_T_4318049_aug.wav,en,spoof,vc,A05,LA_0091,asvspoof2019la,,none
data/processed/en_augmented/LA_T_7697985_aug.wav,en,bonafide,real,-,LA_0094,asvspoof2019la,,rawboost+codec
data/processed/en_augmented/LA_T_9054557_aug.wav,en,spoof,tts,A04,LA_0092,asvspoof2019la,,rawboost
data/processed/en_augmented/LA_T_9260725_aug.wav,en,spoof,tts,A01,LA_0082,asvspoof2019la,,rawboost
data/processed/en_augmented/LA_T_9324386_aug.wav,en,bonafide,real,-,LA_0090,asvspoof2019la,,rawboost+codec
data/processed/en_augmented/LA_T_7144134_aug.wav,en,bonafide,real,-,LA_0085,asvspoof2019la,,none
data/processed/en_augmented/LA_T_8448770_aug.wav,en,bonafide,real,-,LA_0091,asvspoof2019la,,rawboost+codec
data/processed/en_augmented/LA_T_9063133_aug.wav,en,spoof,tts,A02,LA_0088,asvspoof2019la,,none
data/processed/en_augmented/LA_T_5310633_aug.wav,en,spoof,vc,A05,LA_0092,asvspoof2019la,,none
data/processed/en_augmented/LA_T_8448396_aug.wav,en,bonafide,real,-,LA_0082,asvspoof2019la,,none
data/processed/en_augmented/LA_T_1360839_aug.wav,en,spoof,tts,A04,LA_0092,asvspoof2019la,,rawboost
data/processed/en_augmented/LA_T_4877664_aug.wav,en,bonafide,real,-,LA_0086,asvspoof2019la,,codec
data/processed/en_augmented/LA_T_2992916_aug.wav,en,bonafide,real,-,LA_0080,asvspoof2019la,,none
data/processed/en_augmented/LA_T_1312618_aug.wav,en,bonafide,real,-,LA_0091,asvspoof2019la,,none
data/processed/en_augmented/LA_T_4923806_aug.wav,en,bonafide,real,-,LA_0093,asvspoof2019la,,rawboost
data/processed/en_augmented/LA_T_4711158_aug.wav,en,spoof,vc,A05,LA_0092,asvspoof2019la,,rawboost
data/processed/en_augmented/LA_T_3228820_aug.wav,en,bonafide,real,-,LA_0086,asvspoof2019la,,none
data/processed/en_augmented/LA_T_2555028_aug.wav,en,bonafide,real,-,LA_0097,asvspoof2019la,,rawboost
data/processed/en_augmented/LA_T_7478918_aug.wav,en,bonafide,real,-,LA_0092,asvspoof2019la,,none
data/processed/en_augmented/LA_T_6457872_aug.wav,en,bonafide,real,-,LA_0083,asvspoof2019la,,codec
data/processed/en_augmented/LA_T_6632904_aug.wav,en,bonafide,real,-,LA_0088,asvspoof2019la,,none
data/processed/en_augmented/LA_T_9330790_aug.wav,en,bonafide,real,-,LA_0096,asvspoof2019la,,rawboost+codec
data/processed/en_augmented/LA_T_3466839_aug.wav,en,spoof,tts,A04,LA_0095,asvspoof2019la,,codec
data/processed/en_augmented/LA_T_9519970_aug.wav,en,bonafide,real,-,LA_0083,asvspoof2019la,,none
data/processed/en_augmented/LA_T_4565832_aug.wav,en,bonafide,real,-,LA_0084,asvspoof2019la,,rawboost
data/processed/en_augmented/LA_T_3766393_aug.wav,en,spoof,vc,A06,LA_0091,asvspoof2019la,,codec
data/processed/en_augmented/LA_T_1013549_aug.wav,en,spoof,tts,A01,LA_0085,asvspoof2019la,,codec
data/processed/en_augmented/LA_T_1030482_aug.wav,en,spoof,vc,A05,LA_0085,asvspoof2019la,,none
data/processed/en_augmented/LA_T_4895817_aug.wav,en,spoof,tts,A04,LA_0081,asvspoof2019la,,rawboost
data/processed/en_augmented/LA_T_6877580_aug.wav,en,spoof,tts,A03,LA_0094,asvspoof2019la,,rawboost+codec
data/processed/en_augmented/LA_T_8147818_aug.wav,en,bonafide,real,-,LA_0096,asvspoof2019la,,rawboost
data/processed/en_augmented/LA_T_2363469_aug.wav,en,bonafide,real,-,LA_0094,asvspoof2019la,,rawboost+codec
data/processed/en_augmented/LA_T_8276365_aug.wav,en,bonafide,real,-,LA_0098,asvspoof2019la,,none
data/processed/en_augmented/LA_T_8119863_aug.wav,en,bonafide,real,-,LA_0086,asvspoof2019la,,rawboost
data/processed/en_augmented/LA_T_8309924_aug.wav,en,spoof,tts,A04,LA_0086,asvspoof2019la,,rawboost
data/processed/en_augmented/LA_T_8078030_aug.wav,en,spoof,tts,A01,LA_0096,asvspoof2019la,,rawboost
data/processed/en_augmented/LA_T_9762480_aug.wav,en,bonafide,real,-,LA_0096,asvspoof2019la,,none
data/processed/en_augmented/LA_T_3394389_aug.wav,en,bonafide,real,-,LA_0093,asvspoof2019la,,rawboost
data/processed/en_augmented/LA_T_1271820_aug.wav,en,bonafide,real,-,LA_0079,asvspoof2019la,,rawboost+codec
data/processed/en_augmented/LA_T_3331975_aug.wav,en,spoof,tts,A01,LA_0096,asvspoof2019la,,none
data/processed/en_augmented/LA_T_5302452_aug.wav,en,bonafide,real,-,LA_0088,asvspoof2019la,,none
data/processed/en_augmented/LA_T_1622807_aug.wav,en,bonafide,real,-,LA_0084,asvspoof2019la,,rawboost+codec
data/processed/en_augmented/LA_T_8127151_aug.wav,en,bonafide,real,-,LA_0097,asvspoof2019la,,rawboost+codec
data/processed/en_augmented/LA_T_7450091_aug.wav,en,bonafide,real,-,LA_0080,asvspoof2019la,,rawboost+codec
data/processed/en_augmented/LA_T_6973548_aug.wav,en,spoof,vc,A06,LA_0084,asvspoof2019la,,none
data/processed/en_augmented/LA_T_5850475_aug.wav,en,spoof,vc,A05,LA_0089,asvspoof2019la,,rawboost+codec
data/processed/en_augmented/LA_T_2753231_aug.wav,en,spoof,vc,A06,LA_0087,asvspoof2019la,,rawboost+codec
data/processed/en_augmented/LA_T_2413714_aug.wav,en,spoof,tts,A01,LA_0085,asvspoof2019la,,rawboost
data/processed/en_augmented/LA_T_8051672_aug.wav,en,spoof,vc,A05,LA_0087,asvspoof2019la,,rawboost
data/processed/en_augmented/LA_T_4641716_aug.wav,en,spoof,tts,A04,LA_0093,asvspoof2019la,,codec
data/processed/en_augmented/LA_T_3163425_aug.wav,en,bonafide,real,-,LA_0083,asvspoof2019la,,none
data/processed/en_augmented/LA_T_6182309_aug.wav,en,spoof,tts,A01,LA_0092,asvspoof2019la,,none
data/processed/en_augmented/LA_T_2777160_aug.wav,en,bonafide,real,-,LA_0080,asvspoof2019la,,rawboost
data/processed/en_augmented/LA_T_8741491_aug.wav,en,spoof,vc,A06,LA_0098,asvspoof2019la,,rawboost
data/processed/en_augmented/LA_T_1406603_aug.wav,en,bonafide,real,-,LA_0092,asvspoof2019la,,rawboost
data/processed/en_augmented/LA_T_1151825_aug.wav,en,spoof,vc,A06,LA_0090,asvspoof2019la,,none
data/processed/en_augmented/LA_T_1608170_aug.wav,en,bonafide,real,-,LA_0079,asvspoof2019la,,rawboost
data/processed/en_augmented/LA_T_4811800_aug.wav,en,bonafide,real,-,LA_0083,asvspoof2019la,,rawboost
data/processed/en_augmented/LA_T_9730601_aug.wav,en,bonafide,real,-,LA_0094,asvspoof2019la,,codec
data/processed/en_augmented/LA_T_1195400_aug.wav,en,spoof,tts,A02,LA_0093,asvspoof2019la,,rawboost+codec
data/processed/en_augmented/LA_T_4868237_aug.wav,en,bonafide,real,-,LA_0093,asvspoof2019la,,rawboost+codec
data/processed/en_augmented/LA_T_2622954_aug.wav,en,bonafide,real,-,LA_0092,asvspoof2019la,,none
data/processed/en_augmented/LA_T_6835345_aug.wav,en,bonafide,real,-,LA_0082,asvspoof2019la,,rawboost
data/processed/en_augmented/LA_T_6309904_aug.wav,en,spoof,vc,A06,LA_0096,asvspoof2019la,,codec
data/processed/en_augmented/LA_T_3682623_aug.wav,en,spoof,vc,A06,LA_0094,asvspoof2019la,,none
data/processed/en_augmented/LA_T_3636245_aug.wav,en,bonafide,real,-,LA_0079,asvspoof2019la,,rawboost+codec
data/processed/en_augmented/LA_T_5786461_aug.wav,en,bonafide,real,-,LA_0083,asvspoof2019la,,rawboost
data/processed/en_augmented/LA_T_1416691_aug.wav,en,spoof,vc,A06,LA_0096,asvspoof2019la,,codec
data/processed/en_augmented/LA_T_2870726_aug.wav,en,spoof,tts,A03,LA_0079,asvspoof2019la,,rawboost
data/processed/en_augmented/LA_T_3275774_aug.wav,en,spoof,tts,A04,LA_0086,asvspoof2019la,,codec
data/processed/en_augmented/LA_T_7560262_aug.wav,en,spoof,vc,A05,LA_0091,asvspoof2019la,,rawboost+codec
data/processed/en_augmented/LA_T_1347550_aug.wav,en,bonafide,real,-,LA_0097,asvspoof2019la,,none
data/processed/en_augmented/LA_T_1406349_aug.wav,en,spoof,tts,A02,LA_0082,asvspoof2019la,,rawboost
data/processed/en_augmented/LA_T_9735027_aug.wav,en,spoof,tts,A01,LA_0093,asvspoof2019la,,none
data/processed/en_augmented/LA_T_2599995_aug.wav,en,bonafide,real,-,LA_0089,asvspoof2019la,,rawboost
data/processed/en_augmented/LA_T_9640177_aug.wav,en,spoof,vc,A06,LA_0095,asvspoof2019la,,rawboost+codec
data/processed/en_augmented/LA_T_5043225_aug.wav,en,bonafide,real,-,LA_0082,asvspoof2019la,,rawboost+codec
data/processed/en_augmented/LA_T_1158098_aug.wav,en,bonafide,real,-,LA_0084,asvspoof2019la,,none
data/processed/en_augmented/LA_T_4956486_aug.wav,en,bonafide,real,-,LA_0095,asvspoof2019la,,none
data/processed/en_augmented/LA_T_5298278_aug.wav,en,spoof,tts,A03,LA_0093,asvspoof2019la,,rawboost+codec
data/processed/en_augmented/LA_T_7700407_aug.wav,en,bonafide,real,-,LA_0086,asvspoof2019la,,rawboost+codec
data/processed/en_augmented/LA_T_4481430_aug.wav,en,spoof,vc,A05,LA_0096,asvspoof2019la,,codec
data/processed/en_augmented/LA_T_6894789_aug.wav,en,spoof,tts,A01,LA_0089,asvspoof2019la,,none
data/processed/en_augmented/LA_T_9018502_aug.wav,en,spoof,vc,A06,LA_0082,asvspoof2019la,,rawboost+codec
data/processed/en_augmented/LA_T_8747484_aug.wav,en,spoof,tts,A04,LA_0089,asvspoof2019la,,none
data/processed/en_augmented/LA_T_1922746_aug.wav,en,bonafide,real,-,LA_0085,asvspoof2019la,,rawboost
data/processed/en_augmented/LA_T_4629903_aug.wav,en,spoof,vc,A05,LA_0084,asvspoof2019la,,codec
data/processed/en_augmented/LA_T_7833340_aug.wav,en,bonafide,real,-,LA_0088,asvspoof2019la,,none
data/processed/en_augmented/LA_T_2333324_aug.wav,en,spoof,vc,A05,LA_0081,asvspoof2019la,,none
data/processed/en_augmented/LA_T_6025945_aug.wav,en,bonafide,real,-,LA_0095,asvspoof2019la,,none
data/processed/en_augmented/LA_T_5383824_aug.wav,en,bonafide,real,-,LA_0083,asvspoof2019la,,rawboost
data/processed/en_augmented/LA_T_4855072_aug.wav,en,bonafide,real,-,LA_0083,asvspoof2019la,,rawboost
data/processed/en_augmented/LA_T_5349427_aug.wav,en,spoof,tts,A02,LA_0086,asvspoof2019la,,rawboost+codec
data/processed/en_augmented/LA_T_8234497_aug.wav,en,bonafide,real,-,LA_0090,asvspoof2019la,,codec
data/processed/en_augmented/LA_T_3289462_aug.wav,en,spoof,vc,A05,LA_0098,asvspoof2019la,,none
data/processed/en_augmented/LA_T_1411980_aug.wav,en,bonafide,real,-,LA_0080,asvspoof2019la,,none
data/processed/en_augmented/LA_T_6212732_aug.wav,en,bonafide,real,-,LA_0083,asvspoof2019la,,rawboost
data/processed/en_augmented/LA_T_3873840_aug.wav,en,spoof,tts,A02,LA_0085,asvspoof2019la,,rawboost
data/processed/en_augmented/LA_T_9132666_aug.wav,en,bonafide,real,-,LA_0094,asvspoof2019la,,none
data/processed/en_augmented/LA_T_5653072_aug.wav,en,spoof,vc,A06,LA_0092,asvspoof2019la,,codec
data/processed/en_augmented/LA_T_4740750_aug.wav,en,bonafide,real,-,LA_0082,asvspoof2019la,,codec
data/processed/en_augmented/LA_T_5034899_aug.wav,en,spoof,tts,A03,LA_0081,asvspoof2019la,,rawboost+codec
data/processed/en_augmented/LA_T_3917651_aug.wav,en,spoof,tts,A03,LA_0094,asvspoof2019la,,none
data/processed/en_augmented/LA_T_4380971_aug.wav,en,spoof,vc,A06,LA_0086,asvspoof2019la,,none
data/processed/en_augmented/LA_T_2613474_aug.wav,en,spoof,vc,A06,LA_0090,asvspoof2019la,,rawboost
data/processed/en_augmented/LA_T_9130247_aug.wav,en,spoof,tts,A01,LA_0090,asvspoof2019la,,codec
data/processed/en_augmented/LA_T_6507923_aug.wav,en,spoof,vc,A06,LA_0079,asvspoof2019la,,rawboost+codec
data/processed/en_augmented/LA_T_8589988_aug.wav,en,bonafide,real,-,LA_0084,asvspoof2019la,,none
data/processed/en_augmented/LA_T_4956729_aug.wav,en,bonafide,real,-,LA_0081,asvspoof2019la,,none
data/processed/en_augmented/LA_T_6175341_aug.wav,en,bonafide,real,-,LA_0097,asvspoof2019la,,codec
data/processed/en_augmented/LA_T_2248930_aug.wav,en,spoof,vc,A05,LA_0097,asvspoof2019la,,none
data/processed/en_augmented/LA_T_8219519_aug.wav,en,spoof,vc,A06,LA_0091,asvspoof2019la,,rawboost+codec
data/processed/en_augmented/LA_T_3385161_aug.wav,en,bonafide,real,-,LA_0095,asvspoof2019la,,none
data/processed/en_augmented/LA_T_9163690_aug.wav,en,spoof,tts,A01,LA_0097,asvspoof2019la,,rawboost
data/processed/en_augmented/LA_T_3050589_aug.wav,en,spoof,vc,A06,LA_0089,asvspoof2019la,,codec
data/processed/en_augmented/LA_T_2707835_aug.wav,en,bonafide,real,-,LA_0088,asvspoof2019la,,rawboost
data/processed/en_augmented/LA_T_7038183_aug.wav,en,spoof,tts,A04,LA_0081,asvspoof2019la,,none
data/processed/en_augmented/LA_T_2737588_aug.wav,en,bonafide,real,-,LA_0080,asvspoof2019la,,rawboost
data/processed/en_augmented/LA_T_6761774_aug.wav,en,spoof,tts,A01,LA_0096,asvspoof2019la,,rawboost+codec
data/processed/en_augmented/LA_T_3616712_aug.wav,en,spoof,tts,A02,LA_0080,asvspoof2019la,,rawboost
data/processed/en_augmented/LA_T_1801640_aug.wav,en,spoof,vc,A06,LA_0091,asvspoof2019la,,rawboost
data/processed/en_augmented/LA_T_4192741_aug.wav,en,spoof,vc,A05,LA_0092,asvspoof2019la,,rawboost
data/processed/en_augmented/LA_T_5619335_aug.wav,en,bonafide,real,-,LA_0087,asvspoof2019la,,rawboost
data/processed/en_augmented/LA_T_6521045_aug.wav,en,bonafide,real,-,LA_0090,asvspoof2019la,,codec
data/processed/en_augmented/LA_T_9515775_aug.wav,en,spoof,tts,A04,LA_0096,asvspoof2019la,,none
data/processed/en_augmented/LA_T_4369129_aug.wav,en,bonafide,real,-,LA_0082,asvspoof2019la,,rawboost
data/processed/en_augmented/LA_T_9195565_aug.wav,en,bonafide,real,-,LA_0098,asvspoof2019la,,none
data/processed/en_augmented/LA_T_9396899_aug.wav,en,bonafide,real,-,LA_0081,asvspoof2019la,,rawboost
data/processed/en_augmented/LA_T_8402841_aug.wav,en,spoof,vc,A05,LA_0092,asvspoof2019la,,rawboost
data/processed/en_augmented/LA_T_3143422_aug.wav,en,spoof,tts,A04,LA_0097,asvspoof2019la,,rawboost
data/processed/en_augmented/LA_T_2147294_aug.wav,en,bonafide,real,-,LA_0091,asvspoof2019la,,none
data/processed/en_augmented/LA_T_9126862_aug.wav,en,bonafide,real,-,LA_0098,asvspoof2019la,,rawboost
data/processed/en_augmented/LA_T_9345083_aug.wav,en,spoof,tts,A04,LA_0091,asvspoof2019la,,rawboost
data/processed/en_augmented/LA_T_4025620_aug.wav,en,spoof,tts,A01,LA_0079,asvspoof2019la,,codec
data/processed/en_augmented/LA_T_3137477_aug.wav,en,spoof,vc,A05,LA_0093,asvspoof2019la,,rawboost+codec
data/processed/en_augmented/LA_T_7667992_aug.wav,en,bonafide,real,-,LA_0088,asvspoof2019la,,none
data/processed/en_augmented/LA_T_1779927_aug.wav,en,spoof,vc,A06,LA_0091,asvspoof2019la,,none
data/processed/en_augmented/LA_T_8880327_aug.wav,en,bonafide,real,-,LA_0088,asvspoof2019la,,rawboost
data/processed/en_augmented/LA_T_5896323_aug.wav,en,bonafide,real,-,LA_0088,asvspoof2019la,,rawboost+codec
data/processed/en_augmented/LA_T_1568153_aug.wav,en,spoof,vc,A06,LA_0097,asvspoof2019la,,none
data/processed/en_augmented/LA_T_9959600_aug.wav,en,bonafide,real,-,LA_0095,asvspoof2019la,,none
data/processed/en_augmented/LA_T_5560661_aug.wav,en,spoof,vc,A06,LA_0095,asvspoof2019la,,rawboost
data/processed/en_augmented/LA_T_6075309_aug.wav,en,spoof,tts,A01,LA_0080,asvspoof2019la,,rawboost
data/processed/en_augmented/LA_T_8850089_aug.wav,en,spoof,vc,A05,LA_0093,asvspoof2019la,,rawboost+codec
data/processed/en_augmented/LA_T_4630240_aug.wav,en,spoof,vc,A05,LA_0084,asvspoof2019la,,rawboost+codec
data/processed/en_augmented/LA_T_5125810_aug.wav,en,bonafide,real,-,LA_0090,asvspoof2019la,,rawboost+codec
data/processed/en_augmented/LA_T_9111575_aug.wav,en,spoof,vc,A05,LA_0096,asvspoof2019la,,codec
data/processed/en_augmented/LA_T_3425152_aug.wav,en,spoof,vc,A05,LA_0090,asvspoof2019la,,none
data/processed/en_augmented/LA_T_2580351_aug.wav,en,spoof,tts,A02,LA_0083,asvspoof2019la,,none
data/processed/en_augmented/LA_T_9045807_aug.wav,en,spoof,tts,A01,LA_0082,asvspoof2019la,,none
data/processed/en_augmented/LA_T_1787294_aug.wav,en,bonafide,real,-,LA_0093,asvspoof2019la,,none
data/processed/en_augmented/LA_T_7967281_aug.wav,en,spoof,vc,A06,LA_0087,asvspoof2019la,,none
data/processed/en_augmented/LA_T_4240830_aug.wav,en,spoof,tts,A01,LA_0096,asvspoof2019la,,rawboost+codec
data/processed/en_augmented/LA_T_1205628_aug.wav,en,spoof,tts,A02,LA_0081,asvspoof2019la,,rawboost+codec
data/processed/en_augmented/LA_T_6571743_aug.wav,en,spoof,tts,A04,LA_0094,asvspoof2019la,,rawboost+codec
data/processed/en_augmented/LA_T_3570279_aug.wav,en,bonafide,real,-,LA_0081,asvspoof2019la,,none
data/processed/en_augmented/LA_T_5901810_aug.wav,en,spoof,vc,A06,LA_0098,asvspoof2019la,,none
data/processed/en_augmented/LA_T_1600972_aug.wav,en,spoof,tts,A02,LA_0094,asvspoof2019la,,rawboost
data/processed/en_augmented/LA_T_9217902_aug.wav,en,spoof,vc,A05,LA_0089,asvspoof2019la,,rawboost
data/processed/en_augmented/LA_T_8435948_aug.wav,en,bonafide,real,-,LA_0095,asvspoof2019la,,rawboost
data/processed/en_augmented/LA_T_9754656_aug.wav,en,bonafide,real,-,LA_0097,asvspoof2019la,,rawboost
data/processed/en_augmented/LA_T_9603308_aug.wav,en,bonafide,real,-,LA_0084,asvspoof2019la,,none
data/processed/en_augmented/LA_T_6101245_aug.wav,en,spoof,tts,A04,LA_0096,asvspoof2019la,,rawboost
data/processed/en_augmented/LA_T_7898068_aug.wav,en,bonafide,real,-,LA_0094,asvspoof2019la,,none
data/processed/en_augmented/LA_T_1887813_aug.wav,en,spoof,tts,A03,LA_0085,asvspoof2019la,,none
data/processed/en_augmented/LA_T_7006824_aug.wav,en,spoof,vc,A06,LA_0079,asvspoof2019la,,none
data/processed/en_augmented/LA_T_6099597_aug.wav,en,bonafide,real,-,LA_0097,asvspoof2019la,,codec
data/processed/en_augmented/LA_T_3586569_aug.wav,en,bonafide,real,-,LA_0095,asvspoof2019la,,rawboost+codec
data/processed/en_augmented/LA_T_7711596_aug.wav,en,bonafide,real,-,LA_0094,asvspoof2019la,,rawboost
data/processed/en_augmented/LA_T_6957393_aug.wav,en,bonafide,real,-,LA_0080,asvspoof2019la,,none
data/processed/en_augmented/LA_T_7197738_aug.wav,en,bonafide,real,-,LA_0086,asvspoof2019la,,codec
data/processed/en_augmented/LA_T_1599783_aug.wav,en,spoof,vc,A06,LA_0082,asvspoof2019la,,rawboost+codec
data/processed/en_augmented/LA_T_2607307_aug.wav,en,bonafide,real,-,LA_0098,asvspoof2019la,,none
data/processed/en_augmented/LA_T_6922879_aug.wav,en,bonafide,real,-,LA_0095,asvspoof2019la,,codec
data/processed/en_augmented/LA_T_3118525_aug.wav,en,spoof,tts,A02,LA_0095,asvspoof2019la,,none
data/processed/en_augmented/LA_T_5463262_aug.wav,en,bonafide,real,-,LA_0088,asvspoof2019la,,rawboost
data/processed/en_augmented/LA_T_9863654_aug.wav,en,bonafide,real,-,LA_0087,asvspoof2019la,,rawboost
data/processed/en_augmented/LA_T_2179403_aug.wav,en,spoof,tts,A01,LA_0082,asvspoof2019la,,rawboost
data/processed/en_augmented/LA_T_6167894_aug.wav,en,spoof,tts,A03,LA_0081,asvspoof2019la,,none
data/processed/en_augmented/LA_T_6074594_aug.wav,en,spoof,tts,A04,LA_0082,asvspoof2019la,,none
data/processed/en_augmented/LA_T_4974655_aug.wav,en,spoof,tts,A04,LA_0090,asvspoof2019la,,rawboost+codec
data/processed/en_augmented/LA_T_8944004_aug.wav,en,spoof,vc,A06,LA_0083,asvspoof2019la,,rawboost+codec
data/processed/en_augmented/LA_T_7977164_aug.wav,en,spoof,vc,A05,LA_0090,asvspoof2019la,,none
data/processed/en_augmented/LA_T_6340855_aug.wav,en,spoof,tts,A02,LA_0092,asvspoof2019la,,rawboost
data/processed/en_augmented/LA_T_4124430_aug.wav,en,bonafide,real,-,LA_0097,asvspoof2019la,,rawboost
data/processed/en_augmented/LA_T_3243184_aug.wav,en,spoof,vc,A05,LA_0090,asvspoof2019la,,rawboost+codec
data/processed/en_augmented/LA_T_5086352_aug.wav,en,spoof,tts,A03,LA_0096,asvspoof2019la,,rawboost
data/processed/en_augmented/LA_T_9851949_aug.wav,en,bonafide,real,-,LA_0094,asvspoof2019la,,none
data/processed/en_augmented/LA_T_8606318_aug.wav,en,spoof,vc,A05,LA_0081,asvspoof2019la,,none
data/processed/en_augmented/LA_T_4871078_aug.wav,en,bonafide,real,-,LA_0093,asvspoof2019la,,rawboost+codec
data/processed/en_augmented/LA_T_4431542_aug.wav,en,spoof,vc,A05,LA_0085,asvspoof2019la,,rawboost+codec
data/processed/en_augmented/LA_T_8463255_aug.wav,en,spoof,vc,A05,LA_0086,asvspoof2019la,,rawboost+codec
data/processed/en_augmented/LA_T_2435826_aug.wav,en,bonafide,real,-,LA_0085,asvspoof2019la,,rawboost+codec
data/processed/en_augmented/LA_T_5214756_aug.wav,en,spoof,tts,A03,LA_0083,asvspoof2019la,,rawboost
data/processed/en_augmented/LA_T_3441957_aug.wav,en,bonafide,real,-,LA_0079,asvspoof2019la,,rawboost+codec
data/processed/en_augmented/LA_T_8935555_aug.wav,en,bonafide,real,-,LA_0095,asvspoof2019la,,codec
data/processed/en_augmented/LA_T_8665775_aug.wav,en,bonafide,real,-,LA_0085,asvspoof2019la,,rawboost
data/processed/en_augmented/LA_T_5417767_aug.wav,en,bonafide,real,-,LA_0087,asvspoof2019la,,none
data/processed/en_augmented/LA_T_8651978_aug.wav,en,bonafide,real,-,LA_0087,asvspoof2019la,,rawboost
data/processed/en_augmented/LA_T_7871107_aug.wav,en,spoof,vc,A06,LA_0090,asvspoof2019la,,rawboost
data/processed/en_augmented/LA_T_8933044_aug.wav,en,spoof,vc,A05,LA_0082,asvspoof2019la,,none
data/processed/en_augmented/LA_T_5176249_aug.wav,en,spoof,vc,A05,LA_0096,asvspoof2019la,,none
data/processed/en_augmented/LA_T_8596867_aug.wav,en,bonafide,real,-,LA_0097,asvspoof2019la,,rawboost
data/processed/en_augmented/LA_T_8971567_aug.wav,en,bonafide,real,-,LA_0090,asvspoof2019la,,codec
data/processed/en_augmented/LA_T_1664193_aug.wav,en,spoof,vc,A05,LA_0096,asvspoof2019la,,none
data/processed/en_augmented/LA_T_4345283_aug.wav,en,bonafide,real,-,LA_0084,asvspoof2019la,,rawboost
data/processed/en_augmented/LA_T_8694956_aug.wav,en,spoof,tts,A02,LA_0083,asvspoof2019la,,rawboost
data/processed/en_augmented/LA_T_1511193_aug.wav,en,bonafide,real,-,LA_0090,asvspoof2019la,,none
data/processed/en_augmented/LA_T_3659950_aug.wav,en,spoof,vc,A06,LA_0094,asvspoof2019la,,rawboost+codec
data/processed/en_augmented/LA_T_1415351_aug.wav,en,bonafide,real,-,LA_0096,asvspoof2019la,,codec
data/processed/en_augmented/LA_T_2540365_aug.wav,en,spoof,vc,A06,LA_0080,asvspoof2019la,,codec
data/processed/en_augmented/LA_T_6118163_aug.wav,en,spoof,vc,A06,LA_0097,asvspoof2019la,,none
data/processed/en_augmented/LA_T_6905979_aug.wav,en,bonafide,real,-,LA_0090,asvspoof2019la,,rawboost
data/processed/en_augmented/LA_T_1812468_aug.wav,en,spoof,vc,A06,LA_0091,asvspoof2019la,,rawboost
data/processed/en_augmented/LA_T_4589610_aug.wav,en,spoof,vc,A06,LA_0080,asvspoof2019la,,none
data/processed/en_augmented/LA_T_7321267_aug.wav,en,spoof,tts,A03,LA_0081,asvspoof2019la,,rawboost+codec
data/processed/en_augmented/LA_T_4888310_aug.wav,en,spoof,vc,A06,LA_0098,asvspoof2019la,,rawboost
data/processed/en_augmented/LA_T_2545938_aug.wav,en,bonafide,real,-,LA_0096,asvspoof2019la,,none
data/processed/en_augmented/LA_T_3778918_aug.wav,en,spoof,vc,A05,LA_0098,asvspoof2019la,,codec
data/processed/en_augmented/LA_T_7473658_aug.wav,en,bonafide,real,-,LA_0089,asvspoof2019la,,none
data/processed/en_augmented/LA_T_6880656_aug.wav,en,spoof,tts,A01,LA_0098,asvspoof2019la,,rawboost
data/processed/en_augmented/LA_T_6462776_aug.wav,en,spoof,vc,A06,LA_0079,asvspoof2019la,,rawboost+codec
data/processed/en_augmented/LA_T_4544937_aug.wav,en,spoof,tts,A02,LA_0089,asvspoof2019la,,none
data/processed/en_augmented/LA_T_2257021_aug.wav,en,spoof,vc,A05,LA_0087,asvspoof2019la,,rawboost
data/processed/en_augmented/LA_T_7999625_aug.wav,en,spoof,tts,A02,LA_0097,asvspoof2019la,,rawboost+codec
data/processed/en_augmented/LA_T_1599278_aug.wav,en,bonafide,real,-,LA_0087,asvspoof2019la,,rawboost
data/processed/en_augmented/LA_T_3715800_aug.wav,en,spoof,tts,A03,LA_0098,asvspoof2019la,,none
data/processed/en_augmented/LA_T_1868826_aug.wav,en,spoof,tts,A04,LA_0095,asvspoof2019la,,codec
data/processed/en_augmented/LA_T_1761181_aug.wav,en,spoof,vc,A05,LA_0088,asvspoof2019la,,none
data/processed/en_augmented/LA_T_6669635_aug.wav,en,bonafide,real,-,LA_0081,asvspoof2019la,,none
data/processed/en_augmented/LA_T_3167085_aug.wav,en,bonafide,real,-,LA_0085,asvspoof2019la,,codec
data/processed/en_augmented/LA_T_7613760_aug.wav,en,spoof,vc,A05,LA_0095,asvspoof2019la,,rawboost
data/processed/en_augmented/LA_T_5326968_aug.wav,en,bonafide,real,-,LA_0093,asvspoof2019la,,rawboost
data/processed/en_augmented/LA_T_4861861_aug.wav,en,bonafide,real,-,LA_0093,asvspoof2019la,,rawboost+codec
data/processed/en_augmented/LA_T_8097695_aug.wav,en,bonafide,real,-,LA_0088,asvspoof2019la,,none
data/processed/en_augmented/LA_T_8756023_aug.wav,en,spoof,tts,A03,LA_0096,asvspoof2019la,,rawboost
data/processed/en_augmented/LA_T_7570086_aug.wav,en,bonafide,real,-,LA_0098,asvspoof2019la,,rawboost+codec
data/processed/en_augmented/LA_T_9635654_aug.wav,en,bonafide,real,-,LA_0096,asvspoof2019la,,rawboost
data/processed/en_augmented/LA_T_2009235_aug.wav,en,bonafide,real,-,LA_0094,asvspoof2019la,,rawboost
data/processed/en_augmented/LA_T_4124955_aug.wav,en,bonafide,real,-,LA_0084,asvspoof2019la,,codec
data/processed/en_augmented/LA_T_7597238_aug.wav,en,bonafide,real,-,LA_0088,asvspoof2019la,,none
data/processed/en_augmented/LA_T_1023546_aug.wav,en,bonafide,real,-,LA_0085,asvspoof2019la,,none
data/processed/en_augmented/LA_T_7533966_aug.wav,en,spoof,vc,A06,LA_0088,asvspoof2019la,,rawboost+codec
data/processed/en_augmented/LA_T_9772981_aug.wav,en,bonafide,real,-,LA_0082,asvspoof2019la,,rawboost
data/processed/en_augmented/LA_T_2520083_aug.wav,en,bonafide,real,-,LA_0079,asvspoof2019la,,codec
data/processed/en_augmented/LA_T_1115237_aug.wav,en,spoof,tts,A03,LA_0089,asvspoof2019la,,rawboost+codec
data/processed/en_augmented/LA_T_9506168_aug.wav,en,bonafide,real,-,LA_0097,asvspoof2019la,,rawboost
data/processed/en_augmented/LA_T_3453961_aug.wav,en,spoof,vc,A05,LA_0088,asvspoof2019la,,none
data/processed/en_augmented/LA_T_5613911_aug.wav,en,bonafide,real,-,LA_0092,asvspoof2019la,,rawboost
data/processed/en_augmented/LA_T_3325414_aug.wav,en,bonafide,real,-,LA_0084,asvspoof2019la,,none
data/processed/en_augmented/LA_T_1840504_aug.wav,en,spoof,vc,A06,LA_0084,asvspoof2019la,,none
data/processed/en_augmented/LA_T_6401833_aug.wav,en,bonafide,real,-,LA_0086,asvspoof2019la,,rawboost
data/processed/en_augmented/LA_T_2085766_aug.wav,en,bonafide,real,-,LA_0081,asvspoof2019la,,rawboost
data/processed/en_augmented/LA_T_4477731_aug.wav,en,spoof,vc,A06,LA_0096,asvspoof2019la,,rawboost
data/processed/en_augmented/LA_T_4567973_aug.wav,en,spoof,vc,A06,LA_0088,asvspoof2019la,,rawboost
data/processed/en_augmented/LA_T_1874118_aug.wav,en,bonafide,real,-,LA_0091,asvspoof2019la,,none
data/processed/en_augmented/LA_T_8598672_aug.wav,en,spoof,vc,A05,LA_0089,asvspoof2019la,,rawboost
data/processed/en_augmented/LA_T_9921708_aug.wav,en,spoof,vc,A06,LA_0085,asvspoof2019la,,codec
data/processed/en_augmented/LA_T_5248709_aug.wav,en,spoof,tts,A02,LA_0086,asvspoof2019la,,rawboost
data/processed/en_augmented/LA_T_1603620_aug.wav,en,spoof,vc,A05,LA_0081,asvspoof2019la,,none
data/processed/en_augmented/LA_T_5051764_aug.wav,en,bonafide,real,-,LA_0084,asvspoof2019la,,rawboost+codec
data/processed/en_augmented/LA_T_7085338_aug.wav,en,spoof,tts,A02,LA_0083,asvspoof2019la,,rawboost+codec
data/processed/en_augmented/LA_T_6129228_aug.wav,en,bonafide,real,-,LA_0092,asvspoof2019la,,rawboost
data/processed/en_augmented/LA_T_9267496_aug.wav,en,spoof,tts,A03,LA_0084,asvspoof2019la,,rawboost
data/processed/en_augmented/LA_T_1285870_aug.wav,en,spoof,tts,A01,LA_0098,asvspoof2019la,,none
data/processed/en_augmented/LA_T_5841317_aug.wav,en,spoof,vc,A06,LA_0092,asvspoof2019la,,none
data/processed/en_augmented/LA_T_1732162_aug.wav,en,bonafide,real,-,LA_0090,asvspoof2019la,,none
data/processed/en_augmented/LA_T_3045749_aug.wav,en,bonafide,real,-,LA_0089,asvspoof2019la,,none
data/processed/en_augmented/LA_T_8604522_aug.wav,en,spoof,vc,A05,LA_0086,asvspoof2019la,,none
data/processed/en_augmented/LA_T_7422329_aug.wav,en,bonafide,real,-,LA_0086,asvspoof2019la,,rawboost+codec
data/processed/en_augmented/LA_T_3448969_aug.wav,en,spoof,tts,A01,LA_0079,asvspoof2019la,,none
data/processed/en_augmented/LA_T_8047551_aug.wav,en,spoof,tts,A04,LA_0096,asvspoof2019la,,none
data/processed/en_augmented/LA_T_2696109_aug.wav,en,spoof,vc,A05,LA_0098,asvspoof2019la,,rawboost
data/processed/en_augmented/LA_T_6306026_aug.wav,en,bonafide,real,-,LA_0080,asvspoof2019la,,rawboost
data/processed/en_augmented/LA_T_5454842_aug.wav,en,spoof,vc,A05,LA_0083,asvspoof2019la,,rawboost
data/processed/en_augmented/LA_T_9739745_aug.wav,en,spoof,vc,A05,LA_0086,asvspoof2019la,,rawboost
data/processed/en_augmented/LA_T_6620806_aug.wav,en,bonafide,real,-,LA_0083,asvspoof2019la,,rawboost
data/processed/en_augmented/LA_T_2245023_aug.wav,en,spoof,tts,A02,LA_0082,asvspoof2019la,,rawboost
data/processed/en_augmented/LA_T_7313720_aug.wav,en,spoof,tts,A02,LA_0086,asvspoof2019la,,codec
data/processed/en_augmented/LA_T_7120109_aug.wav,en,spoof,tts,A03,LA_0097,asvspoof2019la,,codec
data/processed/en_augmented/LA_T_1934303_aug.wav,en,spoof,tts,A03,LA_0093,asvspoof2019la,,none
data/processed/en_augmented/LA_T_9749112_aug.wav,en,bonafide,real,-,LA_0084,asvspoof2019la,,none
data/processed/en_augmented/LA_T_3244537_aug.wav,en,spoof,vc,A05,LA_0096,asvspoof2019la,,none
data/processed/en_augmented/LA_T_8456956_aug.wav,en,spoof,tts,A01,LA_0092,asvspoof2019la,,rawboost+codec
data/processed/en_augmented/LA_T_7466024_aug.wav,en,spoof,vc,A06,LA_0098,asvspoof2019la,,none
data/processed/en_augmented/LA_T_4868690_aug.wav,en,spoof,vc,A06,LA_0087,asvspoof2019la,,rawboost
data/processed/en_augmented/LA_T_7183032_aug.wav,en,bonafide,real,-,LA_0081,asvspoof2019la,,codec
data/processed/en_augmented/LA_T_1743583_aug.wav,en,bonafide,real,-,LA_0095,asvspoof2019la,,rawboost
data/processed/en_augmented/LA_T_6563578_aug.wav,en,spoof,vc,A06,LA_0092,asvspoof2019la,,none
data/processed/en_augmented/LA_T_9754081_aug.wav,en,bonafide,real,-,LA_0088,asvspoof2019la,,none
data/processed/en_augmented/LA_T_5043547_aug.wav,en,bonafide,real,-,LA_0098,asvspoof2019la,,rawboost
data/processed/en_augmented/LA_T_9803720_aug.wav,en,bonafide,real,-,LA_0079,asvspoof2019la,,rawboost
data/processed/en_augmented/LA_T_2857301_aug.wav,en,bonafide,real,-,LA_0098,asvspoof2019la,,rawboost
data/processed/en_augmented/LA_T_4562769_aug.wav,en,spoof,vc,A06,LA_0097,asvspoof2019la,,none
data/processed/en_augmented/LA_T_5811814_aug.wav,en,spoof,tts,A02,LA_0087,asvspoof2019la,,none
data/processed/en_augmented/LA_T_4029619_aug.wav,en,spoof,vc,A05,LA_0088,asvspoof2019la,,rawboost
data/processed/en_augmented/LA_T_4057520_aug.wav,en,bonafide,real,-,LA_0093,asvspoof2019la,,codec
data/processed/en_augmented/LA_T_4676270_aug.wav,en,bonafide,real,-,LA_0093,asvspoof2019la,,rawboost+codec
data/processed/en_augmented/LA_T_1110914_aug.wav,en,spoof,tts,A02,LA_0092,asvspoof2019la,,rawboost
data/processed/en_augmented/LA_T_6790280_aug.wav,en,spoof,vc,A06,LA_0082,asvspoof2019la,,none
data/processed/en_augmented/LA_T_9889764_aug.wav,en,spoof,vc,A06,LA_0085,asvspoof2019la,,codec
data/processed/en_augmented/LA_T_6999716_aug.wav,en,bonafide,real,-,LA_0095,asvspoof2019la,,rawboost
data/processed/en_augmented/LA_T_8998030_aug.wav,en,spoof,tts,A01,LA_0091,asvspoof2019la,,none
data/processed/en_augmented/LA_T_5228221_aug.wav,en,spoof,tts,A02,LA_0091,asvspoof2019la,,rawboost+codec
data/processed/en_augmented/LA_T_9944031_aug.wav,en,spoof,tts,A03,LA_0079,asvspoof2019la,,none
data/processed/en_augmented/LA_T_9686742_aug.wav,en,spoof,vc,A05,LA_0087,asvspoof2019la,,none
data/processed/en_augmented/LA_T_4519889_aug.wav,en,spoof,vc,A05,LA_0081,asvspoof2019la,,none
data/processed/en_augmented/LA_T_3963452_aug.wav,en,bonafide,real,-,LA_0085,asvspoof2019la,,none
data/processed/en_augmented/LA_T_8256308_aug.wav,en,spoof,tts,A01,LA_0088,asvspoof2019la,,rawboost
data/processed/en_augmented/LA_T_8173468_aug.wav,en,spoof,vc,A06,LA_0083,asvspoof2019la,,rawboost
data/processed/en_augmented/LA_T_8419264_aug.wav,en,spoof,tts,A04,LA_0083,asvspoof2019la,,rawboost
data/processed/en_augmented/LA_T_5161420_aug.wav,en,bonafide,real,-,LA_0079,asvspoof2019la,,none
data/processed/en_augmented/LA_T_7160489_aug.wav,en,spoof,vc,A06,LA_0084,asvspoof2019la,,rawboost
data/processed/en_augmented/LA_T_3487529_aug.wav,en,bonafide,real,-,LA_0093,asvspoof2019la,,rawboost+codec
data/processed/en_augmented/LA_T_2699884_aug.wav,en,bonafide,real,-,LA_0082,asvspoof2019la,,none
data/processed/en_augmented/LA_T_9380948_aug.wav,en,spoof,vc,A05,LA_0079,asvspoof2019la,,codec
data/processed/en_augmented/LA_T_2113561_aug.wav,en,bonafide,real,-,LA_0086,asvspoof2019la,,rawboost
data/processed/en_augmented/LA_T_5170336_aug.wav,en,bonafide,real,-,LA_0086,asvspoof2019la,,none
data/processed/en_augmented/LA_T_4036336_aug.wav,en,bonafide,real,-,LA_0087,asvspoof2019la,,rawboost
data/processed/en_augmented/LA_T_4254409_aug.wav,en,bonafide,real,-,LA_0090,asvspoof2019la,,rawboost
data/processed/en_augmented/LA_T_5410225_aug.wav,en,spoof,vc,A06,LA_0082,asvspoof2019la,,rawboost+codec
data/processed/en_augmented/LA_T_7029165_aug.wav,en,spoof,tts,A02,LA_0088,asvspoof2019la,,codec
data/processed/en_augmented/LA_T_8034654_aug.wav,en,spoof,tts,A03,LA_0089,asvspoof2019la,,none
data/processed/en_augmented/LA_T_2187509_aug.wav,en,spoof,vc,A06,LA_0087,asvspoof2019la,,rawboost
data/processed/en_augmented/LA_T_8162147_aug.wav,en,bonafide,real,-,LA_0081,asvspoof2019la,,rawboost
data/processed/en_augmented/LA_T_1538283_aug.wav,en,spoof,tts,A02,LA_0080,asvspoof2019la,,none
data/processed/en_augmented/LA_T_5109896_aug.wav,en,bonafide,real,-,LA_0092,asvspoof2019la,,rawboost
data/processed/en_augmented/LA_T_6298599_aug.wav,en,bonafide,real,-,LA_0096,asvspoof2019la,,rawboost
data/processed/en_augmented/LA_T_2799664_aug.wav,en,spoof,vc,A06,LA_0095,asvspoof2019la,,none
data/processed/en_augmented/LA_T_2642748_aug.wav,en,bonafide,real,-,LA_0096,asvspoof2019la,,none
data/processed/en_augmented/LA_T_5050748_aug.wav,en,bonafide,real,-,LA_0094,asvspoof2019la,,none
data/processed/en_augmented/LA_T_3643756_aug.wav,en,spoof,vc,A06,LA_0086,asvspoof2019la,,none
data/processed/en_augmented/LA_T_6796337_aug.wav,en,spoof,tts,A03,LA_0097,asvspoof2019la,,rawboost
data/processed/en_augmented/LA_T_4298489_aug.wav,en,bonafide,real,-,LA_0086,asvspoof2019la,,rawboost
data/processed/en_augmented/LA_T_9362504_aug.wav,en,spoof,tts,A01,LA_0082,asvspoof2019la,,rawboost
data/processed/en_augmented/LA_T_4864122_aug.wav,en,spoof,tts,A01,LA_0098,asvspoof2019la,,none
data/processed/en_augmented/LA_T_9387015_aug.wav,en,bonafide,real,-,LA_0098,asvspoof2019la,,rawboost
data/processed/en_augmented/LA_T_4155454_aug.wav,en,bonafide,real,-,LA_0079,asvspoof2019la,,none
data/processed/en_augmented/LA_T_7740663_aug.wav,en,bonafide,real,-,LA_0087,asvspoof2019la,,rawboost+codec
data/processed/en_augmented/LA_T_2563039_aug.wav,en,spoof,tts,A04,LA_0087,asvspoof2019la,,none
data/processed/en_augmented/LA_T_2571530_aug.wav,en,spoof,tts,A02,LA_0089,asvspoof2019la,,none
data/processed/en_augmented/LA_T_4935601_aug.wav,en,spoof,tts,A01,LA_0082,asvspoof2019la,,rawboost+codec
data/processed/en_augmented/LA_T_3595333_aug.wav,en,bonafide,real,-,LA_0080,asvspoof2019la,,rawboost
data/processed/en_augmented/LA_T_3492130_aug.wav,en,bonafide,real,-,LA_0083,asvspoof2019la,,none
data/processed/en_augmented/LA_T_3426616_aug.wav,en,bonafide,real,-,LA_0089,asvspoof2019la,,rawboost
data/processed/en_augmented/LA_T_4971377_aug.wav,en,bonafide,real,-,LA_0091,asvspoof2019la,,none
data/processed/en_augmented/LA_T_3649183_aug.wav,en,spoof,tts,A03,LA_0088,asvspoof2019la,,none
data/processed/en_augmented/LA_T_1821843_aug.wav,en,bonafide,real,-,LA_0090,asvspoof2019la,,rawboost+codec
data/processed/en_augmented/LA_T_7386069_aug.wav,en,bonafide,real,-,LA_0093,asvspoof2019la,,rawboost
data/processed/en_augmented/LA_T_7310231_aug.wav,en,bonafide,real,-,LA_0087,asvspoof2019la,,rawboost+codec
data/processed/en_augmented/LA_T_5500206_aug.wav,en,spoof,tts,A02,LA_0095,asvspoof2019la,,rawboost+codec
data/processed/en_augmented/LA_T_2803206_aug.wav,en,spoof,vc,A05,LA_0082,asvspoof2019la,,codec
data/processed/en_augmented/LA_T_7696184_aug.wav,en,spoof,vc,A06,LA_0085,asvspoof2019la,,none
data/processed/en_augmented/LA_T_8214944_aug.wav,en,bonafide,real,-,LA_0088,asvspoof2019la,,none
data/processed/en_augmented/LA_T_7457149_aug.wav,en,bonafide,real,-,LA_0087,asvspoof2019la,,rawboost
data/processed/en_augmented/LA_T_6275615_aug.wav,en,bonafide,real,-,LA_0095,asvspoof2019la,,rawboost
data/processed/en_augmented/LA_T_8955767_aug.wav,en,bonafide,real,-,LA_0089,asvspoof2019la,,codec
data/processed/en_augmented/LA_T_3951863_aug.wav,en,spoof,vc,A05,LA_0090,asvspoof2019la,,none
data/processed/en_augmented/LA_T_9713701_aug.wav,en,bonafide,real,-,LA_0085,asvspoof2019la,,none
data/processed/en_augmented/LA_T_6334483_aug.wav,en,bonafide,real,-,LA_0092,asvspoof2019la,,rawboost
data/processed/en_augmented/LA_T_7566003_aug.wav,en,bonafide,real,-,LA_0085,asvspoof2019la,,none
data/processed/en_augmented/LA_T_8527420_aug.wav,en,spoof,vc,A05,LA_0088,asvspoof2019la,,none
data/processed/en_augmented/LA_T_2500033_aug.wav,en,bonafide,real,-,LA_0081,asvspoof2019la,,rawboost
data/processed/en_augmented/LA_T_7720884_aug.wav,en,spoof,tts,A04,LA_0091,asvspoof2019la,,rawboost
data/processed/en_augmented/LA_T_3917204_aug.wav,en,spoof,tts,A03,LA_0089,asvspoof2019la,,rawboost
data/processed/en_augmented/LA_T_9286309_aug.wav,en,spoof,tts,A04,LA_0086,asvspoof2019la,,none
data/processed/en_augmented/LA_T_8607654_aug.wav,en,spoof,tts,A02,LA_0095,asvspoof2019la,,rawboost+codec
data/processed/en_augmented/LA_T_9969620_aug.wav,en,bonafide,real,-,LA_0089,asvspoof2019la,,none
data/processed/en_augmented/LA_T_3956573_aug.wav,en,spoof,vc,A05,LA_0088,asvspoof2019la,,rawboost+codec
data/processed/en_augmented/LA_T_2354972_aug.wav,en,spoof,tts,A04,LA_0088,asvspoof2019la,,rawboost
data/processed/en_augmented/LA_T_6107871_aug.wav,en,spoof,vc,A06,LA_0097,asvspoof2019la,,rawboost
data/processed/en_augmented/LA_T_1569477_aug.wav,en,bonafide,real,-,LA_0090,asvspoof2019la,,rawboost+codec
data/processed/en_augmented/LA_T_7978937_aug.wav,en,spoof,tts,A01,LA_0097,asvspoof2019la,,rawboost+codec
data/processed/en_augmented/LA_T_3251395_aug.wav,en,spoof,tts,A04,LA_0097,asvspoof2019la,,codec
data/processed/en_augmented/LA_T_8111539_aug.wav,en,bonafide,real,-,LA_0089,asvspoof2019la,,none
data/processed/en_augmented/LA_T_6926903_aug.wav,en,bonafide,real,-,LA_0092,asvspoof2019la,,none
data/processed/en_augmented/LA_T_6859505_aug.wav,en,spoof,vc,A06,LA_0097,asvspoof2019la,,rawboost
data/processed/en_augmented/LA_T_2765532_aug.wav,en,spoof,tts,A03,LA_0082,asvspoof2019la,,rawboost
data/processed/en_augmented/LA_T_4167933_aug.wav,en,spoof,vc,A06,LA_0093,asvspoof2019la,,codec
data/processed/en_augmented/LA_T_5625330_aug.wav,en,bonafide,real,-,LA_0093,asvspoof2019la,,codec
data/processed/en_augmented/LA_T_9437969_aug.wav,en,spoof,vc,A05,LA_0097,asvspoof2019la,,none
data/processed/en_augmented/LA_T_2636492_aug.wav,en,spoof,vc,A05,LA_0098,asvspoof2019la,,rawboost+codec
data/processed/en_augmented/LA_T_7890991_aug.wav,en,spoof,vc,A06,LA_0092,asvspoof2019la,,none
data/processed/en_augmented/LA_T_6594586_aug.wav,en,bonafide,real,-,LA_0089,asvspoof2019la,,rawboost+codec
data/processed/en_augmented/LA_T_5410799_aug.wav,en,bonafide,real,-,LA_0094,asvspoof2019la,,rawboost
data/processed/en_augmented/LA_T_4007642_aug.wav,en,spoof,tts,A01,LA_0094,asvspoof2019la,,rawboost
data/processed/en_augmented/LA_T_3144876_aug.wav,en,spoof,vc,A06,LA_0081,asvspoof2019la,,none
data/processed/en_augmented/LA_T_7192926_aug.wav,en,spoof,vc,A05,LA_0085,asvspoof2019la,,none
data/processed/en_augmented/LA_T_2291249_aug.wav,en,spoof,vc,A06,LA_0092,asvspoof2019la,,none
data/processed/en_augmented/LA_T_3060760_aug.wav,en,bonafide,real,-,LA_0083,asvspoof2019la,,rawboost
data/processed/en_augmented/LA_T_2542674_aug.wav,en,bonafide,real,-,LA_0097,asvspoof2019la,,none
data/processed/en_augmented/LA_T_6305335_aug.wav,en,spoof,tts,A02,LA_0085,asvspoof2019la,,none
data/processed/en_augmented/LA_T_8747294_aug.wav,en,bonafide,real,-,LA_0098,asvspoof2019la,,rawboost
data/processed/en_augmented/LA_T_6723416_aug.wav,en,spoof,tts,A02,LA_0089,asvspoof2019la,,rawboost
data/processed/en_augmented/LA_T_5039658_aug.wav,en,spoof,vc,A06,LA_0098,asvspoof2019la,,codec
data/processed/en_augmented/LA_T_2202252_aug.wav,en,bonafide,real,-,LA_0087,asvspoof2019la,,rawboost+codec
data/processed/en_augmented/LA_T_3967178_aug.wav,en,bonafide,real,-,LA_0089,asvspoof2019la,,rawboost
data/processed/en_augmented/LA_T_9266357_aug.wav,en,bonafide,real,-,LA_0097,asvspoof2019la,,none
data/processed/en_augmented/LA_T_5520907_aug.wav,en,bonafide,real,-,LA_0086,asvspoof2019la,,rawboost+codec
data/processed/en_augmented/LA_T_3339881_aug.wav,en,spoof,tts,A01,LA_0089,asvspoof2019la,,none
data/processed/en_augmented/LA_T_8259440_aug.wav,en,spoof,vc,A06,LA_0089,asvspoof2019la,,rawboost
data/processed/en_augmented/LA_T_9708297_aug.wav,en,spoof,vc,A06,LA_0093,asvspoof2019la,,codec
data/processed/en_augmented/LA_T_6676313_aug.wav,en,bonafide,real,-,LA_0081,asvspoof2019la,,codec
data/processed/en_augmented/LA_T_5167256_aug.wav,en,bonafide,real,-,LA_0082,asvspoof2019la,,none
data/processed/en_augmented/LA_T_3266132_aug.wav,en,spoof,vc,A05,LA_0087,asvspoof2019la,,none
data/processed/en_augmented/LA_T_4948515_aug.wav,en,bonafide,real,-,LA_0093,asvspoof2019la,,rawboost
data/processed/en_augmented/LA_T_3625716_aug.wav,en,spoof,vc,A05,LA_0098,asvspoof2019la,,rawboost
data/processed/en_augmented/LA_T_1267917_aug.wav,en,bonafide,real,-,LA_0098,asvspoof2019la,,rawboost+codec
data/processed/en_augmented/LA_T_2090997_aug.wav,en,spoof,tts,A01,LA_0098,asvspoof2019la,,none
data/processed/en_augmented/LA_T_7214755_aug.wav,en,spoof,vc,A06,LA_0088,asvspoof2019la,,rawboost+codec
data/processed/en_augmented/LA_T_7087021_aug.wav,en,bonafide,real,-,LA_0088,asvspoof2019la,,rawboost
data/processed/en_augmented/LA_T_8974364_aug.wav,en,bonafide,real,-,LA_0085,asvspoof2019la,,none
data/processed/en_augmented/LA_T_2301262_aug.wav,en,spoof,vc,A05,LA_0080,asvspoof2019la,,rawboost
data/processed/en_augmented/LA_T_1056709_aug.wav,en,spoof,tts,A01,LA_0079,asvspoof2019la,,rawboost
data/processed/en_augmented/LA_T_2439963_aug.wav,en,spoof,vc,A05,LA_0086,asvspoof2019la,,rawboost
data/processed/en_augmented/LA_T_8086458_aug.wav,en,bonafide,real,-,LA_0094,asvspoof2019la,,rawboost
data/processed/en_augmented/LA_T_3969601_aug.wav,en,spoof,tts,A04,LA_0089,asvspoof2019la,,codec
data/processed/en_augmented/LA_T_4913867_aug.wav,en,spoof,vc,A05,LA_0088,asvspoof2019la,,rawboost+codec
data/processed/en_augmented/LA_T_5052270_aug.wav,en,bonafide,real,-,LA_0080,asvspoof2019la,,none
data/processed/en_augmented/LA_T_4864042_aug.wav,en,spoof,vc,A05,LA_0086,asvspoof2019la,,none
data/processed/en_augmented/LA_T_6131224_aug.wav,en,spoof,vc,A06,LA_0085,asvspoof2019la,,rawboost+codec
data/processed/en_augmented/LA_T_8026644_aug.wav,en,bonafide,real,-,LA_0092,asvspoof2019la,,codec
data/processed/en_augmented/LA_T_1772535_aug.wav,en,spoof,vc,A05,LA_0092,asvspoof2019la,,none
data/processed/en_augmented/LA_T_1210184_aug.wav,en,spoof,tts,A01,LA_0083,asvspoof2019la,,none
data/processed/en_augmented/LA_T_4564345_aug.wav,en,bonafide,real,-,LA_0095,asvspoof2019la,,rawboost+codec
data/processed/en_augmented/LA_T_4667002_aug.wav,en,spoof,vc,A05,LA_0093,asvspoof2019la,,rawboost
data/processed/en_augmented/LA_T_4546061_aug.wav,en,spoof,vc,A06,LA_0098,asvspoof2019la,,rawboost
data/processed/en_augmented/LA_T_7115004_aug.wav,en,spoof,tts,A01,LA_0084,asvspoof2019la,,none
data/processed/en_augmented/LA_T_9739511_aug.wav,en,spoof,vc,A05,LA_0079,asvspoof2019la,,rawboost
data/processed/en_augmented/LA_T_6093991_aug.wav,en,bonafide,real,-,LA_0096,asvspoof2019la,,codec
data/processed/en_augmented/LA_T_9022965_aug.wav,en,bonafide,real,-,LA_0085,asvspoof2019la,,none
data/processed/en_augmented/LA_T_5966872_aug.wav,en,spoof,tts,A03,LA_0092,asvspoof2019la,,rawboost
data/processed/en_augmented/LA_T_1329453_aug.wav,en,spoof,tts,A04,LA_0096,asvspoof2019la,,rawboost+codec
data/processed/en_augmented/LA_T_6597785_aug.wav,en,bonafide,real,-,LA_0097,asvspoof2019la,,rawboost
data/processed/en_augmented/LA_T_7989225_aug.wav,en,spoof,tts,A02,LA_0086,asvspoof2019la,,rawboost
data/processed/en_augmented/LA_T_1081824_aug.wav,en,spoof,vc,A06,LA_0094,asvspoof2019la,,rawboost+codec
data/processed/en_augmented/LA_T_3751912_aug.wav,en,bonafide,real,-,LA_0096,asvspoof2019la,,none
data/processed/en_augmented/LA_T_5215794_aug.wav,en,spoof,tts,A01,LA_0098,asvspoof2019la,,none
data/processed/en_augmented/LA_T_2850412_aug.wav,en,spoof,tts,A04,LA_0098,asvspoof2019la,,rawboost+codec
data/processed/en_augmented/LA_T_8093170_aug.wav,en,bonafide,real,-,LA_0086,asvspoof2019la,,rawboost
data/processed/en_augmented/LA_T_4255653_aug.wav,en,bonafide,real,-,LA_0083,asvspoof2019la,,codec
data/processed/en_augmented/LA_T_3187715_aug.wav,en,bonafide,real,-,LA_0079,asvspoof2019la,,rawboost+codec
data/processed/en_augmented/LA_T_1700745_aug.wav,en,spoof,vc,A05,LA_0082,asvspoof2019la,,none
data/processed/en_augmented/LA_T_3432669_aug.wav,en,spoof,tts,A02,LA_0084,asvspoof2019la,,none
data/processed/en_augmented/LA_T_6460762_aug.wav,en,bonafide,real,-,LA_0096,asvspoof2019la,,none
data/processed/en_augmented/LA_T_9557645_aug.wav,en,bonafide,real,-,LA_0098,asvspoof2019la,,none
data/processed/en_augmented/LA_T_7807441_aug.wav,en,bonafide,real,-,LA_0092,asvspoof2019la,,rawboost+codec
data/processed/en_augmented/LA_T_3611811_aug.wav,en,bonafide,real,-,LA_0082,asvspoof2019la,,none
data/processed/en_augmented/LA_T_5216193_aug.wav,en,spoof,vc,A06,LA_0080,asvspoof2019la,,none
data/processed/en_augmented/LA_T_6028335_aug.wav,en,spoof,tts,A01,LA_0092,asvspoof2019la,,rawboost+codec
data/processed/en_augmented/LA_T_5158018_aug.wav,en,spoof,tts,A04,LA_0096,asvspoof2019la,,rawboost
data/processed/en_augmented/LA_T_7915229_aug.wav,en,bonafide,real,-,LA_0089,asvspoof2019la,,codec
data/processed/en_augmented/LA_T_3245402_aug.wav,en,spoof,tts,A01,LA_0097,asvspoof2019la,,rawboost
data/processed/en_augmented/LA_T_7843393_aug.wav,en,bonafide,real,-,LA_0085,asvspoof2019la,,rawboost+codec
data/processed/en_augmented/LA_T_4412858_aug.wav,en,spoof,tts,A03,LA_0098,asvspoof2019la,,none
data/processed/en_augmented/LA_T_3770267_aug.wav,en,spoof,vc,A06,LA_0094,asvspoof2019la,,rawboost
data/processed/en_augmented/LA_T_9275052_aug.wav,en,bonafide,real,-,LA_0083,asvspoof2019la,,rawboost
data/processed/en_augmented/LA_T_2537892_aug.wav,en,bonafide,real,-,LA_0091,asvspoof2019la,,rawboost
data/processed/en_augmented/LA_T_9251617_aug.wav,en,bonafide,real,-,LA_0092,asvspoof2019la,,none
data/processed/en_augmented/LA_T_2528047_aug.wav,en,bonafide,real,-,LA_0090,asvspoof2019la,,none
data/processed/en_augmented/LA_T_6722790_aug.wav,en,bonafide,real,-,LA_0092,asvspoof2019la,,none
data/processed/en_augmented/LA_T_5364220_aug.wav,en,bonafide,real,-,LA_0096,asvspoof2019la,,rawboost
data/processed/en_augmented/LA_T_7620970_aug.wav,en,spoof,tts,A02,LA_0089,asvspoof2019la,,none
data/processed/en_augmented/LA_T_2669204_aug.wav,en,bonafide,real,-,LA_0092,asvspoof2019la,,rawboost
data/processed/en_augmented/LA_T_6017121_aug.wav,en,bonafide,real,-,LA_0089,asvspoof2019la,,none
data/processed/en_augmented/LA_T_2492818_aug.wav,en,spoof,vc,A05,LA_0098,asvspoof2019la,,rawboost
data/processed/en_augmented/LA_T_6493306_aug.wav,en,spoof,tts,A02,LA_0090,asvspoof2019la,,none
data/processed/en_augmented/LA_T_4027900_aug.wav,en,bonafide,real,-,LA_0083,asvspoof2019la,,codec
data/processed/en_augmented/LA_T_2432967_aug.wav,en,bonafide,real,-,LA_0091,asvspoof2019la,,none
data/processed/en_augmented/LA_T_3638527_aug.wav,en,spoof,tts,A03,LA_0079,asvspoof2019la,,none
data/processed/en_augmented/LA_T_5696560_aug.wav,en,bonafide,real,-,LA_0092,asvspoof2019la,,rawboost
data/processed/en_augmented/LA_T_7702835_aug.wav,en,bonafide,real,-,LA_0086,asvspoof2019la,,none
data/processed/en_augmented/LA_T_8921454_aug.wav,en,spoof,vc,A05,LA_0085,asvspoof2019la,,none
data/processed/en_augmented/LA_T_2646474_aug.wav,en,bonafide,real,-,LA_0088,asvspoof2019la,,none
data/processed/en_augmented/LA_T_3732188_aug.wav,en,bonafide,real,-,LA_0096,asvspoof2019la,,codec
data/processed/en_augmented/LA_T_2319006_aug.wav,en,bonafide,real,-,LA_0098,asvspoof2019la,,rawboost
data/processed/en_augmented/LA_T_8955887_aug.wav,en,spoof,tts,A02,LA_0089,asvspoof2019la,,rawboost
data/processed/en_augmented/LA_T_2824772_aug.wav,en,bonafide,real,-,LA_0083,asvspoof2019la,,codec
data/processed/en_augmented/LA_T_3764507_aug.wav,en,spoof,tts,A04,LA_0092,asvspoof2019la,,rawboost
data/processed/en_augmented/LA_T_9389215_aug.wav,en,bonafide,real,-,LA_0089,asvspoof2019la,,rawboost
data/processed/en_augmented/LA_T_1595270_aug.wav,en,spoof,tts,A04,LA_0082,asvspoof2019la,,rawboost
data/processed/en_augmented/LA_T_6541095_aug.wav,en,bonafide,real,-,LA_0081,asvspoof2019la,,none
data/processed/en_augmented/LA_T_7475727_aug.wav,en,spoof,tts,A03,LA_0086,asvspoof2019la,,none
data/processed/en_augmented/LA_T_6978668_aug.wav,en,spoof,tts,A02,LA_0083,asvspoof2019la,,none
data/processed/en_augmented/LA_T_6144753_aug.wav,en,bonafide,real,-,LA_0095,asvspoof2019la,,rawboost
data/processed/en_augmented/LA_T_3913974_aug.wav,en,bonafide,real,-,LA_0098,asvspoof2019la,,codec
data/processed/en_augmented/LA_T_4954760_aug.wav,en,spoof,vc,A05,LA_0091,asvspoof2019la,,codec
data/processed/en_augmented/LA_T_3637126_aug.wav,en,spoof,vc,A06,LA_0086,asvspoof2019la,,rawboost+codec
data/processed/en_augmented/LA_T_1388326_aug.wav,en,spoof,tts,A02,LA_0085,asvspoof2019la,,rawboost+codec
data/processed/en_augmented/LA_T_4348197_aug.wav,en,spoof,tts,A02,LA_0090,asvspoof2019la,,none
data/processed/en_augmented/LA_T_1392484_aug.wav,en,bonafide,real,-,LA_0089,asvspoof2019la,,rawboost
data/processed/en_augmented/LA_T_4504002_aug.wav,en,spoof,tts,A03,LA_0082,asvspoof2019la,,rawboost
data/processed/en_augmented/LA_T_4793110_aug.wav,en,spoof,vc,A05,LA_0091,asvspoof2019la,,rawboost
data/processed/en_augmented/LA_T_3230541_aug.wav,en,bonafide,real,-,LA_0087,asvspoof2019la,,rawboost
data/processed/en_augmented/LA_T_8461914_aug.wav,en,spoof,tts,A04,LA_0084,asvspoof2019la,,rawboost+codec
data/processed/en_augmented/LA_T_7230881_aug.wav,en,spoof,vc,A05,LA_0089,asvspoof2019la,,none
data/processed/en_augmented/LA_T_6864430_aug.wav,en,bonafide,real,-,LA_0094,asvspoof2019la,,rawboost
data/processed/en_augmented/LA_T_8916418_aug.wav,en,spoof,tts,A02,LA_0090,asvspoof2019la,,rawboost
data/processed/en_augmented/LA_T_4321622_aug.wav,en,spoof,vc,A06,LA_0082,asvspoof2019la,,rawboost
data/processed/en_augmented/LA_T_1342195_aug.wav,en,spoof,tts,A04,LA_0094,asvspoof2019la,,rawboost
data/processed/en_augmented/LA_T_7961517_aug.wav,en,bonafide,real,-,LA_0090,asvspoof2019la,,none
data/processed/en_augmented/LA_T_7512717_aug.wav,en,bonafide,real,-,LA_0089,asvspoof2019la,,rawboost
data/processed/en_augmented/LA_T_3537526_aug.wav,en,bonafide,real,-,LA_0095,asvspoof2019la,,rawboost
data/processed/en_augmented/LA_T_7367042_aug.wav,en,bonafide,real,-,LA_0082,asvspoof2019la,,rawboost
data/processed/en_augmented/LA_T_5308662_aug.wav,en,spoof,tts,A02,LA_0093,asvspoof2019la,,codec
data/processed/en_augmented/LA_T_7510578_aug.wav,en,spoof,tts,A01,LA_0086,asvspoof2019la,,codec
data/processed/en_augmented/LA_T_9243374_aug.wav,en,bonafide,real,-,LA_0087,asvspoof2019la,,codec
data/processed/en_augmented/LA_T_7005450_aug.wav,en,spoof,tts,A03,LA_0093,asvspoof2019la,,none
data/processed/en_augmented/LA_T_6766056_aug.wav,en,bonafide,real,-,LA_0082,asvspoof2019la,,none
data/processed/en_augmented/LA_T_6902662_aug.wav,en,bonafide,real,-,LA_0085,asvspoof2019la,,rawboost
data/processed/en_augmented/LA_T_5832791_aug.wav,en,bonafide,real,-,LA_0094,asvspoof2019la,,none
data/processed/en_augmented/LA_T_9711208_aug.wav,en,bonafide,real,-,LA_0090,asvspoof2019la,,none
data/processed/en_augmented/LA_T_6167622_aug.wav,en,spoof,tts,A03,LA_0088,asvspoof2019la,,rawboost
data/processed/en_augmented/LA_T_2245891_aug.wav,en,spoof,vc,A06,LA_0082,asvspoof2019la,,none
data/processed/en_augmented/LA_T_1892752_aug.wav,en,spoof,tts,A03,LA_0089,asvspoof2019la,,none
data/processed/en_augmented/LA_T_9074196_aug.wav,en,bonafide,real,-,LA_0081,asvspoof2019la,,rawboost
data/processed/en_augmented/LA_T_1050008_aug.wav,en,bonafide,real,-,LA_0098,asvspoof2019la,,none
data/processed/en_augmented/LA_T_2175978_aug.wav,en,bonafide,real,-,LA_0097,asvspoof2019la,,rawboost
data/processed/en_augmented/LA_T_9737995_aug.wav,en,bonafide,real,-,LA_0098,asvspoof2019la,,none
data/processed/en_augmented/LA_T_3888223_aug.wav,en,bonafide,real,-,LA_0094,asvspoof2019la,,codec
data/processed/en_augmented/LA_T_7035996_aug.wav,en,spoof,tts,A04,LA_0082,asvspoof2019la,,rawboost+codec
data/processed/en_augmented/LA_T_8147741_aug.wav,en,bonafide,real,-,LA_0082,asvspoof2019la,,codec
data/processed/en_augmented/LA_T_8169980_aug.wav,en,bonafide,real,-,LA_0097,asvspoof2019la,,codec
data/processed/en_augmented/LA_T_6879348_aug.wav,en,spoof,vc,A05,LA_0089,asvspoof2019la,,rawboost
data/processed/en_augmented/LA_T_3388375_aug.wav,en,spoof,tts,A04,LA_0079,asvspoof2019la,,none
data/processed/en_augmented/LA_T_3635731_aug.wav,en,spoof,tts,A02,LA_0092,asvspoof2019la,,rawboost
data/processed/en_augmented/LA_T_6602884_aug.wav,en,bonafide,real,-,LA_0084,asvspoof2019la,,none
data/processed/en_augmented/LA_T_4860972_aug.wav,en,bonafide,real,-,LA_0087,asvspoof2019la,,none
data/processed/en_augmented/LA_T_5074739_aug.wav,en,spoof,tts,A02,LA_0093,asvspoof2019la,,rawboost+codec
data/processed/en_augmented/LA_T_2091648_aug.wav,en,spoof,vc,A06,LA_0088,asvspoof2019la,,rawboost
data/processed/en_augmented/LA_T_1130924_aug.wav,en,bonafide,real,-,LA_0087,asvspoof2019la,,none
data/processed/en_augmented/LA_T_9473708_aug.wav,en,spoof,tts,A02,LA_0092,asvspoof2019la,,none
data/processed/en_augmented/LA_T_1625761_aug.wav,en,bonafide,real,-,LA_0080,asvspoof2019la,,codec
data/processed/en_augmented/LA_T_8686549_aug.wav,en,bonafide,real,-,LA_0098,asvspoof2019la,,codec
data/processed/en_augmented/LA_T_6067965_aug.wav,en,bonafide,real,-,LA_0098,asvspoof2019la,,none
data/processed/en_augmented/LA_T_6935436_aug.wav,en,bonafide,real,-,LA_0092,asvspoof2019la,,none
data/processed/en_augmented/LA_T_1397401_aug.wav,en,bonafide,real,-,LA_0081,asvspoof2019la,,none
data/processed/en_augmented/LA_T_2386039_aug.wav,en,bonafide,real,-,LA_0080,asvspoof2019la,,rawboost
data/processed/en_augmented/LA_T_7558374_aug.wav,en,bonafide,real,-,LA_0089,asvspoof2019la,,none
data/processed/en_augmented/LA_T_7911665_aug.wav,en,spoof,vc,A05,LA_0096,asvspoof2019la,,codec
data/processed/en_augmented/LA_T_6478022_aug.wav,en,spoof,vc,A05,LA_0080,asvspoof2019la,,rawboost
data/processed/en_augmented/LA_T_6720241_aug.wav,en,bonafide,real,-,LA_0090,asvspoof2019la,,none
data/processed/en_augmented/LA_T_3046012_aug.wav,en,bonafide,real,-,LA_0087,asvspoof2019la,,codec
data/processed/en_augmented/LA_T_7165351_aug.wav,en,spoof,vc,A06,LA_0086,asvspoof2019la,,rawboost
data/processed/en_augmented/LA_T_1114980_aug.wav,en,bonafide,real,-,LA_0085,asvspoof2019la,,rawboost
data/processed/en_augmented/LA_T_6579305_aug.wav,en,spoof,tts,A01,LA_0084,asvspoof2019la,,none
data/processed/en_augmented/LA_T_8814910_aug.wav,en,bonafide,real,-,LA_0085,asvspoof2019la,,codec
data/processed/en_augmented/LA_T_2192287_aug.wav,en,bonafide,real,-,LA_0089,asvspoof2019la,,rawboost+codec
data/processed/en_augmented/LA_T_1255705_aug.wav,en,bonafide,real,-,LA_0093,asvspoof2019la,,none
data/processed/en_augmented/LA_T_1954200_aug.wav,en,spoof,vc,A05,LA_0084,asvspoof2019la,,rawboost
data/processed/en_augmented/LA_T_3962071_aug.wav,en,spoof,tts,A02,LA_0081,asvspoof2019la,,rawboost
data/processed/en_augmented/LA_T_6212674_aug.wav,en,bonafide,real,-,LA_0089,asvspoof2019la,,none
data/processed/en_augmented/LA_T_5092438_aug.wav,en,spoof,tts,A01,LA_0088,asvspoof2019la,,rawboost+codec
data/processed/en_augmented/LA_T_6482585_aug.wav,en,spoof,vc,A06,LA_0094,asvspoof2019la,,none
data/processed/en_augmented/LA_T_5363485_aug.wav,en,spoof,vc,A06,LA_0088,asvspoof2019la,,none
data/processed/en_augmented/LA_T_2838981_aug.wav,en,bonafide,real,-,LA_0079,asvspoof2019la,,rawboost
data/processed/en_augmented/LA_T_6618587_aug.wav,en,bonafide,real,-,LA_0079,asvspoof2019la,,rawboost
data/processed/en_augmented/LA_T_3119779_aug.wav,en,bonafide,real,-,LA_0082,asvspoof2019la,,rawboost
data/processed/en_augmented/LA_T_5918833_aug.wav,en,bonafide,real,-,LA_0083,asvspoof2019la,,none
data/processed/en_augmented/LA_T_6322694_aug.wav,en,spoof,tts,A01,LA_0090,asvspoof2019la,,rawboost
data/processed/en_augmented/LA_T_5662468_aug.wav,en,spoof,tts,A01,LA_0080,asvspoof2019la,,rawboost+codec
data/processed/en_augmented/LA_T_7865315_aug.wav,en,spoof,vc,A06,LA_0087,asvspoof2019la,,rawboost
data/processed/en_augmented/LA_T_5099117_aug.wav,en,spoof,vc,A06,LA_0080,asvspoof2019la,,rawboost
data/processed/en_augmented/LA_T_6423802_aug.wav,en,bonafide,real,-,LA_0081,asvspoof2019la,,none
data/processed/en_augmented/LA_T_5073188_aug.wav,en,spoof,vc,A05,LA_0095,asvspoof2019la,,rawboost
data/processed/en_augmented/LA_T_2604943_aug.wav,en,spoof,tts,A03,LA_0098,asvspoof2019la,,codec
data/processed/en_augmented/LA_T_5264330_aug.wav,en,bonafide,real,-,LA_0090,asvspoof2019la,,rawboost+codec
data/processed/en_augmented/LA_T_6159800_aug.wav,en,spoof,tts,A01,LA_0087,asvspoof2019la,,rawboost
data/processed/en_augmented/LA_T_6632006_aug.wav,en,bonafide,real,-,LA_0082,asvspoof2019la,,none
data/processed/en_augmented/LA_T_8880821_aug.wav,en,spoof,vc,A05,LA_0082,asvspoof2019la,,rawboost
data/processed/en_augmented/LA_T_4584882_aug.wav,en,spoof,tts,A01,LA_0083,asvspoof2019la,,none
data/processed/en_augmented/LA_T_4180224_aug.wav,en,spoof,tts,A04,LA_0098,asvspoof2019la,,none
data/processed/en_augmented/LA_T_6038833_aug.wav,en,spoof,tts,A03,LA_0086,asvspoof2019la,,codec
data/processed/en_augmented/LA_T_3025386_aug.wav,en,spoof,vc,A05,LA_0082,asvspoof2019la,,codec
data/processed/en_augmented/LA_T_6202983_aug.wav,en,spoof,vc,A06,LA_0095,asvspoof2019la,,rawboost+codec
data/processed/en_augmented/LA_T_8109682_aug.wav,en,spoof,tts,A04,LA_0088,asvspoof2019la,,rawboost+codec
data/processed/en_augmented/LA_T_8003947_aug.wav,en,spoof,tts,A02,LA_0093,asvspoof2019la,,codec
data/processed/en_augmented/LA_T_8615006_aug.wav,en,bonafide,real,-,LA_0081,asvspoof2019la,,none
data/processed/en_augmented/LA_T_8305834_aug.wav,en,bonafide,real,-,LA_0089,asvspoof2019la,,none
data/processed/en_augmented/LA_T_8974950_aug.wav,en,spoof,tts,A04,LA_0097,asvspoof2019la,,none
data/processed/en_augmented/LA_T_2100472_aug.wav,en,spoof,vc,A06,LA_0090,asvspoof2019la,,none
data/processed/en_augmented/LA_T_2610237_aug.wav,en,bonafide,real,-,LA_0080,asvspoof2019la,,none
data/processed/en_augmented/LA_T_6265807_aug.wav,en,spoof,tts,A01,LA_0094,asvspoof2019la,,none
data/processed/en_augmented/LA_T_6435392_aug.wav,en,bonafide,real,-,LA_0086,asvspoof2019la,,codec
data/processed/en_augmented/LA_T_8817344_aug.wav,en,spoof,vc,A06,LA_0089,asvspoof2019la,,none
data/processed/en_augmented/LA_T_7700796_aug.wav,en,spoof,vc,A05,LA_0098,asvspoof2019la,,rawboost
data/processed/en_augmented/LA_T_3704574_aug.wav,en,bonafide,real,-,LA_0082,asvspoof2019la,,none
data/processed/en_augmented/LA_T_6731739_aug.wav,en,bonafide,real,-,LA_0096,asvspoof2019la,,none
data/processed/en_augmented/LA_T_1423202_aug.wav,en,bonafide,real,-,LA_0087,asvspoof2019la,,rawboost
data/processed/en_augmented/LA_T_2801814_aug.wav,en,bonafide,real,-,LA_0085,asvspoof2019la,,none
data/processed/en_augmented/LA_T_2199635_aug.wav,en,spoof,vc,A05,LA_0080,asvspoof2019la,,none
data/processed/en_augmented/LA_T_7988831_aug.wav,en,spoof,tts,A03,LA_0082,asvspoof2019la,,none
data/processed/en_augmented/LA_T_9734633_aug.wav,en,bonafide,real,-,LA_0096,asvspoof2019la,,rawboost
data/processed/en_augmented/LA_T_5241083_aug.wav,en,spoof,tts,A01,LA_0096,asvspoof2019la,,none
data/processed/en_augmented/LA_T_8140876_aug.wav,en,bonafide,real,-,LA_0081,asvspoof2019la,,codec
data/processed/en_augmented/LA_T_6671254_aug.wav,en,spoof,tts,A04,LA_0080,asvspoof2019la,,codec
data/processed/en_augmented/LA_T_9320200_aug.wav,en,bonafide,real,-,LA_0083,asvspoof2019la,,rawboost+codec
data/processed/en_augmented/LA_T_9678657_aug.wav,en,bonafide,real,-,LA_0090,asvspoof2019la,,rawboost+codec
data/processed/en_augmented/LA_T_2730785_aug.wav,en,spoof,tts,A01,LA_0097,asvspoof2019la,,none
data/processed/en_augmented/LA_T_5260333_aug.wav,en,bonafide,real,-,LA_0092,asvspoof2019la,,rawboost+codec
data/processed/en_augmented/LA_T_6201811_aug.wav,en,spoof,tts,A04,LA_0093,asvspoof2019la,,none
data/processed/en_augmented/LA_T_3585145_aug.wav,en,spoof,tts,A03,LA_0092,asvspoof2019la,,codec
data/processed/en_augmented/LA_T_2681186_aug.wav,en,spoof,vc,A06,LA_0097,asvspoof2019la,,rawboost
data/processed/en_augmented/LA_T_9122144_aug.wav,en,spoof,vc,A06,LA_0090,asvspoof2019la,,rawboost+codec
data/processed/en_augmented/LA_T_2371044_aug.wav,en,bonafide,real,-,LA_0088,asvspoof2019la,,rawboost
data/processed/en_augmented/LA_T_5118997_aug.wav,en,bonafide,real,-,LA_0088,asvspoof2019la,,rawboost
data/processed/en_augmented/LA_T_1900368_aug.wav,en,spoof,tts,A03,LA_0083,asvspoof2019la,,none
data/processed/en_augmented/LA_T_8676418_aug.wav,en,spoof,vc,A05,LA_0085,asvspoof2019la,,rawboost
data/processed/en_augmented/LA_T_4983711_aug.wav,en,bonafide,real,-,LA_0083,asvspoof2019la,,rawboost
data/processed/en_augmented/LA_T_1080623_aug.wav,en,bonafide,real,-,LA_0091,asvspoof2019la,,rawboost
data/processed/en_augmented/LA_T_1691064_aug.wav,en,spoof,tts,A01,LA_0095,asvspoof2019la,,none
data/processed/en_augmented/LA_T_9053646_aug.wav,en,spoof,tts,A03,LA_0088,asvspoof2019la,,codec
data/processed/en_augmented/LA_T_4007174_aug.wav,en,spoof,vc,A06,LA_0084,asvspoof2019la,,rawboost+codec
data/processed/en_augmented/LA_T_7219713_aug.wav,en,spoof,tts,A04,LA_0092,asvspoof2019la,,rawboost
data/processed/en_augmented/LA_T_3459332_aug.wav,en,spoof,vc,A05,LA_0097,asvspoof2019la,,none
data/processed/en_augmented/LA_T_3833844_aug.wav,en,spoof,tts,A03,LA_0090,asvspoof2019la,,rawboost+codec
data/processed/en_augmented/LA_T_7417770_aug.wav,en,spoof,vc,A06,LA_0095,asvspoof2019la,,rawboost
data/processed/en_augmented/LA_T_5254527_aug.wav,en,spoof,vc,A06,LA_0088,asvspoof2019la,,rawboost
data/processed/en_augmented/LA_T_8925956_aug.wav,en,bonafide,real,-,LA_0090,asvspoof2019la,,none
data/processed/en_augmented/LA_T_4566714_aug.wav,en,bonafide,real,-,LA_0086,asvspoof2019la,,rawboost+codec
data/processed/en_augmented/LA_T_4421640_aug.wav,en,spoof,vc,A05,LA_0090,asvspoof2019la,,codec
data/processed/en_augmented/LA_T_1378563_aug.wav,en,bonafide,real,-,LA_0093,asvspoof2019la,,rawboost
data/processed/en_augmented/LA_T_5372373_aug.wav,en,bonafide,real,-,LA_0097,asvspoof2019la,,codec
data/processed/en_augmented/LA_T_9226313_aug.wav,en,bonafide,real,-,LA_0083,asvspoof2019la,,none
data/processed/en_augmented/LA_T_1569908_aug.wav,en,bonafide,real,-,LA_0082,asvspoof2019la,,rawboost+codec
data/processed/en_augmented/LA_T_7307963_aug.wav,en,spoof,tts,A03,LA_0094,asvspoof2019la,,rawboost
data/processed/en_augmented/LA_T_9085120_aug.wav,en,spoof,vc,A06,LA_0089,asvspoof2019la,,rawboost
data/processed/en_augmented/LA_T_1264779_aug.wav,en,spoof,tts,A04,LA_0090,asvspoof2019la,,rawboost
data/processed/en_augmented/LA_T_8124095_aug.wav,en,bonafide,real,-,LA_0081,asvspoof2019la,,none
data/processed/en_augmented/LA_T_3096056_aug.wav,en,spoof,tts,A04,LA_0082,asvspoof2019la,,rawboost
data/processed/en_augmented/LA_T_3877061_aug.wav,en,bonafide,real,-,LA_0089,asvspoof2019la,,none
data/processed/en_augmented/LA_T_3130781_aug.wav,en,spoof,vc,A06,LA_0093,asvspoof2019la,,none
data/processed/en_augmented/LA_T_6812855_aug.wav,en,bonafide,real,-,LA_0084,asvspoof2019la,,codec
data/processed/en_augmented/LA_T_9075670_aug.wav,en,bonafide,real,-,LA_0082,asvspoof2019la,,rawboost+codec
data/processed/en_augmented/LA_T_5428638_aug.wav,en,bonafide,real,-,LA_0088,asvspoof2019la,,rawboost
data/processed/en_augmented/LA_T_8874328_aug.wav,en,bonafide,real,-,LA_0087,asvspoof2019la,,codec
data/processed/en_augmented/LA_T_2507487_aug.wav,en,bonafide,real,-,LA_0092,asvspoof2019la,,none
data/processed/en_augmented/LA_T_4554352_aug.wav,en,spoof,tts,A03,LA_0087,asvspoof2019la,,rawboost
data/processed/en_augmented/LA_T_5490082_aug.wav,en,spoof,tts,A01,LA_0088,asvspoof2019la,,none
data/processed/en_augmented/LA_T_6657121_aug.wav,en,bonafide,real,-,LA_0095,asvspoof2019la,,rawboost+codec
data/processed/en_augmented/LA_T_7210987_aug.wav,en,bonafide,real,-,LA_0090,asvspoof2019la,,rawboost
data/processed/en_augmented/LA_T_7608310_aug.wav,en,spoof,tts,A04,LA_0085,asvspoof2019la,,rawboost
data/processed/en_augmented/LA_T_5336219_aug.wav,en,bonafide,real,-,LA_0098,asvspoof2019la,,rawboost+codec
data/processed/en_augmented/LA_T_8975943_aug.wav,en,spoof,vc,A05,LA_0091,asvspoof2019la,,none
data/processed/en_augmented/LA_T_7946710_aug.wav,en,bonafide,real,-,LA_0090,asvspoof2019la,,rawboost
data/processed/en_augmented/LA_T_4401806_aug.wav,en,spoof,vc,A05,LA_0096,asvspoof2019la,,none
data/processed/en_augmented/LA_T_3801576_aug.wav,en,spoof,tts,A01,LA_0085,asvspoof2019la,,rawboost
data/processed/en_augmented/LA_T_4325531_aug.wav,en,spoof,tts,A03,LA_0080,asvspoof2019la,,rawboost
data/processed/en_augmented/LA_T_5356372_aug.wav,en,spoof,tts,A01,LA_0084,asvspoof2019la,,rawboost
data/processed/en_augmented/LA_T_5824253_aug.wav,en,bonafide,real,-,LA_0084,asvspoof2019la,,none
data/processed/en_augmented/LA_T_8682959_aug.wav,en,bonafide,real,-,LA_0079,asvspoof2019la,,rawboost+codec
data/processed/en_augmented/LA_T_3813165_aug.wav,en,spoof,vc,A05,LA_0080,asvspoof2019la,,rawboost
data/processed/en_augmented/LA_T_4949284_aug.wav,en,spoof,tts,A01,LA_0098,asvspoof2019la,,rawboost
data/processed/en_augmented/LA_T_3477527_aug.wav,en,bonafide,real,-,LA_0097,asvspoof2019la,,codec
data/processed/en_augmented/LA_T_7504201_aug.wav,en,bonafide,real,-,LA_0083,asvspoof2019la,,codec
data/processed/en_augmented/LA_T_6139459_aug.wav,en,spoof,vc,A05,LA_0093,asvspoof2019la,,rawboost
data/processed/en_augmented/LA_T_6910683_aug.wav,en,bonafide,real,-,LA_0088,asvspoof2019la,,codec
data/processed/en_augmented/LA_T_5308888_aug.wav,en,spoof,tts,A04,LA_0089,asvspoof2019la,,none
data/processed/en_augmented/LA_T_8850640_aug.wav,en,spoof,vc,A05,LA_0088,asvspoof2019la,,rawboost
data/processed/en_augmented/LA_T_6441166_aug.wav,en,bonafide,real,-,LA_0082,asvspoof2019la,,codec
data/processed/en_augmented/LA_T_3614268_aug.wav,en,bonafide,real,-,LA_0096,asvspoof2019la,,rawboost
data/processed/en_augmented/LA_T_5616630_aug.wav,en,spoof,vc,A05,LA_0094,asvspoof2019la,,none
data/processed/en_augmented/LA_T_4594945_aug.wav,en,bonafide,real,-,LA_0098,asvspoof2019la,,rawboost
data/processed/en_augmented/LA_T_3997257_aug.wav,en,spoof,tts,A03,LA_0090,asvspoof2019la,,rawboost+codec
data/processed/en_augmented/LA_T_4839122_aug.wav,en,bonafide,real,-,LA_0085,asvspoof2019la,,codec
data/processed/en_augmented/LA_T_3204342_aug.wav,en,bonafide,real,-,LA_0089,asvspoof2019la,,none
data/processed/en_augmented/LA_T_1777257_aug.wav,en,spoof,vc,A06,LA_0097,asvspoof2019la,,rawboost
data/processed/en_augmented/LA_T_6597163_aug.wav,en,spoof,tts,A04,LA_0098,asvspoof2019la,,rawboost
data/processed/en_augmented/LA_T_9161988_aug.wav,en,bonafide,real,-,LA_0087,asvspoof2019la,,rawboost+codec
data/processed/en_augmented/LA_T_7260478_aug.wav,en,spoof,tts,A03,LA_0098,asvspoof2019la,,rawboost+codec
data/processed/en_augmented/LA_T_2269650_aug.wav,en,bonafide,real,-,LA_0094,asvspoof2019la,,codec
data/processed/en_augmented/LA_T_2883198_aug.wav,en,spoof,vc,A05,LA_0080,asvspoof2019la,,none
data/processed/en_augmented/LA_T_8597023_aug.wav,en,bonafide,real,-,LA_0082,asvspoof2019la,,rawboost
data/processed/en_augmented/LA_T_1486451_aug.wav,en,bonafide,real,-,LA_0096,asvspoof2019la,,codec
data/processed/en_augmented/LA_T_5633732_aug.wav,en,bonafide,real,-,LA_0084,asvspoof2019la,,rawboost
data/processed/en_augmented/LA_T_9671043_aug.wav,en,bonafide,real,-,LA_0095,asvspoof2019la,,none
data/processed/en_augmented/LA_T_2076344_aug.wav,en,spoof,tts,A02,LA_0096,asvspoof2019la,,codec
data/processed/en_augmented/LA_T_2504535_aug.wav,en,bonafide,real,-,LA_0094,asvspoof2019la,,none
data/processed/en_augmented/LA_T_9482793_aug.wav,en,spoof,tts,A02,LA_0094,asvspoof2019la,,codec
data/processed/en_augmented/LA_T_8097328_aug.wav,en,bonafide,real,-,LA_0093,asvspoof2019la,,codec
data/processed/en_augmented/LA_T_9131648_aug.wav,en,spoof,vc,A06,LA_0091,asvspoof2019la,,rawboost
data/processed/en_augmented/LA_T_8405652_aug.wav,en,bonafide,real,-,LA_0084,asvspoof2019la,,rawboost
data/processed/en_augmented/LA_T_3448136_aug.wav,en,spoof,vc,A05,LA_0093,asvspoof2019la,,none
data/processed/en_augmented/LA_T_4293504_aug.wav,en,bonafide,real,-,LA_0086,asvspoof2019la,,rawboost
data/processed/en_augmented/LA_T_2261673_aug.wav,en,spoof,vc,A06,LA_0086,asvspoof2019la,,rawboost
data/processed/en_augmented/LA_T_1699801_aug.wav,en,bonafide,real,-,LA_0079,asvspoof2019la,,rawboost
data/processed/en_augmented/LA_T_7579441_aug.wav,en,bonafide,real,-,LA_0097,asvspoof2019la,,rawboost
data/processed/en_augmented/LA_T_1414804_aug.wav,en,spoof,tts,A04,LA_0091,asvspoof2019la,,codec
data/processed/en_augmented/LA_T_9336041_aug.wav,en,spoof,tts,A02,LA_0089,asvspoof2019la,,rawboost
data/processed/en_augmented/LA_T_9105169_aug.wav,en,spoof,tts,A01,LA_0081,asvspoof2019la,,rawboost
data/processed/en_augmented/LA_T_9214778_aug.wav,en,spoof,tts,A04,LA_0092,asvspoof2019la,,rawboost+codec
data/processed/en_augmented/LA_T_2204578_aug.wav,en,spoof,vc,A06,LA_0080,asvspoof2019la,,none
data/processed/en_augmented/LA_T_5511230_aug.wav,en,bonafide,real,-,LA_0089,asvspoof2019la,,none
data/processed/en_augmented/LA_T_5392176_aug.wav,en,spoof,tts,A03,LA_0097,asvspoof2019la,,rawboost
data/processed/en_augmented/LA_T_4350540_aug.wav,en,bonafide,real,-,LA_0086,asvspoof2019la,,codec
data/processed/en_augmented/LA_T_8583125_aug.wav,en,bonafide,real,-,LA_0091,asvspoof2019la,,none
data/processed/en_augmented/LA_T_9060779_aug.wav,en,spoof,tts,A02,LA_0079,asvspoof2019la,,none
data/processed/en_augmented/LA_T_6376473_aug.wav,en,bonafide,real,-,LA_0094,asvspoof2019la,,rawboost+codec
data/processed/en_augmented/LA_T_5704195_aug.wav,en,spoof,vc,A05,LA_0083,asvspoof2019la,,codec
data/processed/en_augmented/LA_T_1897758_aug.wav,en,bonafide,real,-,LA_0096,asvspoof2019la,,rawboost
data/processed/en_augmented/LA_T_2213301_aug.wav,en,spoof,vc,A06,LA_0089,asvspoof2019la,,rawboost
data/processed/en_augmented/LA_T_7967427_aug.wav,en,bonafide,real,-,LA_0081,asvspoof2019la,,rawboost
data/processed/en_augmented/LA_T_6740492_aug.wav,en,bonafide,real,-,LA_0097,asvspoof2019la,,none
data/processed/en_augmented/LA_T_7661844_aug.wav,en,spoof,vc,A06,LA_0092,asvspoof2019la,,none
data/processed/en_augmented/LA_T_8476972_aug.wav,en,spoof,vc,A05,LA_0094,asvspoof2019la,,rawboost+codec
data/processed/en_augmented/LA_T_9980379_aug.wav,en,spoof,tts,A04,LA_0079,asvspoof2019la,,rawboost
data/processed/en_augmented/LA_T_9793376_aug.wav,en,spoof,tts,A04,LA_0088,asvspoof2019la,,none
data/processed/en_augmented/LA_T_2073143_aug.wav,en,spoof,tts,A01,LA_0088,asvspoof2019la,,codec
data/processed/en_augmented/LA_T_2224597_aug.wav,en,bonafide,real,-,LA_0090,asvspoof2019la,,rawboost+codec
data/processed/en_augmented/LA_T_6799312_aug.wav,en,bonafide,real,-,LA_0083,asvspoof2019la,,rawboost
data/processed/en_augmented/LA_T_1673403_aug.wav,en,spoof,vc,A05,LA_0089,asvspoof2019la,,rawboost
data/processed/en_augmented/LA_T_7467165_aug.wav,en,bonafide,real,-,LA_0094,asvspoof2019la,,rawboost+codec
data/processed/en_augmented/LA_T_8348309_aug.wav,en,spoof,tts,A02,LA_0090,asvspoof2019la,,none
data/processed/en_augmented/LA_T_1197695_aug.wav,en,bonafide,real,-,LA_0083,asvspoof2019la,,none
data/processed/en_augmented/LA_T_9671407_aug.wav,en,bonafide,real,-,LA_0090,asvspoof2019la,,rawboost
data/processed/en_augmented/LA_T_6324213_aug.wav,en,bonafide,real,-,LA_0089,asvspoof2019la,,rawboost
data/processed/en_augmented/LA_T_8716482_aug.wav,en,spoof,tts,A03,LA_0089,asvspoof2019la,,codec
data/processed/en_augmented/LA_T_5196913_aug.wav,en,spoof,vc,A06,LA_0082,asvspoof2019la,,codec
data/processed/en_augmented/LA_T_8389492_aug.wav,en,spoof,vc,A06,LA_0083,asvspoof2019la,,rawboost
data/processed/en_augmented/LA_T_5103794_aug.wav,en,spoof,vc,A05,LA_0084,asvspoof2019la,,rawboost+codec
data/processed/en_augmented/LA_T_1378085_aug.wav,en,bonafide,real,-,LA_0094,asvspoof2019la,,rawboost+codec
data/processed/en_augmented/LA_T_1783185_aug.wav,en,bonafide,real,-,LA_0097,asvspoof2019la,,rawboost
data/processed/en_augmented/LA_T_4667091_aug.wav,en,bonafide,real,-,LA_0083,asvspoof2019la,,none
data/processed/en_augmented/LA_T_4926626_aug.wav,en,bonafide,real,-,LA_0085,asvspoof2019la,,codec
data/processed/en_augmented/LA_T_9469062_aug.wav,en,bonafide,real,-,LA_0088,asvspoof2019la,,rawboost
data/processed/en_augmented/LA_T_3680620_aug.wav,en,spoof,vc,A05,LA_0087,asvspoof2019la,,rawboost
data/processed/en_augmented/LA_T_9639913_aug.wav,en,spoof,vc,A05,LA_0083,asvspoof2019la,,none
data/processed/en_augmented/LA_T_6610993_aug.wav,en,spoof,vc,A05,LA_0090,asvspoof2019la,,rawboost+codec
data/processed/en_augmented/LA_T_6812192_aug.wav,en,bonafide,real,-,LA_0095,asvspoof2019la,,rawboost
data/processed/en_augmented/LA_T_9001047_aug.wav,en,spoof,tts,A01,LA_0098,asvspoof2019la,,rawboost
data/processed/en_augmented/LA_T_6091816_aug.wav,en,spoof,vc,A06,LA_0093,asvspoof2019la,,rawboost+codec
data/processed/en_augmented/LA_T_6592806_aug.wav,en,bonafide,real,-,LA_0095,asvspoof2019la,,rawboost+codec
data/processed/en_augmented/LA_T_3237001_aug.wav,en,bonafide,real,-,LA_0098,asvspoof2019la,,codec
data/processed/en_augmented/LA_T_6063584_aug.wav,en,spoof,tts,A02,LA_0092,asvspoof2019la,,rawboost
data/processed/en_augmented/LA_T_8423394_aug.wav,en,bonafide,real,-,LA_0083,asvspoof2019la,,none
data/processed/en_augmented/LA_T_9784585_aug.wav,en,bonafide,real,-,LA_0084,asvspoof2019la,,rawboost
data/processed/en_augmented/LA_T_4822766_aug.wav,en,bonafide,real,-,LA_0079,asvspoof2019la,,rawboost
data/processed/en_augmented/LA_T_9622854_aug.wav,en,bonafide,real,-,LA_0091,asvspoof2019la,,none
data/processed/en_augmented/LA_T_5341203_aug.wav,en,spoof,tts,A03,LA_0091,asvspoof2019la,,rawboost
data/processed/en_augmented/LA_T_2037400_aug.wav,en,spoof,vc,A05,LA_0092,asvspoof2019la,,none
data/processed/en_augmented/LA_T_4328032_aug.wav,en,spoof,tts,A01,LA_0095,asvspoof2019la,,none
data/processed/en_augmented/LA_T_7746591_aug.wav,en,bonafide,real,-,LA_0083,asvspoof2019la,,none
data/processed/en_augmented/LA_T_4300434_aug.wav,en,bonafide,real,-,LA_0092,asvspoof2019la,,rawboost
data/processed/en_augmented/LA_T_3848963_aug.wav,en,bonafide,real,-,LA_0090,asvspoof2019la,,rawboost
data/processed/en_augmented/LA_T_5096578_aug.wav,en,bonafide,real,-,LA_0079,asvspoof2019la,,rawboost
data/processed/en_augmented/LA_T_7541141_aug.wav,en,bonafide,real,-,LA_0094,asvspoof2019la,,none
data/processed/en_augmented/LA_T_9425525_aug.wav,en,spoof,tts,A02,LA_0098,asvspoof2019la,,rawboost+codec
data/processed/en_augmented/LA_T_7894894_aug.wav,en,spoof,vc,A05,LA_0082,asvspoof2019la,,rawboost+codec
data/processed/en_augmented/LA_T_1711083_aug.wav,en,spoof,tts,A02,LA_0083,asvspoof2019la,,rawboost
data/processed/en_augmented/LA_T_2190972_aug.wav,en,spoof,vc,A06,LA_0092,asvspoof2019la,,rawboost
data/processed/en_augmented/LA_T_9549153_aug.wav,en,bonafide,real,-,LA_0095,asvspoof2019la,,rawboost
data/processed/en_augmented/LA_T_3336416_aug.wav,en,bonafide,real,-,LA_0093,asvspoof2019la,,rawboost
data/processed/en_augmented/LA_T_2202599_aug.wav,en,spoof,tts,A01,LA_0082,asvspoof2019la,,codec
data/processed/en_augmented/LA_T_1636151_aug.wav,en,bonafide,real,-,LA_0092,asvspoof2019la,,rawboost
data/processed/en_augmented/LA_T_4128527_aug.wav,en,bonafide,real,-,LA_0088,asvspoof2019la,,rawboost+codec
data/processed/en_augmented/LA_T_5465120_aug.wav,en,spoof,vc,A06,LA_0083,asvspoof2019la,,rawboost
data/processed/en_augmented/LA_T_4980224_aug.wav,en,bonafide,real,-,LA_0098,asvspoof2019la,,none
data/processed/en_augmented/LA_T_1000406_aug.wav,en,bonafide,real,-,LA_0089,asvspoof2019la,,rawboost+codec
data/processed/en_augmented/LA_T_6034182_aug.wav,en,bonafide,real,-,LA_0086,asvspoof2019la,,rawboost
data/processed/en_augmented/LA_T_9472833_aug.wav,en,spoof,tts,A02,LA_0096,asvspoof2019la,,codec
data/processed/en_augmented/LA_T_2034492_aug.wav,en,spoof,vc,A05,LA_0080,asvspoof2019la,,rawboost
data/processed/en_augmented/LA_T_7944475_aug.wav,en,bonafide,real,-,LA_0083,asvspoof2019la,,none
data/processed/en_augmented/LA_T_4296255_aug.wav,en,spoof,vc,A06,LA_0084,asvspoof2019la,,rawboost
data/processed/en_augmented/LA_T_4155690_aug.wav,en,spoof,vc,A06,LA_0097,asvspoof2019la,,rawboost+codec
data/processed/en_augmented/LA_T_8200308_aug.wav,en,bonafide,real,-,LA_0081,asvspoof2019la,,rawboost
data/processed/en_augmented/LA_T_2716677_aug.wav,en,spoof,tts,A03,LA_0095,asvspoof2019la,,rawboost
data/processed/en_augmented/LA_T_4334140_aug.wav,en,bonafide,real,-,LA_0086,asvspoof2019la,,none
data/processed/en_augmented/LA_T_8966000_aug.wav,en,spoof,vc,A05,LA_0082,asvspoof2019la,,none
data/processed/en_augmented/LA_T_5446166_aug.wav,en,spoof,tts,A04,LA_0094,asvspoof2019la,,rawboost+codec
data/processed/en_augmented/LA_T_4527242_aug.wav,en,spoof,vc,A05,LA_0080,asvspoof2019la,,rawboost+codec
data/processed/en_augmented/LA_T_1681839_aug.wav,en,spoof,tts,A02,LA_0087,asvspoof2019la,,rawboost
data/processed/en_augmented/LA_T_4349003_aug.wav,en,spoof,tts,A02,LA_0079,asvspoof2019la,,rawboost
data/processed/en_augmented/LA_T_8625119_aug.wav,en,spoof,vc,A06,LA_0087,asvspoof2019la,,codec
data/processed/en_augmented/LA_T_1934025_aug.wav,en,spoof,tts,A01,LA_0084,asvspoof2019la,,rawboost+codec
data/processed/en_augmented/LA_T_4417455_aug.wav,en,spoof,vc,A06,LA_0085,asvspoof2019la,,rawboost
data/processed/en_augmented/LA_T_3686789_aug.wav,en,bonafide,real,-,LA_0090,asvspoof2019la,,rawboost
data/processed/en_augmented/LA_T_4769298_aug.wav,en,bonafide,real,-,LA_0082,asvspoof2019la,,none
data/processed/en_augmented/LA_T_2291341_aug.wav,en,spoof,vc,A06,LA_0082,asvspoof2019la,,rawboost
data/processed/en_augmented/LA_T_9559592_aug.wav,en,spoof,tts,A04,LA_0096,asvspoof2019la,,rawboost
data/processed/en_augmented/LA_T_5159383_aug.wav,en,spoof,tts,A04,LA_0081,asvspoof2019la,,none
data/processed/en_augmented/LA_T_3219776_aug.wav,en,bonafide,real,-,LA_0097,asvspoof2019la,,rawboost+codec
data/processed/en_augmented/LA_T_4171687_aug.wav,en,bonafide,real,-,LA_0092,asvspoof2019la,,rawboost
data/processed/en_augmented/LA_T_1130943_aug.wav,en,bonafide,real,-,LA_0095,asvspoof2019la,,none
data/processed/en_augmented/LA_T_3208992_aug.wav,en,bonafide,real,-,LA_0082,asvspoof2019la,,none
data/processed/en_augmented/LA_T_3314192_aug.wav,en,bonafide,real,-,LA_0097,asvspoof2019la,,none
data/processed/en_augmented/LA_T_6636159_aug.wav,en,bonafide,real,-,LA_0092,asvspoof2019la,,rawboost+codec
data/processed/en_augmented/LA_T_2066209_aug.wav,en,bonafide,real,-,LA_0098,asvspoof2019la,,none
data/processed/en_augmented/LA_T_1252644_aug.wav,en,spoof,tts,A03,LA_0090,asvspoof2019la,,codec
data/processed/en_augmented/LA_T_4006888_aug.wav,en,bonafide,real,-,LA_0087,asvspoof2019la,,rawboost
data/processed/en_augmented/LA_T_7308381_aug.wav,en,spoof,tts,A04,LA_0088,asvspoof2019la,,codec
data/processed/en_augmented/LA_T_7698914_aug.wav,en,bonafide,real,-,LA_0090,asvspoof2019la,,none
data/processed/en_augmented/LA_T_4344926_aug.wav,en,spoof,vc,A05,LA_0092,asvspoof2019la,,rawboost
data/processed/en_augmented/LA_T_2107512_aug.wav,en,spoof,tts,A03,LA_0093,asvspoof2019la,,none
data/processed/en_augmented/LA_T_1896623_aug.wav,en,bonafide,real,-,LA_0098,asvspoof2019la,,none
data/processed/en_augmented/LA_T_8038233_aug.wav,en,bonafide,real,-,LA_0082,asvspoof2019la,,rawboost
data/processed/en_augmented/LA_T_3915181_aug.wav,en,bonafide,real,-,LA_0082,asvspoof2019la,,none
data/processed/en_augmented/LA_T_8491528_aug.wav,en,spoof,tts,A04,LA_0081,asvspoof2019la,,rawboost+codec
data/processed/en_augmented/LA_T_2203340_aug.wav,en,spoof,tts,A04,LA_0085,asvspoof2019la,,none
data/processed/en_augmented/LA_T_5772681_aug.wav,en,spoof,vc,A05,LA_0095,asvspoof2019la,,none
data/processed/en_augmented/LA_T_8853276_aug.wav,en,bonafide,real,-,LA_0080,asvspoof2019la,,codec
data/processed/en_augmented/LA_T_6776173_aug.wav,en,bonafide,real,-,LA_0087,asvspoof2019la,,none
data/processed/en_augmented/LA_T_8189595_aug.wav,en,spoof,vc,A06,LA_0094,asvspoof2019la,,codec
data/processed/en_augmented/LA_T_3204710_aug.wav,en,bonafide,real,-,LA_0084,asvspoof2019la,,rawboost
data/processed/en_augmented/LA_T_5649214_aug.wav,en,spoof,vc,A06,LA_0079,asvspoof2019la,,rawboost+codec
data/processed/en_augmented/LA_T_8845558_aug.wav,en,bonafide,real,-,LA_0081,asvspoof2019la,,codec
data/processed/en_augmented/LA_T_6630920_aug.wav,en,bonafide,real,-,LA_0088,asvspoof2019la,,rawboost
data/processed/en_augmented/LA_T_3367938_aug.wav,en,spoof,tts,A04,LA_0092,asvspoof2019la,,none
data/processed/en_augmented/LA_T_3058432_aug.wav,en,bonafide,real,-,LA_0084,asvspoof2019la,,none
data/processed/en_augmented/LA_T_6925552_aug.wav,en,spoof,vc,A06,LA_0084,asvspoof2019la,,codec
data/processed/en_augmented/LA_T_3968149_aug.wav,en,spoof,tts,A04,LA_0096,asvspoof2019la,,rawboost+codec
data/processed/en_augmented/LA_T_7279842_aug.wav,en,bonafide,real,-,LA_0086,asvspoof2019la,,rawboost+codec
data/processed/en_augmented/LA_T_1410416_aug.wav,en,bonafide,real,-,LA_0087,asvspoof2019la,,rawboost
data/processed/en_augmented/LA_T_7990660_aug.wav,en,bonafide,real,-,LA_0085,asvspoof2019la,,codec
data/processed/en_augmented/LA_T_3674915_aug.wav,en,spoof,vc,A06,LA_0097,asvspoof2019la,,rawboost+codec
data/processed/en_augmented/LA_T_9358878_aug.wav,en,spoof,vc,A05,LA_0083,asvspoof2019la,,rawboost
data/processed/en_augmented/LA_T_4710920_aug.wav,en,bonafide,real,-,LA_0082,asvspoof2019la,,codec
data/processed/en_augmented/LA_T_3230822_aug.wav,en,spoof,tts,A02,LA_0083,asvspoof2019la,,codec
data/processed/en_augmented/LA_T_8605220_aug.wav,en,spoof,vc,A06,LA_0095,asvspoof2019la,,none
data/processed/en_augmented/LA_T_2848593_aug.wav,en,bonafide,real,-,LA_0080,asvspoof2019la,,rawboost+codec
data/processed/en_augmented/LA_T_9220506_aug.wav,en,spoof,tts,A01,LA_0083,asvspoof2019la,,rawboost
data/processed/en_augmented/LA_T_4694860_aug.wav,en,bonafide,real,-,LA_0093,asvspoof2019la,,rawboost+codec
data/processed/en_augmented/LA_T_6155165_aug.wav,en,spoof,tts,A02,LA_0088,asvspoof2019la,,codec
data/processed/en_augmented/LA_T_5913999_aug.wav,en,spoof,tts,A01,LA_0088,asvspoof2019la,,rawboost
data/processed/en_augmented/LA_T_9107429_aug.wav,en,bonafide,real,-,LA_0079,asvspoof2019la,,codec
data/processed/en_augmented/LA_T_5026247_aug.wav,en,spoof,tts,A02,LA_0083,asvspoof2019la,,rawboost
data/processed/en_augmented/LA_T_1738816_aug.wav,en,bonafide,real,-,LA_0097,asvspoof2019la,,codec
data/processed/en_augmented/LA_T_2945445_aug.wav,en,bonafide,real,-,LA_0081,asvspoof2019la,,none
data/processed/en_augmented/LA_T_6650735_aug.wav,en,bonafide,real,-,LA_0081,asvspoof2019la,,codec
data/processed/en_augmented/LA_T_4957496_aug.wav,en,bonafide,real,-,LA_0090,asvspoof2019la,,rawboost+codec
data/processed/en_augmented/LA_T_9896961_aug.wav,en,bonafide,real,-,LA_0097,asvspoof2019la,,rawboost
data/processed/en_augmented/LA_T_7040240_aug.wav,en,spoof,vc,A05,LA_0084,asvspoof2019la,,rawboost
data/processed/en_augmented/LA_T_8036434_aug.wav,en,spoof,vc,A06,LA_0088,asvspoof2019la,,rawboost
data/processed/en_augmented/LA_T_4216855_aug.wav,en,spoof,vc,A06,LA_0082,asvspoof2019la,,none
data/processed/en_augmented/LA_T_1185180_aug.wav,en,spoof,vc,A05,LA_0085,asvspoof2019la,,rawboost+codec
data/processed/en_augmented/LA_T_1876072_aug.wav,en,spoof,vc,A06,LA_0095,asvspoof2019la,,rawboost
data/processed/en_augmented/LA_T_9492498_aug.wav,en,spoof,tts,A03,LA_0093,asvspoof2019la,,rawboost+codec
data/processed/en_augmented/LA_T_5193765_aug.wav,en,spoof,vc,A05,LA_0084,asvspoof2019la,,rawboost+codec
data/processed/en_augmented/LA_T_9722032_aug.wav,en,spoof,vc,A06,LA_0081,asvspoof2019la,,none
data/processed/en_augmented/LA_T_5103637_aug.wav,en,bonafide,real,-,LA_0082,asvspoof2019la,,rawboost+codec
data/processed/en_augmented/LA_T_3051101_aug.wav,en,spoof,vc,A05,LA_0092,asvspoof2019la,,codec
data/processed/en_augmented/LA_T_6954854_aug.wav,en,spoof,tts,A04,LA_0092,asvspoof2019la,,rawboost
data/processed/en_augmented/LA_T_1756992_aug.wav,en,bonafide,real,-,LA_0082,asvspoof2019la,,none
data/processed/en_augmented/LA_T_2689576_aug.wav,en,spoof,vc,A05,LA_0084,asvspoof2019la,,rawboost+codec
data/processed/en_augmented/LA_T_4438475_aug.wav,en,spoof,tts,A02,LA_0090,asvspoof2019la,,none
data/processed/en_augmented/LA_T_7905464_aug.wav,en,bonafide,real,-,LA_0080,asvspoof2019la,,rawboost+codec
data/processed/en_augmented/LA_T_1365654_aug.wav,en,spoof,tts,A04,LA_0079,asvspoof2019la,,rawboost+codec
data/processed/en_augmented/LA_T_8927591_aug.wav,en,bonafide,real,-,LA_0089,asvspoof2019la,,rawboost
data/processed/en_augmented/LA_T_8799477_aug.wav,en,spoof,vc,A05,LA_0097,asvspoof2019la,,none
data/processed/en_augmented/LA_T_9004104_aug.wav,en,spoof,tts,A01,LA_0085,asvspoof2019la,,codec
data/processed/en_augmented/LA_T_2709262_aug.wav,en,bonafide,real,-,LA_0083,asvspoof2019la,,none
data/processed/en_augmented/LA_T_6859654_aug.wav,en,bonafide,real,-,LA_0085,asvspoof2019la,,rawboost
data/processed/en_augmented/LA_T_1480445_aug.wav,en,spoof,vc,A06,LA_0088,asvspoof2019la,,codec
data/processed/en_augmented/LA_T_3877261_aug.wav,en,bonafide,real,-,LA_0080,asvspoof2019la,,rawboost
data/processed/en_augmented/LA_T_1745993_aug.wav,en,bonafide,real,-,LA_0088,asvspoof2019la,,rawboost
data/processed/en_augmented/LA_T_9650425_aug.wav,en,bonafide,real,-,LA_0081,asvspoof2019la,,none
data/processed/en_augmented/LA_T_6599628_aug.wav,en,spoof,vc,A05,LA_0089,asvspoof2019la,,none
data/processed/en_augmented/LA_T_6102433_aug.wav,en,spoof,tts,A04,LA_0080,asvspoof2019la,,rawboost+codec
data/processed/en_augmented/LA_T_4169604_aug.wav,en,bonafide,real,-,LA_0082,asvspoof2019la,,codec
data/processed/en_augmented/LA_T_3679258_aug.wav,en,bonafide,real,-,LA_0084,asvspoof2019la,,rawboost+codec
data/processed/en_augmented/LA_T_5541940_aug.wav,en,spoof,vc,A05,LA_0093,asvspoof2019la,,rawboost
data/processed/en_augmented/LA_T_4043474_aug.wav,en,bonafide,real,-,LA_0085,asvspoof2019la,,none
data/processed/en_augmented/LA_T_3209947_aug.wav,en,spoof,tts,A01,LA_0090,asvspoof2019la,,rawboost
data/processed/en_augmented/LA_T_6432604_aug.wav,en,spoof,tts,A03,LA_0082,asvspoof2019la,,none
data/processed/en_augmented/LA_T_5834325_aug.wav,en,bonafide,real,-,LA_0088,asvspoof2019la,,rawboost+codec
data/processed/en_augmented/LA_T_3228713_aug.wav,en,bonafide,real,-,LA_0085,asvspoof2019la,,none
data/processed/en_augmented/LA_T_2697752_aug.wav,en,spoof,vc,A05,LA_0091,asvspoof2019la,,codec
data/processed/en_augmented/LA_T_8283217_aug.wav,en,bonafide,real,-,LA_0087,asvspoof2019la,,rawboost
data/processed/en_augmented/LA_T_2171337_aug.wav,en,spoof,tts,A04,LA_0095,asvspoof2019la,,rawboost+codec
data/processed/en_augmented/LA_T_6473657_aug.wav,en,spoof,tts,A04,LA_0090,asvspoof2019la,,rawboost
data/processed/en_augmented/LA_T_5792324_aug.wav,en,bonafide,real,-,LA_0090,asvspoof2019la,,rawboost
data/processed/en_augmented/LA_T_7911965_aug.wav,en,spoof,tts,A01,LA_0091,asvspoof2019la,,none
data/processed/en_augmented/LA_T_3754513_aug.wav,en,bonafide,real,-,LA_0090,asvspoof2019la,,none
data/processed/en_augmented/LA_T_6431312_aug.wav,en,spoof,tts,A01,LA_0082,asvspoof2019la,,rawboost
data/processed/en_augmented/LA_T_6795804_aug.wav,en,bonafide,real,-,LA_0082,asvspoof2019la,,rawboost
data/processed/en_augmented/LA_T_2774875_aug.wav,en,bonafide,real,-,LA_0081,asvspoof2019la,,rawboost
data/processed/en_augmented/LA_T_6499936_aug.wav,en,bonafide,real,-,LA_0085,asvspoof2019la,,rawboost
data/processed/en_augmented/LA_T_7466998_aug.wav,en,bonafide,real,-,LA_0092,asvspoof2019la,,rawboost
data/processed/en_augmented/LA_T_5132134_aug.wav,en,bonafide,real,-,LA_0086,asvspoof2019la,,rawboost
data/processed/en_augmented/LA_T_6239874_aug.wav,en,bonafide,real,-,LA_0098,asvspoof2019la,,none
data/processed/en_augmented/LA_T_2361751_aug.wav,en,bonafide,real,-,LA_0079,asvspoof2019la,,codec
data/processed/en_augmented/LA_T_5774498_aug.wav,en,bonafide,real,-,LA_0080,asvspoof2019la,,rawboost+codec
data/processed/en_augmented/LA_T_8387777_aug.wav,en,bonafide,real,-,LA_0083,asvspoof2019la,,rawboost+codec
data/processed/en_augmented/LA_T_7958352_aug.wav,en,bonafide,real,-,LA_0089,asvspoof2019la,,none
data/processed/en_augmented/LA_T_1162361_aug.wav,en,spoof,tts,A03,LA_0081,asvspoof2019la,,rawboost
data/processed/en_augmented/LA_T_6086196_aug.wav,en,spoof,vc,A06,LA_0097,asvspoof2019la,,rawboost
data/processed/en_augmented/LA_T_7856471_aug.wav,en,bonafide,real,-,LA_0080,asvspoof2019la,,none
data/processed/en_augmented/LA_T_7366665_aug.wav,en,spoof,vc,A06,LA_0093,asvspoof2019la,,none
data/processed/en_augmented/LA_T_7539046_aug.wav,en,spoof,vc,A05,LA_0095,asvspoof2019la,,none
data/processed/en_augmented/LA_T_7009144_aug.wav,en,bonafide,real,-,LA_0092,asvspoof2019la,,none
data/processed/en_augmented/LA_T_6296859_aug.wav,en,bonafide,real,-,LA_0093,asvspoof2019la,,rawboost+codec
data/processed/en_augmented/LA_T_7851926_aug.wav,en,bonafide,real,-,LA_0082,asvspoof2019la,,rawboost
data/processed/en_augmented/LA_T_3165954_aug.wav,en,bonafide,real,-,LA_0092,asvspoof2019la,,rawboost+codec
data/processed/en_augmented/LA_T_4925419_aug.wav,en,bonafide,real,-,LA_0085,asvspoof2019la,,none
data/processed/en_augmented/LA_T_1705157_aug.wav,en,spoof,vc,A06,LA_0088,asvspoof2019la,,rawboost
data/processed/en_augmented/LA_T_8355506_aug.wav,en,bonafide,real,-,LA_0096,asvspoof2019la,,codec
data/processed/en_augmented/LA_T_8647496_aug.wav,en,bonafide,real,-,LA_0080,asvspoof2019la,,codec
data/processed/en_augmented/LA_T_4511853_aug.wav,en,bonafide,real,-,LA_0093,asvspoof2019la,,codec
data/processed/en_augmented/LA_T_1157756_aug.wav,en,spoof,tts,A01,LA_0085,asvspoof2019la,,rawboost
