path,lang,label,technique,system_id,speaker_id,source,text,augmentation
data/processed/ko_augmented/zeroth_175_003_1068_aug.wav,ko,bonafide,real,-,zeroth_175,zeroth_korean,고영태 씨가 국정농단 사건의 내부 고발자에서 그래도 고영태 씨도 수사해야 된다 이런 이야기가 나온 결정적인 계기가 고영태 씨 녹취록이었습니다,rawboost
data/processed/ko_augmented/zeroth_172_003_1683_aug.wav,ko,bonafide,real,-,zeroth_172,zeroth_korean,사십 년 이상 공장을 운영하는 동안 폐수 무단 방류로 적발된 전례가 거의 없는 만큼 이번 성동구청의 발표를 심각한 사안으로 받아들이고 있다고 밝혔다,none
data/processed/en_augmented/LA_T_1506952_aug.wav,en,spoof,vc,A06,LA_0096,asvspoof2019la,,codec
data/processed/ko_augmented/zeroth_185_from_kss_01090_aug.wav,ko,spoof,vc,rvc_zeroth_185,zeroth_185,rvc_from_kss_speaker,소화가 안 될 때는 죽 같은 음식을 드세요.,none
data/processed/en_augmented/LA_T_2802903_aug.wav,en,bonafide,real,-,LA_0094,asvspoof2019la,,codec
data/processed/ko_augmented/zeroth_135_003_2130_aug.wav,ko,bonafide,real,-,zeroth_135,zeroth_korean,경찰도 김포경찰서장을 팀장으로 형사과와 경기남부청 과학수사팀 요원 등 일흔 여명을 투입해 수사 전담팀을 구성하고 사고 원인 조사에 본격적으로 착수했다,none
data/processed/en_augmented/LA_T_4916447_aug.wav,en,spoof,vc,A05,LA_0097,asvspoof2019la,,codec
data/processed/ko_augmented/zeroth_211_003_2874_aug.wav,ko,bonafide,real,-,zeroth_211,zeroth_korean,그곳에서 여호와의 천사가 불타는 덤불 가운데서 모세에게 나타났습니다,rawboost+codec
data/processed/en_augmented/LA_T_9574610_aug.wav,en,spoof,vc,A05,LA_0097,asvspoof2019la,,none
data/processed/ko_augmented/kss_10440_aug.wav,ko,spoof,tts,mms-tts-kor,vits_default,kss_transcript,웃겨서 죽을 뻔했어.,rawboost
data/processed/ko_augmented/kss_00580_aug.wav,ko,bonafide,real,-,kss_speaker,kss,어제 머리를 깎았어요.,codec
data/processed/ko_augmented/kss_06758_aug.wav,ko,bonafide,real,-,kss_speaker,kss,약간 비싼데요.,rawboost
data/processed/ko_augmented/kss_05413_aug.wav,ko,spoof,tts,mms-tts-kor,vits_default,kss_transcript,이 사이트에서 회원 탈퇴를 하고 싶습니다.,rawboost+codec
data/processed/en_augmented/LA_T_3945238_aug.wav,en,spoof,vc,A05,LA_0086,asvspoof2019la,,codec
data/processed/ko_augmented/zeroth_152_from_zeroth_206_003_2501_aug.wav,ko,spoof,vc,rvc_zeroth_152,zeroth_152,rvc_from_zeroth_206,만약의 돌발 사태를 우려한 경찰과 청와대 측이 초긴장상태에 돌입했다,none
data/processed/ko_augmented/zeroth_213_003_0318_aug.wav,ko,bonafide,real,-,zeroth_213,zeroth_korean,의료계 종사자들이 사태를 파악할 때쯤에는 이미 여러 도시 전체가 감염되어 있을 수도 있다,none
data/processed/ko_augmented/zeroth_193_003_2880_aug.wav,ko,bonafide,real,-,zeroth_193,zeroth_korean,야당 지지자들은 문 대표의 무능에 진절머리를 낼 테고 떨어지는 지지율 소리에 의원들은 좌불안석일 것이다,rawboost
data/processed/en_augmented/LA_T_4630240_aug.wav,en,spoof,vc,A05,LA_0084,asvspoof2019la,,rawboost+codec
data/processed/en_augmented/LA_T_3580756_aug.wav,en,spoof,vc,A05,LA_0080,asvspoof2019la,,codec
data/processed/en_augmented/LA_T_7786173_aug.wav,en,bonafide,real,-,LA_0090,asvspoof2019la,,rawboost
data/processed/en_augmented/LA_T_7133372_aug.wav,en,bonafide,real,-,LA_0086,asvspoof2019la,,rawboost
data/processed/en_augmented/LA_T_4848589_aug.wav,en,spoof,vc,A05,LA_0097,asvspoof2019la,,rawboost
data/processed/ko_augmented/zeroth_182_003_2985_aug.wav,ko,bonafide,real,-,zeroth_182,zeroth_korean,앵커 한 고등학교가 얼마 전 이 학년 학부모들에게 발송한 가정통신문입니다,none
data/processed/ko_augmented/zeroth_152_from_kss_08320_aug.wav,ko,spoof,vc,rvc_zeroth_152,zeroth_152,rvc_from_kss_speaker,독서는 시간을 보내는 좋은 방법이다.,rawboost+codec
data/processed/en_augmented/LA_T_3296635_aug.wav,en,spoof,vc,A06,LA_0094,asvspoof2019la,,none
data/processed/ko_augmented/zeroth_200_from_zeroth_196_003_1406_aug.wav,ko,spoof,vc,rvc_zeroth_200,zeroth_200,rvc_from_zeroth_196,정부가 올해부터 야심차게 시작한 국가재난안전통신망 구축사업에 대해 비판적인 견해를 피력한 게 발단이었다,rawboost+codec
data/processed/ko_augmented/kss_04355_aug.wav,ko,bonafide,real,-,kss_speaker,kss,사람들이 마을 회관에 모여 있다.,none
data/processed/ko_augmented/zeroth_152_from_zeroth_164_003_2245_aug.wav,ko,spoof,vc,rvc_zeroth_152,zeroth_152,rvc_from_zeroth_164,박 대통령의 입장 표명과 사과를 요구하는 정치권의 요구에 곧장 맞서서 대응하기도 힘든 상황이었다,rawboost
data/processed/en_augmented/LA_T_1797843_aug.wav,en,bonafide,real,-,LA_0098,asvspoof2019la,,none
data/processed/en_augmented/LA_T_1596451_aug.wav,en,bonafide,real,-,LA_0079,asvspoof2019la,,rawboost+codec
data/processed/ko_augmented/kss_04571_aug.wav,ko,spoof,tts,mms-tts-kor,vits_default,kss_transcript,언제 국수 먹게 해 줄 거예요?,rawboost
data/processed/ko_augmented/zeroth_146_003_2896_aug.wav,ko,bonafide,real,-,zeroth_146,zeroth_korean,최근 일정한 직업 없이 생활한 이들은 이 천여만원의 빚을 졌고 월세 오십 이 만원짜리 다세대 주택에서 살았다,none
data/processed/en_augmented/LA_T_2607307_aug.wav,en,bonafide,real,-,LA_0098,asvspoof2019la,,none
data/processed/ko_augmented/zeroth_145_003_1898_aug.wav,ko,bonafide,real,-,zeroth_145,zeroth_korean,파업의 영향으로 전철이 지연되는 등 불편을 겪은 시민들이 많았을 겁니다,rawboost+codec
data/processed/en_augmented/LA_T_9267496_aug.wav,en,spoof,tts,A03,LA_0084,asvspoof2019la,,rawboost
data/processed/en_augmented/LA_T_5123366_aug.wav,en,bonafide,real,-,LA_0081,asvspoof2019la,,rawboost+codec
data/processed/en_augmented/LA_T_4678305_aug.wav,en,bonafide,real,-,LA_0098,asvspoof2019la,,rawboost
data/processed/en_augmented/LA_T_4006888_aug.wav,en,bonafide,real,-,LA_0087,asvspoof2019la,,rawboost
data/processed/ko_augmented/zeroth_216_003_1425_aug.wav,ko,bonafide,real,-,zeroth_216,zeroth_korean,이처럼 친박계가 총궐기 입장을 보이고 있는 가운데 안심번호 수용불가라는 청와대 입장까지 더해지면서 자칫 당내 의총이 김무성 대표 성토장으로 돌변할 가능성까지 점쳐지고 있다,none
data/processed/ko_augmented/kss_09080_aug.wav,ko,bonafide,real,-,kss_speaker,kss,요즘 살이 쪄서 고민이에요.,codec
data/processed/ko_augmented/zeroth_130_003_1399_aug.wav,ko,bonafide,real,-,zeroth_130,zeroth_korean,메르스에 감염된 서울 대형 병원 의사가 무려 천 오백 명이 넘는 사람들을 직 간접으로 접촉했다는 소식이었다,none
data/processed/en_augmented/LA_T_4624695_aug.wav,en,spoof,tts,A04,LA_0083,asvspoof2019la,,rawboost
data/processed/en_augmented/LA_T_5265204_aug.wav,en,bonafide,real,-,LA_0091,asvspoof2019la,,codec
data/processed/en_augmented/LA_T_7975097_aug.wav,en,spoof,tts,A01,LA_0096,asvspoof2019la,,none
data/processed/ko_augmented/zeroth_185_from_zeroth_172_003_0927_aug.wav,ko,spoof,vc,rvc_zeroth_185,zeroth_185,rvc_from_zeroth_172,박씨는 또 새벽 한 시 삼십 분이 되자 광화문광장에 배치된 경찰들이 철수하기 시작했다,rawboost+codec
data/processed/ko_augmented/zeroth_203_003_0763_aug.wav,ko,bonafide,real,-,zeroth_203,zeroth_korean,옥시가 출시한 가습기살균제로 많은 사람이 심각한 피해를 봤다,codec
data/processed/en_augmented/LA_T_8756023_aug.wav,en,spoof,tts,A03,LA_0096,asvspoof2019la,,rawboost
data/processed/ko_augmented/kss_01546_aug.wav,ko,spoof,tts,mms-tts-kor,vits_default,kss_transcript,물론 그것은 힘든 일이지만 불가능한 것은 아니다.,rawboost
data/processed/en_augmented/LA_T_6431312_aug.wav,en,spoof,tts,A01,LA_0082,asvspoof2019la,,rawboost
data/processed/en_augmented/LA_T_5038210_aug.wav,en,spoof,tts,A03,LA_0084,asvspoof2019la,,none
data/processed/en_augmented/LA_T_6591503_aug.wav,en,bonafide,real,-,LA_0085,asvspoof2019la,,rawboost
data/processed/en_augmented/LA_T_8277579_aug.wav,en,spoof,tts,A01,LA_0091,asvspoof2019la,,rawboost+codec
data/processed/en_augmented/LA_T_6340855_aug.wav,en,spoof,tts,A02,LA_0092,asvspoof2019la,,rawboost
data/processed/ko_augmented/zeroth_201_from_zeroth_151_003_1229_aug.wav,ko,spoof,vc,rvc_zeroth_201,zeroth_201,rvc_from_zeroth_151,규모 구 쩜 공 의 강진과 함께 발생한 쓰나미는 약 이 만 오천 명의 사상자와 후쿠시마 원자력발전소 방사능 누출 사고를 일으켰다,rawboost+codec
data/processed/ko_augmented/zeroth_200_from_kss_01436_aug.wav,ko,spoof,vc,rvc_zeroth_200,zeroth_200,rvc_from_kss_speaker,네가 이번에 내린 결정은 현명하지 못했어.,rawboost
data/processed/en_augmented/LA_T_4528153_aug.wav,en,spoof,vc,A06,LA_0096,asvspoof2019la,,codec
data/processed/ko_augmented/zeroth_205_003_0746_aug.wav,ko,bonafide,real,-,zeroth_205,zeroth_korean,직접 맨 뒤에 줄을 서서 로또를 사 손에 쥐기까지 십 이 분이 걸렸다,rawboost
data/processed/en_augmented/LA_T_1805431_aug.wav,en,spoof,tts,A04,LA_0093,asvspoof2019la,,rawboost
data/processed/ko_augmented/kss_08587_aug.wav,ko,spoof,tts,mms-tts-kor,vits_default,kss_transcript,어젯밤 너랑 같이 있던 그 남자 누구야?,rawboost
data/processed/en_augmented/LA_T_4694860_aug.wav,en,bonafide,real,-,LA_0093,asvspoof2019la,,rawboost+codec
data/processed/en_augmented/LA_T_3652176_aug.wav,en,spoof,vc,A06,LA_0079,asvspoof2019la,,none
data/processed/ko_augmented/zeroth_194_003_1462_aug.wav,ko,bonafide,real,-,zeroth_194,zeroth_korean,반도의 나머지 부분은 인구가 매우 적으며 해안과 강가에 자리 잡고 있는 마을들은 대부분 배나 비행기로만 갈 수 있습니다,none
data/processed/ko_augmented/zeroth_185_from_zeroth_113_003_1633_aug.wav,ko,spoof,vc,rvc_zeroth_185,zeroth_185,rvc_from_zeroth_113,샌프란시스코 에이즈 재단에서는 다음과 같이 경고합니다,none
data/processed/en_augmented/LA_T_8145267_aug.wav,en,bonafide,real,-,LA_0079,asvspoof2019la,,none
data/processed/en_augmented/LA_T_4704382_aug.wav,en,spoof,tts,A04,LA_0081,asvspoof2019la,,none
data/processed/ko_augmented/kss_11549_aug.wav,ko,bonafide,real,-,kss_speaker,kss,이 아파트는 한 평에 3천만 원이 넘어요.,none
data/processed/ko_augmented/zeroth_204_003_2256_aug.wav,ko,bonafide,real,-,zeroth_204,zeroth_korean,지난 이천 십 삼 년 북한이 핵실험을 감행했을 때에도 규모 오 안팎의 인공지진이 발생한 바 있다,none
data/processed/en_augmented/LA_T_3295065_aug.wav,en,spoof,tts,A04,LA_0091,asvspoof2019la,,rawboost
data/processed/en_augmented/LA_T_9286309_aug.wav,en,spoof,tts,A04,LA_0086,asvspoof2019la,,none
data/processed/en_augmented/LA_T_1160090_aug.wav,en,bonafide,real,-,LA_0087,asvspoof2019la,,rawboost
data/processed/ko_augmented/kss_04084_aug.wav,ko,spoof,tts,mms-tts-kor,vits_default,kss_transcript,이 스타일이 최신 유행하고 있어요.,rawboost
data/processed/en_augmented/LA_T_6966944_aug.wav,en,spoof,tts,A02,LA_0095,asvspoof2019la,,rawboost
data/processed/en_augmented/LA_T_7801452_aug.wav,en,bonafide,real,-,LA_0094,asvspoof2019la,,none
data/processed/ko_augmented/zeroth_200_from_kss_05516_aug.wav,ko,spoof,vc,rvc_zeroth_200,zeroth_200,rvc_from_kss_speaker,천국에 가고 싶으면 신을 믿으세요.,rawboost
data/processed/ko_augmented/kss_06894_aug.wav,ko,bonafide,real,-,kss_speaker,kss,수면을 취하는 데 어려움을 겪은 적이 있나요?,none
data/processed/en_augmented/LA_T_6571989_aug.wav,en,spoof,vc,A06,LA_0091,asvspoof2019la,,codec
data/processed/en_augmented/LA_T_4703539_aug.wav,en,spoof,vc,A05,LA_0081,asvspoof2019la,,codec
data/processed/ko_augmented/zeroth_185_from_zeroth_131_003_0709_aug.wav,ko,spoof,vc,rvc_zeroth_185,zeroth_185,rvc_from_zeroth_131,이어 지금은 딸이 잘 자라준다는 사실에 신께 감사하고 있다 면서 엄마의 자리가 느껴지지 않도록 딸을 행복하게 키울 것 이라고 덧붙였다,none
data/processed/ko_augmented/zeroth_156_003_2594_aug.wav,ko,bonafide,real,-,zeroth_156,zeroth_korean,그분은 완벽한 제어력을 가지고 계시며 결코 과민 반응을 보이지 않으십니다,none
data/processed/ko_augmented/kss_08767_aug.wav,ko,bonafide,real,-,kss_speaker,kss,고속도로가 거대한 주차장이 되어 버렸어요.,rawboost+codec
data/processed/ko_augmented/kss_03674_aug.wav,ko,spoof,tts,mms-tts-kor,vits_default,kss_transcript,정민이는 늘 활기가 넘쳐.,none
data/processed/ko_augmented/zeroth_150_003_2293_aug.wav,ko,bonafide,real,-,zeroth_150,zeroth_korean,마음만 먹으면 어떤 사람보다도 정신과 의사는 범행하기가 쉽고 편안한 위치에 있습니다,rawboost
data/processed/en_augmented/LA_T_3441209_aug.wav,en,spoof,tts,A02,LA_0084,asvspoof2019la,,none
data/processed/en_augmented/LA_T_7367042_aug.wav,en,bonafide,real,-,LA_0082,asvspoof2019la,,rawboost
data/processed/en_augmented/LA_T_2880914_aug.wav,en,spoof,vc,A06,LA_0093,asvspoof2019la,,none
data/processed/en_augmented/LA_T_6472152_aug.wav,en,bonafide,real,-,LA_0098,asvspoof2019la,,rawboost+codec
data/processed/ko_augmented/zeroth_108_003_1014_aug.wav,ko,bonafide,real,-,zeroth_108,zeroth_korean,그런데 누구에는 더 많은 얘기를 나누고 누구에게는 한 마디만 나누고 그러면 그것이 바로 측근이 되고 내가 더 실세다 하는 것들이 생겨나잖아요,rawboost
data/processed/en_augmented/LA_T_3625716_aug.wav,en,spoof,vc,A05,LA_0098,asvspoof2019la,,rawboost
data/processed/en_augmented/LA_T_2803206_aug.wav,en,spoof,vc,A05,LA_0082,asvspoof2019la,,codec
data/processed/ko_augmented/kss_00348_aug.wav,ko,spoof,tts,mms-tts-kor,vits_default,kss_transcript,아직 이긴 게 아니니까 기뻐하기에는 이릅니다.,codec
data/processed/ko_augmented/zeroth_134_003_2657_aug.wav,ko,bonafide,real,-,zeroth_134,zeroth_korean,노효동 특파원 미국 최대의 방산업체인 록히드마틴이 지난 이십 구 일 한 미 양국이 사드 문제를 논의 중이라고 했던 주장을 하루 만에 뒤집었다,rawboost+codec
data/processed/en_augmented/LA_T_3766393_aug.wav,en,spoof,vc,A06,LA_0091,asvspoof2019la,,codec
data/processed/en_augmented/LA_T_1131312_aug.wav,en,bonafide,real,-,LA_0092,asvspoof2019la,,rawboost
data/processed/en_augmented/LA_T_5649214_aug.wav,en,spoof,vc,A06,LA_0079,asvspoof2019la,,rawboost+codec
data/processed/ko_augmented/kss_12377_aug.wav,ko,spoof,tts,mms-tts-kor,vits_default,kss_transcript,통화 중이에요.,rawboost
data/processed/ko_augmented/zeroth_152_from_zeroth_194_003_1176_aug.wav,ko,spoof,vc,rvc_zeroth_152,zeroth_152,rvc_from_zeroth_194,이런 조언을 들었는데 여기에다가 한마디를 더 한 게 매서운데요,rawboost
data/processed/en_augmented/LA_T_7422329_aug.wav,en,bonafide,real,-,LA_0086,asvspoof2019la,,rawboost+codec
data/processed/en_augmented/LA_T_8007561_aug.wav,en,spoof,tts,A04,LA_0089,asvspoof2019la,,none
data/processed/ko_augmented/zeroth_148_003_1885_aug.wav,ko,bonafide,real,-,zeroth_148,zeroth_korean,온라인 여행전문 사이트 익스피디아에 따르면 아랍에미리트 직장인들은 연차휴가 삼십 일 스웨덴 네덜란드 노르웨이는 이십 오 일을 받아 백 퍼센트 쓰고 있다,none
data/processed/ko_augmented/zeroth_185_from_zeroth_151_003_1426_aug.wav,ko,spoof,vc,rvc_zeroth_185,zeroth_185,rvc_from_zeroth_151,바울 자신도 로마 정부가 제공하는 보호 제도를 이용하였습니다,rawboost
data/processed/en_augmented/LA_T_5100132_aug.wav,en,bonafide,real,-,LA_0080,asvspoof2019la,,rawboost
data/processed/ko_augmented/zeroth_140_003_0611_aug.wav,ko,bonafide,real,-,zeroth_140,zeroth_korean,화가 임옥상씨가 십 팔 일 서울 광화문광장에서 열린 문화예술계 블랙리스트 진상규명 및 책임자 처벌과 예술검열을 반대하는 문화예술인들의 예술행동에 참여하고 있다,rawboost
data/processed/ko_augmented/zeroth_201_from_zeroth_107_003_2546_aug.wav,ko,spoof,vc,rvc_zeroth_201,zeroth_201,rvc_from_zeroth_107,업무 강도가 센 직업이라 야근과 주말근무를 할 때도 많아서 입주돌보미를 구했는데 비용이 높았다,none
data/processed/en_augmented/LA_T_3967178_aug.wav,en,bonafide,real,-,LA_0089,asvspoof2019la,,rawboost
data/processed/en_augmented/LA_T_2556384_aug.wav,en,spoof,tts,A02,LA_0088,asvspoof2019la,,rawboost
data/processed/en_augmented/LA_T_3394389_aug.wav,en,bonafide,real,-,LA_0093,asvspoof2019la,,rawboost
data/processed/ko_augmented/zeroth_187_003_1863_aug.wav,ko,bonafide,real,-,zeroth_187,zeroth_korean,일례로 예수께서는 한 젊은이의 진실함에 깊은 감명을 받으신 적이 있습니다,rawboost
data/processed/en_augmented/LA_T_2354972_aug.wav,en,spoof,tts,A04,LA_0088,asvspoof2019la,,rawboost
data/processed/ko_augmented/zeroth_153_003_1691_aug.wav,ko,bonafide,real,-,zeroth_153,zeroth_korean,한 걸음 더 나아가 천 구백 이십 이 년에는 처음으로 선박과 육지 사이에 무선 통신이 이루어졌습니다,rawboost
data/processed/ko_augmented/zeroth_152_from_zeroth_131_003_1539_aug.wav,ko,spoof,vc,rvc_zeroth_152,zeroth_152,rvc_from_zeroth_131,이 시장이 더민주의 팔 월 전당대회에 당권 주자로 나설 경우 유력 정당의 대표직에 도전하는 첫번째 지자체장이 된다,rawboost
data/processed/en_augmented/LA_T_4817040_aug.wav,en,bonafide,real,-,LA_0082,asvspoof2019la,,rawboost
data/processed/en_augmented/LA_T_6265807_aug.wav,en,spoof,tts,A01,LA_0094,asvspoof2019la,,none
data/processed/ko_augmented/zeroth_201_from_zeroth_150_003_1423_aug.wav,ko,spoof,vc,rvc_zeroth_201,zeroth_201,rvc_from_zeroth_150,강릉시 주변에 스물 개 해수욕장이 있는데 비키니 전용이라든가 여성 전용 해수욕장이라는 특화사업을 한 적은 없네요,rawboost
data/processed/en_augmented/LA_T_2413714_aug.wav,en,spoof,tts,A01,LA_0085,asvspoof2019la,,rawboost
data/processed/ko_augmented/zeroth_176_003_1193_aug.wav,ko,bonafide,real,-,zeroth_176,zeroth_korean,오히려 비판세력에 대해 행동으로 맞서기까지 하고 있다,rawboost
data/processed/ko_augmented/zeroth_164_003_0916_aug.wav,ko,bonafide,real,-,zeroth_164,zeroth_korean,처음에 몇몇 사람은 미신 때문에 지하에서 채굴하는 것을 두려워한 나머지 지표면에서 금을 찾기 시작했습니다,codec
data/processed/ko_augmented/zeroth_201_from_zeroth_204_003_2256_aug.wav,ko,spoof,vc,rvc_zeroth_201,zeroth_201,rvc_from_zeroth_204,지난 이천 십 삼 년 북한이 핵실험을 감행했을 때에도 규모 오 안팎의 인공지진이 발생한 바 있다,rawboost
data/processed/ko_augmented/zeroth_197_003_0111_aug.wav,ko,bonafide,real,-,zeroth_197,zeroth_korean,조씨는 또 다음이 있겠거니 하고 기다려야지 별 수 있나라며 씁쓸하게 웃었다,none
data/processed/en_augmented/LA_T_1188742_aug.wav,en,bonafide,real,-,LA_0083,asvspoof2019la,,none
data/processed/en_augmented/LA_T_5499816_aug.wav,en,spoof,tts,A03,LA_0092,asvspoof2019la,,none
data/processed/ko_augmented/zeroth_185_from_zeroth_199_003_0193_aug.wav,ko,spoof,vc,rvc_zeroth_185,zeroth_185,rvc_from_zeroth_199,그 바람에 나의 몸도 겹쳐 쓰러지며 한창 피어난 노란 동백꽃 속으로 폭 파묻혀 버렸다,rawboost
data/processed/en_augmented/LA_T_5410994_aug.wav,en,spoof,vc,A05,LA_0095,asvspoof2019la,,none
data/processed/en_augmented/LA_T_8510047_aug.wav,en,spoof,tts,A01,LA_0097,asvspoof2019la,,none
data/processed/ko_augmented/zeroth_152_from_zeroth_117_003_2988_aug.wav,ko,spoof,vc,rvc_zeroth_152,zeroth_152,rvc_from_zeroth_117,그녀가 사실을 이야기 할 수 있도록 설득하는 것이 중요하다,none
data/processed/en_augmented/LA_T_9132666_aug.wav,en,bonafide,real,-,LA_0094,asvspoof2019la,,none
data/processed/ko_augmented/zeroth_216_003_1584_aug.wav,ko,bonafide,real,-,zeroth_216,zeroth_korean,올해 들어 한국 경제를 위협하는 가장 큰 요인으로 지목됐던 미국 중국 등 주요 두 개국 리스크 가운데 먼저 중국의 경기 둔화가 충격을 줬다,none
data/processed/en_augmented/LA_T_1882969_aug.wav,en,bonafide,real,-,LA_0092,asvspoof2019la,,rawboost+codec
data/processed/en_augmented/LA_T_2468992_aug.wav,en,spoof,tts,A01,LA_0081,asvspoof2019la,,codec
data/processed/ko_augmented/kss_11013_aug.wav,ko,spoof,tts,mms-tts-kor,vits_default,kss_transcript,뭐? 다시 한 번 말해 봐.,none
data/processed/ko_augmented/zeroth_200_from_zeroth_183_003_1438_aug.wav,ko,spoof,vc,rvc_zeroth_200,zeroth_200,rvc_from_zeroth_183,이어 신고 당일 공기오염도를 조사한 결과 이산화황 황화수소 휘발성유기화합물 등 농도가 증가한 것으로 나타났다,none
data/processed/ko_augmented/kss_05919_aug.wav,ko,spoof,tts,mms-tts-kor,vits_default,kss_transcript,골목에서는 차가 보행자에게 양보해야 한다.,codec
data/processed/en_augmented/LA_T_2109897_aug.wav,en,spoof,vc,A06,LA_0079,asvspoof2019la,,none
data/processed/en_augmented/LA_T_3178062_aug.wav,en,spoof,vc,A05,LA_0085,asvspoof2019la,,none
data/processed/ko_augmented/zeroth_152_from_zeroth_151_003_0999_aug.wav,ko,spoof,vc,rvc_zeroth_152,zeroth_152,rvc_from_zeroth_151,그러면 연락을 받은 수취 은행에서 계좌 주인에게 전화를 걸어 돈을 돌려 달라고 요청한다,rawboost+codec
data/processed/ko_augmented/kss_02291_aug.wav,ko,bonafide,real,-,kss_speaker,kss,진심으로 애도의 말씀을 드립니다.,rawboost
data/processed/ko_augmented/zeroth_159_003_0153_aug.wav,ko,bonafide,real,-,zeroth_159,zeroth_korean,최순실 씨 조카 장시호 씨가 최근 특검에서 의미심장한 진술을 한 것으로 확인됐습니다,codec
data/processed/en_augmented/LA_T_6442486_aug.wav,en,bonafide,real,-,LA_0091,asvspoof2019la,,none
data/processed/en_augmented/LA_T_6631167_aug.wav,en,bonafide,real,-,LA_0080,asvspoof2019la,,rawboost
data/processed/en_augmented/LA_T_9739511_aug.wav,en,spoof,vc,A05,LA_0079,asvspoof2019la,,rawboost
data/processed/ko_augmented/zeroth_152_from_zeroth_151_003_1746_aug.wav,ko,spoof,vc,rvc_zeroth_152,zeroth_152,rvc_from_zeroth_151,이날 완치된 다섯 번 환자처럼 면역력이 튼튼하고 기저 질환이 없으면 치료가 어렵지 않다는 것이 의료진의 설명이다,rawboost
data/processed/en_augmented/LA_T_7310231_aug.wav,en,bonafide,real,-,LA_0087,asvspoof2019la,,rawboost+codec
data/processed/en_augmented/LA_T_6682948_aug.wav,en,spoof,vc,A06,LA_0097,asvspoof2019la,,none
data/processed/ko_augmented/kss_09714_aug.wav,ko,bonafide,real,-,kss_speaker,kss,숫자를 일일이 비교해 봐야 해.,rawboost
data/processed/en_augmented/LA_T_3058432_aug.wav,en,bonafide,real,-,LA_0084,asvspoof2019la,,none
data/processed/en_augmented/LA_T_6324553_aug.wav,en,bonafide,real,-,LA_0079,asvspoof2019la,,rawboost+codec
data/processed/ko_augmented/kss_11783_aug.wav,ko,spoof,tts,mms-tts-kor,vits_default,kss_transcript,세미나는 몇 시에 시작되죠?,rawboost
data/processed/en_augmented/LA_T_6910683_aug.wav,en,bonafide,real,-,LA_0088,asvspoof2019la,,codec
data/processed/ko_augmented/kss_10013_aug.wav,ko,spoof,tts,mms-tts-kor,vits_default,kss_transcript,저는 스포츠 중에서 야구를 제일 좋아해요.,rawboost
data/processed/ko_augmented/zeroth_113_003_1633_aug.wav,ko,bonafide,real,-,zeroth_113,zeroth_korean,샌프란시스코 에이즈 재단에서는 다음과 같이 경고합니다,codec
data/processed/en_augmented/LA_T_5050748_aug.wav,en,bonafide,real,-,LA_0094,asvspoof2019la,,none
data/processed/en_augmented/LA_T_2931353_aug.wav,en,spoof,vc,A05,LA_0087,asvspoof2019la,,none
data/processed/en_augmented/LA_T_1365654_aug.wav,en,spoof,tts,A04,LA_0079,asvspoof2019la,,rawboost+codec
data/processed/en_augmented/LA_T_7871107_aug.wav,en,spoof,vc,A06,LA_0090,asvspoof2019la,,rawboost
data/processed/ko_augmented/kss_09007_aug.wav,ko,spoof,tts,mms-tts-kor,vits_default,kss_transcript,이 호수는 깊이가 어떻게 되나요?,none
data/processed/ko_augmented/zeroth_201_from_zeroth_208_003_1711_aug.wav,ko,spoof,vc,rvc_zeroth_201,zeroth_201,rvc_from_zeroth_208,단통법이 있어도 불법 보조금은 음성적으로 횡행해왔지만 해당 정책이 종료되면 공시지원금 과다 마케팅이 벌어질 수 있다,rawboost
data/processed/en_augmented/LA_T_1772535_aug.wav,en,spoof,vc,A05,LA_0092,asvspoof2019la,,none
data/processed/ko_augmented/zeroth_218_003_1875_aug.wav,ko,bonafide,real,-,zeroth_218,zeroth_korean,그 성구에서는 곧 하느님께서 땅을 파멸시키는 자들을 파멸시키실 것이라고 알려 줍니다,codec
data/processed/ko_augmented/zeroth_218_003_1386_aug.wav,ko,bonafide,real,-,zeroth_218,zeroth_korean,이날 박창진 사무장은 내 지인으로부터 메신저 연락이 왔는데 나에 대한 찌라시가 돌고 있다고 한다고 전했다,rawboost
data/processed/ko_augmented/zeroth_212_003_2759_aug.wav,ko,bonafide,real,-,zeroth_212,zeroth_korean,현재 그에 대해 알려진 것은 예전에 살던 집이 청주시 흥덕구 오송읍이고 천 구백 구십 칠 년 여름 소 중개업자의 손에 끌려 김씨의 축사에 왔다는 것뿐이다,rawboost
data/processed/en_augmented/LA_T_5159383_aug.wav,en,spoof,tts,A04,LA_0081,asvspoof2019la,,none
data/processed/en_augmented/LA_T_9276305_aug.wav,en,bonafide,real,-,LA_0087,asvspoof2019la,,rawboost
data/processed/ko_augmented/zeroth_185_from_kss_07852_aug.wav,ko,spoof,vc,rvc_zeroth_185,zeroth_185,rvc_from_kss_speaker,이 분야에서 성공하려면 창조적인 사고가 중요합니다.,rawboost
data/processed/ko_augmented/zeroth_172_003_0927_aug.wav,ko,bonafide,real,-,zeroth_172,zeroth_korean,박씨는 또 새벽 한 시 삼십 분이 되자 광화문광장에 배치된 경찰들이 철수하기 시작했다,none
data/processed/en_augmented/LA_T_7911665_aug.wav,en,spoof,vc,A05,LA_0096,asvspoof2019la,,codec
data/processed/en_augmented/LA_T_9397440_aug.wav,en,spoof,vc,A05,LA_0098,asvspoof2019la,,none
data/processed/en_augmented/LA_T_7213473_aug.wav,en,bonafide,real,-,LA_0081,asvspoof2019la,,rawboost+codec
data/processed/ko_augmented/kss_05417_aug.wav,ko,bonafide,real,-,kss_speaker,kss,1년이 넘도록 실업자 신세예요.,rawboost
data/processed/ko_augmented/zeroth_188_003_2418_aug.wav,ko,bonafide,real,-,zeroth_188,zeroth_korean,서울도시철도 역시 육천 사백 칠십 오 억원의 수익을 냈으나 비용이 구천 이백 삼십 오 억원에 이르면서 이천 칠백 육십 억원의 적자를 냈다,none
data/processed/en_augmented/LA_T_3601574_aug.wav,en,spoof,vc,A05,LA_0094,asvspoof2019la,,codec
data/processed/en_augmented/LA_T_9162208_aug.wav,en,spoof,tts,A03,LA_0081,asvspoof2019la,,rawboost
data/processed/en_augmented/LA_T_4365712_aug.wav,en,bonafide,real,-,LA_0089,asvspoof2019la,,none
data/processed/ko_augmented/zeroth_185_from_zeroth_177_003_1310_aug.wav,ko,spoof,vc,rvc_zeroth_185,zeroth_185,rvc_from_zeroth_177,빗물은 공기와 흙을 통과하면서 탄산을 약간 흡수하게 됩니다,rawboost
data/processed/en_augmented/LA_T_1581753_aug.wav,en,bonafide,real,-,LA_0085,asvspoof2019la,,rawboost
data/processed/en_augmented/LA_T_7214355_aug.wav,en,bonafide,real,-,LA_0090,asvspoof2019la,,none
data/processed/en_augmented/LA_T_5809798_aug.wav,en,spoof,tts,A01,LA_0086,asvspoof2019la,,codec
data/processed/ko_augmented/kss_09325_aug.wav,ko,bonafide,real,-,kss_speaker,kss,오는 길에 교통사고가 있었어요.,rawboost
data/processed/en_augmented/LA_T_3437551_aug.wav,en,spoof,vc,A05,LA_0095,asvspoof2019la,,rawboost
data/processed/en_augmented/LA_T_8236638_aug.wav,en,bonafide,real,-,LA_0098,asvspoof2019la,,none
data/processed/en_augmented/LA_T_2607453_aug.wav,en,spoof,tts,A04,LA_0086,asvspoof2019la,,none
data/processed/ko_augmented/kss_06796_aug.wav,ko,spoof,tts,mms-tts-kor,vits_default,kss_transcript,날씨가 한층 시원해졌어요.,rawboost+codec
data/processed/ko_augmented/kss_08585_aug.wav,ko,bonafide,real,-,kss_speaker,kss,저는 키에 비해서 몸무게가 가벼워요.,none
data/processed/en_augmented/LA_T_7778575_aug.wav,en,bonafide,real,-,LA_0084,asvspoof2019la,,rawboost
data/processed/ko_augmented/zeroth_182_003_0721_aug.wav,ko,bonafide,real,-,zeroth_182,zeroth_korean,그러나 반 총장이 여전히 아마추어적 행보를 보이고 있다는 지적도 적지 않다,none
data/processed/ko_augmented/kss_10515_aug.wav,ko,spoof,tts,mms-tts-kor,vits_default,kss_transcript,밖이 아직 캄캄해.,rawboost
data/processed/ko_augmented/zeroth_170_003_1842_aug.wav,ko,bonafide,real,-,zeroth_170,zeroth_korean,그 첼시 전에서 나의 실수는 마치 내 인생에 재앙이 불어닥친 것만 같은 느낌이었다,codec
data/processed/en_augmented/LA_T_9071029_aug.wav,en,bonafide,real,-,LA_0097,asvspoof2019la,,none
data/processed/en_augmented/LA_T_6212732_aug.wav,en,bonafide,real,-,LA_0083,asvspoof2019la,,rawboost
data/processed/ko_augmented/zeroth_201_from_zeroth_111_003_2027_aug.wav,ko,spoof,vc,rvc_zeroth_201,zeroth_201,rvc_from_zeroth_111,사가미하라시 당국에 따르면 우에마쓰는 이 월 입원했을 당시 마약성 정신장애진단을 받았다,rawboost
data/processed/en_augmented/LA_T_2925763_aug.wav,en,bonafide,real,-,LA_0082,asvspoof2019la,,rawboost+codec
data/processed/en_augmented/LA_T_2361751_aug.wav,en,bonafide,real,-,LA_0079,asvspoof2019la,,codec
data/processed/en_augmented/LA_T_5960681_aug.wav,en,bonafide,real,-,LA_0098,asvspoof2019la,,rawboost
data/processed/ko_augmented/zeroth_200_from_zeroth_217_003_1036_aug.wav,ko,spoof,vc,rvc_zeroth_200,zeroth_200,rvc_from_zeroth_217,심지어 운전 여건이 좋을 때에도 차량 한 대만 관련된 대형 단독 충돌 사고의 십 퍼센트는 피로와 관련이 있었다,rawboost
data/processed/ko_augmented/zeroth_217_003_2545_aug.wav,ko,bonafide,real,-,zeroth_217,zeroth_korean,오늘도 오존 주의보가 내려진 곳이 있고 다음 주 초까지 더위와 함께 오존 주의보도 자주 발효될 것으로 보입니다,none
data/processed/en_augmented/LA_T_8147741_aug.wav,en,bonafide,real,-,LA_0082,asvspoof2019la,,codec
data/processed/en_augmented/LA_T_6761774_aug.wav,en,spoof,tts,A01,LA_0096,asvspoof2019la,,rawboost+codec
data/processed/en_augmented/LA_T_9754656_aug.wav,en,bonafide,real,-,LA_0097,asvspoof2019la,,rawboost
data/processed/ko_augmented/kss_01488_aug.wav,ko,bonafide,real,-,kss_speaker,kss,부모님 앞에서 노래를 한다는 건 민망한 일이에요.,rawboost
data/processed/ko_augmented/kss_09869_aug.wav,ko,bonafide,real,-,kss_speaker,kss,하루 종일 재채기가 멈추지를 않아요.,none
data/processed/en_augmented/LA_T_4069200_aug.wav,en,spoof,vc,A05,LA_0095,asvspoof2019la,,rawboost+codec
data/processed/ko_augmented/zeroth_185_from_zeroth_218_003_1088_aug.wav,ko,spoof,vc,rvc_zeroth_185,zeroth_185,rvc_from_zeroth_218,십 일 한강 잠실 상수원 보호구역에서도 이와 비슷하게 잘린 소와 돼지 등 사체 이십 여 구가 발견됐다,rawboost+codec
data/processed/ko_augmented/kss_07438_aug.wav,ko,bonafide,real,-,kss_speaker,kss,지금은 감기 때문에 밥맛이 없어요.,rawboost+codec
data/processed/ko_augmented/kss_09192_aug.wav,ko,bonafide,real,-,kss_speaker,kss,흡연 구역은 어디입니까?,rawboost
data/processed/en_augmented/LA_T_4108965_aug.wav,en,spoof,tts,A01,LA_0091,asvspoof2019la,,none
data/processed/ko_augmented/zeroth_185_from_zeroth_163_003_2565_aug.wav,ko,spoof,vc,rvc_zeroth_185,zeroth_185,rvc_from_zeroth_163,우 전 수석은 특검 출범 이후 줄곧 사법처리 대상에 포함될지 관심을 받아왔다,rawboost+codec
data/processed/en_augmented/LA_T_8665775_aug.wav,en,bonafide,real,-,LA_0085,asvspoof2019la,,rawboost
data/processed/en_augmented/LA_T_6152187_aug.wav,en,spoof,tts,A01,LA_0079,asvspoof2019la,,none
data/processed/ko_augmented/zeroth_189_003_1862_aug.wav,ko,bonafide,real,-,zeroth_189,zeroth_korean,이 노부인은 세계의 주요 금융 기관들 가운데 하나인 영국은행입니다,rawboost
data/processed/en_augmented/LA_T_2198548_aug.wav,en,spoof,tts,A01,LA_0097,asvspoof2019la,,rawboost+codec
data/processed/ko_augmented/zeroth_143_003_1952_aug.wav,ko,bonafide,real,-,zeroth_143,zeroth_korean,흑인인 플래내건은 나를 이 끝까지 오게 한 것은 교회 총격사건이라면서 내 총알에 희생자 이름 이니셜이 새겨져 있다고 말했다,none
data/processed/en_augmented/LA_T_4007642_aug.wav,en,spoof,tts,A01,LA_0094,asvspoof2019la,,rawboost
data/processed/en_augmented/LA_T_5204101_aug.wav,en,spoof,vc,A06,LA_0092,asvspoof2019la,,rawboost+codec
data/processed/ko_augmented/kss_12659_aug.wav,ko,bonafide,real,-,kss_speaker,kss,심심해 죽겠어요.,none
data/processed/en_augmented/LA_T_2699884_aug.wav,en,bonafide,real,-,LA_0082,asvspoof2019la,,none
data/processed/en_augmented/LA_T_4197307_aug.wav,en,bonafide,real,-,LA_0079,asvspoof2019la,,rawboost
data/processed/en_augmented/LA_T_9177970_aug.wav,en,bonafide,real,-,LA_0089,asvspoof2019la,,none
data/processed/ko_augmented/kss_12151_aug.wav,ko,bonafide,real,-,kss_speaker,kss,이 건물은 누구 소유예요?,none
data/processed/en_augmented/LA_T_2079451_aug.wav,en,bonafide,real,-,LA_0097,asvspoof2019la,,codec
data/processed/ko_augmented/kss_02029_aug.wav,ko,spoof,tts,mms-tts-kor,vits_default,kss_transcript,그렇게 짜증스럽게 굴지 마라.,none
data/processed/ko_augmented/zeroth_111_003_0909_aug.wav,ko,bonafide,real,-,zeroth_111,zeroth_korean,일본의 수출액은 전년대비 구 쩜 사 사 퍼센트 네덜란드는 십 오 쩜 육 칠 퍼센트 급감했다,none
data/processed/en_augmented/LA_T_9650425_aug.wav,en,bonafide,real,-,LA_0081,asvspoof2019la,,none
data/processed/ko_augmented/zeroth_152_from_zeroth_209_003_1411_aug.wav,ko,spoof,vc,rvc_zeroth_152,zeroth_152,rvc_from_zeroth_209,대우조선이 잘하는 조선 쪽에 특화해 규모를 줄여 회생을 도모하자는 것이다,none
data/processed/en_augmented/LA_T_3969601_aug.wav,en,spoof,tts,A04,LA_0089,asvspoof2019la,,codec
data/processed/ko_augmented/kss_00815_aug.wav,ko,bonafide,real,-,kss_speaker,kss,그 요금에 아침 식사가 포함되어 있습니까?,rawboost
data/processed/en_augmented/LA_T_6423802_aug.wav,en,bonafide,real,-,LA_0081,asvspoof2019la,,none
data/processed/ko_augmented/kss_00785_aug.wav,ko,spoof,tts,mms-tts-kor,vits_default,kss_transcript,비행기를 놓칠 뻔했어요.,rawboost
data/processed/ko_augmented/zeroth_201_from_kss_12491_aug.wav,ko,spoof,vc,rvc_zeroth_201,zeroth_201,rvc_from_kss_speaker,다른 의견 있는 분 계세요?,rawboost+codec
data/processed/en_augmented/LA_T_9013801_aug.wav,en,spoof,vc,A05,LA_0093,asvspoof2019la,,none
data/processed/ko_augmented/zeroth_201_from_zeroth_203_003_2211_aug.wav,ko,spoof,vc,rvc_zeroth_201,zeroth_201,rvc_from_zeroth_203,성북구 정릉 이 동 일대를 다니는 마을버스의 첫 배차는 오후 한 시 삼십 분이었다,none
data/processed/en_augmented/LA_T_7946710_aug.wav,en,bonafide,real,-,LA_0090,asvspoof2019la,,rawboost
data/processed/ko_augmented/zeroth_200_from_zeroth_164_003_0916_aug.wav,ko,spoof,vc,rvc_zeroth_200,zeroth_200,rvc_from_zeroth_164,처음에 몇몇 사람은 미신 때문에 지하에서 채굴하는 것을 두려워한 나머지 지표면에서 금을 찾기 시작했습니다,codec
data/processed/en_augmented/LA_T_5239258_aug.wav,en,bonafide,real,-,LA_0085,asvspoof2019la,,rawboost+codec
data/processed/en_augmented/LA_T_5034899_aug.wav,en,spoof,tts,A03,LA_0081,asvspoof2019la,,rawboost+codec
data/processed/ko_augmented/zeroth_117_003_2988_aug.wav,ko,bonafide,real,-,zeroth_117,zeroth_korean,그녀가 사실을 이야기 할 수 있도록 설득하는 것이 중요하다,rawboost+codec
data/processed/en_augmented/LA_T_3176741_aug.wav,en,spoof,vc,A05,LA_0098,asvspoof2019la,,codec
data/processed/ko_augmented/kss_09985_aug.wav,ko,bonafide,real,-,kss_speaker,kss,그 안에 중요한 자료가 들어 있니?,rawboost+codec
data/processed/ko_augmented/kss_02083_aug.wav,ko,spoof,tts,mms-tts-kor,vits_default,kss_transcript,그 무엇도 부정 행위에 대한 타당한 이유가 될 수 없다.,none
data/processed/en_augmented/LA_T_9483901_aug.wav,en,bonafide,real,-,LA_0090,asvspoof2019la,,none
data/processed/ko_augmented/kss_03968_aug.wav,ko,bonafide,real,-,kss_speaker,kss,투덜거린다고 변하는 건 없어.,rawboost
data/processed/en_augmented/LA_T_2562689_aug.wav,en,bonafide,real,-,LA_0079,asvspoof2019la,,none
data/processed/ko_augmented/zeroth_124_003_1144_aug.wav,ko,bonafide,real,-,zeroth_124,zeroth_korean,예를 들면 그들은 부모에게 감사하기보다는 점점 더 많은 것을 요구하고 자신들이 받는 것에 대해 불만스러워하며 공격적이 고 다른 사람을 배려하지 않는다,codec
data/processed/en_augmented/LA_T_7388260_aug.wav,en,bonafide,real,-,LA_0081,asvspoof2019la,,rawboost
data/processed/ko_augmented/zeroth_185_from_zeroth_166_003_2065_aug.wav,ko,spoof,vc,rvc_zeroth_185,zeroth_185,rvc_from_zeroth_166,애기 한번 잘 키워보려고 매일매일 가습기 살균제를 가습기에다가 제가 제 자식을 죽인 게 아닙니다,rawboost
data/processed/en_augmented/LA_T_9515775_aug.wav,en,spoof,tts,A04,LA_0096,asvspoof2019la,,none
data/processed/en_augmented/LA_T_3237001_aug.wav,en,bonafide,real,-,LA_0098,asvspoof2019la,,codec
data/processed/en_augmented/LA_T_5259265_aug.wav,en,spoof,vc,A05,LA_0084,asvspoof2019la,,rawboost
data/processed/en_augmented/LA_T_2297014_aug.wav,en,bonafide,real,-,LA_0090,asvspoof2019la,,none
data/processed/ko_augmented/kss_06588_aug.wav,ko,spoof,tts,mms-tts-kor,vits_default,kss_transcript,이 건물은 높이가 얼마나 되나요?,rawboost+codec
data/processed/ko_augmented/zeroth_165_003_2155_aug.wav,ko,bonafide,real,-,zeroth_165,zeroth_korean,레이트켑의 사연은 온라인 성금 모금 사이트인 고펀드미닷컴에 올려져 지난 사 일 오후까지 삼 천 구백 달러가 모금됐다,codec
data/processed/ko_augmented/zeroth_150_003_2330_aug.wav,ko,bonafide,real,-,zeroth_150,zeroth_korean,관찰자로서 내부자로서 음식을 다루는 언론인으로서 음식 방송 열풍을 지켜보는 마음도 남다를 듯했다,none
data/processed/ko_augmented/kss_07990_aug.wav,ko,spoof,tts,mms-tts-kor,vits_default,kss_transcript,8월 초순에 휴가를 갈 생각이에요.,rawboost+codec
data/processed/ko_augmented/zeroth_201_from_kss_10382_aug.wav,ko,spoof,vc,rvc_zeroth_201,zeroth_201,rvc_from_kss_speaker,저희 식당에서는 음식에 조미료를 넣지 않습니다.,rawboost
data/processed/en_augmented/LA_T_2891055_aug.wav,en,spoof,tts,A02,LA_0085,asvspoof2019la,,rawboost
data/processed/en_augmented/LA_T_5640656_aug.wav,en,spoof,vc,A06,LA_0094,asvspoof2019la,,rawboost
data/processed/ko_augmented/zeroth_160_003_1711_aug.wav,ko,bonafide,real,-,zeroth_160,zeroth_korean,단통법이 있어도 불법 보조금은 음성적으로 횡행해왔지만 해당 정책이 종료되면 공시지원금 과다 마케팅이 벌어질 수 있다,codec
data/processed/ko_augmented/zeroth_189_003_0260_aug.wav,ko,bonafide,real,-,zeroth_189,zeroth_korean,가족생활 가치관에서 중심축이 자녀에서 개인 부부로 옮겨가고 있는 것으로 풀이된다,rawboost+codec
data/processed/en_augmented/LA_T_8798465_aug.wav,en,bonafide,real,-,LA_0097,asvspoof2019la,,rawboost
data/processed/ko_augmented/kss_00791_aug.wav,ko,spoof,tts,mms-tts-kor,vits_default,kss_transcript,그 사람은 20년간 한 회사에서 일해 왔어요.,rawboost
data/processed/en_augmented/LA_T_2432967_aug.wav,en,bonafide,real,-,LA_0091,asvspoof2019la,,none
data/processed/en_augmented/LA_T_7647145_aug.wav,en,spoof,vc,A06,LA_0080,asvspoof2019la,,rawboost
data/processed/ko_augmented/zeroth_200_from_zeroth_106_003_2072_aug.wav,ko,spoof,vc,rvc_zeroth_200,zeroth_200,rvc_from_zeroth_106,안민석 우선 성난 민심을 조롱하는 대통령의 말씀이었다고 생각 되는데요,rawboost
data/processed/ko_augmented/kss_06189_aug.wav,ko,bonafide,real,-,kss_speaker,kss,무슨 요일에 가고 싶어?,none
data/processed/en_augmented/LA_T_7029165_aug.wav,en,spoof,tts,A02,LA_0088,asvspoof2019la,,codec
data/processed/en_augmented/LA_T_3205362_aug.wav,en,spoof,tts,A01,LA_0080,asvspoof2019la,,rawboost
data/processed/en_augmented/LA_T_8819900_aug.wav,en,bonafide,real,-,LA_0085,asvspoof2019la,,none
data/processed/ko_augmented/kss_10389_aug.wav,ko,spoof,tts,mms-tts-kor,vits_default,kss_transcript,이번 대회에서 저희 팀이 종합 우승을 했어요.,rawboost+codec
data/processed/ko_augmented/zeroth_152_from_kss_10076_aug.wav,ko,spoof,vc,rvc_zeroth_152,zeroth_152,rvc_from_kss_speaker,이 카페에는 젊은 연인들이 많이 와요.,none
data/processed/en_augmented/LA_T_4926626_aug.wav,en,bonafide,real,-,LA_0085,asvspoof2019la,,codec
data/processed/ko_augmented/kss_00657_aug.wav,ko,spoof,tts,mms-tts-kor,vits_default,kss_transcript,버스가 횡단보도 앞에서 멈췄다.,codec
data/processed/en_augmented/LA_T_2532093_aug.wav,en,bonafide,real,-,LA_0090,asvspoof2019la,,codec
data/processed/ko_augmented/kss_01567_aug.wav,ko,bonafide,real,-,kss_speaker,kss,노약자석이나 장애인석에 앉으면 마음이 불편합니다.,none
data/processed/ko_augmented/kss_07459_aug.wav,ko,bonafide,real,-,kss_speaker,kss,외국어를 잘하는 좋은 방법을 아세요?,none
data/processed/ko_augmented/kss_01795_aug.wav,ko,spoof,tts,mms-tts-kor,vits_default,kss_transcript,어리석은 질문일지 모르겠어요.,codec
data/processed/ko_augmented/zeroth_201_from_zeroth_153_003_1691_aug.wav,ko,spoof,vc,rvc_zeroth_201,zeroth_201,rvc_from_zeroth_153,한 걸음 더 나아가 천 구백 이십 이 년에는 처음으로 선박과 육지 사이에 무선 통신이 이루어졌습니다,rawboost
data/processed/en_augmented/LA_T_3387982_aug.wav,en,bonafide,real,-,LA_0080,asvspoof2019la,,none
data/processed/en_augmented/LA_T_2465871_aug.wav,en,bonafide,real,-,LA_0087,asvspoof2019la,,none
data/processed/ko_augmented/zeroth_201_from_kss_08494_aug.wav,ko,spoof,vc,rvc_zeroth_201,zeroth_201,rvc_from_kss_speaker,저는 컴퓨터 없이는 하루도 살 수가 없어요.,rawboost+codec
data/processed/en_augmented/LA_T_4519889_aug.wav,en,spoof,vc,A05,LA_0081,asvspoof2019la,,none
data/processed/en_augmented/LA_T_1197695_aug.wav,en,bonafide,real,-,LA_0083,asvspoof2019la,,none
data/processed/ko_augmented/zeroth_148_003_0681_aug.wav,ko,bonafide,real,-,zeroth_148,zeroth_korean,삼 분기에만 매출 일 조 이천 구백 십 구 억원 영업이익 육백 십 팔 억원을 올렸다,none
data/processed/en_augmented/LA_T_3046012_aug.wav,en,bonafide,real,-,LA_0087,asvspoof2019la,,codec
data/processed/en_augmented/LA_T_7958352_aug.wav,en,bonafide,real,-,LA_0089,asvspoof2019la,,none
data/processed/en_augmented/LA_T_3614268_aug.wav,en,bonafide,real,-,LA_0096,asvspoof2019la,,rawboost
data/processed/ko_augmented/zeroth_119_003_2855_aug.wav,ko,bonafide,real,-,zeroth_119,zeroth_korean,이 때문에 입주자 모집공고 전부터 시프트 입주권 편법 거래 등이 인터넷에 떠도는 등 부작용도 낳고 있어 제도 개선이 필요하다는 지적도 적지 않다,rawboost
data/processed/ko_augmented/zeroth_185_from_zeroth_167_003_0510_aug.wav,ko,spoof,vc,rvc_zeroth_185,zeroth_185,rvc_from_zeroth_167,십 오 일 박근혜 대통령 변호인으로 유영하 변호사가 선임됐다고 알려졌다,rawboost+codec
data/processed/en_augmented/LA_T_9670904_aug.wav,en,bonafide,real,-,LA_0094,asvspoof2019la,,codec
data/processed/en_augmented/LA_T_2092466_aug.wav,en,bonafide,real,-,LA_0090,asvspoof2019la,,none
data/processed/ko_augmented/zeroth_167_003_0523_aug.wav,ko,bonafide,real,-,zeroth_167,zeroth_korean,무상급식 갈등이 일 년 넘게 이어져 오다 홍준표 지사와 박종훈 교육감은 지난 십 팔 일 회동을 통해 급식예산 협상 재개에 합의했다,none
data/processed/ko_augmented/kss_02461_aug.wav,ko,spoof,tts,mms-tts-kor,vits_default,kss_transcript,바람이 차니 따뜻하게 입어라.,none
data/processed/ko_augmented/kss_02233_aug.wav,ko,spoof,tts,mms-tts-kor,vits_default,kss_transcript,직업이 무엇입니까?,rawboost
data/processed/en_augmented/LA_T_2606704_aug.wav,en,bonafide,real,-,LA_0094,asvspoof2019la,,none
data/processed/en_augmented/LA_T_8606318_aug.wav,en,spoof,vc,A05,LA_0081,asvspoof2019la,,none
data/processed/ko_augmented/zeroth_210_003_1089_aug.wav,ko,bonafide,real,-,zeroth_210,zeroth_korean,이게 십 퍼센트 정도도 안 되는 건데 나머지 구십 퍼센트의 아이들은 학교에서의 모든 혜택에서 배제되는 현상이고요,none
data/processed/en_augmented/LA_T_5103794_aug.wav,en,spoof,vc,A05,LA_0084,asvspoof2019la,,rawboost+codec
data/processed/ko_augmented/zeroth_131_003_2726_aug.wav,ko,bonafide,real,-,zeroth_131,zeroth_korean,쏘나타의 지난달 판매량은 전월 대비 일 쩜 구 퍼센트 감소해 두 달 연속 하락세를 기록했다,none
data/processed/en_augmented/LA_T_5148309_aug.wav,en,spoof,tts,A01,LA_0091,asvspoof2019la,,none
data/processed/en_augmented/LA_T_9919874_aug.wav,en,bonafide,real,-,LA_0093,asvspoof2019la,,rawboost
data/processed/en_augmented/LA_T_7057601_aug.wav,en,spoof,vc,A06,LA_0087,asvspoof2019la,,rawboost
data/processed/en_augmented/LA_T_3595333_aug.wav,en,bonafide,real,-,LA_0080,asvspoof2019la,,rawboost
data/processed/en_augmented/LA_T_7700407_aug.wav,en,bonafide,real,-,LA_0086,asvspoof2019la,,rawboost+codec
data/processed/en_augmented/LA_T_1388326_aug.wav,en,spoof,tts,A02,LA_0085,asvspoof2019la,,rawboost+codec
data/processed/en_augmented/LA_T_9772981_aug.wav,en,bonafide,real,-,LA_0082,asvspoof2019la,,rawboost
data/processed/en_augmented/LA_T_2684362_aug.wav,en,spoof,vc,A05,LA_0087,asvspoof2019la,,rawboost
data/processed/ko_augmented/kss_02924_aug.wav,ko,bonafide,real,-,kss_speaker,kss,마지막으로 건강검진을 받으신 게 언제죠?,rawboost+codec
data/processed/ko_augmented/zeroth_201_from_zeroth_199_003_2302_aug.wav,ko,spoof,vc,rvc_zeroth_201,zeroth_201,rvc_from_zeroth_199,왼쪽부터 김한길 의원 한상진 공동창당준비위원장 안 의원 김영환 의원 송영오 전 창조한국당 대표,codec
data/processed/en_augmented/LA_T_5886212_aug.wav,en,spoof,tts,A04,LA_0084,asvspoof2019la,,rawboost+codec
data/processed/ko_augmented/kss_01436_aug.wav,ko,bonafide,real,-,kss_speaker,kss,네가 이번에 내린 결정은 현명하지 못했어.,none
data/processed/en_augmented/LA_T_4844815_aug.wav,en,spoof,tts,A01,LA_0080,asvspoof2019la,,codec
data/processed/en_augmented/LA_T_3157509_aug.wav,en,bonafide,real,-,LA_0091,asvspoof2019la,,rawboost+codec
data/processed/en_augmented/LA_T_5093385_aug.wav,en,spoof,tts,A04,LA_0079,asvspoof2019la,,rawboost+codec
data/processed/ko_augmented/kss_12256_aug.wav,ko,spoof,tts,mms-tts-kor,vits_default,kss_transcript,순수한 것과 순진한 건 달라.,none
data/processed/en_augmented/LA_T_5363485_aug.wav,en,spoof,vc,A06,LA_0088,asvspoof2019la,,none
data/processed/ko_augmented/zeroth_201_from_zeroth_188_003_0263_aug.wav,ko,spoof,vc,rvc_zeroth_201,zeroth_201,rvc_from_zeroth_188,김대중 대통령이 살아계신다면 이 상황을 어떻게 정리하실까 탈당이 과연 최선이라고 하실까 탈당하라고 하실까,none
data/processed/en_augmented/LA_T_3848963_aug.wav,en,bonafide,real,-,LA_0090,asvspoof2019la,,rawboost
data/processed/en_augmented/LA_T_1897758_aug.wav,en,bonafide,real,-,LA_0096,asvspoof2019la,,rawboost
data/processed/ko_augmented/kss_10091_aug.wav,ko,spoof,tts,mms-tts-kor,vits_default,kss_transcript,엄마는 정이 많으세요.,rawboost
data/processed/ko_augmented/zeroth_160_003_1333_aug.wav,ko,bonafide,real,-,zeroth_160,zeroth_korean,국내에서 일 년 동안 재활용되는 가전제품이 십 육 만 톤에 이르는데 대부분 구리와 철 플라스틱 등 원자재로 분리돼 다시 쓰입니다,rawboost+codec
data/processed/ko_augmented/kss_04094_aug.wav,ko,spoof,tts,mms-tts-kor,vits_default,kss_transcript,더우면 소매를 걷어.,none
data/processed/en_augmented/LA_T_8234497_aug.wav,en,bonafide,real,-,LA_0090,asvspoof2019la,,codec
data/processed/ko_augmented/zeroth_211_003_0412_aug.wav,ko,bonafide,real,-,zeroth_211,zeroth_korean,부모가 당신이 뮤직 비디오를 보는 것에 동의한다면 당신은 선택적이 되고 성서로 훈련받은 지각력을 사용하여 보기에 적합한 것과 적합하지 않은 것을 구별할 필요가 있습니다,codec
data/processed/ko_augmented/kss_08591_aug.wav,ko,spoof,tts,mms-tts-kor,vits_default,kss_transcript,내일 점심 같이할까?,rawboost
data/processed/en_augmented/LA_T_2050961_aug.wav,en,spoof,tts,A04,LA_0089,asvspoof2019la,,rawboost
data/processed/en_augmented/LA_T_8124095_aug.wav,en,bonafide,real,-,LA_0081,asvspoof2019la,,none
data/processed/ko_augmented/zeroth_200_from_kss_07054_aug.wav,ko,spoof,vc,rvc_zeroth_200,zeroth_200,rvc_from_kss_speaker,저는 그런 사람이 아닙니다.,none
data/processed/en_augmented/LA_T_7566666_aug.wav,en,spoof,tts,A04,LA_0083,asvspoof2019la,,rawboost
data/processed/en_augmented/LA_T_1130924_aug.wav,en,bonafide,real,-,LA_0087,asvspoof2019la,,none
data/processed/ko_augmented/kss_08282_aug.wav,ko,spoof,tts,mms-tts-kor,vits_default,kss_transcript,이번 학기에는 어떤 과목을 들을 거야?,rawboost
data/processed/ko_augmented/zeroth_185_from_zeroth_109_003_0080_aug.wav,ko,spoof,vc,rvc_zeroth_185,zeroth_185,rvc_from_zeroth_109,전용 공항 시설로 자가용 비행기 업계 비상할까현재 국내 자가용 비행기 업계는 아직 날개를 펴지 못하고 있다,none
data/processed/ko_augmented/kss_06754_aug.wav,ko,spoof,tts,mms-tts-kor,vits_default,kss_transcript,그만 좀 떠들어.,rawboost
data/processed/ko_augmented/zeroth_124_003_2186_aug.wav,ko,bonafide,real,-,zeroth_124,zeroth_korean,근로능력평가는 의학적 평가와 활동능력 평가 두 가지로 이뤄진다,none
data/processed/en_augmented/LA_T_8305834_aug.wav,en,bonafide,real,-,LA_0089,asvspoof2019la,,none
data/processed/ko_augmented/kss_03554_aug.wav,ko,bonafide,real,-,kss_speaker,kss,너는 살이 좀 쪄야겠다.,none
data/processed/ko_augmented/zeroth_129_003_1911_aug.wav,ko,bonafide,real,-,zeroth_129,zeroth_korean,임슬옹 또한 수경이가 아직 고등학교 졸업을 하지 않았다,none
data/processed/ko_augmented/kss_04754_aug.wav,ko,spoof,tts,mms-tts-kor,vits_default,kss_transcript,때로는 정의의 개념을 정의하기가 쉽지 않습니다.,rawboost
data/processed/ko_augmented/kss_00403_aug.wav,ko,spoof,tts,mms-tts-kor,vits_default,kss_transcript,그는 계속해서 새로운 변명거리를 만들어 냈다.,rawboost
data/processed/en_augmented/LA_T_2618051_aug.wav,en,bonafide,real,-,LA_0082,asvspoof2019la,,codec
data/processed/en_augmented/LA_T_1773196_aug.wav,en,bonafide,real,-,LA_0091,asvspoof2019la,,none
data/processed/en_augmented/LA_T_3400735_aug.wav,en,spoof,vc,A05,LA_0098,asvspoof2019la,,rawboost
data/processed/ko_augmented/zeroth_114_003_1554_aug.wav,ko,bonafide,real,-,zeroth_114,zeroth_korean,단지 특별법상에 아주 구체적인 내용으로 어떻게 구성을 하고 이런 내용은 없지만 분명히 준비할 수 있는 다리가 존재할 수 있도록 규정이 되어 있습니다,rawboost+codec
data/processed/ko_augmented/kss_08590_aug.wav,ko,spoof,tts,mms-tts-kor,vits_default,kss_transcript,눈 때문에 어제는 집 안에 하루 종일 갇혀 있었어요.,codec
data/processed/ko_augmented/kss_07307_aug.wav,ko,bonafide,real,-,kss_speaker,kss,안전벨트 매는 법 좀 가르쳐 주시겠어요?,none
data/processed/ko_augmented/zeroth_141_003_1940_aug.wav,ko,bonafide,real,-,zeroth_141,zeroth_korean,언론은 이십 오 일쯤 도발 가능성중국 해군의 최신형 이지스 구축함 시닝호의 실전훈련 모습,rawboost
data/processed/ko_augmented/zeroth_152_from_zeroth_110_003_0892_aug.wav,ko,spoof,vc,rvc_zeroth_152,zeroth_152,rvc_from_zeroth_110,우리가 변호할 때에 그 조사관은 우리의 말을 주의 깊이 들었으며 우리는 우리가 가지고 있던 믿음에 대해 설명했습니다,none
data/processed/en_augmented/LA_T_7607104_aug.wav,en,spoof,vc,A05,LA_0082,asvspoof2019la,,rawboost+codec
data/processed/en_augmented/LA_T_8814910_aug.wav,en,bonafide,real,-,LA_0085,asvspoof2019la,,codec
data/processed/en_augmented/LA_T_1874118_aug.wav,en,bonafide,real,-,LA_0091,asvspoof2019la,,none
data/processed/en_augmented/LA_T_8847275_aug.wav,en,bonafide,real,-,LA_0094,asvspoof2019la,,none
data/processed/en_augmented/LA_T_6539819_aug.wav,en,spoof,vc,A05,LA_0081,asvspoof2019la,,none
data/processed/ko_augmented/kss_07054_aug.wav,ko,bonafide,real,-,kss_speaker,kss,저는 그런 사람이 아닙니다.,none
data/processed/en_augmented/LA_T_6407273_aug.wav,en,bonafide,real,-,LA_0085,asvspoof2019la,,none
data/processed/ko_augmented/zeroth_212_003_2228_aug.wav,ko,bonafide,real,-,zeroth_212,zeroth_korean,실제로 우두머리 수컷은 화가 나거나 흥분하면 코가 부풀어 오르면서 빨개집니다,none
data/processed/en_augmented/LA_T_7061715_aug.wav,en,spoof,tts,A04,LA_0084,asvspoof2019la,,rawboost
data/processed/en_augmented/LA_T_3751646_aug.wav,en,bonafide,real,-,LA_0098,asvspoof2019la,,none
data/processed/en_augmented/LA_T_6003134_aug.wav,en,spoof,tts,A02,LA_0080,asvspoof2019la,,none
data/processed/en_augmented/LA_T_3882719_aug.wav,en,bonafide,real,-,LA_0090,asvspoof2019la,,none
data/processed/ko_augmented/kss_04548_aug.wav,ko,spoof,tts,mms-tts-kor,vits_default,kss_transcript,그건 실수였어요. 제발 용서해 주세요.,rawboost+codec
data/processed/en_augmented/LA_T_8815745_aug.wav,en,spoof,vc,A06,LA_0083,asvspoof2019la,,rawboost
data/processed/ko_augmented/zeroth_145_003_1868_aug.wav,ko,bonafide,real,-,zeroth_145,zeroth_korean,아래에 있는 쿠폰을 작성하여 쿠폰에 나오는 주소나 이 잡지 오 면에 나오는 해당 주소로 보내시면 이 팜플렛을 받아 보실 수 있습니다,rawboost+codec
data/processed/ko_augmented/zeroth_200_from_kss_00915_aug.wav,ko,spoof,vc,rvc_zeroth_200,zeroth_200,rvc_from_kss_speaker,저를 소개하겠습니다.,none
data/processed/en_augmented/LA_T_5264330_aug.wav,en,bonafide,real,-,LA_0090,asvspoof2019la,,rawboost+codec
data/processed/en_augmented/LA_T_8062147_aug.wav,en,bonafide,real,-,LA_0090,asvspoof2019la,,none
data/processed/ko_augmented/kss_04908_aug.wav,ko,spoof,tts,mms-tts-kor,vits_default,kss_transcript,세계 여행은 언제나 제 꿈이었어요.,rawboost+codec
data/processed/ko_augmented/zeroth_168_003_0470_aug.wav,ko,bonafide,real,-,zeroth_168,zeroth_korean,어떤 걸 보호받을 수 있는지 어떤 걸 주의해야 하는지 알려줘야 하는 거 아닌가,none
data/processed/ko_augmented/zeroth_145_003_1521_aug.wav,ko,bonafide,real,-,zeroth_145,zeroth_korean,또 이 광고들은 정확한 정부의 선팅 규제 기준이나 짙은 선팅을 했을 때 발생할 수 있는 위험 등에 대해서는 설명하지 않는다,none
data/processed/ko_augmented/zeroth_202_003_1758_aug.wav,ko,bonafide,real,-,zeroth_202,zeroth_korean,그게 한 천 육백 억 원이 넘는 것으로 그렇게 알려지고 있습니다,codec
data/processed/ko_augmented/kss_00022_aug.wav,ko,spoof,tts,mms-tts-kor,vits_default,kss_transcript,어디에서 영어를 배우셨어요?,codec
data/processed/ko_augmented/kss_10267_aug.wav,ko,spoof,tts,mms-tts-kor,vits_default,kss_transcript,괜찮으시면 질문 몇 가지 해도 될까요?,rawboost
data/processed/en_augmented/LA_T_4362109_aug.wav,en,bonafide,real,-,LA_0079,asvspoof2019la,,rawboost
data/processed/en_augmented/LA_T_2037400_aug.wav,en,spoof,vc,A05,LA_0092,asvspoof2019la,,none
data/processed/ko_augmented/kss_04920_aug.wav,ko,bonafide,real,-,kss_speaker,kss,이 노트북은 휴대가 간편합니다.,rawboost
data/processed/en_augmented/LA_T_8638376_aug.wav,en,bonafide,real,-,LA_0079,asvspoof2019la,,none
data/processed/ko_augmented/kss_04569_aug.wav,ko,bonafide,real,-,kss_speaker,kss,나는 그녀에게 청혼했지만 거절 당했다.,none
data/processed/en_augmented/LA_T_5410731_aug.wav,en,spoof,tts,A04,LA_0093,asvspoof2019la,,rawboost+codec
data/processed/en_augmented/LA_T_6766056_aug.wav,en,bonafide,real,-,LA_0082,asvspoof2019la,,none
data/processed/ko_augmented/zeroth_200_from_kss_01113_aug.wav,ko,spoof,vc,rvc_zeroth_200,zeroth_200,rvc_from_kss_speaker,그 옷차림은 오늘 모임에 걸맞지 않은 것 같아.,none
data/processed/en_augmented/LA_T_6063584_aug.wav,en,spoof,tts,A02,LA_0092,asvspoof2019la,,rawboost
data/processed/ko_augmented/zeroth_152_from_zeroth_191_003_2563_aug.wav,ko,spoof,vc,rvc_zeroth_152,zeroth_152,rvc_from_zeroth_191,다른 사람과 비교할 때 얻을 수 있는 유익이 있습니까,rawboost
data/processed/ko_augmented/zeroth_201_from_kss_08120_aug.wav,ko,spoof,vc,rvc_zeroth_201,zeroth_201,rvc_from_kss_speaker,시험이 어느새 눈앞에 닥쳤어.,none
data/processed/ko_augmented/zeroth_159_003_2780_aug.wav,ko,bonafide,real,-,zeroth_159,zeroth_korean,혹시 가능하다면 성서를 한 부 구할 수 있는지 궁금합니다,none
data/processed/ko_augmented/zeroth_200_from_zeroth_122_003_0975_aug.wav,ko,spoof,vc,rvc_zeroth_200,zeroth_200,rvc_from_zeroth_122,실제로 이천 육 년부터 이천 십 사 년 사이에 베네수엘라의 민간기업은 이십 퍼센트나 감소했다,rawboost
data/processed/en_augmented/LA_T_1305270_aug.wav,en,bonafide,real,-,LA_0097,asvspoof2019la,,rawboost
data/processed/ko_augmented/zeroth_208_003_2312_aug.wav,ko,bonafide,real,-,zeroth_208,zeroth_korean,최순실 국정농단 사건과 관련해 안봉근 전 청와대 국정홍보비서관이 지난 십 사 일 오전 서울 서초구 서울중앙지검에 출두하고 있다,none
data/processed/ko_augmented/zeroth_152_from_kss_07220_aug.wav,ko,spoof,vc,rvc_zeroth_152,zeroth_152,rvc_from_kss_speaker,많이,rawboost
data/processed/en_augmented/LA_T_8921454_aug.wav,en,spoof,vc,A05,LA_0085,asvspoof2019la,,none
data/processed/en_augmented/LA_T_3425152_aug.wav,en,spoof,vc,A05,LA_0090,asvspoof2019la,,none
data/processed/en_augmented/LA_T_1158098_aug.wav,en,bonafide,real,-,LA_0084,asvspoof2019la,,none
data/processed/en_augmented/LA_T_8694956_aug.wav,en,spoof,tts,A02,LA_0083,asvspoof2019la,,rawboost
data/processed/ko_augmented/kss_04626_aug.wav,ko,spoof,tts,mms-tts-kor,vits_default,kss_transcript,잠시만. 종이하고 연필 가져올게.,codec
data/processed/ko_augmented/zeroth_114_003_1827_aug.wav,ko,bonafide,real,-,zeroth_114,zeroth_korean,변씨의 반려견은 척추와 뒷다리가 골절되는 부상을 입었다,rawboost+codec
data/processed/ko_augmented/zeroth_201_from_zeroth_165_003_0164_aug.wav,ko,spoof,vc,rvc_zeroth_201,zeroth_201,rvc_from_zeroth_165,우리는 위기의 진앙이 아닌 안전지대가 됐다는 말까지 나올 정도였다,rawboost
data/processed/ko_augmented/zeroth_152_from_kss_12132_aug.wav,ko,spoof,vc,rvc_zeroth_152,zeroth_152,rvc_from_kss_speaker,손등에도 크림 발라라.,rawboost
data/processed/ko_augmented/zeroth_165_003_1793_aug.wav,ko,bonafide,real,-,zeroth_165,zeroth_korean,정부 정책이 나오면 가격이 더 내려갈 것으로 보고 매수자들이 주택 구매를 망설이면서 거래도 뚝 끊겼다,rawboost
data/processed/ko_augmented/zeroth_108_003_2538_aug.wav,ko,bonafide,real,-,zeroth_108,zeroth_korean,같은 간호부에서 두 명 이상 임신 계획이 있을 땐 이렇게 내가 먼저 할 테니 넌 그다음에 해라는 식으로 순서를 정하는 거죠,rawboost
data/processed/ko_augmented/zeroth_163_003_2142_aug.wav,ko,bonafide,real,-,zeroth_163,zeroth_korean,정용욱 한국역사연구회장은 십 팔 일 교육부 측의 간담회 요청을 받고 불참하겠다고 했다,none
data/processed/en_augmented/LA_T_1905880_aug.wav,en,spoof,vc,A06,LA_0093,asvspoof2019la,,rawboost
data/processed/en_augmented/LA_T_4974655_aug.wav,en,spoof,tts,A04,LA_0090,asvspoof2019la,,rawboost+codec
data/processed/ko_augmented/zeroth_200_from_kss_04635_aug.wav,ko,spoof,vc,rvc_zeroth_200,zeroth_200,rvc_from_kss_speaker,제가 제일 좋아하는 과목은 생물이에요.,rawboost
data/processed/en_augmented/LA_T_9195565_aug.wav,en,bonafide,real,-,LA_0098,asvspoof2019la,,none
data/processed/ko_augmented/kss_03084_aug.wav,ko,spoof,tts,mms-tts-kor,vits_default,kss_transcript,아들 녀석은 공부랑은 담을 쌓았어요.,none
data/processed/en_augmented/LA_T_9111575_aug.wav,en,spoof,vc,A05,LA_0096,asvspoof2019la,,codec
data/processed/ko_augmented/zeroth_186_003_0900_aug.wav,ko,bonafide,real,-,zeroth_186,zeroth_korean,단박근혜 대통령의 요즘 심경에 대해 청와대 참모들은 다 내려놓았다고 전하고 있다,rawboost
data/processed/en_augmented/LA_T_6835345_aug.wav,en,bonafide,real,-,LA_0082,asvspoof2019la,,rawboost
data/processed/en_augmented/LA_T_8206136_aug.wav,en,spoof,tts,A04,LA_0097,asvspoof2019la,,codec
data/processed/en_augmented/LA_T_5792324_aug.wav,en,bonafide,real,-,LA_0090,asvspoof2019la,,rawboost
data/processed/en_augmented/LA_T_7566003_aug.wav,en,bonafide,real,-,LA_0085,asvspoof2019la,,none
data/processed/en_augmented/LA_T_7989225_aug.wav,en,spoof,tts,A02,LA_0086,asvspoof2019la,,rawboost
data/processed/en_augmented/LA_T_7450091_aug.wav,en,bonafide,real,-,LA_0080,asvspoof2019la,,rawboost+codec
data/processed/en_augmented/LA_T_2718042_aug.wav,en,spoof,vc,A05,LA_0088,asvspoof2019la,,rawboost
data/processed/en_augmented/LA_T_8049822_aug.wav,en,bonafide,real,-,LA_0083,asvspoof2019la,,none
data/processed/en_augmented/LA_T_9614098_aug.wav,en,spoof,vc,A05,LA_0097,asvspoof2019la,,none
data/processed/en_augmented/LA_T_6620806_aug.wav,en,bonafide,real,-,LA_0083,asvspoof2019la,,rawboost
data/processed/en_augmented/LA_T_3342439_aug.wav,en,bonafide,real,-,LA_0081,asvspoof2019la,,codec
data/processed/ko_augmented/kss_02853_aug.wav,ko,bonafide,real,-,kss_speaker,kss,14층으로 올라오세요.,none
data/processed/ko_augmented/kss_09820_aug.wav,ko,spoof,tts,mms-tts-kor,vits_default,kss_transcript,그렇게 해서 이로울 게 없어요.,none
data/processed/en_augmented/LA_T_7988831_aug.wav,en,spoof,tts,A03,LA_0082,asvspoof2019la,,none
data/processed/en_augmented/LA_T_4629903_aug.wav,en,spoof,vc,A05,LA_0084,asvspoof2019la,,codec
data/processed/en_augmented/LA_T_2520083_aug.wav,en,bonafide,real,-,LA_0079,asvspoof2019la,,codec
data/processed/en_augmented/LA_T_7786868_aug.wav,en,bonafide,real,-,LA_0084,asvspoof2019la,,rawboost+codec
data/processed/en_augmented/LA_T_1618237_aug.wav,en,spoof,vc,A05,LA_0082,asvspoof2019la,,rawboost
data/processed/en_augmented/LA_T_6671254_aug.wav,en,spoof,tts,A04,LA_0080,asvspoof2019la,,codec
data/processed/en_augmented/LA_T_6669635_aug.wav,en,bonafide,real,-,LA_0081,asvspoof2019la,,none
data/processed/ko_augmented/zeroth_200_from_zeroth_155_003_2644_aug.wav,ko,spoof,vc,rvc_zeroth_200,zeroth_200,rvc_from_zeroth_155,자신이 꽃임을 잊어버린 마흔 일곱 명의 위안부 여성이 아직 살아 있다,codec
data/processed/ko_augmented/kss_10498_aug.wav,ko,spoof,tts,mms-tts-kor,vits_default,kss_transcript,들리는 얘기로는 그 사람 주식으로 돈을 엄청나게 벌었대요.,rawboost
data/processed/ko_augmented/zeroth_200_from_zeroth_199_003_2734_aug.wav,ko,spoof,vc,rvc_zeroth_200,zeroth_200,rvc_from_zeroth_199,대학 연구진은 방사성탄소 연대측정을 시작할 때조차 이 책이 일 천 삼백 년 이상 된 것이라고 기대하지 않았는데 가장 오래된 것으로 밝혀져 매우 기쁘다고 말했다,none
data/processed/en_augmented/LA_T_4864122_aug.wav,en,spoof,tts,A01,LA_0098,asvspoof2019la,,none
data/processed/en_augmented/LA_T_2765532_aug.wav,en,spoof,tts,A03,LA_0082,asvspoof2019la,,rawboost
data/processed/en_augmented/LA_T_9762480_aug.wav,en,bonafide,real,-,LA_0096,asvspoof2019la,,none
data/processed/en_augmented/LA_T_4341784_aug.wav,en,spoof,vc,A06,LA_0090,asvspoof2019la,,rawboost
data/processed/ko_augmented/kss_02634_aug.wav,ko,spoof,tts,mms-tts-kor,vits_default,kss_transcript,6층 좀 눌러 주시겠어요?,none
data/processed/en_augmented/LA_T_6350377_aug.wav,en,bonafide,real,-,LA_0085,asvspoof2019la,,rawboost+codec
data/processed/ko_augmented/zeroth_152_from_zeroth_124_003_2186_aug.wav,ko,spoof,vc,rvc_zeroth_152,zeroth_152,rvc_from_zeroth_124,근로능력평가는 의학적 평가와 활동능력 평가 두 가지로 이뤄진다,rawboost
data/processed/ko_augmented/kss_07817_aug.wav,ko,spoof,tts,mms-tts-kor,vits_default,kss_transcript,챔피언을 유지하는 건 챔피언이 되는 것만큼 힘들어요.,codec
data/processed/en_augmented/LA_T_2066209_aug.wav,en,bonafide,real,-,LA_0098,asvspoof2019la,,none
data/processed/ko_augmented/kss_06992_aug.wav,ko,bonafide,real,-,kss_speaker,kss,저는 9시부터 6시까지 일합니다.,rawboost+codec
data/processed/ko_augmented/kss_10343_aug.wav,ko,spoof,tts,mms-tts-kor,vits_default,kss_transcript,찌개는 식으면 맛이 없어요.,rawboost
data/processed/en_augmented/LA_T_3967622_aug.wav,en,spoof,vc,A05,LA_0093,asvspoof2019la,,codec
data/processed/ko_augmented/kss_01442_aug.wav,ko,spoof,tts,mms-tts-kor,vits_default,kss_transcript,죄책감 때문에 마음이 무거웠어요.,rawboost
data/processed/en_augmented/LA_T_8046538_aug.wav,en,spoof,tts,A04,LA_0088,asvspoof2019la,,rawboost+codec
data/processed/en_augmented/LA_T_8813096_aug.wav,en,spoof,vc,A05,LA_0083,asvspoof2019la,,none
data/processed/ko_augmented/zeroth_200_from_zeroth_146_003_2811_aug.wav,ko,spoof,vc,rvc_zeroth_200,zeroth_200,rvc_from_zeroth_146,또 조씨 자백과 그동안 확보한 증거 자료를 바탕으로 이날 오전 중 살인 등 혐의로 구속영장을 신청키로 했다,rawboost
data/processed/en_augmented/LA_T_5866595_aug.wav,en,bonafide,real,-,LA_0080,asvspoof2019la,,none
data/processed/ko_augmented/zeroth_201_from_kss_11788_aug.wav,ko,spoof,vc,rvc_zeroth_201,zeroth_201,rvc_from_kss_speaker,여기에 한 줄로 서 주세요.,codec
data/processed/ko_augmented/zeroth_173_003_0065_aug.wav,ko,bonafide,real,-,zeroth_173,zeroth_korean,오백 유로 지폐로 이용해 수백만 달러를 조성할 때 그 무게는 이 쩜 이 파운드에 불과하다,rawboost
data/processed/en_augmented/LA_T_5630619_aug.wav,en,bonafide,real,-,LA_0091,asvspoof2019la,,rawboost
data/processed/en_augmented/LA_T_3891170_aug.wav,en,bonafide,real,-,LA_0085,asvspoof2019la,,codec
data/processed/ko_augmented/zeroth_198_003_0932_aug.wav,ko,bonafide,real,-,zeroth_198,zeroth_korean,일각에서는 현역 의원의 안 의원 측근 그룹에 대한 견제로 보는 분석도 나왔다,rawboost+codec
data/processed/ko_augmented/zeroth_170_003_1638_aug.wav,ko,bonafide,real,-,zeroth_170,zeroth_korean,네가 하루 이틀 정도 고민해 보고 나서 어떤 방법이 좋을지 그리고 왜 그렇게 생각하는지 함께 얘기해 볼까,rawboost
data/processed/en_augmented/LA_T_1864383_aug.wav,en,bonafide,real,-,LA_0083,asvspoof2019la,,rawboost
data/processed/en_augmented/LA_T_3956959_aug.wav,en,bonafide,real,-,LA_0084,asvspoof2019la,,codec
data/processed/en_augmented/LA_T_4140135_aug.wav,en,bonafide,real,-,LA_0088,asvspoof2019la,,rawboost+codec
data/processed/ko_augmented/zeroth_182_003_2800_aug.wav,ko,bonafide,real,-,zeroth_182,zeroth_korean,크리스티의 청각 장애는 여전히 우리 모두에게 도전이 되는 것입니다,none
data/processed/ko_augmented/zeroth_201_from_zeroth_162_003_2534_aug.wav,ko,spoof,vc,rvc_zeroth_201,zeroth_201,rvc_from_zeroth_162,더욱이 베델에서 여호와와 세계 전역에 있는 우리 형제들을 섬기면서 매우 의미 깊은 생활을 하고 있었기 때문에 베델 봉사를 계속하려는 결심을 더욱더 굳히게 되었습니다,none
data/processed/en_augmented/LA_T_5010828_aug.wav,en,bonafide,real,-,LA_0093,asvspoof2019la,,rawboost
data/processed/en_augmented/LA_T_8109682_aug.wav,en,spoof,tts,A04,LA_0088,asvspoof2019la,,rawboost+codec
data/processed/en_augmented/LA_T_4913867_aug.wav,en,spoof,vc,A05,LA_0088,asvspoof2019la,,rawboost+codec
data/processed/ko_augmented/zeroth_200_from_zeroth_153_003_0815_aug.wav,ko,spoof,vc,rvc_zeroth_200,zeroth_200,rvc_from_zeroth_153,미리 준비한 거 자체가 문제는 아니잖아요 그렇죠 라고 동의를 구하듯 질문했습니다,rawboost
data/processed/en_augmented/LA_T_6164732_aug.wav,en,spoof,tts,A04,LA_0090,asvspoof2019la,,rawboost+codec
data/processed/en_augmented/LA_T_6789290_aug.wav,en,bonafide,real,-,LA_0085,asvspoof2019la,,rawboost
data/processed/ko_augmented/zeroth_204_003_0776_aug.wav,ko,bonafide,real,-,zeroth_204,zeroth_korean,정치권에서는 이십 일 경 이 의원이 무소속 출마를 선언할 것이라는 전망이 나오고 있다,none
data/processed/en_augmented/LA_T_4086457_aug.wav,en,bonafide,real,-,LA_0098,asvspoof2019la,,rawboost
data/processed/ko_augmented/zeroth_125_003_2529_aug.wav,ko,bonafide,real,-,zeroth_125,zeroth_korean,지시한 적도 없고 요구한 적도 없다며 선관위에서 낸 보도자료만 봤는데 거기엔 특정하게 이름이 명기돼 있지 않다,rawboost+codec
data/processed/ko_augmented/kss_06684_aug.wav,ko,bonafide,real,-,kss_speaker,kss,자리가 꽉 찼는데요.,none
data/processed/ko_augmented/kss_12186_aug.wav,ko,spoof,tts,mms-tts-kor,vits_default,kss_transcript,사탕을 먹으면 쓴맛이 좀 없어질 거야.,rawboost
data/processed/en_augmented/LA_T_3685864_aug.wav,en,spoof,vc,A05,LA_0086,asvspoof2019la,,none
data/processed/en_augmented/LA_T_6369221_aug.wav,en,bonafide,real,-,LA_0087,asvspoof2019la,,none
data/processed/en_augmented/LA_T_4730599_aug.wav,en,spoof,tts,A03,LA_0079,asvspoof2019la,,codec
data/processed/ko_augmented/zeroth_152_from_kss_10665_aug.wav,ko,spoof,vc,rvc_zeroth_152,zeroth_152,rvc_from_kss_speaker,화장품 코너는 어디에 있어요?,rawboost+codec
data/processed/en_augmented/LA_T_7009144_aug.wav,en,bonafide,real,-,LA_0092,asvspoof2019la,,none
data/processed/en_augmented/LA_T_3764507_aug.wav,en,spoof,tts,A04,LA_0092,asvspoof2019la,,rawboost
data/processed/en_augmented/LA_T_6922879_aug.wav,en,bonafide,real,-,LA_0095,asvspoof2019la,,codec
data/processed/en_augmented/LA_T_7179987_aug.wav,en,bonafide,real,-,LA_0098,asvspoof2019la,,codec
data/processed/ko_augmented/zeroth_200_from_zeroth_198_003_0932_aug.wav,ko,spoof,vc,rvc_zeroth_200,zeroth_200,rvc_from_zeroth_198,일각에서는 현역 의원의 안 의원 측근 그룹에 대한 견제로 보는 분석도 나왔다,none
data/processed/ko_augmented/kss_09279_aug.wav,ko,bonafide,real,-,kss_speaker,kss,한국 경제는 더 이상 위기가 아닙니다.,none
data/processed/ko_augmented/zeroth_141_003_1274_aug.wav,ko,bonafide,real,-,zeroth_141,zeroth_korean,반면 여권이 좌편향의 표적으로 삼은 칠 종의 검정 한국사 검정교과서는 주체사상의 실체가 아닌 비판적 소개에 집중했다,none
data/processed/en_augmented/LA_T_3333905_aug.wav,en,bonafide,real,-,LA_0096,asvspoof2019la,,rawboost+codec
data/processed/ko_augmented/kss_06111_aug.wav,ko,spoof,tts,mms-tts-kor,vits_default,kss_transcript,구름이 걷히기 시작했어요.,codec
data/processed/en_augmented/LA_T_6925552_aug.wav,en,spoof,vc,A06,LA_0084,asvspoof2019la,,codec
data/processed/en_augmented/LA_T_2174946_aug.wav,en,spoof,vc,A05,LA_0089,asvspoof2019la,,none
data/processed/ko_augmented/zeroth_142_003_0870_aug.wav,ko,bonafide,real,-,zeroth_142,zeroth_korean,군인들이 죽어갈 수 있는 건 내 조국이 정의로운 조국이니까 가능하다고 그랬어,rawboost+codec
data/processed/ko_augmented/zeroth_193_003_2781_aug.wav,ko,bonafide,real,-,zeroth_193,zeroth_korean,박씨는 일 때문에 전국을 돌아다니는데 캠핑카 때문에 더 이상 모텔에서 잘 필요가 없어졌다고 했다,none
data/processed/en_augmented/LA_T_3999499_aug.wav,en,spoof,tts,A02,LA_0097,asvspoof2019la,,rawboost
data/processed/ko_augmented/zeroth_200_from_zeroth_176_003_1292_aug.wav,ko,spoof,vc,rvc_zeroth_200,zeroth_200,rvc_from_zeroth_176,이 단지는 지하철 분당선 서울숲역이 가까워 역세권 입지를 갖춘 데다 중랑천과 서울숲이 가까이에 있어 자연경관이 좋고 한강도 조망할 수 있다,none
data/processed/ko_augmented/zeroth_185_from_zeroth_145_003_1931_aug.wav,ko,spoof,vc,rvc_zeroth_185,zeroth_185,rvc_from_zeroth_145,그리고 나흘 뒤인 다음 달 일 일 박 시장은 박 전 대표와의 면담에서 사퇴를 종용했다고 박 전 대표 측은 주장했다,none
data/processed/ko_augmented/zeroth_207_003_1926_aug.wav,ko,bonafide,real,-,zeroth_207,zeroth_korean,올해로 사업 영위 삼십 이 년째인데 이 회사는 그동안 한 번도 성인으로 살지 못했다,rawboost
data/processed/en_augmented/LA_T_8083939_aug.wav,en,bonafide,real,-,LA_0088,asvspoof2019la,,none
data/processed/en_augmented/LA_T_5824253_aug.wav,en,bonafide,real,-,LA_0084,asvspoof2019la,,none
data/processed/en_augmented/LA_T_6493306_aug.wav,en,spoof,tts,A02,LA_0090,asvspoof2019la,,none
data/processed/en_augmented/LA_T_8047551_aug.wav,en,spoof,tts,A04,LA_0096,asvspoof2019la,,none
data/processed/ko_augmented/kss_10371_aug.wav,ko,spoof,tts,mms-tts-kor,vits_default,kss_transcript,예전에는 아침마다 조깅을 했었어요.,rawboost+codec
data/processed/ko_augmented/kss_11468_aug.wav,ko,bonafide,real,-,kss_speaker,kss,침대가 참 포근해요.,codec
data/processed/en_augmented/LA_T_3637126_aug.wav,en,spoof,vc,A06,LA_0086,asvspoof2019la,,rawboost+codec
data/processed/en_augmented/LA_T_6441166_aug.wav,en,bonafide,real,-,LA_0082,asvspoof2019la,,codec
data/processed/en_augmented/LA_T_3424442_aug.wav,en,bonafide,real,-,LA_0094,asvspoof2019la,,none
data/processed/ko_augmented/kss_06038_aug.wav,ko,spoof,tts,mms-tts-kor,vits_default,kss_transcript,비 온 뒤에 무지개가 떴다.,none
data/processed/ko_augmented/kss_03361_aug.wav,ko,spoof,tts,mms-tts-kor,vits_default,kss_transcript,그 일은 상당한 끈기와 의지를 요한다.,codec
data/processed/ko_augmented/zeroth_200_from_zeroth_211_003_2389_aug.wav,ko,spoof,vc,rvc_zeroth_200,zeroth_200,rvc_from_zeroth_211,이남신 한국비정규노동센터 소장은 외주업체 노동자 입장에서는 열악한 조건을 감내하며 관행처럼 일했을 가능성이 높다고 했다,rawboost
data/processed/en_augmented/LA_T_4260745_aug.wav,en,spoof,tts,A01,LA_0098,asvspoof2019la,,none
data/processed/ko_augmented/zeroth_201_from_zeroth_106_003_2058_aug.wav,ko,spoof,vc,rvc_zeroth_201,zeroth_201,rvc_from_zeroth_106,강아지가 용변을 보도록 유도하는 말을 가르칠 수도 있다,rawboost+codec
data/processed/en_augmented/LA_T_9362504_aug.wav,en,spoof,tts,A01,LA_0082,asvspoof2019la,,rawboost
data/processed/ko_augmented/zeroth_180_003_1586_aug.wav,ko,bonafide,real,-,zeroth_180,zeroth_korean,공공 부문에선 재난안전교육 및 위기상황 대응 학습용 기능성 게임을 문화 부문에선 한글 및 언어활용 기능성 게임을 주제로 선정했다,none
data/processed/ko_augmented/zeroth_150_003_0242_aug.wav,ko,bonafide,real,-,zeroth_150,zeroth_korean,일각에선 이들이 중국내 북한 식당이 아니라 동남아 한 국가의 북한 식당에서 근무하던 종업원들이라는 관측도 내놓고 있다,rawboost
data/processed/en_augmented/LA_T_9447463_aug.wav,en,bonafide,real,-,LA_0086,asvspoof2019la,,none
data/processed/en_augmented/LA_T_3978678_aug.wav,en,bonafide,real,-,LA_0085,asvspoof2019la,,none
data/processed/ko_augmented/zeroth_207_003_1752_aug.wav,ko,bonafide,real,-,zeroth_207,zeroth_korean,다만 피고인이 범행 모두를 시인하고 반성하고 있는 점 동종 전과가 없는 점 등을 고려해 형을 정했다고 덧붙였다,none
data/processed/ko_augmented/kss_10931_aug.wav,ko,spoof,tts,mms-tts-kor,vits_default,kss_transcript,잠을 전혀 못 잘 때도 있어요.,none
data/processed/en_augmented/LA_T_6594586_aug.wav,en,bonafide,real,-,LA_0089,asvspoof2019la,,rawboost+codec
data/processed/en_augmented/LA_T_8090857_aug.wav,en,spoof,vc,A05,LA_0097,asvspoof2019la,,codec
data/processed/en_augmented/LA_T_6201811_aug.wav,en,spoof,tts,A04,LA_0093,asvspoof2019la,,none
data/processed/en_augmented/LA_T_8933044_aug.wav,en,spoof,vc,A05,LA_0082,asvspoof2019la,,none
data/processed/en_augmented/LA_T_3499323_aug.wav,en,bonafide,real,-,LA_0087,asvspoof2019la,,codec
data/processed/en_augmented/LA_T_3369400_aug.wav,en,spoof,tts,A04,LA_0096,asvspoof2019la,,rawboost
data/processed/en_augmented/LA_T_1385141_aug.wav,en,spoof,tts,A01,LA_0092,asvspoof2019la,,codec
data/processed/ko_augmented/zeroth_183_003_1829_aug.wav,ko,bonafide,real,-,zeroth_183,zeroth_korean,하지만 미국 수준의 대규모 할인은 힘들 거라는 전문가들이 많았는데 직접 들어보시죠,rawboost
data/processed/ko_augmented/kss_10446_aug.wav,ko,bonafide,real,-,kss_speaker,kss,최근에 몸무게가 15킬로 줄었어요.,rawboost+codec
data/processed/ko_augmented/zeroth_183_003_2899_aug.wav,ko,bonafide,real,-,zeroth_183,zeroth_korean,전체적으로 검은색과 흰색의 조화가 느껴지는 깔끔한 주방입니다,none
data/processed/ko_augmented/zeroth_201_from_zeroth_169_003_2185_aug.wav,ko,spoof,vc,rvc_zeroth_201,zeroth_201,rvc_from_zeroth_169,해 공군및 해병대 특수부대들을 통합 관리하는 통합특수전사령부 예하 병력의 급증 때문이다,none
data/processed/ko_augmented/kss_07758_aug.wav,ko,bonafide,real,-,kss_speaker,kss,부상을 입은 그 선수는 병원으로 옮겨졌다.,rawboost+codec
data/processed/en_augmented/LA_T_7386069_aug.wav,en,bonafide,real,-,LA_0093,asvspoof2019la,,rawboost
data/processed/en_augmented/LA_T_5879219_aug.wav,en,bonafide,real,-,LA_0095,asvspoof2019la,,rawboost
data/processed/en_augmented/LA_T_5621967_aug.wav,en,bonafide,real,-,LA_0095,asvspoof2019la,,none
data/processed/ko_augmented/kss_10678_aug.wav,ko,spoof,tts,mms-tts-kor,vits_default,kss_transcript,그 사람이 내일 여기 올까?,none
data/processed/ko_augmented/zeroth_150_003_0409_aug.wav,ko,bonafide,real,-,zeroth_150,zeroth_korean,이명박 정부 출범 직후인 이천 팔 년 삼 월 김씨의 횡령 및 증권거래법 위반 사건 재판에 신경화씨가 증인으로 출석했다,rawboost
data/processed/ko_augmented/kss_03658_aug.wav,ko,spoof,tts,mms-tts-kor,vits_default,kss_transcript,리더가 되려면 능동적인 성격을 갖춰야 한다.,codec
data/processed/en_augmented/LA_T_9712979_aug.wav,en,bonafide,real,-,LA_0088,asvspoof2019la,,none
data/processed/en_augmented/LA_T_5599930_aug.wav,en,spoof,vc,A06,LA_0080,asvspoof2019la,,none
data/processed/en_augmented/LA_T_1625761_aug.wav,en,bonafide,real,-,LA_0080,asvspoof2019la,,codec
data/processed/en_augmented/LA_T_8892784_aug.wav,en,spoof,vc,A06,LA_0084,asvspoof2019la,,none
data/processed/en_augmented/LA_T_5641455_aug.wav,en,spoof,vc,A06,LA_0093,asvspoof2019la,,rawboost
data/processed/en_augmented/LA_T_2187509_aug.wav,en,spoof,vc,A06,LA_0087,asvspoof2019la,,rawboost
data/processed/ko_augmented/kss_01858_aug.wav,ko,spoof,tts,mms-tts-kor,vits_default,kss_transcript,이 팀에는 우수한 선수들이 많다.,none
data/processed/ko_augmented/kss_06236_aug.wav,ko,spoof,tts,mms-tts-kor,vits_default,kss_transcript,불국사는 통일신라 시대에 세워졌다.,codec
data/processed/en_augmented/LA_T_8456956_aug.wav,en,spoof,tts,A01,LA_0092,asvspoof2019la,,rawboost+codec
data/processed/ko_augmented/zeroth_200_from_zeroth_215_003_0670_aug.wav,ko,spoof,vc,rvc_zeroth_200,zeroth_200,rvc_from_zeroth_215,그 일을 위해서라면 모든 것을 다 걸겠다는 정도의 자세는 보여달라고 말했다,rawboost
data/processed/en_augmented/LA_T_1495245_aug.wav,en,bonafide,real,-,LA_0085,asvspoof2019la,,none
data/processed/en_augmented/LA_T_3331975_aug.wav,en,spoof,tts,A01,LA_0096,asvspoof2019la,,none
data/processed/ko_augmented/kss_02419_aug.wav,ko,spoof,tts,mms-tts-kor,vits_default,kss_transcript,누군가 우리 통화 내용을 엿듣고 있는 것 같아요.,none
data/processed/ko_augmented/zeroth_165_003_0448_aug.wav,ko,bonafide,real,-,zeroth_165,zeroth_korean,창업 초기 아무리 힘들더라도 하루 한 편씩 새로운 동영상을 꼭 올린다는 일 일 일 콘텐트 원칙을 세웠고 지금도 그 약속을 지켜나가고 있습니다,none
data/processed/ko_augmented/kss_12187_aug.wav,ko,spoof,tts,mms-tts-kor,vits_default,kss_transcript,쓰레기 양을 줄이려고 노력해야 한다.,codec
data/processed/en_augmented/LA_T_8589988_aug.wav,en,bonafide,real,-,LA_0084,asvspoof2019la,,none
data/processed/ko_augmented/zeroth_185_from_zeroth_202_003_0619_aug.wav,ko,spoof,vc,rvc_zeroth_185,zeroth_185,rvc_from_zeroth_202,특히 선거를 앞둔 정치인들의 경우 자녀가 특혜시비에 휘말리면 사실여부를 떠나 정치적 논란으로 확대되기 때문이다,none
data/processed/ko_augmented/zeroth_152_from_zeroth_117_003_1208_aug.wav,ko,spoof,vc,rvc_zeroth_152,zeroth_152,rvc_from_zeroth_117,이런 모독적인 발언은 오히려 헌재 재판관들이 대통령 파면 쪽으로 마음을 굳히는 데 결정적인 역할을 한 것으로 알려졌다,rawboost
data/processed/en_augmented/LA_T_5214756_aug.wav,en,spoof,tts,A03,LA_0083,asvspoof2019la,,rawboost
data/processed/ko_augmented/kss_05396_aug.wav,ko,spoof,tts,mms-tts-kor,vits_default,kss_transcript,우리는 사람들이 집단 생활에 적응하도록 돕습니다.,codec
data/processed/en_augmented/LA_T_9174242_aug.wav,en,spoof,vc,A05,LA_0084,asvspoof2019la,,rawboost+codec
data/processed/ko_augmented/zeroth_217_003_2290_aug.wav,ko,bonafide,real,-,zeroth_217,zeroth_korean,부친은 누군가 동행해 우리 둘만의 시간을 허락하지 않았고 만남은 냉랭했다며 숙소로 안내하지도 않았고 어쩌다 다쳤는지 전투에 참여했는지도 말하지 않았다고 전했다,rawboost
data/processed/ko_augmented/kss_05740_aug.wav,ko,spoof,tts,mms-tts-kor,vits_default,kss_transcript,저희는 직원들을 위해 탁아 프로그램을 운영하고 있습니다.,rawboost+codec
data/processed/ko_augmented/kss_01324_aug.wav,ko,spoof,tts,mms-tts-kor,vits_default,kss_transcript,이 가게는 분위기가 독특하다.,none
data/processed/ko_augmented/zeroth_185_from_kss_08545_aug.wav,ko,spoof,vc,rvc_zeroth_185,zeroth_185,rvc_from_kss_speaker,정명훈의 누나들도 모두 세계적인 음악가야.,none
data/processed/en_augmented/LA_T_6105178_aug.wav,en,bonafide,real,-,LA_0079,asvspoof2019la,,none
data/processed/en_augmented/LA_T_7517332_aug.wav,en,spoof,vc,A06,LA_0097,asvspoof2019la,,codec
data/processed/en_augmented/LA_T_2035811_aug.wav,en,spoof,vc,A05,LA_0083,asvspoof2019la,,none
data/processed/en_augmented/LA_T_2911754_aug.wav,en,spoof,vc,A06,LA_0096,asvspoof2019la,,none
data/processed/en_augmented/LA_T_3119779_aug.wav,en,bonafide,real,-,LA_0082,asvspoof2019la,,rawboost
data/processed/ko_augmented/zeroth_216_003_0876_aug.wav,ko,bonafide,real,-,zeroth_216,zeroth_korean,일반적으로 반죽을 만들 때는 우유나 물 또는 우유와 물을 섞어서 사용합니다,codec
data/processed/ko_augmented/kss_03614_aug.wav,ko,spoof,tts,mms-tts-kor,vits_default,kss_transcript,어제 뭘 했는지 정직하게 말해라.,rawboost
data/processed/en_augmented/LA_T_4020570_aug.wav,en,spoof,tts,A01,LA_0086,asvspoof2019la,,rawboost
data/processed/ko_augmented/kss_09774_aug.wav,ko,spoof,tts,mms-tts-kor,vits_default,kss_transcript,남북은 이념 갈등을 계속하고 있어요.,none
data/processed/ko_augmented/kss_02496_aug.wav,ko,spoof,tts,mms-tts-kor,vits_default,kss_transcript,책을 읽다 밤을 새웠어요.,rawboost
data/processed/ko_augmented/kss_11057_aug.wav,ko,spoof,tts,mms-tts-kor,vits_default,kss_transcript,날 좀 혼자 내버려 둬!,rawboost
data/processed/ko_augmented/zeroth_187_003_1033_aug.wav,ko,bonafide,real,-,zeroth_187,zeroth_korean,올보르 구치소 관계자는 정 씨의 아기가 정 씨를 보러 면회를 올 수는 있어도 정 씨가 아기를 보러 나갈 수는 없다고 부인했다,rawboost
data/processed/ko_augmented/zeroth_197_003_0170_aug.wav,ko,bonafide,real,-,zeroth_197,zeroth_korean,지금 헬기에서 비춰주는 세월호 뒷부분을 보면 님께서 말씀하신 세 축 이게 그만큼 배가 빠져나온 겁니다,none
data/processed/en_augmented/LA_T_4405087_aug.wav,en,spoof,vc,A05,LA_0086,asvspoof2019la,,rawboost
data/processed/en_augmented/LA_T_2653144_aug.wav,en,bonafide,real,-,LA_0085,asvspoof2019la,,rawboost+codec
data/processed/en_augmented/LA_T_7243556_aug.wav,en,spoof,vc,A05,LA_0080,asvspoof2019la,,rawboost+codec
data/processed/en_augmented/LA_T_6663907_aug.wav,en,bonafide,real,-,LA_0089,asvspoof2019la,,none
data/processed/en_augmented/LA_T_8850089_aug.wav,en,spoof,vc,A05,LA_0093,asvspoof2019la,,rawboost+codec
data/processed/ko_augmented/zeroth_146_003_0942_aug.wav,ko,bonafide,real,-,zeroth_146,zeroth_korean,미국은 지난해 시 월과 올해 일 월 잇달아 남중국해 스프래틀리 제도와 파라셀 군도에 군함을 진입시켰고 일본은 미국의 이런 행보를 강력히 지지하고 나섰다,none
data/processed/en_augmented/LA_T_4321622_aug.wav,en,spoof,vc,A06,LA_0082,asvspoof2019la,,rawboost
data/processed/en_augmented/LA_T_4237787_aug.wav,en,bonafide,real,-,LA_0079,asvspoof2019la,,none
data/processed/en_augmented/LA_T_7898068_aug.wav,en,bonafide,real,-,LA_0094,asvspoof2019la,,none
data/processed/en_augmented/LA_T_6371068_aug.wav,en,bonafide,real,-,LA_0083,asvspoof2019la,,rawboost
data/processed/ko_augmented/zeroth_170_003_0704_aug.wav,ko,bonafide,real,-,zeroth_170,zeroth_korean,구두변론을 자청해서는 단상에 서서 강 재판관을 국회 측 수석대리인이라고 지칭해 물의를 빚었다,rawboost
data/processed/en_augmented/LA_T_3689595_aug.wav,en,bonafide,real,-,LA_0091,asvspoof2019la,,none
data/processed/ko_augmented/zeroth_160_003_1239_aug.wav,ko,bonafide,real,-,zeroth_160,zeroth_korean,아울러 획정 기준은 현행 공직선거법을 근거로 게리맨더링을 방지하고 지역대표성을 확보하는 등 기본 원칙을 지킨다는 방침이다,rawboost
data/processed/en_augmented/LA_T_7850247_aug.wav,en,bonafide,real,-,LA_0095,asvspoof2019la,,none
data/processed/en_augmented/LA_T_2559146_aug.wav,en,bonafide,real,-,LA_0088,asvspoof2019la,,rawboost+codec
data/processed/en_augmented/LA_T_6553669_aug.wav,en,bonafide,real,-,LA_0090,asvspoof2019la,,codec
data/processed/ko_augmented/kss_09398_aug.wav,ko,spoof,tts,mms-tts-kor,vits_default,kss_transcript,부탁 하나 해도 될까요?,rawboost+codec
data/processed/en_augmented/LA_T_4935601_aug.wav,en,spoof,tts,A01,LA_0082,asvspoof2019la,,rawboost+codec
data/processed/en_augmented/LA_T_9746491_aug.wav,en,bonafide,real,-,LA_0081,asvspoof2019la,,codec
data/processed/en_augmented/LA_T_6698994_aug.wav,en,bonafide,real,-,LA_0097,asvspoof2019la,,none
data/processed/ko_augmented/zeroth_152_from_kss_01357_aug.wav,ko,spoof,vc,rvc_zeroth_152,zeroth_152,rvc_from_kss_speaker,딱딱한 의자는 불편하지만 건강에는 좋다.,none
data/processed/ko_augmented/zeroth_154_003_1812_aug.wav,ko,bonafide,real,-,zeroth_154,zeroth_korean,곰팡이는 진균류에 속하는데 십 만 종이 넘는 진균류에는 흰곰팡이 버섯 녹병균 효모 등이 있습니다,codec
data/processed/en_augmented/LA_T_8256308_aug.wav,en,spoof,tts,A01,LA_0088,asvspoof2019la,,rawboost
data/processed/ko_augmented/zeroth_152_from_zeroth_206_003_0970_aug.wav,ko,spoof,vc,rvc_zeroth_152,zeroth_152,rvc_from_zeroth_206,거미와 그 거미가 만들어 내는 강철만큼이나 튼튼한 거미줄은 우연의 산물입니까,rawboost
data/processed/en_augmented/LA_T_4864288_aug.wav,en,spoof,vc,A05,LA_0095,asvspoof2019la,,none
data/processed/en_augmented/LA_T_7411125_aug.wav,en,spoof,tts,A01,LA_0091,asvspoof2019la,,codec
data/processed/en_augmented/LA_T_8135846_aug.wav,en,bonafide,real,-,LA_0089,asvspoof2019la,,none
data/processed/en_augmented/LA_T_5959553_aug.wav,en,bonafide,real,-,LA_0092,asvspoof2019la,,rawboost
data/processed/ko_augmented/zeroth_185_from_kss_05843_aug.wav,ko,spoof,vc,rvc_zeroth_185,zeroth_185,rvc_from_kss_speaker,설치 중에는 컴퓨터를 끄지 마시오.,rawboost
data/processed/en_augmented/LA_T_6999716_aug.wav,en,bonafide,real,-,LA_0095,asvspoof2019la,,rawboost
data/processed/ko_augmented/kss_11219_aug.wav,ko,spoof,tts,mms-tts-kor,vits_default,kss_transcript,이 컴퓨터 정말 느려요!,rawboost
data/processed/en_augmented/LA_T_1888223_aug.wav,en,bonafide,real,-,LA_0081,asvspoof2019la,,rawboost
data/processed/en_augmented/LA_T_8227234_aug.wav,en,bonafide,real,-,LA_0080,asvspoof2019la,,codec
data/processed/en_augmented/LA_T_9944200_aug.wav,en,bonafide,real,-,LA_0085,asvspoof2019la,,none
data/processed/ko_augmented/zeroth_152_from_zeroth_203_003_2665_aug.wav,ko,spoof,vc,rvc_zeroth_152,zeroth_152,rvc_from_zeroth_203,그 외에 특별한 업무가 있다면 소셜네트워크서비스에 노출되는 카드뉴스나 동영상뉴스를 제작하고 업로드하는 거였다,none
data/processed/ko_augmented/zeroth_184_003_0965_aug.wav,ko,bonafide,real,-,zeroth_184,zeroth_korean,이들을 제외한 여든 네 개월 미만 아동에게는 월 십 만원이 지급된다,codec
data/processed/en_augmented/LA_T_1185180_aug.wav,en,spoof,vc,A05,LA_0085,asvspoof2019la,,rawboost+codec
data/processed/en_augmented/LA_T_5656982_aug.wav,en,bonafide,real,-,LA_0086,asvspoof2019la,,none
data/processed/en_augmented/LA_T_6182049_aug.wav,en,spoof,vc,A05,LA_0085,asvspoof2019la,,none
data/processed/en_augmented/LA_T_7570086_aug.wav,en,bonafide,real,-,LA_0098,asvspoof2019la,,rawboost+codec
data/processed/ko_augmented/zeroth_185_from_zeroth_209_003_2347_aug.wav,ko,spoof,vc,rvc_zeroth_185,zeroth_185,rvc_from_zeroth_209,또 바른정당을 제외한 야 삼 당은 탄핵을 공동 추진키로 했다,none
data/processed/ko_augmented/zeroth_110_003_1253_aug.wav,ko,bonafide,real,-,zeroth_110,zeroth_korean,특히 공부에 흥미가 없는 아이들은 공부 효율이 가장 높을 때까지 미뤘다 공부한다는 식으로 벼락치기를 합리화하는 일이 많다,rawboost
data/processed/en_augmented/LA_T_4756464_aug.wav,en,bonafide,real,-,LA_0079,asvspoof2019la,,rawboost
data/processed/ko_augmented/kss_04388_aug.wav,ko,bonafide,real,-,kss_speaker,kss,복도에 물건을 놓아 두면 안 됩니다.,rawboost
data/processed/en_augmented/LA_T_5315235_aug.wav,en,bonafide,real,-,LA_0092,asvspoof2019la,,rawboost
data/processed/en_augmented/LA_T_2300161_aug.wav,en,spoof,tts,A04,LA_0087,asvspoof2019la,,none
data/processed/ko_augmented/zeroth_152_from_kss_00543_aug.wav,ko,spoof,vc,rvc_zeroth_152,zeroth_152,rvc_from_kss_speaker,자리에 앉아 졸다가 한 정거장을 지나쳤다.,none
data/processed/en_augmented/LA_T_8845558_aug.wav,en,bonafide,real,-,LA_0081,asvspoof2019la,,codec
data/processed/en_augmented/LA_T_6665119_aug.wav,en,spoof,vc,A05,LA_0098,asvspoof2019la,,none
data/processed/en_augmented/LA_T_3957794_aug.wav,en,bonafide,real,-,LA_0094,asvspoof2019la,,rawboost
data/processed/ko_augmented/zeroth_212_003_2560_aug.wav,ko,bonafide,real,-,zeroth_212,zeroth_korean,그러면서 거부한다고 얘기는 했지만 오늘내일 지나는 사이에 내부적으로도 상당히 어려가지 생각해보지 않겠느냐고 내다봤다,rawboost
data/processed/ko_augmented/zeroth_128_003_0025_aug.wav,ko,bonafide,real,-,zeroth_128,zeroth_korean,한국인터넷진흥원은 아이핀 시스템을 전면 재구축하는 방안도 검토하기로 했다,rawboost
data/processed/ko_augmented/zeroth_194_003_2570_aug.wav,ko,bonafide,real,-,zeroth_194,zeroth_korean,한겨울 간식거리인 호빵과 즉석어묵도 매출이 전년대비 이십 에서 삼십 퍼센트 감소했다,none
data/processed/en_augmented/LA_T_3266022_aug.wav,en,bonafide,real,-,LA_0098,asvspoof2019la,,none
data/processed/ko_augmented/kss_10327_aug.wav,ko,spoof,tts,mms-tts-kor,vits_default,kss_transcript,이 지역에는 백화점이 하나도 없어요.,rawboost
data/processed/ko_augmented/zeroth_152_from_zeroth_119_003_2468_aug.wav,ko,spoof,vc,rvc_zeroth_152,zeroth_152,rvc_from_zeroth_119,경찰은 조만간 두 사람을 불러 정확한 사건 경위를 조사할 방침이다,rawboost+codec
data/processed/ko_augmented/kss_03655_aug.wav,ko,spoof,tts,mms-tts-kor,vits_default,kss_transcript,의심의 여지 없이 리오넬 메시는 축구 천재이다.,rawboost
data/processed/en_augmented/LA_T_4890153_aug.wav,en,bonafide,real,-,LA_0097,asvspoof2019la,,none
data/processed/en_augmented/LA_T_4557107_aug.wav,en,bonafide,real,-,LA_0089,asvspoof2019la,,rawboost+codec
data/processed/en_augmented/LA_T_7961517_aug.wav,en,bonafide,real,-,LA_0090,asvspoof2019la,,none
data/processed/ko_augmented/zeroth_190_003_1983_aug.wav,ko,bonafide,real,-,zeroth_190,zeroth_korean,백두산 천지는 최대 수심 삼백 여든 네 미터로 세계에서 가장 깊은 칼데라 호입니다,rawboost
data/processed/en_augmented/LA_T_1511193_aug.wav,en,bonafide,real,-,LA_0090,asvspoof2019la,,none
data/processed/en_augmented/LA_T_7974459_aug.wav,en,bonafide,real,-,LA_0083,asvspoof2019la,,codec
data/processed/ko_augmented/kss_02772_aug.wav,ko,bonafide,real,-,kss_speaker,kss,저는 우리 집 앞 공원을 걷는 걸 좋아해요.,rawboost+codec
data/processed/en_augmented/LA_T_9914466_aug.wav,en,spoof,vc,A06,LA_0089,asvspoof2019la,,none
data/processed/en_augmented/LA_T_2176887_aug.wav,en,spoof,tts,A04,LA_0082,asvspoof2019la,,none
data/processed/ko_augmented/zeroth_166_003_1529_aug.wav,ko,bonafide,real,-,zeroth_166,zeroth_korean,많은 사람이 있었는데 노무현 대통령 자신이 조지 부시 대통령과 여러 차례 회담했습니다,rawboost+codec
data/processed/ko_augmented/zeroth_201_from_zeroth_130_003_0457_aug.wav,ko,spoof,vc,rvc_zeroth_201,zeroth_201,rvc_from_zeroth_130,오 일 오후 두 시 서울 종로구 대학로 마로니에 공원에서 열린 서울지역 대학생들의 박근혜 정권 퇴진,rawboost+codec
data/processed/en_augmented/LA_T_4839122_aug.wav,en,bonafide,real,-,LA_0085,asvspoof2019la,,codec
data/processed/ko_augmented/kss_02702_aug.wav,ko,bonafide,real,-,kss_speaker,kss,종이 가장자리를 접고 그다음 말아 주세요.,rawboost
data/processed/ko_augmented/zeroth_164_003_2412_aug.wav,ko,bonafide,real,-,zeroth_164,zeroth_korean,칠십 삼 년 일 월 중앙수사국이 특별수사부로 개편됐고 팔십 일 년 사 월 중수부로 개칭됐다,none
data/processed/ko_augmented/zeroth_213_003_2424_aug.wav,ko,bonafide,real,-,zeroth_213,zeroth_korean,특히 지금 같으면 역사교과서 국정화라든가 누리과정 문제나 대학 구조개혁 같은 주요 정책들을 기획하고 타 부처하고 조율하는 역할을 하는 그런 자리입니다,rawboost
data/processed/ko_augmented/zeroth_201_from_zeroth_178_003_1982_aug.wav,ko,spoof,vc,rvc_zeroth_201,zeroth_201,rvc_from_zeroth_178,카카오 관계자는 장애의 범위와 원인을 확인하고 있다 고 말했다,rawboost
data/processed/ko_augmented/zeroth_200_from_kss_03236_aug.wav,ko,spoof,vc,rvc_zeroth_200,zeroth_200,rvc_from_kss_speaker,진실은 드러나게 되어 있다.,none
data/processed/ko_augmented/kss_12699_aug.wav,ko,bonafide,real,-,kss_speaker,kss,역시 예상했던 대로구나.,none
data/processed/ko_augmented/zeroth_200_from_zeroth_210_003_1735_aug.wav,ko,spoof,vc,rvc_zeroth_200,zeroth_200,rvc_from_zeroth_210,그는 저와 우리 당은 국정교과서를 반대하는 모든 세력을 모아내는 데 앞장서겠다며 다른 정당과 정파 학계와 시민사회가 함께하는 강력한 연대의 틀을 논의하겠다고 밝혔다,rawboost+codec
data/processed/en_augmented/LA_T_1673403_aug.wav,en,spoof,vc,A05,LA_0089,asvspoof2019la,,rawboost
data/processed/ko_augmented/kss_10660_aug.wav,ko,spoof,tts,mms-tts-kor,vits_default,kss_transcript,사람들은 보통 피자를 콜라와 함께 먹는다.,rawboost+codec
data/processed/en_augmented/LA_T_3437245_aug.wav,en,spoof,vc,A06,LA_0079,asvspoof2019la,,none
data/processed/ko_augmented/zeroth_152_from_zeroth_143_003_2228_aug.wav,ko,spoof,vc,rvc_zeroth_152,zeroth_152,rvc_from_zeroth_143,실제로 우두머리 수컷은 화가 나거나 흥분하면 코가 부풀어 오르면서 빨개집니다,none
data/processed/en_augmented/LA_T_5426778_aug.wav,en,spoof,tts,A03,LA_0081,asvspoof2019la,,rawboost
data/processed/ko_augmented/zeroth_134_003_2547_aug.wav,ko,bonafide,real,-,zeroth_134,zeroth_korean,박 의원은 특히 남양주에 라고 말하면서 눈물을 보였고 어린 시절 그곳에서 뛰어놀다 삼 선 국회의원이 됐고 아무런 배경도 없이 오직 땀과 눈물로 앞만 보고 달렸다,codec
data/processed/en_augmented/LA_T_3209947_aug.wav,en,spoof,tts,A01,LA_0090,asvspoof2019la,,rawboost
data/processed/en_augmented/LA_T_2243187_aug.wav,en,spoof,vc,A06,LA_0084,asvspoof2019la,,rawboost
data/processed/ko_augmented/zeroth_164_003_0440_aug.wav,ko,bonafide,real,-,zeroth_164,zeroth_korean,버즈피드는 해당 의혹의 구체적 내용이 담긴 삼십 오 쪽 분량의 메모 전문을 공개했다,none
data/processed/en_augmented/LA_T_1649834_aug.wav,en,spoof,vc,A05,LA_0090,asvspoof2019la,,rawboost
data/processed/ko_augmented/kss_00488_aug.wav,ko,spoof,tts,mms-tts-kor,vits_default,kss_transcript,저는 부산에서 자랐어요.,codec
data/processed/ko_augmented/kss_10662_aug.wav,ko,bonafide,real,-,kss_speaker,kss,코미디언은 슬플 때도 남을 웃겨야 한다.,none
data/processed/ko_augmented/zeroth_200_from_zeroth_169_003_1003_aug.wav,ko,spoof,vc,rvc_zeroth_200,zeroth_200,rvc_from_zeroth_169,황정화 이건 사실 법 적용을 어떻게 할 것인가의 문제일 텐데요,none
data/processed/en_augmented/LA_T_6577656_aug.wav,en,spoof,tts,A02,LA_0097,asvspoof2019la,,codec
data/processed/ko_augmented/kss_10130_aug.wav,ko,bonafide,real,-,kss_speaker,kss,정성이 담긴 선물이 제일 좋은 선물이에요.,none
data/processed/en_augmented/LA_T_4635542_aug.wav,en,bonafide,real,-,LA_0093,asvspoof2019la,,rawboost+codec
data/processed/ko_augmented/zeroth_124_003_2304_aug.wav,ko,bonafide,real,-,zeroth_124,zeroth_korean,어디 텃밭에 갔나보다 했는데 아 꽁치를 사러 가서 꽁치랑 시래기랑 사다가 그 백종원 선생님 밥집에 나온 거를 그걸 해주더라고요,none
data/processed/en_augmented/LA_T_8100988_aug.wav,en,bonafide,real,-,LA_0091,asvspoof2019la,,none
data/processed/ko_augmented/zeroth_161_003_0926_aug.wav,ko,bonafide,real,-,zeroth_161,zeroth_korean,제굴은 몇 달째 요리 학원 다녔다는 어떤 애가 자기랑 같은 음식 만들던 것까지 되짚어봤다,none
data/processed/en_augmented/LA_T_1896623_aug.wav,en,bonafide,real,-,LA_0098,asvspoof2019la,,none
data/processed/en_augmented/LA_T_9545423_aug.wav,en,spoof,vc,A05,LA_0097,asvspoof2019la,,rawboost+codec
data/processed/en_augmented/LA_T_9923341_aug.wav,en,bonafide,real,-,LA_0083,asvspoof2019la,,rawboost+codec
data/processed/en_augmented/LA_T_2143909_aug.wav,en,spoof,tts,A04,LA_0082,asvspoof2019la,,none
data/processed/en_augmented/LA_T_2193666_aug.wav,en,bonafide,real,-,LA_0092,asvspoof2019la,,rawboost
data/processed/en_augmented/LA_T_8417437_aug.wav,en,spoof,tts,A01,LA_0097,asvspoof2019la,,rawboost
data/processed/ko_augmented/zeroth_181_003_2278_aug.wav,ko,bonafide,real,-,zeroth_181,zeroth_korean,고추는 씨를 뿌려서 재배하기도 하고 모종을 하기도 합니다,none
data/processed/en_augmented/LA_T_4558205_aug.wav,en,spoof,tts,A04,LA_0082,asvspoof2019la,,rawboost
data/processed/en_augmented/LA_T_8944004_aug.wav,en,spoof,vc,A06,LA_0083,asvspoof2019la,,rawboost+codec
data/processed/ko_augmented/kss_11571_aug.wav,ko,bonafide,real,-,kss_speaker,kss,그 사람은 진지한 표정으로 농담을 해요.,none
data/processed/ko_augmented/zeroth_201_from_zeroth_179_003_2406_aug.wav,ko,spoof,vc,rvc_zeroth_201,zeroth_201,rvc_from_zeroth_179,문제는 이날 대규모 지연 사태는 하루만으로 끝나지는 않을 것이라는 점이다,none
data/processed/ko_augmented/zeroth_200_from_zeroth_181_003_1959_aug.wav,ko,spoof,vc,rvc_zeroth_200,zeroth_200,rvc_from_zeroth_181,이들은 현대차그룹의 옛 한전부지 개발과 관련 시가 이해당사자인 강남구나 구민들과 사전협의없이 지구단위계획구역을 확대 추진하고 있다며 비판했다,rawboost+codec
data/processed/en_augmented/LA_T_2862832_aug.wav,en,bonafide,real,-,LA_0097,asvspoof2019la,,none
data/processed/en_augmented/LA_T_9346943_aug.wav,en,bonafide,real,-,LA_0097,asvspoof2019la,,rawboost+codec
data/processed/ko_augmented/kss_06954_aug.wav,ko,spoof,tts,mms-tts-kor,vits_default,kss_transcript,침대가 참 포근하네요.,rawboost
data/processed/ko_augmented/zeroth_185_from_zeroth_183_003_2439_aug.wav,ko,spoof,vc,rvc_zeroth_185,zeroth_185,rvc_from_zeroth_183,그러자 주심인 강일원 재판관은 황 회장은 증인으로 나오면 대통령에게 불리한 진술을 할 것 같다고 했는데 입증 취지를 생각하면서 하라고 말했다,none
data/processed/en_augmented/LA_T_8130582_aug.wav,en,spoof,tts,A03,LA_0083,asvspoof2019la,,none
data/processed/en_augmented/LA_T_5801784_aug.wav,en,bonafide,real,-,LA_0081,asvspoof2019la,,rawboost
data/processed/en_augmented/LA_T_3144876_aug.wav,en,spoof,vc,A06,LA_0081,asvspoof2019la,,none
data/processed/ko_augmented/zeroth_200_from_kss_02853_aug.wav,ko,spoof,vc,rvc_zeroth_200,zeroth_200,rvc_from_kss_speaker,14층으로 올라오세요.,codec
data/processed/ko_augmented/zeroth_179_003_0322_aug.wav,ko,bonafide,real,-,zeroth_179,zeroth_korean,국내 최대 규모의 전자제품 양판점인 롯데하이마트의 휴대전화 시장 역습이 시작됐다,codec
data/processed/en_augmented/LA_T_8935555_aug.wav,en,bonafide,real,-,LA_0095,asvspoof2019la,,codec
data/processed/ko_augmented/zeroth_185_from_zeroth_212_003_2985_aug.wav,ko,spoof,vc,rvc_zeroth_185,zeroth_185,rvc_from_zeroth_212,앵커 한 고등학교가 얼마 전 이 학년 학부모들에게 발송한 가정통신문입니다,codec
data/processed/en_augmented/LA_T_5050431_aug.wav,en,spoof,tts,A03,LA_0092,asvspoof2019la,,none
data/processed/ko_augmented/zeroth_152_from_zeroth_138_003_0118_aug.wav,ko,spoof,vc,rvc_zeroth_152,zeroth_152,rvc_from_zeroth_138,우선 이름 주소 전화번호 전자 우편 주소를 기재하십시오,none
data/processed/ko_augmented/zeroth_185_from_zeroth_128_003_0778_aug.wav,ko,spoof,vc,rvc_zeroth_185,zeroth_185,rvc_from_zeroth_128,불이 시작된 십 삼 층 집 주인 이모씨와 이씨의 막내딸 이모양이 숨진 채 발견됐고 화재 당시 일 층으로 추락했던 이씨의 둘째딸도 병원으로 이송됐지만 끝내 숨을 거뒀다,rawboost
data/processed/en_augmented/LA_T_2687543_aug.wav,en,spoof,tts,A02,LA_0087,asvspoof2019la,,none
data/processed/en_augmented/LA_T_5811814_aug.wav,en,spoof,tts,A02,LA_0087,asvspoof2019la,,none
data/processed/en_augmented/LA_T_9174733_aug.wav,en,bonafide,real,-,LA_0098,asvspoof2019la,,rawboost
data/processed/ko_augmented/zeroth_201_from_zeroth_205_003_2026_aug.wav,ko,spoof,vc,rvc_zeroth_201,zeroth_201,rvc_from_zeroth_205,지 씨는 작년 시 월 십 팔 일 필리핀 중부 관광도시 앙헬레스 자택 근처에서 몸값을 노린 마약 단속 경찰관들에 의해 경찰청으로 끌려가 살해된 사실이 최근 드러났다,none
data/processed/ko_augmented/zeroth_200_from_zeroth_211_003_0965_aug.wav,ko,spoof,vc,rvc_zeroth_200,zeroth_200,rvc_from_zeroth_211,이들을 제외한 여든 네 개월 미만 아동에게는 월 십 만원이 지급된다,rawboost
data/processed/en_augmented/LA_T_6647814_aug.wav,en,bonafide,real,-,LA_0098,asvspoof2019la,,codec
data/processed/ko_augmented/kss_08572_aug.wav,ko,spoof,tts,mms-tts-kor,vits_default,kss_transcript,이 펜은 삼촌으로부터 받은 거예요.,rawboost
data/processed/en_augmented/LA_T_5805796_aug.wav,en,bonafide,real,-,LA_0096,asvspoof2019la,,none
data/processed/en_augmented/LA_T_3785674_aug.wav,en,spoof,tts,A02,LA_0082,asvspoof2019la,,rawboost+codec
data/processed/en_augmented/LA_T_3641391_aug.wav,en,spoof,tts,A02,LA_0093,asvspoof2019la,,rawboost+codec
data/processed/ko_augmented/zeroth_171_003_2145_aug.wav,ko,bonafide,real,-,zeroth_171,zeroth_korean,문체부 상황을 잘 아는 한 고위 관계자는 그때 차은택이 봐주면 통과된다는 소문이 막 돌았다,none
data/processed/ko_augmented/zeroth_214_003_1382_aug.wav,ko,bonafide,real,-,zeroth_214,zeroth_korean,그래서 그는 구할 수 있는 데까지 틴들의 번역판을 모두 구해서 불태워 버렸습니다,codec
data/processed/en_augmented/LA_T_6435400_aug.wav,en,spoof,tts,A03,LA_0091,asvspoof2019la,,rawboost+codec
data/processed/ko_augmented/kss_09055_aug.wav,ko,spoof,tts,mms-tts-kor,vits_default,kss_transcript,이 고개를 넘으면 우리 집이 있어요.,rawboost
data/processed/en_augmented/LA_T_9079590_aug.wav,en,bonafide,real,-,LA_0086,asvspoof2019la,,rawboost
data/processed/en_augmented/LA_T_6476075_aug.wav,en,bonafide,real,-,LA_0086,asvspoof2019la,,none
data/processed/en_augmented/LA_T_1419430_aug.wav,en,spoof,vc,A05,LA_0091,asvspoof2019la,,rawboost
data/processed/en_augmented/LA_T_1700745_aug.wav,en,spoof,vc,A05,LA_0082,asvspoof2019la,,none
data/processed/ko_augmented/zeroth_175_003_1269_aug.wav,ko,bonafide,real,-,zeroth_175,zeroth_korean,이 같은 계획이 누구의 지시로 이뤄졌는지도 분명히 드러납니다,rawboost
data/processed/en_augmented/LA_T_3754513_aug.wav,en,bonafide,real,-,LA_0090,asvspoof2019la,,none
data/processed/ko_augmented/zeroth_170_003_2566_aug.wav,ko,bonafide,real,-,zeroth_170,zeroth_korean,일정 시간이 지나면 터지도록 만들어진 폭발물 타이머가 부착돼 있다,rawboost
data/processed/en_augmented/LA_T_3025335_aug.wav,en,bonafide,real,-,LA_0094,asvspoof2019la,,rawboost
data/processed/ko_augmented/zeroth_148_003_2269_aug.wav,ko,bonafide,real,-,zeroth_148,zeroth_korean,일 일 인권위 등 복수의 관계자 말과 관련 자료를 종합하면 인권위는 최근 유엔 자유권규약 제 사 차 국가보고서 심의를 위한 정보노트 최종안을 마련 의결을 앞두고 있다,rawboost
data/processed/ko_augmented/kss_07945_aug.wav,ko,spoof,tts,mms-tts-kor,vits_default,kss_transcript,꾸준히 치료 받으면 괜찮을 거예요.,codec
data/processed/ko_augmented/kss_09576_aug.wav,ko,spoof,tts,mms-tts-kor,vits_default,kss_transcript,제 여동생은 저하고 다르게 성격이 아주 활발해요.,rawboost
data/processed/ko_augmented/zeroth_106_003_2058_aug.wav,ko,bonafide,real,-,zeroth_106,zeroth_korean,강아지가 용변을 보도록 유도하는 말을 가르칠 수도 있다,rawboost
data/processed/ko_augmented/kss_05453_aug.wav,ko,bonafide,real,-,kss_speaker,kss,우리는 기다리면서 상황의 전개를 지켜보기로 결정했다.,rawboost
data/processed/ko_augmented/kss_00699_aug.wav,ko,spoof,tts,mms-tts-kor,vits_default,kss_transcript,숙제부터 하고 나서 놀아라.,none
data/processed/en_augmented/LA_T_8003947_aug.wav,en,spoof,tts,A02,LA_0093,asvspoof2019la,,codec
data/processed/en_augmented/LA_T_6298599_aug.wav,en,bonafide,real,-,LA_0096,asvspoof2019la,,rawboost
data/processed/ko_augmented/zeroth_200_from_zeroth_125_003_2399_aug.wav,ko,spoof,vc,rvc_zeroth_200,zeroth_200,rvc_from_zeroth_125,해당 인사를 파면하라는 목소리가 커지고 있지만 정작 교육부 내부기류는 미온적이어서 징계 여부와 수위가 주목된다,none
data/processed/ko_augmented/zeroth_211_003_0965_aug.wav,ko,bonafide,real,-,zeroth_211,zeroth_korean,이들을 제외한 여든 네 개월 미만 아동에게는 월 십 만원이 지급된다,none
data/processed/ko_augmented/zeroth_136_003_0540_aug.wav,ko,bonafide,real,-,zeroth_136,zeroth_korean,출시와 함께 바나나 트렌드를 업은 초코파이 바나나는 사 월 한 달간 이천 만개가 팔렸다,none
data/processed/ko_augmented/kss_10709_aug.wav,ko,spoof,tts,mms-tts-kor,vits_default,kss_transcript,매운 음식은 몸에 좋지 않아요.,rawboost+codec
data/processed/ko_augmented/kss_01484_aug.wav,ko,spoof,tts,mms-tts-kor,vits_default,kss_transcript,미흡한 점이 있다고 생각되시면 알려 주십시오.,rawboost
data/processed/ko_augmented/zeroth_206_003_2844_aug.wav,ko,bonafide,real,-,zeroth_206,zeroth_korean,문 후보 측 박광온 공보단장은 각 매체로선 대선 후보 인터뷰가 오 년에 딱 한 번 주어지는 만큼 모두에게 골고루 기회를 주자는 취지라고 설명했다,codec
data/processed/ko_augmented/kss_02979_aug.wav,ko,bonafide,real,-,kss_speaker,kss,6개월에 한 번 스케일링을 받으세요.,none
data/processed/ko_augmented/kss_08602_aug.wav,ko,bonafide,real,-,kss_speaker,kss,농민들은 쌀 시장의 개방에 반대하고 있다.,none
data/processed/en_augmented/LA_T_6586285_aug.wav,en,spoof,vc,A06,LA_0085,asvspoof2019la,,none
data/processed/ko_augmented/kss_03483_aug.wav,ko,spoof,tts,mms-tts-kor,vits_default,kss_transcript,사정이 있어서 못 갔어요.,none
data/processed/en_augmented/LA_T_1075302_aug.wav,en,bonafide,real,-,LA_0097,asvspoof2019la,,codec
data/processed/ko_augmented/zeroth_209_003_2497_aug.wav,ko,bonafide,real,-,zeroth_209,zeroth_korean,아마 북한에서 흔히 외교관들이 올 때 저도 사실 올 때 회견을 발표해서 제가 백 만 달러를 가지고 탈출했다고 이야기를 했거든요,codec
data/processed/en_augmented/LA_T_6038833_aug.wav,en,spoof,tts,A03,LA_0086,asvspoof2019la,,codec
data/processed/ko_augmented/zeroth_127_003_0323_aug.wav,ko,bonafide,real,-,zeroth_127,zeroth_korean,하지만 최저임금 협상을 앞둔 시점에서 정치권이 과도한 인상 공약으로 기대심리만 높여놓는 것은 포퓰리즘에 불과하다는 지적도 나온다,codec
data/processed/ko_augmented/zeroth_119_003_2644_aug.wav,ko,bonafide,real,-,zeroth_119,zeroth_korean,자신이 꽃임을 잊어버린 마흔 일곱 명의 위안부 여성이 아직 살아 있다,rawboost
data/processed/ko_augmented/zeroth_155_003_2427_aug.wav,ko,bonafide,real,-,zeroth_155,zeroth_korean,오늘날 여가 활동으로 새를 관찰하는 것을 즐기는 사람이 많습니다,codec
data/processed/ko_augmented/zeroth_185_from_zeroth_180_003_1325_aug.wav,ko,spoof,vc,rvc_zeroth_185,zeroth_185,rvc_from_zeroth_180,하느님께서는 단지 배우자에게 만족하지 못하는 것과 같은 사소한 이유로 이혼하려는 것을 미워하십니다,rawboost+codec
data/processed/en_augmented/LA_T_5411496_aug.wav,en,spoof,vc,A06,LA_0084,asvspoof2019la,,rawboost
data/processed/ko_augmented/zeroth_201_from_zeroth_202_003_1758_aug.wav,ko,spoof,vc,rvc_zeroth_201,zeroth_201,rvc_from_zeroth_202,그게 한 천 육백 억 원이 넘는 것으로 그렇게 알려지고 있습니다,codec
data/processed/en_augmented/LA_T_3755679_aug.wav,en,spoof,tts,A02,LA_0095,asvspoof2019la,,codec
data/processed/en_augmented/LA_T_7674329_aug.wav,en,bonafide,real,-,LA_0085,asvspoof2019la,,none
data/processed/ko_augmented/zeroth_200_from_zeroth_166_003_0870_aug.wav,ko,spoof,vc,rvc_zeroth_200,zeroth_200,rvc_from_zeroth_166,군인들이 죽어갈 수 있는 건 내 조국이 정의로운 조국이니까 가능하다고 그랬어,none
data/processed/ko_augmented/zeroth_160_003_2546_aug.wav,ko,bonafide,real,-,zeroth_160,zeroth_korean,업무 강도가 센 직업이라 야근과 주말근무를 할 때도 많아서 입주돌보미를 구했는데 비용이 높았다,none
data/processed/en_augmented/LA_T_4980224_aug.wav,en,bonafide,real,-,LA_0098,asvspoof2019la,,none
data/processed/ko_augmented/zeroth_201_from_zeroth_142_003_0681_aug.wav,ko,spoof,vc,rvc_zeroth_201,zeroth_201,rvc_from_zeroth_142,삼 분기에만 매출 일 조 이천 구백 십 구 억원 영업이익 육백 십 팔 억원을 올렸다,rawboost+codec
data/processed/en_augmented/LA_T_6842563_aug.wav,en,bonafide,real,-,LA_0095,asvspoof2019la,,rawboost
data/processed/en_augmented/LA_T_2301262_aug.wav,en,spoof,vc,A05,LA_0080,asvspoof2019la,,rawboost
data/processed/en_augmented/LA_T_8874328_aug.wav,en,bonafide,real,-,LA_0087,asvspoof2019la,,codec
data/processed/ko_augmented/zeroth_188_003_2670_aug.wav,ko,bonafide,real,-,zeroth_188,zeroth_korean,제가 속해 있는 지부의 범위보다 더 큰 규모의 공동체죠,rawboost
data/processed/en_augmented/LA_T_4051400_aug.wav,en,spoof,tts,A04,LA_0088,asvspoof2019la,,none
data/processed/en_augmented/LA_T_7746591_aug.wav,en,bonafide,real,-,LA_0083,asvspoof2019la,,none
data/processed/ko_augmented/zeroth_199_003_2186_aug.wav,ko,bonafide,real,-,zeroth_199,zeroth_korean,근로능력평가는 의학적 평가와 활동능력 평가 두 가지로 이뤄진다,rawboost+codec
data/processed/en_augmented/LA_T_5896323_aug.wav,en,bonafide,real,-,LA_0088,asvspoof2019la,,rawboost+codec
data/processed/en_augmented/LA_T_3707104_aug.wav,en,bonafide,real,-,LA_0091,asvspoof2019la,,rawboost
data/processed/en_augmented/LA_T_8059641_aug.wav,en,bonafide,real,-,LA_0096,asvspoof2019la,,none
data/processed/ko_augmented/zeroth_185_from_zeroth_145_003_2990_aug.wav,ko,spoof,vc,rvc_zeroth_185,zeroth_185,rvc_from_zeroth_145,사실 한 성서 필자는 마음속에서 일어나는 그러한 충돌을 싸움으로 묘사했습니다,rawboost
data/processed/en_augmented/LA_T_1711083_aug.wav,en,spoof,tts,A02,LA_0083,asvspoof2019la,,rawboost
data/processed/en_augmented/LA_T_4438475_aug.wav,en,spoof,tts,A02,LA_0090,asvspoof2019la,,none
data/processed/ko_augmented/zeroth_116_003_0334_aug.wav,ko,bonafide,real,-,zeroth_116,zeroth_korean,저희들이 생각하는 가장 유력한 증거는 현재 화물차에 접수돼 있던 차량에 보면 블랙박스가 있지 않습니까,none
data/processed/en_augmented/LA_T_3102501_aug.wav,en,spoof,vc,A06,LA_0086,asvspoof2019la,,none
data/processed/ko_augmented/kss_11214_aug.wav,ko,spoof,tts,mms-tts-kor,vits_default,kss_transcript,제발 늘어난 티셔츠 좀 그만 입어.,rawboost+codec
data/processed/en_augmented/LA_T_4417455_aug.wav,en,spoof,vc,A06,LA_0085,asvspoof2019la,,rawboost
data/processed/en_augmented/LA_T_5638559_aug.wav,en,bonafide,real,-,LA_0081,asvspoof2019la,,none
data/processed/ko_augmented/zeroth_206_003_1044_aug.wav,ko,bonafide,real,-,zeroth_206,zeroth_korean,빌이 말을 하는 데 성공하자 빅키와 로즈를 비롯한 많은 사람들이 기뻐하였습니다,rawboost
data/processed/ko_augmented/zeroth_201_from_zeroth_189_003_2715_aug.wav,ko,spoof,vc,rvc_zeroth_201,zeroth_201,rvc_from_zeroth_189,하지만 다행히도 유방암은 치료 가능성이 매우 높은 암에 속합니다,codec
data/processed/ko_augmented/zeroth_206_003_0591_aug.wav,ko,bonafide,real,-,zeroth_206,zeroth_korean,그러던 어느 날 뜻밖의 사건이 벌어져 이 도시와 일본 전체가 새로운 전기를 맞게 되었습니다,none
data/processed/en_augmented/LA_T_5774498_aug.wav,en,bonafide,real,-,LA_0080,asvspoof2019la,,rawboost+codec
data/processed/en_augmented/LA_T_8400669_aug.wav,en,spoof,tts,A02,LA_0096,asvspoof2019la,,none
data/processed/ko_augmented/kss_10513_aug.wav,ko,spoof,tts,mms-tts-kor,vits_default,kss_transcript,칼국수는 밀가루로 만든다.,rawboost
data/processed/ko_augmented/zeroth_184_003_2080_aug.wav,ko,bonafide,real,-,zeroth_184,zeroth_korean,지난해 국내 연구개발과 디자인 직군에만 시범 실시했는데 업무 효율성이 높아지고 직원 만족도가 높아 회사 전체로 확대한 겁니다,rawboost
data/processed/ko_augmented/zeroth_190_003_0844_aug.wav,ko,bonafide,real,-,zeroth_190,zeroth_korean,김씨가 가입한 공무원 준비 커뮤니티는 현직 게시판에 셀프 소개팅 관련 글이 넘쳐나면서 지난 유 월부터 전용 게시판을 별도로 마련했다,rawboost
data/processed/en_augmented/LA_T_1636151_aug.wav,en,bonafide,real,-,LA_0092,asvspoof2019la,,rawboost
data/processed/en_augmented/LA_T_4176612_aug.wav,en,bonafide,real,-,LA_0080,asvspoof2019la,,rawboost
data/processed/ko_augmented/zeroth_158_003_0738_aug.wav,ko,bonafide,real,-,zeroth_158,zeroth_korean,반 전총장의 갑작스러운 불출마선언은 귀국 후 축소일로를 걸어 온 본인의 정치적 영향력을 절감했기 때문으로 풀이된다,rawboost
data/processed/en_augmented/LA_T_1555189_aug.wav,en,bonafide,real,-,LA_0083,asvspoof2019la,,none
data/processed/ko_augmented/zeroth_157_003_0819_aug.wav,ko,bonafide,real,-,zeroth_157,zeroth_korean,여덟 시간이나 집을 비웠는데도 재우기만하면 별문제 없을 것이라고 착각했습니다,codec
data/processed/ko_augmented/kss_06636_aug.wav,ko,spoof,tts,mms-tts-kor,vits_default,kss_transcript,번호를 부를 때까지 로비에서 기다려 주십시오.,none
data/processed/en_augmented/LA_T_6167894_aug.wav,en,spoof,tts,A03,LA_0081,asvspoof2019la,,none
data/processed/ko_augmented/zeroth_146_003_0614_aug.wav,ko,bonafide,real,-,zeroth_146,zeroth_korean,그랬더니 강남구 쪽에서 좋은 의견을 내주시는데 왜 제가 안 받겠느냐,rawboost+codec
data/processed/ko_augmented/zeroth_165_003_1221_aug.wav,ko,bonafide,real,-,zeroth_165,zeroth_korean,세계암연구재단은 매주 붉은 고기 요리 섭취를 오백 그램 으로 제한할 것을 권한 바 있다,rawboost
data/processed/en_augmented/LA_T_8129486_aug.wav,en,bonafide,real,-,LA_0090,asvspoof2019la,,rawboost
data/processed/ko_augmented/kss_11943_aug.wav,ko,spoof,tts,mms-tts-kor,vits_default,kss_transcript,저는 얼마 전에 조그만 식당을 시작했어요.,none
data/processed/en_augmented/LA_T_6069668_aug.wav,en,spoof,vc,A05,LA_0092,asvspoof2019la,,rawboost
data/processed/ko_augmented/zeroth_153_003_1242_aug.wav,ko,bonafide,real,-,zeroth_153,zeroth_korean,이 대표는 이 자리에서 젊은 여러분들의 열정과 충정이야말로 새누리당의 희망이라며 그래서 제가 결심했고 날짜까지 박았잖나라고 하소연했다,rawboost+codec
data/processed/en_augmented/LA_T_4053835_aug.wav,en,bonafide,real,-,LA_0079,asvspoof2019la,,rawboost
data/processed/en_augmented/LA_T_6599866_aug.wav,en,spoof,tts,A02,LA_0094,asvspoof2019la,,none
data/processed/ko_augmented/zeroth_185_from_kss_11475_aug.wav,ko,spoof,vc,rvc_zeroth_185,zeroth_185,rvc_from_kss_speaker,남은 거 포장해 주시겠어요?,rawboost
data/processed/en_augmented/LA_T_9857249_aug.wav,en,bonafide,real,-,LA_0095,asvspoof2019la,,none
data/processed/ko_augmented/zeroth_196_003_1001_aug.wav,ko,bonafide,real,-,zeroth_196,zeroth_korean,그러나 누진제도에 대한 한전과 정부의 입장은 요지부동이다,none
data/processed/ko_augmented/zeroth_215_003_1508_aug.wav,ko,bonafide,real,-,zeroth_215,zeroth_korean,자기계발비가 너무 적어 가족당 외출을 한 달에 한 두 번밖에 못할 명세서도 등장했다,codec
data/processed/ko_augmented/zeroth_179_003_2228_aug.wav,ko,bonafide,real,-,zeroth_179,zeroth_korean,실제로 우두머리 수컷은 화가 나거나 흥분하면 코가 부풀어 오르면서 빨개집니다,rawboost
data/processed/ko_augmented/zeroth_190_003_2504_aug.wav,ko,bonafide,real,-,zeroth_190,zeroth_korean,쿠키뉴스 인터넷을 통해 자살 정보를 공유하고 동반자살까지 실행에 옮기는 위험한 사태가 현실에서 버젓이 일어나고 있는 것으로 드러났다,rawboost
data/processed/en_augmented/LA_T_4566714_aug.wav,en,bonafide,real,-,LA_0086,asvspoof2019la,,rawboost+codec
data/processed/ko_augmented/zeroth_185_from_kss_12151_aug.wav,ko,spoof,vc,rvc_zeroth_185,zeroth_185,rvc_from_kss_speaker,이 건물은 누구 소유예요?,rawboost+codec
data/processed/ko_augmented/kss_12163_aug.wav,ko,bonafide,real,-,kss_speaker,kss,싼값에 비행기 표를 구할 방법 없을까?,none
data/processed/ko_augmented/kss_10632_aug.wav,ko,spoof,tts,mms-tts-kor,vits_default,kss_transcript,서울에 도착하면 꼭 메일 보내 줘.,none
data/processed/ko_augmented/kss_09207_aug.wav,ko,spoof,tts,mms-tts-kor,vits_default,kss_transcript,과정도 결과만큼 중요해요.,codec
data/processed/ko_augmented/zeroth_180_003_0299_aug.wav,ko,bonafide,real,-,zeroth_180,zeroth_korean,재계약 과정에서도 수당 상여금 요청을 번번이 거부당한 박씨는 결국 올 이 월 서울지방노동위원회에 차별시정 신청을 냈다,rawboost
data/processed/en_augmented/LA_T_5560661_aug.wav,en,spoof,vc,A06,LA_0095,asvspoof2019la,,rawboost
data/processed/en_augmented/LA_T_7833340_aug.wav,en,bonafide,real,-,LA_0088,asvspoof2019la,,none
data/processed/en_augmented/LA_T_6050095_aug.wav,en,spoof,vc,A06,LA_0087,asvspoof2019la,,codec
data/processed/ko_augmented/kss_06559_aug.wav,ko,spoof,tts,mms-tts-kor,vits_default,kss_transcript,밤에는 환한 색 옷을 입는 게 안전합니다.,none
data/processed/ko_augmented/kss_05656_aug.wav,ko,spoof,tts,mms-tts-kor,vits_default,kss_transcript,첨부된 송장 사본을 확인 바랍니다.,rawboost
data/processed/ko_augmented/kss_01034_aug.wav,ko,bonafide,real,-,kss_speaker,kss,내일은 제일 중요한 장면을 연습할 거야.,none
data/processed/ko_augmented/kss_10507_aug.wav,ko,spoof,tts,mms-tts-kor,vits_default,kss_transcript,손에 쥐고 있는 게 뭐니?,rawboost
data/processed/ko_augmented/zeroth_106_003_0077_aug.wav,ko,bonafide,real,-,zeroth_106,zeroth_korean,인사를 결정하는 과정에서 당 지도부가 우 원내대표 및 원내지도부와 충분한 상의를 거치지 않은 채 일방적으로 인사를 했다는 불만도 원내지도부를 중심으로 흘러나왔다,rawboost+codec
data/processed/ko_augmented/zeroth_117_003_0227_aug.wav,ko,bonafide,real,-,zeroth_117,zeroth_korean,시속 여든 킬로미터를 넘으면 차체 뒷부분이 마흔 센티미터가량 길어져 주변 공기가 쉽게 빠져나가게 설계됐습니다,rawboost
data/processed/ko_augmented/zeroth_145_003_2636_aug.wav,ko,bonafide,real,-,zeroth_145,zeroth_korean,때문에 박 대통령의 이날 발언을 두고 박심 을 우회적으로 내비친 것 아니냐는 해석이 나왔다,none
data/processed/en_augmented/LA_T_8452659_aug.wav,en,bonafide,real,-,LA_0092,asvspoof2019la,,rawboost
data/processed/ko_augmented/kss_05782_aug.wav,ko,bonafide,real,-,kss_speaker,kss,"A: 저 게임 생방송이에요? B: 아뇨, 녹화방송이요.",rawboost
data/processed/en_augmented/LA_T_8856169_aug.wav,en,bonafide,real,-,LA_0088,asvspoof2019la,,none
data/processed/en_augmented/LA_T_4810261_aug.wav,en,bonafide,real,-,LA_0093,asvspoof2019la,,codec
data/processed/en_augmented/LA_T_2426408_aug.wav,en,spoof,vc,A05,LA_0084,asvspoof2019la,,none
data/processed/en_augmented/LA_T_8537108_aug.wav,en,bonafide,real,-,LA_0095,asvspoof2019la,,rawboost+codec
data/processed/ko_augmented/zeroth_144_003_0469_aug.wav,ko,bonafide,real,-,zeroth_144,zeroth_korean,그러나 성인 기준 나이를 훌쩍 넘긴 이들이 미디어에서 어린이 다움을 어필하는 것은 이미 대세가 됐다,none
data/processed/en_augmented/LA_T_7521161_aug.wav,en,bonafide,real,-,LA_0098,asvspoof2019la,,rawboost
data/processed/en_augmented/LA_T_3176879_aug.wav,en,bonafide,real,-,LA_0094,asvspoof2019la,,none
data/processed/en_augmented/LA_T_5439165_aug.wav,en,spoof,vc,A05,LA_0083,asvspoof2019la,,none
data/processed/en_augmented/LA_T_6905334_aug.wav,en,spoof,tts,A02,LA_0088,asvspoof2019la,,codec
data/processed/en_augmented/LA_T_9949256_aug.wav,en,bonafide,real,-,LA_0094,asvspoof2019la,,codec
data/processed/en_augmented/LA_T_4319970_aug.wav,en,spoof,vc,A05,LA_0098,asvspoof2019la,,rawboost
data/processed/en_augmented/LA_T_4350540_aug.wav,en,bonafide,real,-,LA_0086,asvspoof2019la,,codec
data/processed/ko_augmented/zeroth_152_from_zeroth_138_003_0331_aug.wav,ko,spoof,vc,rvc_zeroth_152,zeroth_152,rvc_from_zeroth_138,그러나 언제부터인가 강아지들이 점점 이상한 행동을 보이기 시작했다,rawboost+codec
data/processed/ko_augmented/zeroth_163_003_2565_aug.wav,ko,bonafide,real,-,zeroth_163,zeroth_korean,우 전 수석은 특검 출범 이후 줄곧 사법처리 대상에 포함될지 관심을 받아왔다,rawboost+codec
data/processed/ko_augmented/zeroth_204_003_0972_aug.wav,ko,bonafide,real,-,zeroth_204,zeroth_korean,기자회견에 이어 오후에는 새정치 실현을 위한 집중 토론회를 개최 신당의 기조에 대한 의견을 수렴하고 신당의 정치 세력화를 성공시키기 위한 지역별 부문별 의견을 청취할 예정이다,none
data/processed/ko_augmented/zeroth_161_003_1721_aug.wav,ko,bonafide,real,-,zeroth_161,zeroth_korean,박정희 전 대통령이 사십 년전 창원기계공업단지를 지정했고 같은해에 거제에 조선공업단지를 지정했다,none
data/processed/en_augmented/LA_T_1029184_aug.wav,en,bonafide,real,-,LA_0096,asvspoof2019la,,none
data/processed/ko_augmented/zeroth_172_003_0646_aug.wav,ko,bonafide,real,-,zeroth_172,zeroth_korean,이런 현상 이면에는 자동차회사의 직영 정비공장이나 외산차 전문수리점의 부추김도 한몫했다는 지적이다,rawboost+codec
data/processed/ko_augmented/kss_05993_aug.wav,ko,spoof,tts,mms-tts-kor,vits_default,kss_transcript,열차가 출입문 고장으로 한 시간 가량 지연되었다.,rawboost
data/processed/en_augmented/LA_T_1770624_aug.wav,en,bonafide,real,-,LA_0088,asvspoof2019la,,none
data/processed/ko_augmented/zeroth_166_003_1411_aug.wav,ko,bonafide,real,-,zeroth_166,zeroth_korean,대우조선이 잘하는 조선 쪽에 특화해 규모를 줄여 회생을 도모하자는 것이다,rawboost
data/processed/ko_augmented/zeroth_200_from_kss_02991_aug.wav,ko,spoof,vc,rvc_zeroth_200,zeroth_200,rvc_from_kss_speaker,요즘 밤마다 불면증에 시달려요.,none
data/processed/ko_augmented/zeroth_198_003_0112_aug.wav,ko,bonafide,real,-,zeroth_198,zeroth_korean,그런데 사무실의 냉방기준에는 이런 사정이 전혀 반영되지 않고 있다는 게 킹마 교수의 설명이다,rawboost+codec
data/processed/ko_augmented/zeroth_127_003_0501_aug.wav,ko,bonafide,real,-,zeroth_127,zeroth_korean,일요일인 지난 오 일 오후 아홉 시쯤 서울 광진구의 한 가정집에서 그릇 깨지는 소리가 요란하게 났다,rawboost
data/processed/en_augmented/LA_T_7803296_aug.wav,en,spoof,tts,A01,LA_0083,asvspoof2019la,,rawboost
data/processed/en_augmented/LA_T_9075670_aug.wav,en,bonafide,real,-,LA_0082,asvspoof2019la,,rawboost+codec
data/processed/en_augmented/LA_T_6200206_aug.wav,en,bonafide,real,-,LA_0079,asvspoof2019la,,rawboost+codec
data/processed/en_augmented/LA_T_3220828_aug.wav,en,bonafide,real,-,LA_0087,asvspoof2019la,,rawboost
data/processed/en_augmented/LA_T_8522890_aug.wav,en,spoof,vc,A05,LA_0089,asvspoof2019la,,rawboost+codec
data/processed/en_augmented/LA_T_3279226_aug.wav,en,spoof,tts,A01,LA_0086,asvspoof2019la,,rawboost
data/processed/ko_augmented/zeroth_152_from_kss_09192_aug.wav,ko,spoof,vc,rvc_zeroth_152,zeroth_152,rvc_from_kss_speaker,흡연 구역은 어디입니까?,rawboost
data/processed/ko_augmented/zeroth_144_003_0747_aug.wav,ko,bonafide,real,-,zeroth_144,zeroth_korean,경기 안산단원경찰서는 안산 방조제 토막시신 사건 전단을 수정해 배포했다고 사 일 밝혔다,rawboost
data/processed/en_augmented/LA_T_4107830_aug.wav,en,spoof,tts,A03,LA_0092,asvspoof2019la,,none
data/processed/en_augmented/LA_T_6144753_aug.wav,en,bonafide,real,-,LA_0095,asvspoof2019la,,rawboost
data/processed/ko_augmented/kss_09056_aug.wav,ko,spoof,tts,mms-tts-kor,vits_default,kss_transcript,고객이 계약서에 벌써 서명했나요?,codec
data/processed/ko_augmented/kss_06765_aug.wav,ko,spoof,tts,mms-tts-kor,vits_default,kss_transcript,"배는 별로 안 고픈데, 단지 너무 졸려요.",rawboost
data/processed/ko_augmented/kss_10713_aug.wav,ko,spoof,tts,mms-tts-kor,vits_default,kss_transcript,좋은 나무가 좋은 열매를 맺는 법이다.,none
data/processed/en_augmented/LA_T_6625610_aug.wav,en,spoof,vc,A06,LA_0092,asvspoof2019la,,rawboost
data/processed/ko_augmented/zeroth_185_from_kss_04932_aug.wav,ko,spoof,vc,rvc_zeroth_185,zeroth_185,rvc_from_kss_speaker,이곳은 한국에서 가장 인기 있는 관광지 중 하나입니다.,none
data/processed/en_augmented/LA_T_8647496_aug.wav,en,bonafide,real,-,LA_0080,asvspoof2019la,,codec
data/processed/ko_augmented/zeroth_195_003_2105_aug.wav,ko,bonafide,real,-,zeroth_195,zeroth_korean,그마저도 남편이 다른 회사로 옮기면서 차가 필요해 중고차를 구매하자 지원대상에서 제외됐다,rawboost+codec
data/processed/en_augmented/LA_T_4568066_aug.wav,en,spoof,tts,A02,LA_0097,asvspoof2019la,,rawboost
data/processed/ko_augmented/zeroth_218_003_2711_aug.wav,ko,bonafide,real,-,zeroth_218,zeroth_korean,국산이 오 천 원 노르웨이산이 삼 천 구백 팔십 원으로 수입 고등어가 일 천 원 이상 쌌다,rawboost
data/processed/en_augmented/LA_T_8708011_aug.wav,en,spoof,vc,A06,LA_0087,asvspoof2019la,,rawboost+codec
data/processed/ko_augmented/zeroth_201_from_zeroth_211_003_0802_aug.wav,ko,spoof,vc,rvc_zeroth_201,zeroth_201,rvc_from_zeroth_211,콩에 대한 자료라면 무엇이든 구해 읽었고 누구를 만나도 콩의 중요성을 설파했다,rawboost
data/processed/en_augmented/LA_T_1236840_aug.wav,en,bonafide,real,-,LA_0098,asvspoof2019la,,rawboost
data/processed/ko_augmented/zeroth_106_003_0325_aug.wav,ko,bonafide,real,-,zeroth_106,zeroth_korean,가방을 비롯한 수하물들을 컨베이어 벨트 위에 가능한 한 납작하게 올려놓으십시오,rawboost
data/processed/ko_augmented/zeroth_194_003_2832_aug.wav,ko,bonafide,real,-,zeroth_194,zeroth_korean,장면 하나하나를 놓치지 않으려는 제작진의 표정이 진지합니다,none
data/processed/ko_augmented/zeroth_122_003_0258_aug.wav,ko,bonafide,real,-,zeroth_122,zeroth_korean,사상 초유의 가축 질병 멀티 바이러스 대란이 닥쳤지만 현장에선 제대로 된 보고조차 이뤄지지 않고 컨트롤타워 역할을 해야 할 황 권한대행은 내용을 파악하지 못하고 있다,none
data/processed/en_augmented/LA_T_7510578_aug.wav,en,spoof,tts,A01,LA_0086,asvspoof2019la,,codec
data/processed/ko_augmented/kss_06854_aug.wav,ko,spoof,tts,mms-tts-kor,vits_default,kss_transcript,두 점을 자와 연필을 이용해 이으시오.,rawboost
data/processed/ko_augmented/kss_10563_aug.wav,ko,bonafide,real,-,kss_speaker,kss,방금 잠은 깼는데 술이 아직 안 깨요.,none
data/processed/ko_augmented/kss_03451_aug.wav,ko,spoof,tts,mms-tts-kor,vits_default,kss_transcript,나는 한 시간 가까이 출발을 늦추었다.,none
data/processed/ko_augmented/zeroth_200_from_zeroth_116_003_2247_aug.wav,ko,spoof,vc,rvc_zeroth_200,zeroth_200,rvc_from_zeroth_116,사고 당시 청와대는 진도에서 여객선 조난신고가 왔냐며 배의 이름 도착 예정지 몇 톤 급인지에 정보를 요구했다,none
data/processed/ko_augmented/zeroth_152_from_zeroth_106_003_0325_aug.wav,ko,spoof,vc,rvc_zeroth_152,zeroth_152,rvc_from_zeroth_106,가방을 비롯한 수하물들을 컨베이어 벨트 위에 가능한 한 납작하게 올려놓으십시오,none
data/processed/en_augmented/LA_T_3492130_aug.wav,en,bonafide,real,-,LA_0083,asvspoof2019la,,none
data/processed/en_augmented/LA_T_6653103_aug.wav,en,spoof,vc,A05,LA_0081,asvspoof2019la,,rawboost
data/processed/en_augmented/LA_T_8387777_aug.wav,en,bonafide,real,-,LA_0083,asvspoof2019la,,rawboost+codec
data/processed/ko_augmented/kss_01057_aug.wav,ko,spoof,tts,mms-tts-kor,vits_default,kss_transcript,가려운 데를 긁지 마세요.,rawboost
data/processed/en_augmented/LA_T_3051101_aug.wav,en,spoof,vc,A05,LA_0092,asvspoof2019la,,codec
data/processed/ko_augmented/zeroth_185_from_zeroth_120_003_0753_aug.wav,ko,spoof,vc,rvc_zeroth_185,zeroth_185,rvc_from_zeroth_120,다만 다양한 증언과 목격을 통해 이슬람 극단 세력이 이번 테러의 배후세력이라는 추정이 나온다,codec
data/processed/ko_augmented/kss_10020_aug.wav,ko,spoof,tts,mms-tts-kor,vits_default,kss_transcript,"저, 뭐 하나 부탁 드려도 될까요?",none
data/processed/ko_augmented/zeroth_200_from_zeroth_196_003_2042_aug.wav,ko,spoof,vc,rvc_zeroth_200,zeroth_200,rvc_from_zeroth_196,가을에 단풍이 드는 것은 나무들이 겨울맞이를 준비하는 과정의 일부입니다,rawboost+codec
data/processed/ko_augmented/kss_05143_aug.wav,ko,spoof,tts,mms-tts-kor,vits_default,kss_transcript,저는 일본에서 자랐지만 국적은 한국입니다.,codec
data/processed/en_augmented/LA_T_8156237_aug.wav,en,bonafide,real,-,LA_0083,asvspoof2019la,,none
data/processed/ko_augmented/zeroth_164_003_2985_aug.wav,ko,bonafide,real,-,zeroth_164,zeroth_korean,앵커 한 고등학교가 얼마 전 이 학년 학부모들에게 발송한 가정통신문입니다,codec
data/processed/en_augmented/LA_T_2090997_aug.wav,en,spoof,tts,A01,LA_0098,asvspoof2019la,,none
data/processed/ko_augmented/zeroth_185_from_kss_01249_aug.wav,ko,spoof,vc,rvc_zeroth_185,zeroth_185,rvc_from_kss_speaker,칼이 굉장히 날카로우니까 조심해.,none
data/processed/ko_augmented/zeroth_192_003_2140_aug.wav,ko,bonafide,real,-,zeroth_192,zeroth_korean,기재부 관계자는 특수활동비의 경우 총액 편성 총액 결산이기 때문에 결산 때 세부 내역까지 상세히 들여다보지 않는다고 했다,rawboost
data/processed/ko_augmented/zeroth_216_003_2548_aug.wav,ko,bonafide,real,-,zeroth_216,zeroth_korean,적어도 새누리당에 비해 완승을 거뒀다면서도 비례대표 공천은 검증이 다소 부실한 점이 있었고 중앙위 결정과 권한을 소홀하게 생각해 걱정이 많았다,rawboost+codec
data/processed/en_augmented/LA_T_3096056_aug.wav,en,spoof,tts,A04,LA_0082,asvspoof2019la,,rawboost
data/processed/en_augmented/LA_T_9085120_aug.wav,en,spoof,vc,A06,LA_0089,asvspoof2019la,,rawboost
data/processed/en_augmented/LA_T_4589610_aug.wav,en,spoof,vc,A06,LA_0080,asvspoof2019la,,none
data/processed/ko_augmented/zeroth_158_003_2704_aug.wav,ko,bonafide,real,-,zeroth_158,zeroth_korean,나머지 세 명은 한은 금통위가 연내 금리를 인상할 것으로 내다봤다,none
data/processed/en_augmented/LA_T_1202598_aug.wav,en,bonafide,real,-,LA_0091,asvspoof2019la,,rawboost+codec
data/processed/ko_augmented/kss_05455_aug.wav,ko,spoof,tts,mms-tts-kor,vits_default,kss_transcript,사업은 계획 단계에 있습니다.,codec
data/processed/ko_augmented/kss_03562_aug.wav,ko,spoof,tts,mms-tts-kor,vits_default,kss_transcript,저는 스무 살 때 흰머리가 나기 시작했어요.,none
data/processed/en_augmented/LA_T_4871078_aug.wav,en,bonafide,real,-,LA_0093,asvspoof2019la,,rawboost+codec
data/processed/en_augmented/LA_T_2147294_aug.wav,en,bonafide,real,-,LA_0091,asvspoof2019la,,none
data/processed/ko_augmented/zeroth_151_003_2623_aug.wav,ko,bonafide,real,-,zeroth_151,zeroth_korean,신병 치료를 위해 병원에 입원해 있는 윤씨는 일체의 언론 접촉을 거부하고 있다,rawboost
data/processed/ko_augmented/zeroth_166_003_1617_aug.wav,ko,bonafide,real,-,zeroth_166,zeroth_korean,삼성전자가 갈수록 추락하는 중국 시장 점유율을 만회하기 위해 가격 대응에 나섰다,none
data/processed/ko_augmented/zeroth_136_003_0081_aug.wav,ko,bonafide,real,-,zeroth_136,zeroth_korean,모두가 언어를 공부하고 있었고 영어를 잘했기 때문에 그들에게 영어로 된 청소년은 묻는다 책 삼십 권을 전할 수 있었지요,rawboost+codec
data/processed/en_augmented/LA_T_2261673_aug.wav,en,spoof,vc,A06,LA_0086,asvspoof2019la,,rawboost
data/processed/ko_augmented/zeroth_151_003_1746_aug.wav,ko,bonafide,real,-,zeroth_151,zeroth_korean,이날 완치된 다섯 번 환자처럼 면역력이 튼튼하고 기저 질환이 없으면 치료가 어렵지 않다는 것이 의료진의 설명이다,codec
data/processed/ko_augmented/zeroth_185_from_zeroth_187_003_1190_aug.wav,ko,spoof,vc,rvc_zeroth_185,zeroth_185,rvc_from_zeroth_187,김현정 그럼 정리를 해 보자면 우리 선생님 댁에서 한 두 달 가까이 돌본 다음에 어쩌어찌해서 다시 아빠한테 가기는 했고 그리고 센터에도 다시 오기 시작했는데요,rawboost
data/processed/en_augmented/LA_T_7466998_aug.wav,en,bonafide,real,-,LA_0092,asvspoof2019la,,rawboost
data/processed/ko_augmented/zeroth_128_003_2570_aug.wav,ko,bonafide,real,-,zeroth_128,zeroth_korean,한겨울 간식거리인 호빵과 즉석어묵도 매출이 전년대비 이십 에서 삼십 퍼센트 감소했다,rawboost
data/processed/ko_augmented/zeroth_152_from_zeroth_142_003_0337_aug.wav,ko,spoof,vc,rvc_zeroth_152,zeroth_152,rvc_from_zeroth_142,재판부는 김씨에게 육체적 정신적 피로가 누적된 상태에서 심근경색이 발생한 것으로 보인다고 판단했다,none
data/processed/ko_augmented/kss_04460_aug.wav,ko,spoof,tts,mms-tts-kor,vits_default,kss_transcript,아드님이 정말 자랑스러우시겠어요.,rawboost
data/processed/ko_augmented/zeroth_127_003_2274_aug.wav,ko,bonafide,real,-,zeroth_127,zeroth_korean,재임용 거부 소청 심사위 결정 소송 등 과정은 반복됐다,rawboost
data/processed/ko_augmented/zeroth_188_003_0126_aug.wav,ko,bonafide,real,-,zeroth_188,zeroth_korean,이 과정에서 일부 주주의 반대로 송광수 사외이사와 박재완 사외이사 신종균 사내이사 이사 보수한도 승인의 건 등 총 사 차례의 안건에 대한 찬반 투표가 진행됐다,none
data/processed/en_augmented/LA_T_9130247_aug.wav,en,spoof,tts,A01,LA_0090,asvspoof2019la,,codec
data/processed/ko_augmented/zeroth_184_003_2083_aug.wav,ko,bonafide,real,-,zeroth_184,zeroth_korean,정부는 전국에 있는 사 대 강 보를 통해 확보된 물을 더 효율적으로 활용할 수 있도록 사 대 강 수자원 활용 개선 방안 용역도 시행 중이다,none
data/processed/en_augmented/LA_T_1569908_aug.wav,en,bonafide,real,-,LA_0082,asvspoof2019la,,rawboost+codec
data/processed/ko_augmented/zeroth_168_003_1228_aug.wav,ko,bonafide,real,-,zeroth_168,zeroth_korean,일각에서는 내주 초 박 대통령의 방미를 앞두고 단행될 것이라는 관측도 제기된다,rawboost
data/processed/ko_augmented/zeroth_185_from_zeroth_134_003_2547_aug.wav,ko,spoof,vc,rvc_zeroth_185,zeroth_185,rvc_from_zeroth_134,박 의원은 특히 남양주에 라고 말하면서 눈물을 보였고 어린 시절 그곳에서 뛰어놀다 삼 선 국회의원이 됐고 아무런 배경도 없이 오직 땀과 눈물로 앞만 보고 달렸다,none
data/processed/ko_augmented/kss_08511_aug.wav,ko,bonafide,real,-,kss_speaker,kss,어머니는 제가 어서 결혼하기를 바라세요.,rawboost+codec
data/processed/en_augmented/LA_T_2797155_aug.wav,en,bonafide,real,-,LA_0092,asvspoof2019la,,none
data/processed/ko_augmented/kss_11788_aug.wav,ko,bonafide,real,-,kss_speaker,kss,여기에 한 줄로 서 주세요.,rawboost
data/processed/en_augmented/LA_T_1840504_aug.wav,en,spoof,vc,A06,LA_0084,asvspoof2019la,,none
data/processed/ko_augmented/kss_02235_aug.wav,ko,spoof,tts,mms-tts-kor,vits_default,kss_transcript,일생에 다시 없을 기회를 놓치지 마세요.,rawboost+codec
data/processed/ko_augmented/kss_02609_aug.wav,ko,spoof,tts,mms-tts-kor,vits_default,kss_transcript,교과서 10쪽을 펴세요.,none
data/processed/ko_augmented/zeroth_140_003_1912_aug.wav,ko,bonafide,real,-,zeroth_140,zeroth_korean,서울시나라의 저출산이 심각하니 여성은 출산을 해야 하는 의무를 가진 기계일 뿐이다,rawboost
data/processed/ko_augmented/zeroth_158_003_0810_aug.wav,ko,bonafide,real,-,zeroth_158,zeroth_korean,낯선 곳에 묵다 보니 누굴 만날 때 차림새가 엉망이었다,none
data/processed/ko_augmented/kss_11225_aug.wav,ko,spoof,tts,mms-tts-kor,vits_default,kss_transcript,요즘에는 자기 부모님이나 선생님을 존경하지 않는 아이들이 많아요.,rawboost
data/processed/ko_augmented/zeroth_184_003_1828_aug.wav,ko,bonafide,real,-,zeroth_184,zeroth_korean,대신 준거집단 성향 고관여가전제품 여부가 향후수입 가전제품 구입 의향에 영향을 미쳤다,rawboost+codec
data/processed/en_augmented/LA_T_7717439_aug.wav,en,spoof,vc,A05,LA_0096,asvspoof2019la,,codec
data/processed/ko_augmented/kss_05024_aug.wav,ko,bonafide,real,-,kss_speaker,kss,작품에 손대지 마시오.,none
data/processed/en_augmented/LA_T_3565683_aug.wav,en,bonafide,real,-,LA_0090,asvspoof2019la,,rawboost
data/processed/ko_augmented/zeroth_174_003_0245_aug.wav,ko,bonafide,real,-,zeroth_174,zeroth_korean,호남은 역대 대선에서 특정 후보에게 표를 몰아주는 전략적 선택을 해왔다,none
data/processed/en_augmented/LA_T_6790729_aug.wav,en,spoof,tts,A02,LA_0085,asvspoof2019la,,codec
data/processed/ko_augmented/zeroth_152_from_zeroth_123_003_2522_aug.wav,ko,spoof,vc,rvc_zeroth_152,zeroth_152,rvc_from_zeroth_123,하지만 박씨는 서울 노원구에 있는 집에서 송파구 잠실 석촌호수까지 지하철을 타고 오가는 동안 아무런 제지를 받지 않았다,rawboost+codec
data/processed/en_augmented/LA_T_1267917_aug.wav,en,bonafide,real,-,LA_0098,asvspoof2019la,,rawboost+codec
data/processed/ko_augmented/kss_01675_aug.wav,ko,spoof,tts,mms-tts-kor,vits_default,kss_transcript,오래된 차는 고장 나기 쉬워요.,none
data/processed/ko_augmented/kss_09639_aug.wav,ko,spoof,tts,mms-tts-kor,vits_default,kss_transcript,오늘은 달이 참 밝네요!,rawboost
data/processed/en_augmented/LA_T_3340235_aug.wav,en,bonafide,real,-,LA_0092,asvspoof2019la,,none
data/processed/en_augmented/LA_T_2823943_aug.wav,en,bonafide,real,-,LA_0088,asvspoof2019la,,rawboost
data/processed/en_augmented/LA_T_5702907_aug.wav,en,bonafide,real,-,LA_0089,asvspoof2019la,,rawboost
data/processed/en_augmented/LA_T_3551277_aug.wav,en,bonafide,real,-,LA_0096,asvspoof2019la,,codec
data/processed/ko_augmented/zeroth_160_003_0224_aug.wav,ko,bonafide,real,-,zeroth_160,zeroth_korean,또한 이곳은 세계에서 조수 간만의 차이가 가장 심한 곳 중 하나여서 캘리포니아 만 북단에서는 그로 인한 해수면의 차이가 아홉 미터에 달하기도 합니다,none
data/processed/en_augmented/LA_T_2089894_aug.wav,en,bonafide,real,-,LA_0092,asvspoof2019la,,none
data/processed/ko_augmented/kss_12099_aug.wav,ko,spoof,tts,mms-tts-kor,vits_default,kss_transcript,솔직히 말해서 저는 제 외모에 별로 자신이 없어요.,rawboost
data/processed/ko_augmented/zeroth_185_from_zeroth_123_003_2076_aug.wav,ko,spoof,vc,rvc_zeroth_185,zeroth_185,rvc_from_zeroth_123,그래서 채무증명서 이런 거 제출해서 휴학했었습니다 일 년,rawboost
data/processed/en_augmented/LA_T_4527242_aug.wav,en,spoof,vc,A05,LA_0080,asvspoof2019la,,rawboost+codec
data/processed/ko_augmented/zeroth_162_003_1262_aug.wav,ko,bonafide,real,-,zeroth_162,zeroth_korean,머스크의 상상력이 현실에서 펼쳐질 가능성이 커지면서 개발업체를 향한 투자도 이어지고 있다,rawboost
data/processed/ko_augmented/kss_03868_aug.wav,ko,spoof,tts,mms-tts-kor,vits_default,kss_transcript,궁금한 게 있으면 무엇이든 물어보세요.,rawboost
data/processed/en_augmented/LA_T_3484516_aug.wav,en,spoof,tts,A02,LA_0085,asvspoof2019la,,rawboost+codec
data/processed/ko_augmented/zeroth_122_003_0975_aug.wav,ko,bonafide,real,-,zeroth_122,zeroth_korean,실제로 이천 육 년부터 이천 십 사 년 사이에 베네수엘라의 민간기업은 이십 퍼센트나 감소했다,codec
data/processed/en_augmented/LA_T_5043547_aug.wav,en,bonafide,real,-,LA_0098,asvspoof2019la,,rawboost
data/processed/en_augmented/LA_T_2967334_aug.wav,en,spoof,tts,A03,LA_0092,asvspoof2019la,,none
data/processed/en_augmented/LA_T_3130781_aug.wav,en,spoof,vc,A06,LA_0093,asvspoof2019la,,none
data/processed/en_augmented/LA_T_6657121_aug.wav,en,bonafide,real,-,LA_0095,asvspoof2019la,,rawboost+codec
data/processed/en_augmented/LA_T_8219519_aug.wav,en,spoof,vc,A06,LA_0091,asvspoof2019la,,rawboost+codec
data/processed/en_augmented/LA_T_9243374_aug.wav,en,bonafide,real,-,LA_0087,asvspoof2019la,,codec
data/processed/ko_augmented/zeroth_200_from_kss_04702_aug.wav,ko,spoof,vc,rvc_zeroth_200,zeroth_200,rvc_from_kss_speaker,우리 대학교는 오랜 역사를 갖고 있다.,none
data/processed/en_augmented/LA_T_8111539_aug.wav,en,bonafide,real,-,LA_0089,asvspoof2019la,,none
data/processed/en_augmented/LA_T_8888367_aug.wav,en,spoof,tts,A01,LA_0085,asvspoof2019la,,rawboost
data/processed/en_augmented/LA_T_1653822_aug.wav,en,spoof,vc,A05,LA_0085,asvspoof2019la,,rawboost+codec
data/processed/ko_augmented/zeroth_210_003_2114_aug.wav,ko,bonafide,real,-,zeroth_210,zeroth_korean,정보당국은 북한이 조업권 판매로 칠천 오백 만 달러를 벌어들여 김 위원장의 통치자금으로 사용하고 있는 것으로 파악하고 있다,codec
data/processed/en_augmented/LA_T_4050802_aug.wav,en,bonafide,real,-,LA_0095,asvspoof2019la,,none
data/processed/en_augmented/LA_T_2616885_aug.wav,en,bonafide,real,-,LA_0094,asvspoof2019la,,none
data/processed/en_augmented/LA_T_3453961_aug.wav,en,spoof,vc,A05,LA_0088,asvspoof2019la,,none
data/processed/en_augmented/LA_T_1581637_aug.wav,en,spoof,vc,A05,LA_0087,asvspoof2019la,,rawboost
data/processed/en_augmented/LA_T_8422260_aug.wav,en,spoof,tts,A03,LA_0086,asvspoof2019la,,none
data/processed/en_augmented/LA_T_4925419_aug.wav,en,bonafide,real,-,LA_0085,asvspoof2019la,,none
data/processed/en_augmented/LA_T_5322386_aug.wav,en,bonafide,real,-,LA_0097,asvspoof2019la,,rawboost+codec
data/processed/ko_augmented/zeroth_183_003_0650_aug.wav,ko,bonafide,real,-,zeroth_183,zeroth_korean,대부분의 여론조사에서 유승민 사퇴에 공감 안 한다는 응답이 공감한다는 응답을 앞질렀다,none
data/processed/en_augmented/LA_T_7027837_aug.wav,en,bonafide,real,-,LA_0096,asvspoof2019la,,codec
data/processed/ko_augmented/zeroth_201_from_zeroth_155_003_2677_aug.wav,ko,spoof,vc,rvc_zeroth_201,zeroth_201,rvc_from_zeroth_155,청와대의 조오영 전 행정관이 서초구청의 조이제 전 국장을 통해 정보를 입수한 게 맞는지 사실관계부터 들여다볼 필요가 있다,none
data/processed/ko_augmented/zeroth_158_003_0213_aug.wav,ko,bonafide,real,-,zeroth_158,zeroth_korean,희소난치병 육 천 개 중 국내에서 지원을 받을 수 있는 건 백 예순 일곱 개뿐입니다,none
data/processed/en_augmented/LA_T_4292472_aug.wav,en,bonafide,real,-,LA_0081,asvspoof2019la,,none
data/processed/ko_augmented/zeroth_152_from_zeroth_215_003_1508_aug.wav,ko,spoof,vc,rvc_zeroth_152,zeroth_152,rvc_from_zeroth_215,자기계발비가 너무 적어 가족당 외출을 한 달에 한 두 번밖에 못할 명세서도 등장했다,none
data/processed/en_augmented/LA_T_9378157_aug.wav,en,bonafide,real,-,LA_0090,asvspoof2019la,,rawboost
data/processed/en_augmented/LA_T_7022615_aug.wav,en,bonafide,real,-,LA_0097,asvspoof2019la,,none
data/processed/en_augmented/LA_T_7040240_aug.wav,en,spoof,vc,A05,LA_0084,asvspoof2019la,,rawboost
data/processed/ko_augmented/kss_10298_aug.wav,ko,spoof,tts,mms-tts-kor,vits_default,kss_transcript,진짜로 회사 관둘 거야?,none
data/processed/en_augmented/LA_T_8423394_aug.wav,en,bonafide,real,-,LA_0083,asvspoof2019la,,none
data/processed/en_augmented/LA_T_7746928_aug.wav,en,bonafide,real,-,LA_0084,asvspoof2019la,,rawboost
data/processed/en_augmented/LA_T_4868690_aug.wav,en,spoof,vc,A06,LA_0087,asvspoof2019la,,rawboost
data/processed/ko_augmented/zeroth_152_from_zeroth_162_003_2137_aug.wav,ko,spoof,vc,rvc_zeroth_152,zeroth_152,rvc_from_zeroth_162,만약 사망할 정도로 큰 충격을 받았다면 부딪치는 소리가 크게 났을 텐데 남자친구가 인지하지 못했다는 것이 의아하다,rawboost+codec
data/processed/ko_augmented/kss_07948_aug.wav,ko,spoof,tts,mms-tts-kor,vits_default,kss_transcript,쓰레기 치우는 거 좀 도와줘.,codec
data/processed/ko_augmented/kss_09335_aug.wav,ko,spoof,tts,mms-tts-kor,vits_default,kss_transcript,내가 할게.,rawboost
data/processed/en_augmented/LA_T_6015645_aug.wav,en,bonafide,real,-,LA_0087,asvspoof2019la,,none
data/processed/en_augmented/LA_T_1411980_aug.wav,en,bonafide,real,-,LA_0080,asvspoof2019la,,none
data/processed/ko_augmented/kss_08217_aug.wav,ko,spoof,tts,mms-tts-kor,vits_default,kss_transcript,모두가 도와주신 덕분입니다.,none
data/processed/ko_augmented/zeroth_189_003_1743_aug.wav,ko,bonafide,real,-,zeroth_189,zeroth_korean,무수단급은 지금 현재 완전히 성능개량을 하지는 못한 걸로 추정하고 있죠,rawboost+codec
data/processed/ko_augmented/zeroth_124_003_0552_aug.wav,ko,bonafide,real,-,zeroth_124,zeroth_korean,인수업체가 회원이 인도회사에 납부한 선수금을 보전하지 않아 인수업체의 폐업과 등록취소 시 소비자는 인도업체에 납입한 선수금에 대해 은행 등으로부터 피해보상금을 받지 못한다,none
data/processed/ko_augmented/kss_00738_aug.wav,ko,bonafide,real,-,kss_speaker,kss,폭력은 폭력을 낳는 법입니다.,none
data/processed/en_augmented/LA_T_9194689_aug.wav,en,bonafide,real,-,LA_0089,asvspoof2019la,,none
data/processed/ko_augmented/zeroth_200_from_zeroth_117_003_0227_aug.wav,ko,spoof,vc,rvc_zeroth_200,zeroth_200,rvc_from_zeroth_117,시속 여든 킬로미터를 넘으면 차체 뒷부분이 마흔 센티미터가량 길어져 주변 공기가 쉽게 빠져나가게 설계됐습니다,rawboost
data/processed/ko_augmented/kss_09350_aug.wav,ko,bonafide,real,-,kss_speaker,kss,이 캠페인의 핵심 주제가 뭐죠?,rawboost
data/processed/ko_augmented/zeroth_200_from_zeroth_178_003_0781_aug.wav,ko,spoof,vc,rvc_zeroth_200,zeroth_200,rvc_from_zeroth_178,조리사 영양사 학교 경비원 등의 경우 학교와 직접 계약한 경우에만 적용을 받는다,codec
data/processed/ko_augmented/zeroth_198_003_0006_aug.wav,ko,bonafide,real,-,zeroth_198,zeroth_korean,검찰은 여기서 그치지 않고 이 콘서트를 주최한 황선 씨 등 검찰의 표현에 따르면 이른바 종북 색채가 있는 사람들에 대해서도 수사를 확대하겠다고 밝혔습니다,rawboost
data/processed/en_augmented/LA_T_9118858_aug.wav,en,spoof,vc,A06,LA_0079,asvspoof2019la,,rawboost+codec
data/processed/en_augmented/LA_T_1406603_aug.wav,en,bonafide,real,-,LA_0092,asvspoof2019la,,rawboost
data/processed/en_augmented/LA_T_9329650_aug.wav,en,bonafide,real,-,LA_0093,asvspoof2019la,,codec
data/processed/ko_augmented/zeroth_174_003_1241_aug.wav,ko,bonafide,real,-,zeroth_174,zeroth_korean,서울중부경찰서 을지지구대 양모 경위와 이모 경장은 신고 내용과 유사한 오토바이를 발견했다는 공조 요청을 받고 현장에 출동했다,none
data/processed/ko_augmented/zeroth_201_from_zeroth_177_003_1569_aug.wav,ko,spoof,vc,rvc_zeroth_201,zeroth_201,rvc_from_zeroth_177,독일 아디다스는 무인공장 덕분에 이십 삼 년 만에 자국에 신발공장을 열었다,none
data/processed/en_augmented/LA_T_9201803_aug.wav,en,spoof,tts,A01,LA_0088,asvspoof2019la,,codec
data/processed/ko_augmented/zeroth_145_003_2080_aug.wav,ko,bonafide,real,-,zeroth_145,zeroth_korean,지난해 국내 연구개발과 디자인 직군에만 시범 실시했는데 업무 효율성이 높아지고 직원 만족도가 높아 회사 전체로 확대한 겁니다,none
data/processed/ko_augmented/kss_02991_aug.wav,ko,bonafide,real,-,kss_speaker,kss,요즘 밤마다 불면증에 시달려요.,codec
data/processed/ko_augmented/zeroth_162_003_2137_aug.wav,ko,bonafide,real,-,zeroth_162,zeroth_korean,만약 사망할 정도로 큰 충격을 받았다면 부딪치는 소리가 크게 났을 텐데 남자친구가 인지하지 못했다는 것이 의아하다,none
data/processed/ko_augmented/kss_07859_aug.wav,ko,spoof,tts,mms-tts-kor,vits_default,kss_transcript,엄마 상 차리는 것 좀 도와라.,rawboost+codec
data/processed/ko_augmented/kss_10382_aug.wav,ko,bonafide,real,-,kss_speaker,kss,저희 식당에서는 음식에 조미료를 넣지 않습니다.,codec
data/processed/en_augmented/LA_T_6434702_aug.wav,en,bonafide,real,-,LA_0090,asvspoof2019la,,none
data/processed/ko_augmented/zeroth_210_003_1735_aug.wav,ko,bonafide,real,-,zeroth_210,zeroth_korean,그는 저와 우리 당은 국정교과서를 반대하는 모든 세력을 모아내는 데 앞장서겠다며 다른 정당과 정파 학계와 시민사회가 함께하는 강력한 연대의 틀을 논의하겠다고 밝혔다,rawboost+codec
data/processed/en_augmented/LA_T_5988636_aug.wav,en,bonafide,real,-,LA_0093,asvspoof2019la,,none
data/processed/en_augmented/LA_T_8313917_aug.wav,en,spoof,tts,A01,LA_0093,asvspoof2019la,,none
data/processed/ko_augmented/zeroth_152_from_kss_01892_aug.wav,ko,spoof,vc,rvc_zeroth_152,zeroth_152,rvc_from_kss_speaker,부엌에서 은은한 커피 향이 났다.,rawboost
data/processed/ko_augmented/zeroth_142_003_0681_aug.wav,ko,bonafide,real,-,zeroth_142,zeroth_korean,삼 분기에만 매출 일 조 이천 구백 십 구 억원 영업이익 육백 십 팔 억원을 올렸다,none
data/processed/en_augmented/LA_T_4768074_aug.wav,en,spoof,tts,A03,LA_0094,asvspoof2019la,,none
data/processed/ko_augmented/zeroth_205_003_2453_aug.wav,ko,bonafide,real,-,zeroth_205,zeroth_korean,이 회사는 또 차량유지비로 지난해 칠백 팔십 이 만원 이천 십 사 년 칠백 이 만원을 썼다,rawboost
data/processed/ko_augmented/zeroth_170_003_1997_aug.wav,ko,bonafide,real,-,zeroth_170,zeroth_korean,김현정 그러니까 두 시간밖에 못 자니까 정신이 혼미해서 죽음을 선택했구나 이런 생각을 하신 거예요,rawboost
data/processed/en_augmented/LA_T_8406833_aug.wav,en,bonafide,real,-,LA_0088,asvspoof2019la,,codec
data/processed/en_augmented/LA_T_7670239_aug.wav,en,bonafide,real,-,LA_0096,asvspoof2019la,,none
data/processed/ko_augmented/zeroth_185_from_zeroth_162_003_0725_aug.wav,ko,spoof,vc,rvc_zeroth_185,zeroth_185,rvc_from_zeroth_162,야권은 여당에서 분명한 입장을 표해야 한다고 연일 압박 수위를 높이고 있다,none
data/processed/en_augmented/LA_T_4657133_aug.wav,en,bonafide,real,-,LA_0081,asvspoof2019la,,rawboost
data/processed/en_augmented/LA_T_2689576_aug.wav,en,spoof,vc,A05,LA_0084,asvspoof2019la,,rawboost+codec
data/processed/ko_augmented/zeroth_208_003_2733_aug.wav,ko,bonafide,real,-,zeroth_208,zeroth_korean,첫째로 불필요하게 시간을 빼앗아 가는 요인들을 어떻게 현명하게 제거할 수 있는지를 알려 줍니다,none
data/processed/en_augmented/LA_T_4923806_aug.wav,en,bonafide,real,-,LA_0093,asvspoof2019la,,rawboost
data/processed/en_augmented/LA_T_1347550_aug.wav,en,bonafide,real,-,LA_0097,asvspoof2019la,,none
data/processed/en_augmented/LA_T_9539101_aug.wav,en,bonafide,real,-,LA_0085,asvspoof2019la,,rawboost
data/processed/ko_augmented/zeroth_185_from_kss_06221_aug.wav,ko,spoof,vc,rvc_zeroth_185,zeroth_185,rvc_from_kss_speaker,1990년대에는 많은 역사적 사건들이 있었다.,rawboost
data/processed/en_augmented/LA_T_9859861_aug.wav,en,spoof,tts,A03,LA_0093,asvspoof2019la,,none
data/processed/en_augmented/LA_T_5787857_aug.wav,en,bonafide,real,-,LA_0082,asvspoof2019la,,rawboost+codec
data/processed/ko_augmented/zeroth_160_003_2438_aug.wav,ko,bonafide,real,-,zeroth_160,zeroth_korean,그러면서 적어도 사 월 십 육 일만큼은 국민과 함께 아픔을 나눠야 진정한 지도자일 것이라고 지적했다,rawboost
data/processed/ko_augmented/kss_10376_aug.wav,ko,spoof,tts,mms-tts-kor,vits_default,kss_transcript,조카가 몇 살이에요?,rawboost+codec
data/processed/ko_augmented/kss_12393_aug.wav,ko,spoof,tts,mms-tts-kor,vits_default,kss_transcript,아이가 아무리 잘못을 했어도 때리는 것은 옳지 않습니다.,codec
data/processed/ko_augmented/zeroth_191_003_2451_aug.wav,ko,bonafide,real,-,zeroth_191,zeroth_korean,그는 지난해 십 이 월 이십 사 일 집행유예형을 선고받고 풀려났다,rawboost
data/processed/ko_augmented/zeroth_185_from_zeroth_127_003_2527_aug.wav,ko,spoof,vc,rvc_zeroth_185,zeroth_185,rvc_from_zeroth_127,보도가 나가고 뉴스타파 와 앵커의 안위를 걱정하는 전화와 메시지가 쇄도하고 있다,rawboost
data/processed/ko_augmented/zeroth_185_from_zeroth_142_003_0802_aug.wav,ko,spoof,vc,rvc_zeroth_185,zeroth_185,rvc_from_zeroth_142,콩에 대한 자료라면 무엇이든 구해 읽었고 누구를 만나도 콩의 중요성을 설파했다,rawboost
data/processed/ko_augmented/zeroth_152_from_zeroth_184_003_3000_aug.wav,ko,spoof,vc,rvc_zeroth_152,zeroth_152,rvc_from_zeroth_184,또 삼성의 자동차 산업 진출은 이 부회장이 경영을 할 때 피해야겠다고 생각하는 중복 투자다,none
data/processed/en_augmented/LA_T_8899946_aug.wav,en,spoof,vc,A05,LA_0094,asvspoof2019la,,rawboost+codec
data/processed/ko_augmented/kss_04996_aug.wav,ko,bonafide,real,-,kss_speaker,kss,제 꿈은 올림픽에서 메달을 따는 것입니다.,none
data/processed/ko_augmented/kss_05812_aug.wav,ko,spoof,tts,mms-tts-kor,vits_default,kss_transcript,어떤 신문 봐?,codec
data/processed/ko_augmented/kss_02101_aug.wav,ko,spoof,tts,mms-tts-kor,vits_default,kss_transcript,틀림없어?,none
data/processed/en_augmented/LA_T_2245366_aug.wav,en,bonafide,real,-,LA_0088,asvspoof2019la,,rawboost+codec
data/processed/ko_augmented/zeroth_140_003_2557_aug.wav,ko,bonafide,real,-,zeroth_140,zeroth_korean,김문수 전 경기지사는 십 삼 일 대구를 떠나 수도권 험지에 출마하라는 일각의 요구에 대해 저는 수성갑에 뼈를 묻어야 되겠다고 일축했다,none
data/processed/en_augmented/LA_T_7394872_aug.wav,en,spoof,tts,A01,LA_0080,asvspoof2019la,,rawboost
data/processed/ko_augmented/zeroth_200_from_zeroth_145_003_1521_aug.wav,ko,spoof,vc,rvc_zeroth_200,zeroth_200,rvc_from_zeroth_145,또 이 광고들은 정확한 정부의 선팅 규제 기준이나 짙은 선팅을 했을 때 발생할 수 있는 위험 등에 대해서는 설명하지 않는다,rawboost
data/processed/ko_augmented/zeroth_165_003_0446_aug.wav,ko,bonafide,real,-,zeroth_165,zeroth_korean,정부는 지난 일 일 사 년 동안 중단됐던 협상을 재개한 데 이어 지난 십 사 일에는 일본과의 가서명까지 마쳤다,codec
data/processed/ko_augmented/zeroth_200_from_zeroth_140_003_1559_aug.wav,ko,spoof,vc,rvc_zeroth_200,zeroth_200,rvc_from_zeroth_140,조금 조이는 바지를 입어서 바지가 무릎 위까지 잘 안 올라가서 조금 젖었습니다,none
data/processed/en_augmented/LA_T_7046940_aug.wav,en,spoof,tts,A03,LA_0085,asvspoof2019la,,rawboost
data/processed/en_augmented/LA_T_2572311_aug.wav,en,bonafide,real,-,LA_0086,asvspoof2019la,,rawboost
data/processed/ko_augmented/zeroth_176_003_0860_aug.wav,ko,bonafide,real,-,zeroth_176,zeroth_korean,시간이 흐를수록 피고인 박씨에게 불리한 재판부의 판결이 이어지자 법정 안에 방청객으로 앉아 있던 피고인 박씨의 가족들 사이에서 불만의 소리가 터져 나왔다,rawboost
data/processed/en_augmented/LA_T_8042177_aug.wav,en,bonafide,real,-,LA_0085,asvspoof2019la,,none
data/processed/en_augmented/LA_T_1202428_aug.wav,en,spoof,vc,A06,LA_0080,asvspoof2019la,,none
data/processed/ko_augmented/kss_00143_aug.wav,ko,spoof,tts,mms-tts-kor,vits_default,kss_transcript,이번 주말 내 생일에 너를 초대하고 싶은데.,rawboost
data/processed/ko_augmented/zeroth_145_003_2990_aug.wav,ko,bonafide,real,-,zeroth_145,zeroth_korean,사실 한 성서 필자는 마음속에서 일어나는 그러한 충돌을 싸움으로 묘사했습니다,none
data/processed/ko_augmented/kss_04008_aug.wav,ko,spoof,tts,mms-tts-kor,vits_default,kss_transcript,과학자들은 인류의 역사에 대해 논쟁을 벌여 왔다.,none
data/processed/ko_augmented/kss_08259_aug.wav,ko,bonafide,real,-,kss_speaker,kss,머리 드라이해 주세요.,none
data/processed/en_augmented/LA_T_7457149_aug.wav,en,bonafide,real,-,LA_0087,asvspoof2019la,,rawboost
data/processed/en_augmented/LA_T_8272787_aug.wav,en,bonafide,real,-,LA_0087,asvspoof2019la,,rawboost
data/processed/ko_augmented/zeroth_196_003_1651_aug.wav,ko,bonafide,real,-,zeroth_196,zeroth_korean,이후 감정이 격해진 박 위원장은 결국 황 의원에게 너 임마,codec
data/processed/en_augmented/LA_T_5215794_aug.wav,en,spoof,tts,A01,LA_0098,asvspoof2019la,,none
data/processed/en_augmented/LA_T_6579305_aug.wav,en,spoof,tts,A01,LA_0084,asvspoof2019la,,none
data/processed/en_augmented/LA_T_6014366_aug.wav,en,bonafide,real,-,LA_0095,asvspoof2019la,,codec
data/processed/ko_augmented/kss_03492_aug.wav,ko,spoof,tts,mms-tts-kor,vits_default,kss_transcript,이번 주 내내 바빴어요.,none
data/processed/ko_augmented/zeroth_204_003_2268_aug.wav,ko,bonafide,real,-,zeroth_204,zeroth_korean,다만 지금까지 미국 정부가 세균전을 공식 부인하고 있어 보고서만으로 한국전쟁에서 미군이 진짜로 세균무기를 사용했다고 확신할 수는 없다,rawboost
data/processed/en_augmented/LA_T_3249684_aug.wav,en,bonafide,real,-,LA_0095,asvspoof2019la,,codec
data/processed/en_augmented/LA_T_1678844_aug.wav,en,bonafide,real,-,LA_0083,asvspoof2019la,,none
data/processed/ko_augmented/zeroth_152_from_zeroth_146_003_0309_aug.wav,ko,spoof,vc,rvc_zeroth_152,zeroth_152,rvc_from_zeroth_146,다만 그는 김 대표가 가져온 정보가 효과가 하나도 없었다,rawboost+codec
data/processed/ko_augmented/zeroth_152_from_zeroth_164_003_2985_aug.wav,ko,spoof,vc,rvc_zeroth_152,zeroth_152,rvc_from_zeroth_164,앵커 한 고등학교가 얼마 전 이 학년 학부모들에게 발송한 가정통신문입니다,rawboost
data/processed/en_augmented/LA_T_8780611_aug.wav,en,spoof,tts,A04,LA_0079,asvspoof2019la,,rawboost+codec
data/processed/ko_augmented/kss_07285_aug.wav,ko,spoof,tts,mms-tts-kor,vits_default,kss_transcript,이가 아파서 아무것도 먹을 수가 없어요.,none
data/processed/en_augmented/LA_T_8686549_aug.wav,en,bonafide,real,-,LA_0098,asvspoof2019la,,codec
data/processed/en_augmented/LA_T_3033649_aug.wav,en,spoof,vc,A05,LA_0087,asvspoof2019la,,rawboost
data/processed/ko_augmented/zeroth_158_003_0189_aug.wav,ko,bonafide,real,-,zeroth_158,zeroth_korean,제주로 오기 전 직업은 사무 관리직이 가장 많고 자영업 판매 서비스직 순이나 이주 후 직업은 자영업 판매 서비스직 일 차 산업 순으로 나타났다,none
data/processed/en_augmented/LA_T_7192926_aug.wav,en,spoof,vc,A05,LA_0085,asvspoof2019la,,none
data/processed/ko_augmented/kss_11807_aug.wav,ko,bonafide,real,-,kss_speaker,kss,"나는 아내에게 같이 가자고 설득했지만, 아내는 듣지 않았다.",rawboost
data/processed/ko_augmented/zeroth_200_from_zeroth_187_003_1033_aug.wav,ko,spoof,vc,rvc_zeroth_200,zeroth_200,rvc_from_zeroth_187,올보르 구치소 관계자는 정 씨의 아기가 정 씨를 보러 면회를 올 수는 있어도 정 씨가 아기를 보러 나갈 수는 없다고 부인했다,none
data/processed/en_augmented/LA_T_1603620_aug.wav,en,spoof,vc,A05,LA_0081,asvspoof2019la,,none
data/processed/ko_augmented/kss_05000_aug.wav,ko,spoof,tts,mms-tts-kor,vits_default,kss_transcript,저는 초등학교 축구 코치를 하고 있습니다.,none
data/processed/ko_augmented/kss_08354_aug.wav,ko,spoof,tts,mms-tts-kor,vits_default,kss_transcript,동물원은 동물을 좋아하는 사람에게는 즐겁지 않은 곳이다.,rawboost
data/processed/en_augmented/LA_T_6520320_aug.wav,en,spoof,vc,A06,LA_0085,asvspoof2019la,,none
data/processed/ko_augmented/kss_08705_aug.wav,ko,bonafide,real,-,kss_speaker,kss,강물이 더러워 보여요.,rawboost
data/processed/en_augmented/LA_T_6877580_aug.wav,en,spoof,tts,A03,LA_0094,asvspoof2019la,,rawboost+codec
data/processed/ko_augmented/zeroth_152_from_zeroth_141_003_0230_aug.wav,ko,spoof,vc,rvc_zeroth_152,zeroth_152,rvc_from_zeroth_141,이 고사총은 대공용이 주임무지만 사람 특히 정적이나 정치범 등을 대상으로 한 것은 북한 외에는 없다는 것이 전문가들의 전언이다,rawboost+codec
data/processed/en_augmented/LA_T_4956729_aug.wav,en,bonafide,real,-,LA_0081,asvspoof2019la,,none
data/processed/ko_augmented/zeroth_143_003_1049_aug.wav,ko,bonafide,real,-,zeroth_143,zeroth_korean,이번에 발견된 화석은 에우노토사우르스처럼 등딱지 배딱지가 없지만 등뼈 가슴뼈 등 골격구조는 오돈토켈리스를 닮았다,none
data/processed/ko_augmented/kss_01720_aug.wav,ko,spoof,tts,mms-tts-kor,vits_default,kss_transcript,이 물건은 싸지만 품질은 좋아.,codec
data/processed/ko_augmented/zeroth_141_003_1137_aug.wav,ko,bonafide,real,-,zeroth_141,zeroth_korean,이 수치는 전 세계의 남녀노소 일 인당 백 육십 이 달러에 해당하는 액수이다,none
data/processed/en_augmented/LA_T_3643681_aug.wav,en,bonafide,real,-,LA_0086,asvspoof2019la,,none
data/processed/en_augmented/LA_T_2301911_aug.wav,en,spoof,tts,A01,LA_0089,asvspoof2019la,,rawboost+codec
data/processed/en_augmented/LA_T_3813165_aug.wav,en,spoof,vc,A05,LA_0080,asvspoof2019la,,rawboost
data/processed/en_augmented/LA_T_8309924_aug.wav,en,spoof,tts,A04,LA_0086,asvspoof2019la,,rawboost
data/processed/en_augmented/LA_T_7136815_aug.wav,en,spoof,vc,A06,LA_0085,asvspoof2019la,,rawboost
data/processed/en_augmented/LA_T_7462273_aug.wav,en,bonafide,real,-,LA_0091,asvspoof2019la,,none
data/processed/en_augmented/LA_T_7687047_aug.wav,en,spoof,vc,A05,LA_0082,asvspoof2019la,,none
data/processed/en_augmented/LA_T_9029642_aug.wav,en,spoof,tts,A04,LA_0083,asvspoof2019la,,none
data/processed/en_augmented/LA_T_2636492_aug.wav,en,spoof,vc,A05,LA_0098,asvspoof2019la,,rawboost+codec
data/processed/en_augmented/LA_T_3617225_aug.wav,en,spoof,tts,A02,LA_0086,asvspoof2019la,,rawboost
data/processed/ko_augmented/kss_00694_aug.wav,ko,spoof,tts,mms-tts-kor,vits_default,kss_transcript,사람들은 다른 사람이 자신을 무시할 때 화가 나는 법이다.,rawboost
data/processed/ko_augmented/zeroth_183_003_1606_aug.wav,ko,bonafide,real,-,zeroth_183,zeroth_korean,혹시라도 두 살과 네 살짜리 언니들이 카이라가 예쁘다고 손이나 발이라도 만지면 안되기 때문입니다,rawboost
data/processed/ko_augmented/zeroth_106_003_0596_aug.wav,ko,bonafide,real,-,zeroth_106,zeroth_korean,천정배 혁신안은 이천 십 이 년 총선에선 여성 십 오 퍼센트 이후 선거에서는 여성 삼십 퍼센트 할당제를 제안했고 한명숙 지도부는 이를 수용했다,rawboost
data/processed/en_augmented/LA_T_4387428_aug.wav,en,bonafide,real,-,LA_0097,asvspoof2019la,,codec
data/processed/en_augmented/LA_T_6626691_aug.wav,en,spoof,tts,A01,LA_0087,asvspoof2019la,,rawboost
data/processed/ko_augmented/zeroth_152_from_zeroth_213_003_0131_aug.wav,ko,spoof,vc,rvc_zeroth_152,zeroth_152,rvc_from_zeroth_213,밀레시스텍과 얼리젼은 기술적 교류 보다는 당사에 설비 투자나 당사 제품을 해외시장에 판매하는 역할에 더 큰 비중을 두고 있다,codec
data/processed/ko_augmented/zeroth_114_003_1888_aug.wav,ko,bonafide,real,-,zeroth_114,zeroth_korean,이동통신업체들이 가장 많은 보조금을 받을 수 있던 요금제 기준을 지금보다 낮추는 방안을 추진한다,rawboost
data/processed/ko_augmented/zeroth_152_from_kss_05207_aug.wav,ko,spoof,vc,rvc_zeroth_152,zeroth_152,rvc_from_kss_speaker,최근 길거리 범죄가 심각한 문제가 되고 있다.,none
data/processed/en_augmented/LA_T_2245023_aug.wav,en,spoof,tts,A02,LA_0082,asvspoof2019la,,rawboost
data/processed/ko_augmented/zeroth_113_003_2669_aug.wav,ko,bonafide,real,-,zeroth_113,zeroth_korean,어머니나 아버지가 녹내장에 걸린 사람은 녹내장에 걸릴 위험성이 세 배 내지 다섯 배로 높아집니다,none
data/processed/en_augmented/LA_T_6832495_aug.wav,en,spoof,vc,A05,LA_0087,asvspoof2019la,,none
data/processed/en_augmented/LA_T_7308381_aug.wav,en,spoof,tts,A04,LA_0088,asvspoof2019la,,codec
data/processed/en_augmented/LA_T_7853091_aug.wav,en,spoof,vc,A05,LA_0088,asvspoof2019la,,codec
data/processed/en_augmented/LA_T_6473657_aug.wav,en,spoof,tts,A04,LA_0090,asvspoof2019la,,rawboost
data/processed/en_augmented/LA_T_6642565_aug.wav,en,bonafide,real,-,LA_0090,asvspoof2019la,,rawboost+codec
data/processed/ko_augmented/kss_00754_aug.wav,ko,spoof,tts,mms-tts-kor,vits_default,kss_transcript,이 옷은 세탁기에 넣지 마세요.,none
data/processed/en_augmented/LA_T_4124610_aug.wav,en,spoof,vc,A06,LA_0080,asvspoof2019la,,rawboost
data/processed/en_augmented/LA_T_9603308_aug.wav,en,bonafide,real,-,LA_0084,asvspoof2019la,,none
data/processed/ko_augmented/zeroth_110_003_2147_aug.wav,ko,bonafide,real,-,zeroth_110,zeroth_korean,그리하여 증인들은 수많은 사람들의 마음속에서 하느님의 말씀에 대한 사랑이 다시 불타오르도록 도와 왔습니다,rawboost
data/processed/ko_augmented/kss_06427_aug.wav,ko,bonafide,real,-,kss_speaker,kss,하루가 너무 길었어.,rawboost
data/processed/ko_augmented/kss_09450_aug.wav,ko,spoof,tts,mms-tts-kor,vits_default,kss_transcript,학생증 보여주시면 15퍼센트 할인해 드립니다.,rawboost
data/processed/ko_augmented/zeroth_185_from_kss_12699_aug.wav,ko,spoof,vc,rvc_zeroth_185,zeroth_185,rvc_from_kss_speaker,역시 예상했던 대로구나.,codec
data/processed/en_augmented/LA_T_1669827_aug.wav,en,bonafide,real,-,LA_0098,asvspoof2019la,,rawboost
data/processed/ko_augmented/zeroth_152_from_zeroth_174_003_2958_aug.wav,ko,spoof,vc,rvc_zeroth_152,zeroth_152,rvc_from_zeroth_174,이 때문에 국가정보원 주도로 이천 십 사 년 초부터 청와대를 포함해 정부 고위직 공무원들에게 보안폰이 지급되기도 했다,rawboost
data/processed/en_augmented/LA_T_7711596_aug.wav,en,bonafide,real,-,LA_0094,asvspoof2019la,,rawboost
data/processed/en_augmented/LA_T_4529370_aug.wav,en,bonafide,real,-,LA_0089,asvspoof2019la,,codec
data/processed/ko_augmented/zeroth_176_003_2909_aug.wav,ko,bonafide,real,-,zeroth_176,zeroth_korean,이 때문에 일각에서는 정부가 정규직이 많은 것처럼 보이기 위해 무기계약직을 정규직으로 표현하는 것 아니냐는 지적이 나오고 있다,none
data/processed/ko_augmented/kss_05633_aug.wav,ko,bonafide,real,-,kss_speaker,kss,경기가 작년보다 더 안 좋아요.,rawboost
data/processed/en_augmented/LA_T_5310633_aug.wav,en,spoof,vc,A05,LA_0092,asvspoof2019la,,none
data/processed/en_augmented/LA_T_1075018_aug.wav,en,bonafide,real,-,LA_0088,asvspoof2019la,,rawboost
data/processed/ko_augmented/zeroth_204_003_2991_aug.wav,ko,bonafide,real,-,zeroth_204,zeroth_korean,복지혜택을 맞벌이 부부에게 돌아갈 수 있도록 지원책을 개선하자 라는 뜻을 밝혔습니다,none
data/processed/ko_augmented/zeroth_157_003_0478_aug.wav,ko,bonafide,real,-,zeroth_157,zeroth_korean,차 문이 종잇장처럼 얇지 않으니 문 두께 스물 센티미터를 빼면 실제 승 하차 여유 공간은 스물 센티미터라는 계산이 나옵니다,rawboost
data/processed/en_augmented/LA_T_9323726_aug.wav,en,bonafide,real,-,LA_0090,asvspoof2019la,,none
data/processed/ko_augmented/zeroth_202_003_2222_aug.wav,ko,bonafide,real,-,zeroth_202,zeroth_korean,중동호흡기증후군 삼 차 감염 환자가 사 일 새벽 두 명 더 추가되면서 다섯 명으로 늘었다,rawboost
data/processed/ko_augmented/kss_09103_aug.wav,ko,bonafide,real,-,kss_speaker,kss,아버지는 공무원이셨어요.,codec
data/processed/ko_augmented/kss_07899_aug.wav,ko,spoof,tts,mms-tts-kor,vits_default,kss_transcript,마음은 아직 청춘이에요.,rawboost
data/processed/en_augmented/LA_T_4128527_aug.wav,en,bonafide,real,-,LA_0088,asvspoof2019la,,rawboost+codec
data/processed/en_augmented/LA_T_9671407_aug.wav,en,bonafide,real,-,LA_0090,asvspoof2019la,,rawboost
data/processed/en_augmented/LA_T_5248709_aug.wav,en,spoof,tts,A02,LA_0086,asvspoof2019la,,rawboost
data/processed/ko_augmented/zeroth_185_from_zeroth_115_003_1316_aug.wav,ko,spoof,vc,rvc_zeroth_185,zeroth_185,rvc_from_zeroth_115,목적은 다르지만 결국 모두 명품이 주는 보상심리에서 비롯됐다는 게 전문가들 분석이다,rawboost
data/processed/en_augmented/LA_T_8599747_aug.wav,en,spoof,tts,A01,LA_0094,asvspoof2019la,,rawboost
data/processed/en_augmented/LA_T_7695454_aug.wav,en,spoof,vc,A06,LA_0089,asvspoof2019la,,rawboost+codec
data/processed/en_augmented/LA_T_5193765_aug.wav,en,spoof,vc,A05,LA_0084,asvspoof2019la,,rawboost+codec
data/processed/en_augmented/LA_T_3505871_aug.wav,en,bonafide,real,-,LA_0098,asvspoof2019la,,rawboost
data/processed/en_augmented/LA_T_9711208_aug.wav,en,bonafide,real,-,LA_0090,asvspoof2019la,,none
data/processed/ko_augmented/zeroth_197_003_0139_aug.wav,ko,bonafide,real,-,zeroth_197,zeroth_korean,그럴 경우에 내년 봄이나 농번기 때 그때 또 어떻게 할 것이냐,none
data/processed/ko_augmented/zeroth_135_003_0377_aug.wav,ko,bonafide,real,-,zeroth_135,zeroth_korean,박원순 그럼요 저희들 공무원들이 정말 지속적으로 설득하고 단속하고 있죠,rawboost
data/processed/en_augmented/LA_T_4281685_aug.wav,en,spoof,tts,A04,LA_0092,asvspoof2019la,,none
data/processed/en_augmented/LA_T_6458059_aug.wav,en,spoof,vc,A06,LA_0081,asvspoof2019la,,codec
data/processed/ko_augmented/zeroth_178_003_2892_aug.wav,ko,bonafide,real,-,zeroth_178,zeroth_korean,삼천 개가 넘는 매장을 통해 압도적인 경쟁력을 확보하고 있기 때문이다,rawboost
data/processed/ko_augmented/kss_03112_aug.wav,ko,bonafide,real,-,kss_speaker,kss,비가 오는 날은 마음이 울적해.,rawboost
data/processed/ko_augmented/kss_09193_aug.wav,ko,bonafide,real,-,kss_speaker,kss,점심으로 김밥과 라면을 먹었어요.,codec
data/processed/en_augmented/LA_T_4512688_aug.wav,en,spoof,vc,A05,LA_0082,asvspoof2019la,,none
data/processed/ko_augmented/zeroth_161_003_2200_aug.wav,ko,bonafide,real,-,zeroth_161,zeroth_korean,판후이 두 단은 백 칠십 팔 은 이세돌의 도전정신과 포기하지 않는 인내를 보여주는 한 수였으며 그의 노력은 이 대국의 승리로 보상받았다고 적었다,none
data/processed/ko_augmented/zeroth_217_003_1850_aug.wav,ko,bonafide,real,-,zeroth_217,zeroth_korean,각 정당과 무소속 후보들은 치열한 예선을 거쳐 이제 당락을 가르는 십 여 일간의 진검승부에 나섰다,codec
data/processed/en_augmented/LA_T_5011936_aug.wav,en,bonafide,real,-,LA_0095,asvspoof2019la,,codec
data/processed/ko_augmented/zeroth_167_003_2586_aug.wav,ko,bonafide,real,-,zeroth_167,zeroth_korean,이대는 이번 특감 결과와 재단에서 하는 특별감사위원회 조사 결과 등을 종합적으로 고려해 관련자 징계와 정씨의 입학취소 등을 적법한 절차에 따라 차질 없이 진행하겠다고 밝혔다,rawboost+codec
data/processed/en_augmented/LA_T_7451856_aug.wav,en,spoof,tts,A02,LA_0096,asvspoof2019la,,none
data/processed/en_augmented/LA_T_1720721_aug.wav,en,spoof,tts,A03,LA_0090,asvspoof2019la,,rawboost
data/processed/ko_augmented/zeroth_185_from_zeroth_197_003_0634_aug.wav,ko,spoof,vc,rvc_zeroth_185,zeroth_185,rvc_from_zeroth_197,등급이 올라감에 따라 받은 금액과 혜택은 함께 증가했다,rawboost+codec
data/processed/en_augmented/LA_T_4034344_aug.wav,en,spoof,vc,A06,LA_0094,asvspoof2019la,,none
data/processed/en_augmented/LA_T_2706454_aug.wav,en,spoof,tts,A02,LA_0093,asvspoof2019la,,codec
data/processed/en_augmented/LA_T_9473708_aug.wav,en,spoof,tts,A02,LA_0092,asvspoof2019la,,none
data/processed/ko_augmented/zeroth_159_003_1935_aug.wav,ko,bonafide,real,-,zeroth_159,zeroth_korean,저체중아의 경우 몸무게에 따라 오백 만원에서 천 만원까지 의료비를 지원받을 수 있다,rawboost+codec
data/processed/en_augmented/LA_T_9105169_aug.wav,en,spoof,tts,A01,LA_0081,asvspoof2019la,,rawboost
data/processed/en_augmented/LA_T_2009235_aug.wav,en,bonafide,real,-,LA_0094,asvspoof2019la,,rawboost
data/processed/en_augmented/LA_T_5420297_aug.wav,en,spoof,vc,A05,LA_0081,asvspoof2019la,,rawboost+codec
data/processed/en_augmented/LA_T_3106270_aug.wav,en,bonafide,real,-,LA_0096,asvspoof2019la,,none
data/processed/en_augmented/LA_T_9384799_aug.wav,en,spoof,vc,A06,LA_0094,asvspoof2019la,,rawboost+codec
data/processed/ko_augmented/zeroth_123_003_0952_aug.wav,ko,bonafide,real,-,zeroth_123,zeroth_korean,홍 후보는 바보처럼 리스트를 만드니 그걸 누가 공무원이 책임을 지느냐며 그걸 뿌리고 보안시절 다섯 공시절에 민주인사 리스트를 만들어 미행하고 도청하는 식으로 알려 버렸다,codec
data/processed/en_augmented/LA_T_7890455_aug.wav,en,bonafide,real,-,LA_0096,asvspoof2019la,,rawboost+codec
data/processed/en_augmented/LA_T_1394641_aug.wav,en,bonafide,real,-,LA_0087,asvspoof2019la,,none
data/processed/ko_augmented/zeroth_185_from_zeroth_138_003_1827_aug.wav,ko,spoof,vc,rvc_zeroth_185,zeroth_185,rvc_from_zeroth_138,변씨의 반려견은 척추와 뒷다리가 골절되는 부상을 입었다,codec
data/processed/en_augmented/LA_T_1829959_aug.wav,en,bonafide,real,-,LA_0093,asvspoof2019la,,rawboost
data/processed/ko_augmented/kss_07334_aug.wav,ko,bonafide,real,-,kss_speaker,kss,면접에 앞서 간단한 테스트가 있습니다.,rawboost
data/processed/ko_augmented/zeroth_211_003_0802_aug.wav,ko,bonafide,real,-,zeroth_211,zeroth_korean,콩에 대한 자료라면 무엇이든 구해 읽었고 누구를 만나도 콩의 중요성을 설파했다,rawboost
data/processed/en_augmented/LA_T_6548465_aug.wav,en,spoof,tts,A01,LA_0086,asvspoof2019la,,none
data/processed/en_augmented/LA_T_3387144_aug.wav,en,spoof,tts,A01,LA_0086,asvspoof2019la,,rawboost
data/processed/en_augmented/LA_T_1504888_aug.wav,en,bonafide,real,-,LA_0083,asvspoof2019la,,none
data/processed/ko_augmented/kss_02288_aug.wav,ko,bonafide,real,-,kss_speaker,kss,그녀는 자신의 재산을 딸에게 모두 남긴다는 유언을 남겼다.,rawboost
data/processed/en_augmented/LA_T_8343013_aug.wav,en,spoof,tts,A01,LA_0095,asvspoof2019la,,codec
data/processed/ko_augmented/zeroth_185_from_zeroth_180_003_2039_aug.wav,ko,spoof,vc,rvc_zeroth_185,zeroth_185,rvc_from_zeroth_180,저는 문신이 근사하다는 생각이 들어 스티커 문신을 해 보고 싶었어요,none
data/processed/ko_augmented/kss_09427_aug.wav,ko,spoof,tts,mms-tts-kor,vits_default,kss_transcript,저는 한자를 하나도 몰라요.,none
data/processed/en_augmented/LA_T_1158271_aug.wav,en,spoof,tts,A03,LA_0085,asvspoof2019la,,codec
data/processed/ko_augmented/zeroth_196_003_0312_aug.wav,ko,bonafide,real,-,zeroth_196,zeroth_korean,이들은 전날 모임에서와 마찬가지로 현 지도부로는 총선이 어렵다며 문 대표의 사퇴 필요성과 전당대회 개최를 통한 지도부 교체에 대해 공감대를 형성했다,rawboost
data/processed/en_augmented/LA_T_2716677_aug.wav,en,spoof,tts,A03,LA_0095,asvspoof2019la,,rawboost
data/processed/en_augmented/LA_T_1197118_aug.wav,en,spoof,tts,A01,LA_0097,asvspoof2019la,,none
data/processed/en_augmented/LA_T_7839314_aug.wav,en,bonafide,real,-,LA_0084,asvspoof2019la,,codec
data/processed/en_augmented/LA_T_1812468_aug.wav,en,spoof,vc,A06,LA_0091,asvspoof2019la,,rawboost
data/processed/ko_augmented/kss_02703_aug.wav,ko,bonafide,real,-,kss_speaker,kss,남은 음식 좀 싸 주시겠어요?,rawboost+codec
data/processed/ko_augmented/zeroth_183_003_2367_aug.wav,ko,bonafide,real,-,zeroth_183,zeroth_korean,육 일 통계청에 따르면 이천 십 사 년 기준 한국인의 여가 시간은 통계를 처음 내기 시작한 천 구백 구십 구 년보다 오히려 짧아졌다,none
data/processed/ko_augmented/zeroth_181_003_2238_aug.wav,ko,bonafide,real,-,zeroth_181,zeroth_korean,실제로 민 전 사장이 사표를 내자 후임 사장으로 청와대 등은 백 사장이 아니라 다른 후보를 원했다고 한다,rawboost
data/processed/en_augmented/LA_T_5201581_aug.wav,en,spoof,tts,A02,LA_0098,asvspoof2019la,,rawboost
data/processed/en_augmented/LA_T_5596732_aug.wav,en,bonafide,real,-,LA_0091,asvspoof2019la,,rawboost+codec
data/processed/ko_augmented/kss_10973_aug.wav,ko,spoof,tts,mms-tts-kor,vits_default,kss_transcript,전에 개한테 물린 적이 있어요.,none
data/processed/en_augmented/LA_T_5135273_aug.wav,en,spoof,vc,A05,LA_0086,asvspoof2019la,,rawboost
data/processed/en_augmented/LA_T_6305335_aug.wav,en,spoof,tts,A02,LA_0085,asvspoof2019la,,none
data/processed/ko_augmented/zeroth_185_from_zeroth_216_003_0334_aug.wav,ko,spoof,vc,rvc_zeroth_185,zeroth_185,rvc_from_zeroth_216,저희들이 생각하는 가장 유력한 증거는 현재 화물차에 접수돼 있던 차량에 보면 블랙박스가 있지 않습니까,rawboost
data/processed/ko_augmented/zeroth_207_003_2294_aug.wav,ko,bonafide,real,-,zeroth_207,zeroth_korean,콧등에서부터 귀를 지나는 세 개의 넓은 흰색 줄무늬는 오소리의 두드러진 특징일 뿐 아니라 논란의 대상이기도 합니다,rawboost
data/processed/ko_augmented/kss_06462_aug.wav,ko,spoof,tts,mms-tts-kor,vits_default,kss_transcript,네가 곁에 있어서 다행이야.,rawboost+codec
data/processed/ko_augmented/kss_05207_aug.wav,ko,bonafide,real,-,kss_speaker,kss,최근 길거리 범죄가 심각한 문제가 되고 있다.,none
data/processed/ko_augmented/kss_04181_aug.wav,ko,spoof,tts,mms-tts-kor,vits_default,kss_transcript,송편은 한국인들이 추석에 먹는 특별한 음식이에요.,rawboost
data/processed/en_augmented/LA_T_1423202_aug.wav,en,bonafide,real,-,LA_0087,asvspoof2019la,,rawboost
data/processed/ko_augmented/kss_03501_aug.wav,ko,bonafide,real,-,kss_speaker,kss,요즘 한가해요.,none
data/processed/en_augmented/LA_T_9190599_aug.wav,en,bonafide,real,-,LA_0085,asvspoof2019la,,none
data/processed/en_augmented/LA_T_6182309_aug.wav,en,spoof,tts,A01,LA_0092,asvspoof2019la,,none
data/processed/en_augmented/LA_T_1142757_aug.wav,en,bonafide,real,-,LA_0092,asvspoof2019la,,none
data/processed/ko_augmented/zeroth_201_from_kss_01521_aug.wav,ko,spoof,vc,rvc_zeroth_201,zeroth_201,rvc_from_kss_speaker,"말하기 부끄럽지만, 저는 엄마 생일이 언제인지 몰라요.",none
data/processed/en_augmented/LA_T_2363469_aug.wav,en,bonafide,real,-,LA_0094,asvspoof2019la,,rawboost+codec
data/processed/ko_augmented/zeroth_168_003_2800_aug.wav,ko,bonafide,real,-,zeroth_168,zeroth_korean,크리스티의 청각 장애는 여전히 우리 모두에게 도전이 되는 것입니다,none
data/processed/ko_augmented/kss_03055_aug.wav,ko,spoof,tts,mms-tts-kor,vits_default,kss_transcript,우리는 산꼭대기에서 보이는 경치를 감탄하며 바라보았다.,rawboost+codec
data/processed/ko_augmented/zeroth_111_003_2027_aug.wav,ko,bonafide,real,-,zeroth_111,zeroth_korean,사가미하라시 당국에 따르면 우에마쓰는 이 월 입원했을 당시 마약성 정신장애진단을 받았다,none
data/processed/ko_augmented/zeroth_200_from_zeroth_125_003_0754_aug.wav,ko,spoof,vc,rvc_zeroth_200,zeroth_200,rvc_from_zeroth_125,하지만 조계종 공식 여론조사에서의 압도적인 지지에도 불구하고 총무원장 직선제가 무산됐다,none
data/processed/ko_augmented/zeroth_180_003_1325_aug.wav,ko,bonafide,real,-,zeroth_180,zeroth_korean,하느님께서는 단지 배우자에게 만족하지 못하는 것과 같은 사소한 이유로 이혼하려는 것을 미워하십니다,rawboost
data/processed/ko_augmented/zeroth_185_from_zeroth_173_003_1401_aug.wav,ko,spoof,vc,rvc_zeroth_185,zeroth_185,rvc_from_zeroth_173,검찰 관계자는 십 칠 일 내부 기류는 기본적으로 구속영장 청구가 불가피하다는 인식이라고 말했다,rawboost
data/processed/en_augmented/LA_T_1406349_aug.wav,en,spoof,tts,A02,LA_0082,asvspoof2019la,,rawboost
data/processed/en_augmented/LA_T_9573761_aug.wav,en,spoof,tts,A01,LA_0084,asvspoof2019la,,codec
data/processed/en_augmented/LA_T_4344926_aug.wav,en,spoof,vc,A05,LA_0092,asvspoof2019la,,rawboost
data/processed/en_augmented/LA_T_6334499_aug.wav,en,spoof,vc,A06,LA_0083,asvspoof2019la,,codec
data/processed/en_augmented/LA_T_1125418_aug.wav,en,spoof,tts,A02,LA_0089,asvspoof2019la,,rawboost
data/processed/en_augmented/LA_T_4900136_aug.wav,en,bonafide,real,-,LA_0088,asvspoof2019la,,none
data/processed/en_augmented/LA_T_3133284_aug.wav,en,bonafide,real,-,LA_0093,asvspoof2019la,,rawboost
data/processed/ko_augmented/kss_10613_aug.wav,ko,bonafide,real,-,kss_speaker,kss,전화가 끊기면 제가 다시 걸죠.,codec
data/processed/en_augmented/LA_T_6152543_aug.wav,en,spoof,vc,A06,LA_0096,asvspoof2019la,,none
data/processed/en_augmented/LA_T_9559592_aug.wav,en,spoof,tts,A04,LA_0096,asvspoof2019la,,rawboost
data/processed/en_augmented/LA_T_6799312_aug.wav,en,bonafide,real,-,LA_0083,asvspoof2019la,,rawboost
data/processed/en_augmented/LA_T_3309337_aug.wav,en,spoof,vc,A06,LA_0083,asvspoof2019la,,none
data/processed/ko_augmented/kss_05309_aug.wav,ko,spoof,tts,mms-tts-kor,vits_default,kss_transcript,의심의 여지 없이 미국은 막강한 군사력을 보유하고 있다.,codec
data/processed/ko_augmented/zeroth_189_003_2565_aug.wav,ko,bonafide,real,-,zeroth_189,zeroth_korean,우 전 수석은 특검 출범 이후 줄곧 사법처리 대상에 포함될지 관심을 받아왔다,codec
data/processed/ko_augmented/kss_11245_aug.wav,ko,spoof,tts,mms-tts-kor,vits_default,kss_transcript,네 주장의 논리적 근거가 뭐야?,none
data/processed/ko_augmented/kss_12687_aug.wav,ko,bonafide,real,-,kss_speaker,kss,여직원이 전체의 50% 정도 됩니다.,none
data/processed/ko_augmented/zeroth_201_from_zeroth_139_003_2917_aug.wav,ko,spoof,vc,rvc_zeroth_201,zeroth_201,rvc_from_zeroth_139,새누리당 핵심 관계자는 구 일 현행 교과서에 문제가 많다는 것에 대해선 이견이 없다고 말했다,none
data/processed/ko_augmented/kss_05772_aug.wav,ko,spoof,tts,mms-tts-kor,vits_default,kss_transcript,은지 좀 바꿔 주시겠어요?,none
data/processed/ko_augmented/kss_07501_aug.wav,ko,spoof,tts,mms-tts-kor,vits_default,kss_transcript,퇴근하고 바로 집에 갈 거야?,none
data/processed/ko_augmented/kss_04124_aug.wav,ko,spoof,tts,mms-tts-kor,vits_default,kss_transcript,종이랑 볼펜을 좀 얻을 수 있을까요?,rawboost
data/processed/en_augmented/LA_T_2537892_aug.wav,en,bonafide,real,-,LA_0091,asvspoof2019la,,rawboost
data/processed/ko_augmented/zeroth_162_003_1767_aug.wav,ko,bonafide,real,-,zeroth_162,zeroth_korean,납치 용의자인 사십 대 남성은 지난 십 사 일 오후 강원도 원주시에서 숨진채 발견됐다,rawboost
data/processed/ko_augmented/zeroth_152_from_kss_05270_aug.wav,ko,spoof,vc,rvc_zeroth_152,zeroth_152,rvc_from_kss_speaker,그는 경찰에 쫓기고 있다.,none
data/processed/ko_augmented/kss_06731_aug.wav,ko,bonafide,real,-,kss_speaker,kss,이런 날씨에 밖에 나가는 것은 몹시 위험하다.,none
data/processed/en_augmented/LA_T_1783185_aug.wav,en,bonafide,real,-,LA_0097,asvspoof2019la,,rawboost
data/processed/en_augmented/LA_T_4403320_aug.wav,en,bonafide,real,-,LA_0096,asvspoof2019la,,none
data/processed/ko_augmented/zeroth_152_from_zeroth_171_003_1446_aug.wav,ko,spoof,vc,rvc_zeroth_152,zeroth_152,rvc_from_zeroth_171,그리스 유권자들이 오 일 실시되는 국민투표에서 채권단이 제시한 구제금융안 조건을 거부하면 아마겟돈과 같은 재앙이 초래될 것이라고 마르틴 슐츠 유럽의회 의장이 경고했다,codec
data/processed/ko_augmented/zeroth_200_from_zeroth_136_003_1650_aug.wav,ko,spoof,vc,rvc_zeroth_200,zeroth_200,rvc_from_zeroth_136,일시적으로 이천 십 일 년까지 막 전세가 폭등하고 그랬는데 이천 십 이 년에 전세가가 거의 안 뛰었거든요,rawboost
data/processed/en_augmented/LA_T_6239874_aug.wav,en,bonafide,real,-,LA_0098,asvspoof2019la,,none
data/processed/ko_augmented/zeroth_123_003_1127_aug.wav,ko,bonafide,real,-,zeroth_123,zeroth_korean,아마존은 상품 배송에 드론을 이용하겠다며 아마존 프라임에어 계획을 발표했다,none
data/processed/ko_augmented/kss_08870_aug.wav,ko,spoof,tts,mms-tts-kor,vits_default,kss_transcript,농담은 그만둬.,codec
data/processed/en_augmented/LA_T_6992219_aug.wav,en,spoof,tts,A04,LA_0094,asvspoof2019la,,rawboost
data/processed/en_augmented/LA_T_6131224_aug.wav,en,spoof,vc,A06,LA_0085,asvspoof2019la,,rawboost+codec
data/processed/en_augmented/LA_T_8896720_aug.wav,en,bonafide,real,-,LA_0092,asvspoof2019la,,codec
data/processed/ko_augmented/zeroth_152_from_zeroth_141_003_2471_aug.wav,ko,spoof,vc,rvc_zeroth_152,zeroth_152,rvc_from_zeroth_141,우리가 규제라고 생각하는 것이 아니라 교육 현장에서 규제라고 생각하는 것이 중요하다,codec
data/processed/ko_augmented/zeroth_114_003_1103_aug.wav,ko,bonafide,real,-,zeroth_114,zeroth_korean,심 전 의원은 칠 월 십 삼 일 오전 열 한 시께 대구 수성구의 한 호텔에서 사십 대 여성을 성폭행한 혐의를 받아 왔다,rawboost+codec
data/processed/ko_augmented/zeroth_116_003_2739_aug.wav,ko,bonafide,real,-,zeroth_116,zeroth_korean,방사선량 수치가 왜 이렇게 높아졌는지 설명은 없었습니다,none
data/processed/en_augmented/LA_T_4793110_aug.wav,en,spoof,vc,A05,LA_0091,asvspoof2019la,,rawboost
data/processed/ko_augmented/kss_08494_aug.wav,ko,bonafide,real,-,kss_speaker,kss,저는 컴퓨터 없이는 하루도 살 수가 없어요.,none
data/processed/en_augmented/LA_T_8852908_aug.wav,en,spoof,vc,A06,LA_0090,asvspoof2019la,,codec
data/processed/ko_augmented/zeroth_201_from_zeroth_142_003_0460_aug.wav,ko,spoof,vc,rvc_zeroth_201,zeroth_201,rvc_from_zeroth_142,세월호와 잭킹 바지선 분리 작업은 한 두 시간 정도 소요될 것으로 예상된다,rawboost
data/processed/en_augmented/LA_T_3651643_aug.wav,en,spoof,vc,A06,LA_0095,asvspoof2019la,,none
data/processed/ko_augmented/kss_10124_aug.wav,ko,spoof,tts,mms-tts-kor,vits_default,kss_transcript,이번 정류장은 시청입니다.,rawboost+codec
data/processed/en_augmented/LA_T_6324213_aug.wav,en,bonafide,real,-,LA_0089,asvspoof2019la,,rawboost
data/processed/en_augmented/LA_T_6155165_aug.wav,en,spoof,tts,A02,LA_0088,asvspoof2019la,,codec
data/processed/ko_augmented/kss_10412_aug.wav,ko,spoof,tts,mms-tts-kor,vits_default,kss_transcript,문을 조용히 닫아 주세요.,rawboost+codec
data/processed/en_augmented/LA_T_9365550_aug.wav,en,spoof,tts,A03,LA_0093,asvspoof2019la,,codec
data/processed/ko_augmented/kss_01780_aug.wav,ko,spoof,tts,mms-tts-kor,vits_default,kss_transcript,물이 얕아서 안전해요.,none
data/processed/en_augmented/LA_T_7144134_aug.wav,en,bonafide,real,-,LA_0085,asvspoof2019la,,none
data/processed/en_augmented/LA_T_2127859_aug.wav,en,spoof,vc,A05,LA_0084,asvspoof2019la,,none
data/processed/ko_augmented/kss_02355_aug.wav,ko,spoof,tts,mms-tts-kor,vits_default,kss_transcript,그는 짧은 회색 수염을 기르고 있었다.,rawboost
data/processed/en_augmented/LA_T_3679834_aug.wav,en,spoof,vc,A05,LA_0088,asvspoof2019la,,rawboost
data/processed/ko_augmented/zeroth_152_from_zeroth_160_003_0224_aug.wav,ko,spoof,vc,rvc_zeroth_152,zeroth_152,rvc_from_zeroth_160,또한 이곳은 세계에서 조수 간만의 차이가 가장 심한 곳 중 하나여서 캘리포니아 만 북단에서는 그로 인한 해수면의 차이가 아홉 미터에 달하기도 합니다,codec
data/processed/en_augmented/LA_T_7254652_aug.wav,en,bonafide,real,-,LA_0083,asvspoof2019la,,none
data/processed/en_augmented/LA_T_2784316_aug.wav,en,spoof,tts,A03,LA_0080,asvspoof2019la,,rawboost
data/processed/ko_augmented/zeroth_201_from_zeroth_109_003_1655_aug.wav,ko,spoof,vc,rvc_zeroth_201,zeroth_201,rvc_from_zeroth_109,정권 초기 성장률 끌어올리기에 집착한 나머지 리스크 관리에 소홀했다는 지적이 나온다,rawboost
data/processed/ko_augmented/zeroth_152_from_zeroth_186_003_2290_aug.wav,ko,spoof,vc,rvc_zeroth_152,zeroth_152,rvc_from_zeroth_186,부친은 누군가 동행해 우리 둘만의 시간을 허락하지 않았고 만남은 냉랭했다며 숙소로 안내하지도 않았고 어쩌다 다쳤는지 전투에 참여했는지도 말하지 않았다고 전했다,rawboost
data/processed/en_augmented/LA_T_3831604_aug.wav,en,bonafide,real,-,LA_0085,asvspoof2019la,,rawboost+codec
data/processed/en_augmented/LA_T_5525305_aug.wav,en,bonafide,real,-,LA_0084,asvspoof2019la,,rawboost
data/processed/en_augmented/LA_T_2366817_aug.wav,en,bonafide,real,-,LA_0085,asvspoof2019la,,none
data/processed/en_augmented/LA_T_8916463_aug.wav,en,spoof,vc,A06,LA_0081,asvspoof2019la,,rawboost+codec
data/processed/en_augmented/LA_T_2599380_aug.wav,en,bonafide,real,-,LA_0090,asvspoof2019la,,rawboost+codec
data/processed/ko_augmented/kss_09737_aug.wav,ko,spoof,tts,mms-tts-kor,vits_default,kss_transcript,홍수로 집을 잃은 사람들이 임시로 학교 건물에서 생활하고 있다.,none
data/processed/en_augmented/LA_T_6796337_aug.wav,en,spoof,tts,A03,LA_0097,asvspoof2019la,,rawboost
data/processed/ko_augmented/zeroth_214_003_2105_aug.wav,ko,bonafide,real,-,zeroth_214,zeroth_korean,그마저도 남편이 다른 회사로 옮기면서 차가 필요해 중고차를 구매하자 지원대상에서 제외됐다,none
data/processed/ko_augmented/zeroth_141_003_2022_aug.wav,ko,bonafide,real,-,zeroth_141,zeroth_korean,삼국유사에서 밀양 봉성사는 고려 태조에게 계책을 알려준 승려 보양이 머문 곳 등으로 기록됐다,rawboost+codec
data/processed/en_augmented/LA_T_8925956_aug.wav,en,bonafide,real,-,LA_0090,asvspoof2019la,,none
data/processed/ko_augmented/zeroth_129_003_1290_aug.wav,ko,bonafide,real,-,zeroth_129,zeroth_korean,지금 박근혜 후보에게 지난 대선 때 표를 던진 사람들 모두가 오 쩜 일 육 을 혁명으로 긍정적으로 보는 게 아니라는 사실을 대통령께서 알았으면 좋겠습니다,rawboost
data/processed/ko_augmented/kss_01090_aug.wav,ko,bonafide,real,-,kss_speaker,kss,소화가 안 될 때는 죽 같은 음식을 드세요.,rawboost+codec
data/processed/ko_augmented/zeroth_200_from_zeroth_135_003_0377_aug.wav,ko,spoof,vc,rvc_zeroth_200,zeroth_200,rvc_from_zeroth_135,박원순 그럼요 저희들 공무원들이 정말 지속적으로 설득하고 단속하고 있죠,none
data/processed/en_augmented/LA_T_9474664_aug.wav,en,bonafide,real,-,LA_0088,asvspoof2019la,,rawboost
data/processed/en_augmented/LA_T_4198628_aug.wav,en,bonafide,real,-,LA_0082,asvspoof2019la,,none
data/processed/en_augmented/LA_T_3448969_aug.wav,en,spoof,tts,A01,LA_0079,asvspoof2019la,,none
data/processed/en_augmented/LA_T_2973329_aug.wav,en,bonafide,real,-,LA_0098,asvspoof2019la,,none
data/processed/ko_augmented/zeroth_168_003_1220_aug.wav,ko,bonafide,real,-,zeroth_168,zeroth_korean,조폭의 자금으로 굴러가는 지하경제 규모만 백 이십 일 조원에 이르는 것으로 대검찰청은 추정하고 있다,rawboost+codec
data/processed/en_augmented/LA_T_2093687_aug.wav,en,spoof,tts,A03,LA_0090,asvspoof2019la,,codec
data/processed/ko_augmented/zeroth_201_from_kss_12816_aug.wav,ko,spoof,vc,rvc_zeroth_201,zeroth_201,rvc_from_kss_speaker,아이들 앞에서 욕하지 마세요.,none
data/processed/en_augmented/LA_T_2681186_aug.wav,en,spoof,vc,A06,LA_0097,asvspoof2019la,,rawboost
data/processed/en_augmented/LA_T_3585145_aug.wav,en,spoof,tts,A03,LA_0092,asvspoof2019la,,codec
data/processed/ko_augmented/zeroth_201_from_zeroth_163_003_1763_aug.wav,ko,spoof,vc,rvc_zeroth_201,zeroth_201,rvc_from_zeroth_163,언제 이 뚜껑이 들끓어서 열릴까하는 게 시간문제였거든요,none
data/processed/ko_augmented/zeroth_185_from_zeroth_180_003_0299_aug.wav,ko,spoof,vc,rvc_zeroth_185,zeroth_185,rvc_from_zeroth_180,재계약 과정에서도 수당 상여금 요청을 번번이 거부당한 박씨는 결국 올 이 월 서울지방노동위원회에 차별시정 신청을 냈다,none
data/processed/en_augmented/LA_T_3289462_aug.wav,en,spoof,vc,A05,LA_0098,asvspoof2019la,,none
data/processed/ko_augmented/zeroth_192_003_2056_aug.wav,ko,bonafide,real,-,zeroth_192,zeroth_korean,여름철에 누진제를 한시적으로 완화하는 방안도 논의될 가능성이 있다고 당 핵심 관계자는 설명했다,rawboost
data/processed/ko_augmented/kss_03469_aug.wav,ko,spoof,tts,mms-tts-kor,vits_default,kss_transcript,비가 와서 게임이 중단되었다.,rawboost
data/processed/ko_augmented/zeroth_201_from_kss_03366_aug.wav,ko,spoof,vc,rvc_zeroth_201,zeroth_201,rvc_from_kss_speaker,새 학교에 적응하는 일은 쉽지 않았다.,none
data/processed/ko_augmented/kss_01805_aug.wav,ko,bonafide,real,-,kss_speaker,kss,우리는 지원자들을 공정하고 엄격하게 심사할 겁니다.,rawboost
data/processed/en_augmented/LA_T_6074594_aug.wav,en,spoof,tts,A04,LA_0082,asvspoof2019la,,none
data/processed/en_augmented/LA_T_4822766_aug.wav,en,bonafide,real,-,LA_0079,asvspoof2019la,,rawboost
data/processed/en_augmented/LA_T_2487520_aug.wav,en,spoof,tts,A02,LA_0095,asvspoof2019la,,codec
data/processed/ko_augmented/kss_01022_aug.wav,ko,spoof,tts,mms-tts-kor,vits_default,kss_transcript,누구나 오래 살길 원한다.,rawboost
data/processed/ko_augmented/zeroth_150_003_0530_aug.wav,ko,bonafide,real,-,zeroth_150,zeroth_korean,인터풋볼 감독님의 한결 같은 믿음이 적응과 활약의 토대,none
data/processed/ko_augmented/kss_02121_aug.wav,ko,spoof,tts,mms-tts-kor,vits_default,kss_transcript,오늘은 날씨가 포근합니다.,none
data/processed/en_augmented/LA_T_1272637_aug.wav,en,bonafide,real,-,LA_0079,asvspoof2019la,,rawboost
data/processed/en_augmented/LA_T_5214235_aug.wav,en,bonafide,real,-,LA_0084,asvspoof2019la,,rawboost+codec
data/processed/en_augmented/LA_T_9107429_aug.wav,en,bonafide,real,-,LA_0079,asvspoof2019la,,codec
data/processed/ko_augmented/zeroth_140_003_0164_aug.wav,ko,bonafide,real,-,zeroth_140,zeroth_korean,우리는 위기의 진앙이 아닌 안전지대가 됐다는 말까지 나올 정도였다,none
data/processed/en_augmented/LA_T_6175341_aug.wav,en,bonafide,real,-,LA_0097,asvspoof2019la,,codec
data/processed/en_augmented/LA_T_4383926_aug.wav,en,spoof,tts,A03,LA_0096,asvspoof2019la,,none
data/processed/ko_augmented/kss_09673_aug.wav,ko,spoof,tts,mms-tts-kor,vits_default,kss_transcript,이제야 이해가 되네요.,rawboost
data/processed/en_augmented/LA_T_4864042_aug.wav,en,spoof,vc,A05,LA_0086,asvspoof2019la,,none
data/processed/ko_augmented/zeroth_171_003_1234_aug.wav,ko,bonafide,real,-,zeroth_171,zeroth_korean,핵무력건설에 대해선 그 역사적 연원을 돌아보며 길게 설명했으니 반복하지 않을게,none
data/processed/en_augmented/LA_T_6499936_aug.wav,en,bonafide,real,-,LA_0085,asvspoof2019la,,rawboost
data/processed/en_augmented/LA_T_6973548_aug.wav,en,spoof,vc,A06,LA_0084,asvspoof2019la,,none
data/processed/en_augmented/LA_T_9804482_aug.wav,en,bonafide,real,-,LA_0090,asvspoof2019la,,none
data/processed/ko_augmented/zeroth_200_from_zeroth_177_003_0884_aug.wav,ko,spoof,vc,rvc_zeroth_200,zeroth_200,rvc_from_zeroth_177,멧돼지를 멀리서 발견했을 경우에는 멧돼지의 주의를 끌지 않도록 행동해야 합니다,none
data/processed/ko_augmented/zeroth_114_003_1431_aug.wav,ko,bonafide,real,-,zeroth_114,zeroth_korean,그 사건에 있어서는 처음에 사고 낸 거 그것은 수리 견적이 백 육십 오 만 원 나왔는데요,rawboost
data/processed/ko_augmented/kss_07052_aug.wav,ko,spoof,tts,mms-tts-kor,vits_default,kss_transcript,이것저것 샀어요.,rawboost
data/processed/en_augmented/LA_T_2737588_aug.wav,en,bonafide,real,-,LA_0080,asvspoof2019la,,rawboost
data/processed/en_augmented/LA_T_8202496_aug.wav,en,spoof,tts,A03,LA_0086,asvspoof2019la,,none
data/processed/en_augmented/LA_T_6337823_aug.wav,en,spoof,tts,A01,LA_0094,asvspoof2019la,,codec
data/processed/ko_augmented/kss_07717_aug.wav,ko,bonafide,real,-,kss_speaker,kss,그의 인생은 불행의 연속이었다.,none
data/processed/en_augmented/LA_T_9708297_aug.wav,en,spoof,vc,A06,LA_0093,asvspoof2019la,,codec
data/processed/ko_augmented/zeroth_152_from_zeroth_161_003_0488_aug.wav,ko,spoof,vc,rvc_zeroth_152,zeroth_152,rvc_from_zeroth_161,삼성전자는 아직 이사 일정은 잡지 않았지만 삼성생명 삼성화재 삼성증권 삼성카드 등 금융계열사들의 서초 사옥 이사 일정이 잡히는 대로 수원사업장으로 전원 내려갈 방침이다,rawboost+codec
data/processed/en_augmented/LA_T_7595016_aug.wav,en,spoof,tts,A02,LA_0081,asvspoof2019la,,none
data/processed/ko_augmented/kss_01366_aug.wav,ko,spoof,tts,mms-tts-kor,vits_default,kss_transcript,"고 녀석, 똑똑하게 생겼구나.",rawboost
data/processed/ko_augmented/zeroth_202_003_1892_aug.wav,ko,bonafide,real,-,zeroth_202,zeroth_korean,국정 공백 탄핵 정국 관리 헌재 재판관 구성의 문제 때문이다,rawboost+codec
data/processed/en_augmented/LA_T_3654877_aug.wav,en,spoof,vc,A05,LA_0097,asvspoof2019la,,codec
data/processed/en_augmented/LA_T_8566553_aug.wav,en,bonafide,real,-,LA_0092,asvspoof2019la,,none
data/processed/en_augmented/LA_T_9828683_aug.wav,en,spoof,tts,A01,LA_0091,asvspoof2019la,,none
data/processed/ko_augmented/zeroth_185_from_zeroth_196_003_2827_aug.wav,ko,spoof,vc,rvc_zeroth_185,zeroth_185,rvc_from_zeroth_196,내가 지원하는 회사에서 어떤 사업을 하고 있는지 내가 하고 싶은 일에 대하여 얼마나 이해하고 있는지에 대해 분명한 입장을 가진 지원자가 높은 점수를 받는다,rawboost
data/processed/ko_augmented/zeroth_185_from_zeroth_166_003_1367_aug.wav,ko,spoof,vc,rvc_zeroth_185,zeroth_185,rvc_from_zeroth_166,나만 죽이는 구나 그래서 처음엔 외국에 좀 가있으려고 했다,none
data/processed/ko_augmented/kss_02175_aug.wav,ko,spoof,tts,mms-tts-kor,vits_default,kss_transcript,오늘은 하루 종일 날씨가 흐리겠습니다.,rawboost
data/processed/ko_augmented/kss_08511_aug.wav,ko,spoof,tts,mms-tts-kor,vits_default,kss_transcript,어머니는 제가 어서 결혼하기를 바라세요.,none
data/processed/en_augmented/LA_T_8280464_aug.wav,en,bonafide,real,-,LA_0095,asvspoof2019la,,none
data/processed/ko_augmented/kss_02662_aug.wav,ko,spoof,tts,mms-tts-kor,vits_default,kss_transcript,가방은 거기에 내려놓으세요.,none
data/processed/en_augmented/LA_T_7006824_aug.wav,en,spoof,vc,A06,LA_0079,asvspoof2019la,,none
data/processed/en_augmented/LA_T_2687846_aug.wav,en,spoof,vc,A06,LA_0097,asvspoof2019la,,codec
data/processed/ko_augmented/zeroth_162_003_0802_aug.wav,ko,bonafide,real,-,zeroth_162,zeroth_korean,콩에 대한 자료라면 무엇이든 구해 읽었고 누구를 만나도 콩의 중요성을 설파했다,none
data/processed/en_augmented/LA_T_9108411_aug.wav,en,bonafide,real,-,LA_0090,asvspoof2019la,,none
data/processed/en_augmented/LA_T_4641716_aug.wav,en,spoof,tts,A04,LA_0093,asvspoof2019la,,codec
data/processed/ko_augmented/zeroth_161_003_2035_aug.wav,ko,bonafide,real,-,zeroth_161,zeroth_korean,합참도 이날 오전 아홉 시 삼십 분경 북한 풍계리일대에서 규모 오 쩜 공 의 인공지진파를 감지했다고 밝혔다,rawboost
data/processed/ko_augmented/zeroth_189_003_2954_aug.wav,ko,bonafide,real,-,zeroth_189,zeroth_korean,집에서 인정받은 최 씨는 이제 나가서도 당당히 자신이 미혼모임을 밝힌다,none
data/processed/ko_augmented/zeroth_164_003_2245_aug.wav,ko,bonafide,real,-,zeroth_164,zeroth_korean,박 대통령의 입장 표명과 사과를 요구하는 정치권의 요구에 곧장 맞서서 대응하기도 힘든 상황이었다,rawboost+codec
data/processed/ko_augmented/kss_10953_aug.wav,ko,spoof,tts,mms-tts-kor,vits_default,kss_transcript,경찰은 항상 무기를 갖고 다니나요?,none
data/processed/ko_augmented/zeroth_173_003_2573_aug.wav,ko,bonafide,real,-,zeroth_173,zeroth_korean,국회 추천이라고 했으니까 새누리당은 사사건건 딴지를 걸면서 시간을 끌 것이다,none
data/processed/en_augmented/LA_T_3643851_aug.wav,en,bonafide,real,-,LA_0084,asvspoof2019la,,rawboost
data/processed/ko_augmented/zeroth_182_003_1508_aug.wav,ko,bonafide,real,-,zeroth_182,zeroth_korean,자기계발비가 너무 적어 가족당 외출을 한 달에 한 두 번밖에 못할 명세서도 등장했다,none
data/processed/en_augmented/LA_T_8232782_aug.wav,en,bonafide,real,-,LA_0092,asvspoof2019la,,none
data/processed/ko_augmented/zeroth_130_003_2701_aug.wav,ko,bonafide,real,-,zeroth_130,zeroth_korean,찢긴 플래카드들과 나무에 매단 리본들도 바람 따라 세차게 펄럭였다,rawboost
data/processed/en_augmented/LA_T_7317221_aug.wav,en,bonafide,real,-,LA_0084,asvspoof2019la,,rawboost+codec
data/processed/en_augmented/LA_T_1538283_aug.wav,en,spoof,tts,A02,LA_0080,asvspoof2019la,,none
data/processed/ko_augmented/kss_00840_aug.wav,ko,bonafide,real,-,kss_speaker,kss,부산국제영화제가 10월 2일부터 10월 8일까지 펼쳐질 예정입니다.,rawboost
data/processed/en_augmented/LA_T_7504201_aug.wav,en,bonafide,real,-,LA_0083,asvspoof2019la,,codec
data/processed/en_augmented/LA_T_3472831_aug.wav,en,spoof,vc,A05,LA_0082,asvspoof2019la,,none
data/processed/ko_augmented/kss_03386_aug.wav,ko,bonafide,real,-,kss_speaker,kss,너 일부러 그런 거지?,rawboost+codec
data/processed/en_augmented/LA_T_3256127_aug.wav,en,spoof,vc,A05,LA_0083,asvspoof2019la,,rawboost
data/processed/ko_augmented/zeroth_169_003_1003_aug.wav,ko,bonafide,real,-,zeroth_169,zeroth_korean,황정화 이건 사실 법 적용을 어떻게 할 것인가의 문제일 텐데요,codec
data/processed/ko_augmented/kss_12300_aug.wav,ko,bonafide,real,-,kss_speaker,kss,매년 태풍으로 인한 재산 피해가 심각해요.,rawboost
data/processed/ko_augmented/zeroth_185_from_kss_04569_aug.wav,ko,spoof,vc,rvc_zeroth_185,zeroth_185,rvc_from_kss_speaker,나는 그녀에게 청혼했지만 거절 당했다.,rawboost
data/processed/ko_augmented/zeroth_217_003_0592_aug.wav,ko,bonafide,real,-,zeroth_217,zeroth_korean,급기야 재단 측은 당초 하루 삼백 명으로 제한한 사전 접수 인원을 지난 칠 일부터 천 삼백 명으로 천 명 더 늘렸다,none
data/processed/ko_augmented/zeroth_146_003_0531_aug.wav,ko,bonafide,real,-,zeroth_146,zeroth_korean,동아일보 자정 넘도록 텐트 쳐놓고 술판 고성오후 아홉 시 이후에는 한강 둔치에 텐트를 설치할 수 없지만 밤 열 두 시가 다 되도록 텐트가 그대로 있다,rawboost
data/processed/ko_augmented/kss_02982_aug.wav,ko,spoof,tts,mms-tts-kor,vits_default,kss_transcript,눈병을 예방하려면 손을 자주자주 씻으세요.,none
data/processed/ko_augmented/kss_06683_aug.wav,ko,spoof,tts,mms-tts-kor,vits_default,kss_transcript,상자 안에는 잡동사니들이 가득했다.,none
data/processed/ko_augmented/zeroth_158_003_1500_aug.wav,ko,bonafide,real,-,zeroth_158,zeroth_korean,그렇게 된 것은 전적으로 내가 스트레스에 제대로 대처하지 못한 탓이었어요,none
data/processed/ko_augmented/kss_12318_aug.wav,ko,spoof,tts,mms-tts-kor,vits_default,kss_transcript,우리 애는 텔레비전 보는 걸 너무 좋아해요.,rawboost+codec
data/processed/ko_augmented/zeroth_201_from_zeroth_113_003_2611_aug.wav,ko,spoof,vc,rvc_zeroth_201,zeroth_201,rvc_from_zeroth_113,중위그룹은 일 조 구천 억원 적자 하위그룹은 칠천 억원 의 적자를 기록했다,rawboost
data/processed/ko_augmented/zeroth_152_from_zeroth_192_003_0044_aug.wav,ko,spoof,vc,rvc_zeroth_152,zeroth_152,rvc_from_zeroth_192,나포된 중국어선 최근 중국 어선이 우리나라 해경의 고속함정을 들이받아 침몰시키는 사건이 발생했다,codec
data/processed/ko_augmented/zeroth_200_from_zeroth_202_003_0476_aug.wav,ko,spoof,vc,rvc_zeroth_200,zeroth_200,rvc_from_zeroth_202,그는 일단 유치원 예산을 갖고 여섯 개월이라도 편성해 재앙을 막자는 상황이지만 녹록한 상황이 아니다,none
data/processed/en_augmented/LA_T_8172146_aug.wav,en,bonafide,real,-,LA_0089,asvspoof2019la,,rawboost+codec
data/processed/en_augmented/LA_T_8367422_aug.wav,en,spoof,vc,A05,LA_0090,asvspoof2019la,,codec
data/processed/en_augmented/LA_T_9969620_aug.wav,en,bonafide,real,-,LA_0089,asvspoof2019la,,none
data/processed/en_augmented/LA_T_6482585_aug.wav,en,spoof,vc,A06,LA_0094,asvspoof2019la,,none
data/processed/en_augmented/LA_T_5725310_aug.wav,en,spoof,tts,A02,LA_0086,asvspoof2019la,,none
data/processed/en_augmented/LA_T_6183805_aug.wav,en,spoof,vc,A06,LA_0092,asvspoof2019la,,rawboost
data/processed/en_augmented/LA_T_8457102_aug.wav,en,bonafide,real,-,LA_0098,asvspoof2019la,,rawboost
data/processed/ko_augmented/zeroth_164_003_1874_aug.wav,ko,bonafide,real,-,zeroth_164,zeroth_korean,많은 전문가는 슈거 크래시를 유발하는 당분 함유 음료 대신 물을 많이 섭취할 것을 권한다,none
data/processed/ko_augmented/kss_07760_aug.wav,ko,spoof,tts,mms-tts-kor,vits_default,kss_transcript,나무에 부딪혀서 차가 심하게 부서졌어.,none
data/processed/en_augmented/LA_T_8865587_aug.wav,en,bonafide,real,-,LA_0083,asvspoof2019la,,none
data/processed/ko_augmented/zeroth_185_from_zeroth_159_003_2996_aug.wav,ko,spoof,vc,rvc_zeroth_185,zeroth_185,rvc_from_zeroth_159,인도네시아 말레이시아 등에만 쏠려 있는 비중도 문제다,rawboost
data/processed/en_augmented/LA_T_6921964_aug.wav,en,spoof,vc,A06,LA_0085,asvspoof2019la,,rawboost
data/processed/ko_augmented/zeroth_152_from_zeroth_114_003_1554_aug.wav,ko,spoof,vc,rvc_zeroth_152,zeroth_152,rvc_from_zeroth_114,단지 특별법상에 아주 구체적인 내용으로 어떻게 구성을 하고 이런 내용은 없지만 분명히 준비할 수 있는 다리가 존재할 수 있도록 규정이 되어 있습니다,rawboost
data/processed/en_augmented/LA_T_5619335_aug.wav,en,bonafide,real,-,LA_0087,asvspoof2019la,,rawboost
data/processed/en_augmented/LA_T_7911965_aug.wav,en,spoof,tts,A01,LA_0091,asvspoof2019la,,none
data/processed/en_augmented/LA_T_4240970_aug.wav,en,spoof,vc,A06,LA_0083,asvspoof2019la,,rawboost
data/processed/en_augmented/LA_T_1909202_aug.wav,en,bonafide,real,-,LA_0080,asvspoof2019la,,rawboost
data/processed/en_augmented/LA_T_8476972_aug.wav,en,spoof,vc,A05,LA_0094,asvspoof2019la,,rawboost+codec
data/processed/ko_augmented/kss_01253_aug.wav,ko,spoof,tts,mms-tts-kor,vits_default,kss_transcript,그것은 낡은 관습이다.,none
data/processed/ko_augmented/kss_08012_aug.wav,ko,spoof,tts,mms-tts-kor,vits_default,kss_transcript,아내는 이번 달 말에 출산 예정이에요.,rawboost+codec
data/processed/en_augmented/LA_T_5446166_aug.wav,en,spoof,tts,A04,LA_0094,asvspoof2019la,,rawboost+codec
data/processed/ko_augmented/kss_03119_aug.wav,ko,bonafide,real,-,kss_speaker,kss,욕심에는 끝이 없다.,rawboost+codec
data/processed/ko_augmented/zeroth_201_from_zeroth_141_003_1940_aug.wav,ko,spoof,vc,rvc_zeroth_201,zeroth_201,rvc_from_zeroth_141,언론은 이십 오 일쯤 도발 가능성중국 해군의 최신형 이지스 구축함 시닝호의 실전훈련 모습,none
data/processed/ko_augmented/kss_01803_aug.wav,ko,spoof,tts,mms-tts-kor,vits_default,kss_transcript,이건 너무 억울해요.,codec
data/processed/en_augmented/LA_T_4954760_aug.wav,en,spoof,vc,A05,LA_0091,asvspoof2019la,,codec
data/processed/en_augmented/LA_T_6627537_aug.wav,en,spoof,tts,A04,LA_0085,asvspoof2019la,,rawboost
data/processed/ko_augmented/zeroth_122_003_1277_aug.wav,ko,bonafide,real,-,zeroth_122,zeroth_korean,이번에도 미사일 자체는 그 정도의 투사능력이 있었던 것이다,rawboost+codec
data/processed/en_augmented/LA_T_3938480_aug.wav,en,bonafide,real,-,LA_0087,asvspoof2019la,,codec
data/processed/en_augmented/LA_T_2492818_aug.wav,en,spoof,vc,A05,LA_0098,asvspoof2019la,,rawboost
data/processed/en_augmented/LA_T_3208992_aug.wav,en,bonafide,real,-,LA_0082,asvspoof2019la,,none
data/processed/ko_augmented/zeroth_195_003_1638_aug.wav,ko,bonafide,real,-,zeroth_195,zeroth_korean,네가 하루 이틀 정도 고민해 보고 나서 어떤 방법이 좋을지 그리고 왜 그렇게 생각하는지 함께 얘기해 볼까,rawboost+codec
data/processed/en_augmented/LA_T_5517736_aug.wav,en,bonafide,real,-,LA_0095,asvspoof2019la,,rawboost
data/processed/en_augmented/LA_T_2361518_aug.wav,en,bonafide,real,-,LA_0085,asvspoof2019la,,codec
data/processed/ko_augmented/zeroth_185_from_zeroth_130_003_1399_aug.wav,ko,spoof,vc,rvc_zeroth_185,zeroth_185,rvc_from_zeroth_130,메르스에 감염된 서울 대형 병원 의사가 무려 천 오백 명이 넘는 사람들을 직 간접으로 접촉했다는 소식이었다,rawboost+codec
data/processed/ko_augmented/kss_06665_aug.wav,ko,spoof,tts,mms-tts-kor,vits_default,kss_transcript,그를 찾는 데 상당한 시간이 소모되었다.,codec
data/processed/ko_augmented/zeroth_185_from_zeroth_113_003_1638_aug.wav,ko,spoof,vc,rvc_zeroth_185,zeroth_185,rvc_from_zeroth_113,네가 하루 이틀 정도 고민해 보고 나서 어떤 방법이 좋을지 그리고 왜 그렇게 생각하는지 함께 얘기해 볼까,none
data/processed/ko_augmented/zeroth_167_003_2208_aug.wav,ko,bonafide,real,-,zeroth_167,zeroth_korean,동네 주민은 마씨는 정말로 대단한 엄마다라며 지난 이십 여년간 하루도 빠짐없이 두 아들을 극진히 보살폈다고 말했다,none
data/processed/en_augmented/LA_T_7337587_aug.wav,en,bonafide,real,-,LA_0081,asvspoof2019la,,none
data/processed/ko_augmented/zeroth_200_from_zeroth_205_003_2453_aug.wav,ko,spoof,vc,rvc_zeroth_200,zeroth_200,rvc_from_zeroth_205,이 회사는 또 차량유지비로 지난해 칠백 팔십 이 만원 이천 십 사 년 칠백 이 만원을 썼다,codec
data/processed/ko_augmented/kss_03594_aug.wav,ko,spoof,tts,mms-tts-kor,vits_default,kss_transcript,매너가 참 좋으시군요.,rawboost
data/processed/en_augmented/LA_T_2197955_aug.wav,en,spoof,vc,A05,LA_0097,asvspoof2019la,,rawboost
data/processed/ko_augmented/zeroth_174_003_2958_aug.wav,ko,bonafide,real,-,zeroth_174,zeroth_korean,이 때문에 국가정보원 주도로 이천 십 사 년 초부터 청와대를 포함해 정부 고위직 공무원들에게 보안폰이 지급되기도 했다,codec
data/processed/ko_augmented/kss_05010_aug.wav,ko,spoof,tts,mms-tts-kor,vits_default,kss_transcript,나는 중학교 때 배구 선수였어.,none
data/processed/en_augmented/LA_T_5308888_aug.wav,en,spoof,tts,A04,LA_0089,asvspoof2019la,,none
data/processed/en_augmented/LA_T_3754709_aug.wav,en,spoof,vc,A05,LA_0082,asvspoof2019la,,rawboost
data/processed/en_augmented/LA_T_4895685_aug.wav,en,spoof,vc,A05,LA_0098,asvspoof2019la,,codec
data/processed/ko_augmented/zeroth_201_from_zeroth_140_003_1859_aug.wav,ko,spoof,vc,rvc_zeroth_201,zeroth_201,rvc_from_zeroth_140,이를 두고 일각에서는 국회법 개정안을 둘러싼 당청 갈등이 여권 내부의 계파 분열로 옮아가는 단계라는 해석도 내놓고 있다,rawboost+codec
data/processed/ko_augmented/zeroth_194_003_2622_aug.wav,ko,bonafide,real,-,zeroth_194,zeroth_korean,핫 플레이스가 된 동네의 그늘 하루가 다르게 새로운 가게들이 속속 들어서는 망원동,none
data/processed/ko_augmented/zeroth_185_from_zeroth_153_003_0837_aug.wav,ko,spoof,vc,rvc_zeroth_185,zeroth_185,rvc_from_zeroth_153,김현정 끝으로 국민들에게 하시고 싶은 말씀 있다면 한 말씀 해주시겠어요,rawboost+codec
data/processed/ko_augmented/kss_08729_aug.wav,ko,spoof,tts,mms-tts-kor,vits_default,kss_transcript,옷 갈아입는 곳이 어디예요?,none
data/processed/ko_augmented/kss_02687_aug.wav,ko,spoof,tts,mms-tts-kor,vits_default,kss_transcript,열어 봐. 깜짝 선물이야.,none
data/processed/en_augmented/LA_T_3336416_aug.wav,en,bonafide,real,-,LA_0093,asvspoof2019la,,rawboost
data/processed/en_augmented/LA_T_6416286_aug.wav,en,spoof,vc,A06,LA_0084,asvspoof2019la,,none
data/processed/en_augmented/LA_T_3325988_aug.wav,en,bonafide,real,-,LA_0083,asvspoof2019la,,codec
data/processed/ko_augmented/kss_03469_aug.wav,ko,bonafide,real,-,kss_speaker,kss,비가 와서 게임이 중단되었다.,rawboost
data/processed/en_augmented/LA_T_1797409_aug.wav,en,spoof,tts,A03,LA_0098,asvspoof2019la,,rawboost
data/processed/en_augmented/LA_T_6763611_aug.wav,en,bonafide,real,-,LA_0083,asvspoof2019la,,rawboost
data/processed/ko_augmented/zeroth_184_003_0944_aug.wav,ko,bonafide,real,-,zeroth_184,zeroth_korean,배상 방식의 종류는 무상수리에서부터 환불이나 반품 교환 위약금없이 렌털계약 해지 등 다양하다,rawboost
data/processed/ko_augmented/zeroth_113_003_0182_aug.wav,ko,bonafide,real,-,zeroth_113,zeroth_korean,결론적으로 말하면 정종은 일본식 청주의 한 종류일 뿐입니다,rawboost+codec
data/processed/en_augmented/LA_T_3537526_aug.wav,en,bonafide,real,-,LA_0095,asvspoof2019la,,rawboost
data/processed/en_augmented/LA_T_3873840_aug.wav,en,spoof,tts,A02,LA_0085,asvspoof2019la,,rawboost
data/processed/ko_augmented/kss_06262_aug.wav,ko,spoof,tts,mms-tts-kor,vits_default,kss_transcript,그녀는 밤중에 일한다.,none
data/processed/en_augmented/LA_T_5320596_aug.wav,en,spoof,vc,A06,LA_0085,asvspoof2019la,,codec
data/processed/ko_augmented/zeroth_201_from_kss_04920_aug.wav,ko,spoof,vc,rvc_zeroth_201,zeroth_201,rvc_from_kss_speaker,이 노트북은 휴대가 간편합니다.,codec
data/processed/ko_augmented/zeroth_154_003_0827_aug.wav,ko,bonafide,real,-,zeroth_154,zeroth_korean,쿨리발리는 이천 년대 중반 세리프 쿠아치와 함께 파리제 십 구 구네트워크라는 자생적인 테러조직에 함께 가담한 적이 있다,rawboost+codec
data/processed/en_augmented/LA_T_3643756_aug.wav,en,spoof,vc,A06,LA_0086,asvspoof2019la,,none
data/processed/en_augmented/LA_T_4948515_aug.wav,en,bonafide,real,-,LA_0093,asvspoof2019la,,rawboost
data/processed/en_augmented/LA_T_5192765_aug.wav,en,bonafide,real,-,LA_0081,asvspoof2019la,,rawboost
data/processed/en_augmented/LA_T_5616630_aug.wav,en,spoof,vc,A05,LA_0094,asvspoof2019la,,none
data/processed/en_augmented/LA_T_1395369_aug.wav,en,bonafide,real,-,LA_0094,asvspoof2019la,,rawboost+codec
data/processed/en_augmented/LA_T_9896961_aug.wav,en,bonafide,real,-,LA_0097,asvspoof2019la,,rawboost
data/processed/ko_augmented/zeroth_152_from_kss_04055_aug.wav,ko,spoof,vc,rvc_zeroth_152,zeroth_152,rvc_from_kss_speaker,한글은 매우 과학적이다.,rawboost
data/processed/ko_augmented/kss_12038_aug.wav,ko,spoof,tts,mms-tts-kor,vits_default,kss_transcript,오늘 신문 봤어?,none
data/processed/ko_augmented/kss_12816_aug.wav,ko,bonafide,real,-,kss_speaker,kss,아이들 앞에서 욕하지 마세요.,none
data/processed/en_augmented/LA_T_3591564_aug.wav,en,spoof,tts,A03,LA_0094,asvspoof2019la,,codec
data/processed/en_augmented/LA_T_6107871_aug.wav,en,spoof,vc,A06,LA_0097,asvspoof2019la,,rawboost
data/processed/ko_augmented/zeroth_150_003_0806_aug.wav,ko,bonafide,real,-,zeroth_150,zeroth_korean,기동민 민주당 원내대변인은 이날 논평을 통해 테니스 치고 사 대 강변에서 자전거 타던 이 전 대통령께서 낯 뜨거움 운운하며 입을 열었다며 이같이 비난했다,codec
data/processed/en_augmented/LA_T_8846765_aug.wav,en,bonafide,real,-,LA_0089,asvspoof2019la,,none
data/processed/ko_augmented/zeroth_108_003_1373_aug.wav,ko,bonafide,real,-,zeroth_108,zeroth_korean,이밖에도 올해 강남권 재건축 아파트 일 만 삼천 가구가 이주에 나설 예정이어서 연립 다세대주택으로 이주하는 세입자들은 더욱 늘어날 것으로 전망된다,codec
data/processed/ko_augmented/kss_07932_aug.wav,ko,spoof,tts,mms-tts-kor,vits_default,kss_transcript,침착하시고 지금 위치를 말씀해 주세요.,none
data/processed/en_augmented/LA_T_5475184_aug.wav,en,spoof,tts,A03,LA_0088,asvspoof2019la,,none
data/processed/ko_augmented/kss_06719_aug.wav,ko,spoof,tts,mms-tts-kor,vits_default,kss_transcript,시작이 반이다.,rawboost
data/processed/en_augmented/LA_T_4356490_aug.wav,en,bonafide,real,-,LA_0080,asvspoof2019la,,rawboost
data/processed/ko_augmented/zeroth_157_003_0991_aug.wav,ko,bonafide,real,-,zeroth_157,zeroth_korean,한국과 중국의 연말 표정이 사뭇 다른 것 중의 하나가구세군 자선냄비다,codec
data/processed/ko_augmented/kss_08568_aug.wav,ko,bonafide,real,-,kss_speaker,kss,물이 얼어서 얼음으로 변했어요.,rawboost
data/processed/en_augmented/LA_T_6435392_aug.wav,en,bonafide,real,-,LA_0086,asvspoof2019la,,codec
data/processed/en_augmented/LA_T_7366665_aug.wav,en,spoof,vc,A06,LA_0093,asvspoof2019la,,none
data/processed/en_augmented/LA_T_2707835_aug.wav,en,bonafide,real,-,LA_0088,asvspoof2019la,,rawboost
data/processed/ko_augmented/zeroth_209_003_2347_aug.wav,ko,bonafide,real,-,zeroth_209,zeroth_korean,또 바른정당을 제외한 야 삼 당은 탄핵을 공동 추진키로 했다,rawboost+codec
data/processed/ko_augmented/kss_10654_aug.wav,ko,bonafide,real,-,kss_speaker,kss,오늘 아침은 꽤 시원하네요.,rawboost+codec
data/processed/en_augmented/LA_T_9980379_aug.wav,en,spoof,tts,A04,LA_0079,asvspoof2019la,,rawboost
data/processed/ko_augmented/zeroth_185_from_zeroth_214_003_2616_aug.wav,ko,spoof,vc,rvc_zeroth_185,zeroth_185,rvc_from_zeroth_214,교육부 관계자는 이영 차관이 해임을 포함해 조치를 논의하겠다고 밝혔고 그 후 진전된 내용은 없다고 했다,codec
data/processed/en_augmented/LA_T_7210891_aug.wav,en,spoof,tts,A03,LA_0096,asvspoof2019la,,rawboost
data/processed/ko_augmented/zeroth_120_003_1437_aug.wav,ko,bonafide,real,-,zeroth_120,zeroth_korean,이에 대해 한 건설사의 임원은 엘시티 더샵의 분양가는 솔직히 과하다며 현재 불안한 국내 부동산시장 상황을 볼 때 막바지 투기를 부추기는 것으로 보인다고 말했다,none
data/processed/ko_augmented/kss_09656_aug.wav,ko,bonafide,real,-,kss_speaker,kss,이것저것 샀어요.,rawboost
data/processed/ko_augmented/kss_00100_aug.wav,ko,bonafide,real,-,kss_speaker,kss,우리는 파티 준비를 위해 풍선을 불었다.,rawboost
data/processed/en_augmented/LA_T_4664739_aug.wav,en,bonafide,real,-,LA_0086,asvspoof2019la,,none
data/processed/ko_augmented/kss_00241_aug.wav,ko,spoof,tts,mms-tts-kor,vits_default,kss_transcript,그 사람은 하루 종일 현미경을 들여다봐.,rawboost
data/processed/ko_augmented/zeroth_107_003_1669_aug.wav,ko,bonafide,real,-,zeroth_107,zeroth_korean,미래부 개편 스마트일자리 프로젝트로 사 차 산업혁명 준비 저성장 늪에 빠진 대한민국이 재도약하기 위해 사 차 산업혁명 물결 속에서 어떤 전략을 취해야 할까요,rawboost+codec
data/processed/ko_augmented/kss_04635_aug.wav,ko,bonafide,real,-,kss_speaker,kss,제가 제일 좋아하는 과목은 생물이에요.,codec
data/processed/en_augmented/LA_T_1450124_aug.wav,en,bonafide,real,-,LA_0081,asvspoof2019la,,rawboost
data/processed/ko_augmented/kss_08078_aug.wav,ko,spoof,tts,mms-tts-kor,vits_default,kss_transcript,그 마라톤 대회에 참가할 생각이세요?,none
data/processed/ko_augmented/zeroth_127_003_2527_aug.wav,ko,bonafide,real,-,zeroth_127,zeroth_korean,보도가 나가고 뉴스타파 와 앵커의 안위를 걱정하는 전화와 메시지가 쇄도하고 있다,rawboost+codec
data/processed/ko_augmented/zeroth_152_from_kss_06108_aug.wav,ko,spoof,vc,rvc_zeroth_152,zeroth_152,rvc_from_kss_speaker,남부 캘리포니아는 일 년 내내 화창합니다.,rawboost+codec
data/processed/en_augmented/LA_T_9202620_aug.wav,en,spoof,tts,A01,LA_0079,asvspoof2019la,,none
data/processed/en_augmented/LA_T_8827683_aug.wav,en,spoof,tts,A03,LA_0093,asvspoof2019la,,none
data/processed/en_augmented/LA_T_2424805_aug.wav,en,spoof,tts,A02,LA_0089,asvspoof2019la,,codec
data/processed/ko_augmented/zeroth_144_003_2174_aug.wav,ko,bonafide,real,-,zeroth_144,zeroth_korean,이 성서 기록은 사람에게 유익한 꿀의 특성 한 가지를 예시합니다,none
data/processed/en_augmented/LA_T_5099117_aug.wav,en,spoof,vc,A06,LA_0080,asvspoof2019la,,rawboost
data/processed/ko_augmented/kss_05777_aug.wav,ko,spoof,tts,mms-tts-kor,vits_default,kss_transcript,언론은 여론의 형성에 큰 역할을 한다.,none
data/processed/ko_augmented/kss_11526_aug.wav,ko,spoof,tts,mms-tts-kor,vits_default,kss_transcript,아직 안전벨트 풀지 말아 주십시오.,none
data/processed/en_augmented/LA_T_9859327_aug.wav,en,bonafide,real,-,LA_0093,asvspoof2019la,,rawboost
data/processed/en_augmented/LA_T_5454842_aug.wav,en,spoof,vc,A05,LA_0083,asvspoof2019la,,rawboost
data/processed/ko_augmented/zeroth_152_from_zeroth_189_003_1743_aug.wav,ko,spoof,vc,rvc_zeroth_152,zeroth_152,rvc_from_zeroth_189,무수단급은 지금 현재 완전히 성능개량을 하지는 못한 걸로 추정하고 있죠,codec
data/processed/en_augmented/LA_T_9529079_aug.wav,en,bonafide,real,-,LA_0084,asvspoof2019la,,rawboost
data/processed/en_augmented/LA_T_5297168_aug.wav,en,bonafide,real,-,LA_0095,asvspoof2019la,,none
data/processed/en_augmented/LA_T_4546061_aug.wav,en,spoof,vc,A06,LA_0098,asvspoof2019la,,rawboost
data/processed/ko_augmented/zeroth_200_from_kss_02319_aug.wav,ko,spoof,vc,rvc_zeroth_200,zeroth_200,rvc_from_kss_speaker,혀를 내밀어 보세요.,rawboost
data/processed/ko_augmented/kss_07495_aug.wav,ko,spoof,tts,mms-tts-kor,vits_default,kss_transcript,늦게 일어나는 바람에 늦었어요.,codec
data/processed/ko_augmented/zeroth_161_003_0901_aug.wav,ko,bonafide,real,-,zeroth_161,zeroth_korean,그런데 간 김에 우리 내외가 피검사 등 건강검진을 했다,rawboost+codec
data/processed/ko_augmented/kss_10033_aug.wav,ko,spoof,tts,mms-tts-kor,vits_default,kss_transcript,우리 학교는 규칙을 엄격하게 적용한다.,none
data/processed/en_augmented/LA_T_8703036_aug.wav,en,spoof,vc,A06,LA_0079,asvspoof2019la,,rawboost
data/processed/en_augmented/LA_T_4007174_aug.wav,en,spoof,vc,A06,LA_0084,asvspoof2019la,,rawboost+codec
data/processed/en_augmented/LA_T_8140876_aug.wav,en,bonafide,real,-,LA_0081,asvspoof2019la,,codec
data/processed/ko_augmented/zeroth_179_003_0999_aug.wav,ko,bonafide,real,-,zeroth_179,zeroth_korean,그러면 연락을 받은 수취 은행에서 계좌 주인에게 전화를 걸어 돈을 돌려 달라고 요청한다,codec
data/processed/ko_augmented/zeroth_200_from_zeroth_171_003_1857_aug.wav,ko,spoof,vc,rvc_zeroth_200,zeroth_200,rvc_from_zeroth_171,사기 첩보를 입수한 경찰 수사로 드러난 조씨의 정체는 횡령 등 전과 이십 범의 수배자였다,none
data/processed/en_augmented/LA_T_7154443_aug.wav,en,spoof,tts,A02,LA_0089,asvspoof2019la,,rawboost
data/processed/en_augmented/LA_T_6521929_aug.wav,en,spoof,tts,A01,LA_0098,asvspoof2019la,,none
data/processed/ko_augmented/zeroth_201_from_zeroth_211_003_0524_aug.wav,ko,spoof,vc,rvc_zeroth_201,zeroth_201,rvc_from_zeroth_211,러시아는 세계 삼 위의 밀 수출국이기 때문에 아르헨티나로부터 밀을 수입할 필요를 느끼지 못하고 있었으나 쇠고기는 이야기가 달랐다,rawboost+codec
data/processed/en_augmented/LA_T_6150814_aug.wav,en,bonafide,real,-,LA_0092,asvspoof2019la,,none
data/processed/ko_augmented/kss_11246_aug.wav,ko,bonafide,real,-,kss_speaker,kss,바보 같은 놈아!,rawboost+codec
data/processed/en_augmented/LA_T_6223299_aug.wav,en,spoof,tts,A04,LA_0096,asvspoof2019la,,codec
data/processed/ko_augmented/zeroth_218_003_2371_aug.wav,ko,bonafide,real,-,zeroth_218,zeroth_korean,백 한 경비단장은 물론 부단장도 부임 일 년 뒤 총경에서 경무관으로 승진하는 게 관행이다,none
data/processed/ko_augmented/zeroth_201_from_zeroth_155_003_1065_aug.wav,ko,spoof,vc,rvc_zeroth_201,zeroth_201,rvc_from_zeroth_155,그 후 천사들이라고 불리는 하느님의 다른 아들들도 창조되었습니다,none
data/processed/ko_augmented/kss_00892_aug.wav,ko,spoof,tts,mms-tts-kor,vits_default,kss_transcript,의사 선생님이 운동을 시작하라고 하셨다.,rawboost
data/processed/ko_augmented/kss_03279_aug.wav,ko,bonafide,real,-,kss_speaker,kss,네가 집중하지 않기 때문에 설명을 이해하지 못하는 거야.,rawboost+codec
data/processed/en_augmented/LA_T_4130056_aug.wav,en,bonafide,real,-,LA_0095,asvspoof2019la,,rawboost+codec
data/processed/en_augmented/LA_T_8196808_aug.wav,en,bonafide,real,-,LA_0084,asvspoof2019la,,rawboost+codec
data/processed/en_augmented/LA_T_1763423_aug.wav,en,bonafide,real,-,LA_0097,asvspoof2019la,,none
data/processed/en_augmented/LA_T_1658596_aug.wav,en,spoof,vc,A06,LA_0081,asvspoof2019la,,rawboost+codec
data/processed/en_augmented/LA_T_7059475_aug.wav,en,spoof,vc,A06,LA_0083,asvspoof2019la,,rawboost
data/processed/ko_augmented/zeroth_200_from_kss_03823_aug.wav,ko,spoof,vc,rvc_zeroth_200,zeroth_200,rvc_from_kss_speaker,100퍼센트 장담합니다.,none
data/processed/ko_augmented/kss_11244_aug.wav,ko,bonafide,real,-,kss_speaker,kss,왜 나를 계속 놀리는 거예요?,rawboost
data/processed/ko_augmented/zeroth_158_003_2916_aug.wav,ko,bonafide,real,-,zeroth_158,zeroth_korean,또한 운전자 열 명 중 여섯 명은 사람들이 난폭하거나 무모하게 운전하는 것을 정기적으로 본다고 말했다,rawboost+codec
data/processed/ko_augmented/zeroth_185_from_zeroth_175_003_2394_aug.wav,ko,spoof,vc,rvc_zeroth_185,zeroth_185,rvc_from_zeroth_175,재정 열악한 지자체에 골프장은 달콤한 유혹지방자치단체가 골프장 유치 등에 열을 올린 건 지방세 때문이다,rawboost+codec
data/processed/ko_augmented/zeroth_125_003_0754_aug.wav,ko,bonafide,real,-,zeroth_125,zeroth_korean,하지만 조계종 공식 여론조사에서의 압도적인 지지에도 불구하고 총무원장 직선제가 무산됐다,none
data/processed/ko_augmented/zeroth_201_from_zeroth_179_003_2228_aug.wav,ko,spoof,vc,rvc_zeroth_201,zeroth_201,rvc_from_zeroth_179,실제로 우두머리 수컷은 화가 나거나 흥분하면 코가 부풀어 오르면서 빨개집니다,rawboost
data/processed/en_augmented/LA_T_3197072_aug.wav,en,bonafide,real,-,LA_0092,asvspoof2019la,,rawboost
data/processed/ko_augmented/kss_11447_aug.wav,ko,spoof,tts,mms-tts-kor,vits_default,kss_transcript,무슨 일 있어? 되게 피곤해 보인다.,codec
data/processed/ko_augmented/zeroth_185_from_zeroth_125_003_1947_aug.wav,ko,spoof,vc,rvc_zeroth_185,zeroth_185,rvc_from_zeroth_125,동양인이기 때문에 받는 어쩔 수 없는 차별 같은 건 좀 있으셨나요,rawboost
data/processed/ko_augmented/zeroth_211_003_1716_aug.wav,ko,bonafide,real,-,zeroth_211,zeroth_korean,김종덕 전 장관을 임명하기 전인 이천 십 사 년 칠 월에는 후임 장관이 정해지지도 않은 상태에서 유진룡 당시 문체부 장관을 전격 면직 처리해 그 이유를 두고 무수한 뒷말을 낳았다,none
data/processed/ko_augmented/kss_08021_aug.wav,ko,bonafide,real,-,kss_speaker,kss,엄마는 아버지가 돌아가시자 충격으로 쓰러지셨어요.,rawboost+codec
data/processed/ko_augmented/zeroth_152_from_zeroth_214_003_1677_aug.wav,ko,spoof,vc,rvc_zeroth_152,zeroth_152,rvc_from_zeroth_214,국세청과 지방자치단체들이 일제히 세무조사에 나섰지만 외국계 담배회사들이 거둔 이천 억원대 탈세에 한정돼 있다,codec
data/processed/ko_augmented/zeroth_200_from_kss_12659_aug.wav,ko,spoof,vc,rvc_zeroth_200,zeroth_200,rvc_from_kss_speaker,심심해 죽겠어요.,rawboost
data/processed/en_augmented/LA_T_5982829_aug.wav,en,spoof,tts,A03,LA_0095,asvspoof2019la,,codec
data/processed/en_augmented/LA_T_2224597_aug.wav,en,bonafide,real,-,LA_0090,asvspoof2019la,,rawboost+codec
data/processed/en_augmented/LA_T_9801288_aug.wav,en,spoof,tts,A03,LA_0094,asvspoof2019la,,rawboost
data/processed/ko_augmented/kss_09513_aug.wav,ko,spoof,tts,mms-tts-kor,vits_default,kss_transcript,저는 요즘 학원에서 일본어 회화 수업을 듣고 있어요.,rawboost
data/processed/ko_augmented/zeroth_210_003_1088_aug.wav,ko,bonafide,real,-,zeroth_210,zeroth_korean,십 일 한강 잠실 상수원 보호구역에서도 이와 비슷하게 잘린 소와 돼지 등 사체 이십 여 구가 발견됐다,codec
data/processed/ko_augmented/zeroth_185_from_kss_10696_aug.wav,ko,spoof,vc,rvc_zeroth_185,zeroth_185,rvc_from_kss_speaker,정말 맛없다!,rawboost
data/processed/ko_augmented/kss_03092_aug.wav,ko,spoof,tts,mms-tts-kor,vits_default,kss_transcript,지금은 모든 게 다 귀찮아.,rawboost
data/processed/en_augmented/LA_T_4684802_aug.wav,en,bonafide,real,-,LA_0081,asvspoof2019la,,codec
data/processed/ko_augmented/zeroth_152_from_zeroth_153_003_1242_aug.wav,ko,spoof,vc,rvc_zeroth_152,zeroth_152,rvc_from_zeroth_153,이 대표는 이 자리에서 젊은 여러분들의 열정과 충정이야말로 새누리당의 희망이라며 그래서 제가 결심했고 날짜까지 박았잖나라고 하소연했다,none
data/processed/en_augmented/LA_T_5322031_aug.wav,en,spoof,vc,A06,LA_0092,asvspoof2019la,,rawboost
data/processed/en_augmented/LA_T_1208112_aug.wav,en,bonafide,real,-,LA_0089,asvspoof2019la,,rawboost
data/processed/en_augmented/LA_T_4475897_aug.wav,en,spoof,tts,A03,LA_0082,asvspoof2019la,,rawboost+codec
data/processed/ko_augmented/kss_02579_aug.wav,ko,spoof,tts,mms-tts-kor,vits_default,kss_transcript,걸레로 바닥 좀 닦아라.,none
data/processed/ko_augmented/zeroth_200_from_zeroth_144_003_2834_aug.wav,ko,spoof,vc,rvc_zeroth_200,zeroth_200,rvc_from_zeroth_144,로브달은 자신의 환자들에게 패스트푸드의 위험성을 보여주기 위해 지난 이천 십 년 일 월 팔 일 이 메뉴를 사서 사무실에 비치한 이래 지금까지 이를 유지하고 있는 것으로 전해진다,rawboost+codec
data/processed/ko_augmented/zeroth_152_from_zeroth_170_003_1991_aug.wav,ko,spoof,vc,rvc_zeroth_152,zeroth_152,rvc_from_zeroth_170,연합뉴스 정 전 의장이 차기 대선에 출마할 것이라는 관측이 많다,rawboost+codec
data/processed/ko_augmented/zeroth_111_003_1745_aug.wav,ko,bonafide,real,-,zeroth_111,zeroth_korean,하지만 삼 당이 합의해 개헌안을 발의해도 민주당이 흔쾌한 자세를 보이지 않아 대선 전 이뤄지기는 어려울 것이라고 전망했다,none
data/processed/en_augmented/LA_T_8665473_aug.wav,en,bonafide,real,-,LA_0080,asvspoof2019la,,rawboost
data/processed/en_augmented/LA_T_7420442_aug.wav,en,spoof,vc,A06,LA_0093,asvspoof2019la,,none
data/processed/en_augmented/LA_T_9884977_aug.wav,en,spoof,vc,A06,LA_0093,asvspoof2019la,,rawboost
data/processed/en_augmented/LA_T_4486346_aug.wav,en,bonafide,real,-,LA_0083,asvspoof2019la,,rawboost
data/processed/ko_augmented/kss_08015_aug.wav,ko,spoof,tts,mms-tts-kor,vits_default,kss_transcript,이 춤은 누구라도 따라 할 수 있을 정도로 쉬워요.,none
data/processed/ko_augmented/zeroth_185_from_zeroth_179_003_2654_aug.wav,ko,spoof,vc,rvc_zeroth_185,zeroth_185,rvc_from_zeroth_179,총격전으로 경찰도 다섯 명이 가볍게 다쳤지만 중상자는 없었다,rawboost
data/processed/ko_augmented/zeroth_197_003_0917_aug.wav,ko,bonafide,real,-,zeroth_197,zeroth_korean,앵커 공천 배제 대상으로 지목된 박지원 의원은 검찰에 공천권을 맡길 순 없다며 즉각 반발했습니다,rawboost
data/processed/ko_augmented/kss_11052_aug.wav,ko,spoof,tts,mms-tts-kor,vits_default,kss_transcript,화를 내고 나면 기분이 더 나빠질 거예요.,codec
data/processed/en_augmented/LA_T_4164424_aug.wav,en,spoof,vc,A05,LA_0083,asvspoof2019la,,codec
data/processed/en_augmented/LA_T_9549153_aug.wav,en,bonafide,real,-,LA_0095,asvspoof2019la,,rawboost
data/processed/ko_augmented/zeroth_146_003_1012_aug.wav,ko,bonafide,real,-,zeroth_146,zeroth_korean,박원순 서울시장이 아들 주신 씨의 병역비리 의혹을 제기한 보수논객 변희재 미디어워치 대표 등의 허위사실 유포 행위를 중단해달라며 법원에 가처분 신청을 한 것으로 확인됐다,codec
data/processed/ko_augmented/zeroth_195_003_2495_aug.wav,ko,bonafide,real,-,zeroth_195,zeroth_korean,경찰은 소년의 시신은 이십 사 일 인근 수풀에서 발견됐으며 용의자들을 이십 사 이십 오 일에 걸쳐 모두 붙잡았다고 설명했다,none
data/processed/ko_augmented/zeroth_201_from_kss_11059_aug.wav,ko,spoof,vc,rvc_zeroth_201,zeroth_201,rvc_from_kss_speaker,내부 수리 중,codec
data/processed/en_augmented/LA_T_9338093_aug.wav,en,spoof,tts,A02,LA_0096,asvspoof2019la,,none
data/processed/en_augmented/LA_T_2118892_aug.wav,en,bonafide,real,-,LA_0088,asvspoof2019la,,none
data/processed/en_augmented/LA_T_9387015_aug.wav,en,bonafide,real,-,LA_0098,asvspoof2019la,,rawboost
data/processed/en_augmented/LA_T_3877061_aug.wav,en,bonafide,real,-,LA_0089,asvspoof2019la,,none
data/processed/en_augmented/LA_T_2139401_aug.wav,en,bonafide,real,-,LA_0086,asvspoof2019la,,rawboost
data/processed/ko_augmented/zeroth_201_from_zeroth_142_003_0318_aug.wav,ko,spoof,vc,rvc_zeroth_201,zeroth_201,rvc_from_zeroth_142,의료계 종사자들이 사태를 파악할 때쯤에는 이미 여러 도시 전체가 감염되어 있을 수도 있다,none
data/processed/ko_augmented/zeroth_200_from_zeroth_183_003_1606_aug.wav,ko,spoof,vc,rvc_zeroth_200,zeroth_200,rvc_from_zeroth_183,혹시라도 두 살과 네 살짜리 언니들이 카이라가 예쁘다고 손이나 발이라도 만지면 안되기 때문입니다,codec
data/processed/en_augmented/LA_T_1954200_aug.wav,en,spoof,vc,A05,LA_0084,asvspoof2019la,,rawboost
data/processed/en_augmented/LA_T_8507928_aug.wav,en,bonafide,real,-,LA_0079,asvspoof2019la,,none
data/processed/en_augmented/LA_T_6760468_aug.wav,en,spoof,vc,A05,LA_0089,asvspoof2019la,,none
data/processed/en_augmented/LA_T_6025945_aug.wav,en,bonafide,real,-,LA_0095,asvspoof2019la,,none
data/processed/en_augmented/LA_T_4412858_aug.wav,en,spoof,tts,A03,LA_0098,asvspoof2019la,,none
data/processed/ko_augmented/zeroth_200_from_zeroth_116_003_2023_aug.wav,ko,spoof,vc,rvc_zeroth_200,zeroth_200,rvc_from_zeroth_116,대한변협은 당시 수사에 관여한 경찰들로부터 직무상범죄를 자인받았고 그 중 한 명에게 확인서를 작성받아 재판부에 증거로 제출했다,codec
data/processed/en_augmented/LA_T_1475339_aug.wav,en,bonafide,real,-,LA_0097,asvspoof2019la,,codec
data/processed/en_augmented/LA_T_7774011_aug.wav,en,bonafide,real,-,LA_0087,asvspoof2019la,,rawboost
data/processed/ko_augmented/zeroth_151_003_1243_aug.wav,ko,bonafide,real,-,zeroth_151,zeroth_korean,트럭은 다섯 미터를 더 달려 박씨의 하반신을 으깨고 지나갔다,codec
data/processed/en_augmented/LA_T_1459453_aug.wav,en,bonafide,real,-,LA_0097,asvspoof2019la,,rawboost+codec
data/processed/en_augmented/LA_T_7915229_aug.wav,en,bonafide,real,-,LA_0089,asvspoof2019la,,codec
data/processed/ko_augmented/zeroth_125_003_0022_aug.wav,ko,bonafide,real,-,zeroth_125,zeroth_korean,송 군의 이번 논문은 출간을 준비 중인 논문인 셈이다,codec
data/processed/en_augmented/LA_T_8716482_aug.wav,en,spoof,tts,A03,LA_0089,asvspoof2019la,,codec
data/processed/en_augmented/LA_T_7302615_aug.wav,en,bonafide,real,-,LA_0096,asvspoof2019la,,rawboost
data/processed/en_augmented/LA_T_8585150_aug.wav,en,bonafide,real,-,LA_0098,asvspoof2019la,,rawboost
data/processed/en_augmented/LA_T_6045054_aug.wav,en,spoof,vc,A05,LA_0098,asvspoof2019la,,rawboost
data/processed/ko_augmented/kss_10955_aug.wav,ko,spoof,tts,mms-tts-kor,vits_default,kss_transcript,아침에 무지개 봤니?,rawboost
data/processed/ko_augmented/zeroth_154_003_2612_aug.wav,ko,bonafide,real,-,zeroth_154,zeroth_korean,그는 성서 계시록에 기록된 매우 인상적인 환상을 받은 후에 경외심에 사로잡힌 나머지 환상을 보여 준 천사의 발 앞에 숭배하려고 엎드렸습니다,rawboost
data/processed/en_augmented/LA_T_7720305_aug.wav,en,bonafide,real,-,LA_0093,asvspoof2019la,,none
data/processed/ko_augmented/kss_08340_aug.wav,ko,spoof,tts,mms-tts-kor,vits_default,kss_transcript,초등학교 동창들하고 아직 연락하고 지내니?,none
data/processed/en_augmented/LA_T_1608170_aug.wav,en,bonafide,real,-,LA_0079,asvspoof2019la,,rawboost
data/processed/en_augmented/LA_T_7856471_aug.wav,en,bonafide,real,-,LA_0080,asvspoof2019la,,none
data/processed/en_augmented/LA_T_3448136_aug.wav,en,spoof,vc,A05,LA_0093,asvspoof2019la,,none
data/processed/en_augmented/LA_T_4255653_aug.wav,en,bonafide,real,-,LA_0083,asvspoof2019la,,codec
data/processed/ko_augmented/zeroth_191_003_2563_aug.wav,ko,bonafide,real,-,zeroth_191,zeroth_korean,다른 사람과 비교할 때 얻을 수 있는 유익이 있습니까,rawboost
data/processed/ko_augmented/kss_03915_aug.wav,ko,bonafide,real,-,kss_speaker,kss,이곳에 출입하려면 사전 허가가 필요합니다.,none
data/processed/en_augmented/LA_T_9362697_aug.wav,en,spoof,vc,A05,LA_0088,asvspoof2019la,,codec
data/processed/en_augmented/LA_T_4365113_aug.wav,en,bonafide,real,-,LA_0086,asvspoof2019la,,rawboost+codec
data/processed/ko_augmented/zeroth_200_from_kss_08568_aug.wav,ko,spoof,vc,rvc_zeroth_200,zeroth_200,rvc_from_kss_speaker,물이 얼어서 얼음으로 변했어요.,rawboost
data/processed/en_augmented/LA_T_8097695_aug.wav,en,bonafide,real,-,LA_0088,asvspoof2019la,,none
data/processed/ko_augmented/kss_11018_aug.wav,ko,spoof,tts,mms-tts-kor,vits_default,kss_transcript,그 사람에게는 다른 사람과 다른 면이 있어.,rawboost
data/processed/en_augmented/LA_T_1793666_aug.wav,en,bonafide,real,-,LA_0083,asvspoof2019la,,none
data/processed/ko_augmented/kss_02720_aug.wav,ko,spoof,tts,mms-tts-kor,vits_default,kss_transcript,아기가 엄마 품에 안겨 자고 있다.,none
data/processed/en_augmented/LA_T_5913999_aug.wav,en,spoof,tts,A01,LA_0088,asvspoof2019la,,rawboost
data/processed/ko_augmented/zeroth_120_003_0253_aug.wav,ko,bonafide,real,-,zeroth_120,zeroth_korean,현재 백화점과 영화관 등은 오픈해 영업하고 있고 테마파크 및 아파트 등의 공사는 이천 십 팔 년 완공을 목표로 진행돼 왔다,rawboost+codec
data/processed/en_augmented/LA_T_1667973_aug.wav,en,bonafide,real,-,LA_0082,asvspoof2019la,,rawboost
data/processed/ko_augmented/zeroth_185_from_zeroth_133_003_2253_aug.wav,ko,spoof,vc,rvc_zeroth_185,zeroth_185,rvc_from_zeroth_133,전체 승부에선 알파고에 졌지만 오 국은 이세돌 구 단으로서 무한도전의 의미를 갖는 남다른 대국이다,rawboost+codec
data/processed/en_augmented/LA_T_5537857_aug.wav,en,spoof,tts,A03,LA_0083,asvspoof2019la,,none
data/processed/ko_augmented/kss_08748_aug.wav,ko,spoof,tts,mms-tts-kor,vits_default,kss_transcript,어렸을 때 저는 가수가 되는 게 꿈이었어요.,none
data/processed/ko_augmented/kss_04731_aug.wav,ko,spoof,tts,mms-tts-kor,vits_default,kss_transcript,실습이 꼭 이론보다 중요한 것은 아니다.,rawboost
data/processed/ko_augmented/zeroth_116_003_0815_aug.wav,ko,bonafide,real,-,zeroth_116,zeroth_korean,미리 준비한 거 자체가 문제는 아니잖아요 그렇죠 라고 동의를 구하듯 질문했습니다,rawboost
data/processed/ko_augmented/zeroth_201_from_zeroth_198_003_0112_aug.wav,ko,spoof,vc,rvc_zeroth_201,zeroth_201,rvc_from_zeroth_198,그런데 사무실의 냉방기준에는 이런 사정이 전혀 반영되지 않고 있다는 게 킹마 교수의 설명이다,rawboost
data/processed/ko_augmented/kss_04526_aug.wav,ko,spoof,tts,mms-tts-kor,vits_default,kss_transcript,그에 관해서는 한마디도 하고 싶지 않아요.,rawboost+codec
data/processed/en_augmented/LA_T_3026804_aug.wav,en,bonafide,real,-,LA_0082,asvspoof2019la,,rawboost
data/processed/en_augmented/LA_T_8190614_aug.wav,en,spoof,tts,A03,LA_0083,asvspoof2019la,,none
data/processed/ko_augmented/kss_01362_aug.wav,ko,spoof,tts,mms-tts-kor,vits_default,kss_transcript,이제부터 저도 떳떳이 살고 싶어요.,rawboost
data/processed/en_augmented/LA_T_1745993_aug.wav,en,bonafide,real,-,LA_0088,asvspoof2019la,,rawboost
data/processed/ko_augmented/kss_12666_aug.wav,ko,spoof,tts,mms-tts-kor,vits_default,kss_transcript,시험은 여덟 시에 시작합니다.,rawboost
data/processed/ko_augmented/zeroth_200_from_kss_05453_aug.wav,ko,spoof,vc,rvc_zeroth_200,zeroth_200,rvc_from_kss_speaker,우리는 기다리면서 상황의 전개를 지켜보기로 결정했다.,rawboost
data/processed/ko_augmented/kss_00563_aug.wav,ko,spoof,tts,mms-tts-kor,vits_default,kss_transcript,소리 좀 줄여 주실래요?,codec
data/processed/ko_augmented/zeroth_119_003_1966_aug.wav,ko,bonafide,real,-,zeroth_119,zeroth_korean,십대 청소년들의 낭만적인 관계가 대부분 애처로울 정도로 짧게 끝나 버리는 것도 놀라운 일이 아닙니다,codec
data/processed/ko_augmented/kss_08589_aug.wav,ko,bonafide,real,-,kss_speaker,kss,그 사람은 자기 개를 자식같이 여긴다.,none
data/processed/ko_augmented/zeroth_143_003_2228_aug.wav,ko,bonafide,real,-,zeroth_143,zeroth_korean,실제로 우두머리 수컷은 화가 나거나 흥분하면 코가 부풀어 오르면서 빨개집니다,rawboost
data/processed/en_augmented/LA_T_1377264_aug.wav,en,bonafide,real,-,LA_0093,asvspoof2019la,,rawboost+codec
data/processed/ko_augmented/kss_08944_aug.wav,ko,spoof,tts,mms-tts-kor,vits_default,kss_transcript,그때가 정말 그리워요.,rawboost
data/processed/en_augmented/LA_T_1876072_aug.wav,en,spoof,vc,A06,LA_0095,asvspoof2019la,,rawboost
data/processed/en_augmented/LA_T_1856855_aug.wav,en,bonafide,real,-,LA_0088,asvspoof2019la,,none
data/processed/en_augmented/LA_T_3615583_aug.wav,en,spoof,tts,A03,LA_0093,asvspoof2019la,,rawboost
data/processed/en_augmented/LA_T_8162915_aug.wav,en,bonafide,real,-,LA_0097,asvspoof2019la,,rawboost+codec
data/processed/ko_augmented/zeroth_204_003_0301_aug.wav,ko,bonafide,real,-,zeroth_204,zeroth_korean,가비 홀즈워스는 현지 매체 디 인포메이션과의 인터뷰에서 캘러닉이 회사 고위 임원 다섯 명과 이천 십 사 년 중반 출장 차 서울을 찾았을 때 에스코트 바에 갔다고 말했다,codec
data/processed/en_augmented/LA_T_3168689_aug.wav,en,bonafide,real,-,LA_0096,asvspoof2019la,,rawboost+codec
data/processed/ko_augmented/zeroth_155_003_1754_aug.wav,ko,bonafide,real,-,zeroth_155,zeroth_korean,일 년에 두 번 열리는 정기 전시회를 위해 산과 바다 도시 곳곳에 출사를 나갈 때면 여행이라도 떠나는 것처럼 즐거웠다,rawboost+codec
data/processed/ko_augmented/zeroth_201_from_zeroth_210_003_2729_aug.wav,ko,spoof,vc,rvc_zeroth_201,zeroth_201,rvc_from_zeroth_210,주변국들이 이런 사업을 가만히 지켜보고 있을 리가 없다,rawboost
data/processed/ko_augmented/kss_08552_aug.wav,ko,spoof,tts,mms-tts-kor,vits_default,kss_transcript,이 음식점은 김치찌개가 전문이야.,none
data/processed/ko_augmented/zeroth_152_from_zeroth_164_003_1874_aug.wav,ko,spoof,vc,rvc_zeroth_152,zeroth_152,rvc_from_zeroth_164,많은 전문가는 슈거 크래시를 유발하는 당분 함유 음료 대신 물을 많이 섭취할 것을 권한다,codec
data/processed/en_augmented/LA_T_4155454_aug.wav,en,bonafide,real,-,LA_0079,asvspoof2019la,,none
data/processed/ko_augmented/kss_01199_aug.wav,ko,bonafide,real,-,kss_speaker,kss,고향에 계신 부모님이 그립습니다.,rawboost+codec
data/processed/en_augmented/LA_T_3913974_aug.wav,en,bonafide,real,-,LA_0098,asvspoof2019la,,codec
data/processed/ko_augmented/zeroth_141_003_2471_aug.wav,ko,bonafide,real,-,zeroth_141,zeroth_korean,우리가 규제라고 생각하는 것이 아니라 교육 현장에서 규제라고 생각하는 것이 중요하다,none
data/processed/ko_augmented/zeroth_108_003_1038_aug.wav,ko,bonafide,real,-,zeroth_108,zeroth_korean,그러나 한 가지 제가 가져갈 수 없는 짐이 있다며 저에게 덧씌워진 호남홀대 호남차별이라는 오해는 부디 거두어 달라,codec
data/processed/ko_augmented/zeroth_201_from_zeroth_134_003_2345_aug.wav,ko,spoof,vc,rvc_zeroth_201,zeroth_201,rvc_from_zeroth_134,선진국에서 굳이 한국인을 써야할 이유가 없는 만큼 신중한 판단이 필요하다고 말했다,rawboost+codec
data/processed/en_augmented/LA_T_8880327_aug.wav,en,bonafide,real,-,LA_0088,asvspoof2019la,,rawboost
data/processed/ko_augmented/zeroth_179_003_1398_aug.wav,ko,bonafide,real,-,zeroth_179,zeroth_korean,먼저 안내인의 마을로 가서 우리와 동행할 두 명의 피그미족 약초 채집꾼들인 제르멘과 발라레를 만납니다,none
data/processed/en_augmented/LA_T_3586382_aug.wav,en,spoof,tts,A02,LA_0086,asvspoof2019la,,rawboost+codec
data/processed/en_augmented/LA_T_6928142_aug.wav,en,spoof,vc,A05,LA_0085,asvspoof2019la,,none
data/processed/ko_augmented/zeroth_152_from_kss_11628_aug.wav,ko,spoof,vc,rvc_zeroth_152,zeroth_152,rvc_from_kss_speaker,돈이 생기면 갚을게요.,none
data/processed/en_augmented/LA_T_6328130_aug.wav,en,bonafide,real,-,LA_0080,asvspoof2019la,,rawboost
data/processed/en_augmented/LA_T_7645220_aug.wav,en,bonafide,real,-,LA_0090,asvspoof2019la,,none
data/processed/en_augmented/LA_T_1542243_aug.wav,en,spoof,tts,A04,LA_0084,asvspoof2019la,,rawboost
data/processed/ko_augmented/zeroth_152_from_zeroth_194_003_2622_aug.wav,ko,spoof,vc,rvc_zeroth_152,zeroth_152,rvc_from_zeroth_194,핫 플레이스가 된 동네의 그늘 하루가 다르게 새로운 가게들이 속속 들어서는 망원동,rawboost
data/processed/ko_augmented/zeroth_191_003_2034_aug.wav,ko,bonafide,real,-,zeroth_191,zeroth_korean,다음 질문들에 답한 다음 성구에 있는 빈칸을 채워 넣으십시오,rawboost+codec
data/processed/ko_augmented/zeroth_185_from_zeroth_218_003_1875_aug.wav,ko,spoof,vc,rvc_zeroth_185,zeroth_185,rvc_from_zeroth_218,그 성구에서는 곧 하느님께서 땅을 파멸시키는 자들을 파멸시키실 것이라고 알려 줍니다,rawboost
data/processed/en_augmented/LA_T_3306464_aug.wav,en,bonafide,real,-,LA_0091,asvspoof2019la,,rawboost
data/processed/ko_augmented/zeroth_176_003_2083_aug.wav,ko,bonafide,real,-,zeroth_176,zeroth_korean,정부는 전국에 있는 사 대 강 보를 통해 확보된 물을 더 효율적으로 활용할 수 있도록 사 대 강 수자원 활용 개선 방안 용역도 시행 중이다,none
data/processed/ko_augmented/zeroth_123_003_2076_aug.wav,ko,bonafide,real,-,zeroth_123,zeroth_korean,그래서 채무증명서 이런 거 제출해서 휴학했었습니다 일 년,none
data/processed/ko_augmented/zeroth_135_003_2746_aug.wav,ko,bonafide,real,-,zeroth_135,zeroth_korean,최소한 집은 자녀에게 물려줘야 한다는 생각도 생활고를 겪는 노인들이 주택 자산을 팔지 못하는 이유다,rawboost
data/processed/ko_augmented/kss_10081_aug.wav,ko,bonafide,real,-,kss_speaker,kss,인터넷 덕분에 전 세계 사람들하고 이야기할 수 있게 되었어요.,rawboost
data/processed/ko_augmented/kss_04266_aug.wav,ko,bonafide,real,-,kss_speaker,kss,주량이 얼마나 되세요?,codec
data/processed/ko_augmented/kss_08255_aug.wav,ko,bonafide,real,-,kss_speaker,kss,올해 들어 등록금이 많이 올랐어요.,rawboost+codec
data/processed/en_augmented/LA_T_5702010_aug.wav,en,spoof,vc,A06,LA_0090,asvspoof2019la,,rawboost
data/processed/en_augmented/LA_T_9023352_aug.wav,en,spoof,vc,A06,LA_0096,asvspoof2019la,,rawboost
data/processed/en_augmented/LA_T_1486451_aug.wav,en,bonafide,real,-,LA_0096,asvspoof2019la,,codec
data/processed/en_augmented/LA_T_7478918_aug.wav,en,bonafide,real,-,LA_0092,asvspoof2019la,,none
data/processed/en_augmented/LA_T_1761181_aug.wav,en,spoof,vc,A05,LA_0088,asvspoof2019la,,none
data/processed/ko_augmented/zeroth_119_003_0864_aug.wav,ko,bonafide,real,-,zeroth_119,zeroth_korean,일을 하지 않으니 혼자 보내는 시간이 많아졌고 그게 문제였죠,none
data/processed/ko_augmented/kss_12605_aug.wav,ko,spoof,tts,mms-tts-kor,vits_default,kss_transcript,두 사람 친구 아니야?,rawboost
data/processed/en_augmented/LA_T_3465911_aug.wav,en,bonafide,real,-,LA_0095,asvspoof2019la,,rawboost
data/processed/ko_augmented/zeroth_116_003_2247_aug.wav,ko,bonafide,real,-,zeroth_116,zeroth_korean,사고 당시 청와대는 진도에서 여객선 조난신고가 왔냐며 배의 이름 도착 예정지 몇 톤 급인지에 정보를 요구했다,rawboost
data/processed/ko_augmented/zeroth_109_003_2610_aug.wav,ko,bonafide,real,-,zeroth_109,zeroth_korean,김씨는 노지 수박은 요즘이 한창 수확철이기 때문에 일기예보가 중요하다,rawboost+codec
data/processed/ko_augmented/zeroth_201_from_zeroth_113_003_0352_aug.wav,ko,spoof,vc,rvc_zeroth_201,zeroth_201,rvc_from_zeroth_113,다른 지역에서는 그곳이 아무리 넓다 하더라도 푸야 라이몬디를 발견하기가 어려울 것입니다,none
data/processed/ko_augmented/kss_05156_aug.wav,ko,spoof,tts,mms-tts-kor,vits_default,kss_transcript,종교는 정치와 분리되어야 한다.,codec
data/processed/ko_augmented/zeroth_155_003_0142_aug.wav,ko,bonafide,real,-,zeroth_155,zeroth_korean,그리고 다시 경남기업의 신기수 회장의 도움을 받고 주변 지인들의 도움을 받아서 성북동으로 이사를 가지 않습니까,none
data/processed/en_augmented/LA_T_6886321_aug.wav,en,spoof,tts,A02,LA_0091,asvspoof2019la,,rawboost
data/processed/ko_augmented/zeroth_152_from_zeroth_164_003_0440_aug.wav,ko,spoof,vc,rvc_zeroth_152,zeroth_152,rvc_from_zeroth_164,버즈피드는 해당 의혹의 구체적 내용이 담긴 삼십 오 쪽 분량의 메모 전문을 공개했다,none
data/processed/ko_augmented/zeroth_185_from_kss_01488_aug.wav,ko,spoof,vc,rvc_zeroth_185,zeroth_185,rvc_from_kss_speaker,부모님 앞에서 노래를 한다는 건 민망한 일이에요.,none
data/processed/en_augmented/LA_T_8209686_aug.wav,en,bonafide,real,-,LA_0085,asvspoof2019la,,none
data/processed/ko_augmented/kss_01521_aug.wav,ko,bonafide,real,-,kss_speaker,kss,"말하기 부끄럽지만, 저는 엄마 생일이 언제인지 몰라요.",rawboost+codec
data/processed/ko_augmented/zeroth_169_003_1260_aug.wav,ko,bonafide,real,-,zeroth_169,zeroth_korean,여덟 명만 불러서 조사하고 말아서는 안되는 것 아닌가라고 말했다,none
data/processed/ko_augmented/zeroth_181_003_2575_aug.wav,ko,bonafide,real,-,zeroth_181,zeroth_korean,그리고 마드리드 지역의 광범위한 왕실 소유지는 결국 이 도시의 주요 공원들과 휴양지가 되었습니다,rawboost
data/processed/ko_augmented/zeroth_200_from_kss_11697_aug.wav,ko,spoof,vc,rvc_zeroth_200,zeroth_200,rvc_from_kss_speaker,삼월에는 아직 추워요.,none
data/processed/en_augmented/LA_T_9472833_aug.wav,en,spoof,tts,A02,LA_0096,asvspoof2019la,,codec
data/processed/ko_augmented/zeroth_152_from_zeroth_187_003_1863_aug.wav,ko,spoof,vc,rvc_zeroth_152,zeroth_152,rvc_from_zeroth_187,일례로 예수께서는 한 젊은이의 진실함에 깊은 감명을 받으신 적이 있습니다,rawboost
data/processed/ko_augmented/zeroth_200_from_kss_03501_aug.wav,ko,spoof,vc,rvc_zeroth_200,zeroth_200,rvc_from_kss_speaker,요즘 한가해요.,rawboost+codec
data/processed/ko_augmented/kss_10268_aug.wav,ko,bonafide,real,-,kss_speaker,kss,질서를 지켜서 입장해 주시기 바랍니다.,rawboost
data/processed/en_augmented/LA_T_5621485_aug.wav,en,spoof,tts,A04,LA_0095,asvspoof2019la,,rawboost+codec
data/processed/ko_augmented/kss_05496_aug.wav,ko,spoof,tts,mms-tts-kor,vits_default,kss_transcript,나는 귀신을 안 믿어.,rawboost
data/processed/ko_augmented/zeroth_148_003_0221_aug.wav,ko,bonafide,real,-,zeroth_148,zeroth_korean,하지만 전반적인 상승 추세가 이어지고 있어 육십 달러대를 회복하는 것은 시간문제라는 관측이 나온다,rawboost
data/processed/ko_augmented/zeroth_200_from_zeroth_213_003_2367_aug.wav,ko,spoof,vc,rvc_zeroth_200,zeroth_200,rvc_from_zeroth_213,육 일 통계청에 따르면 이천 십 사 년 기준 한국인의 여가 시간은 통계를 처음 내기 시작한 천 구백 구십 구 년보다 오히려 짧아졌다,rawboost
data/processed/ko_augmented/zeroth_203_003_2211_aug.wav,ko,bonafide,real,-,zeroth_203,zeroth_korean,성북구 정릉 이 동 일대를 다니는 마을버스의 첫 배차는 오후 한 시 삼십 분이었다,rawboost
data/processed/en_augmented/LA_T_7977164_aug.wav,en,spoof,vc,A05,LA_0090,asvspoof2019la,,none
data/processed/en_augmented/LA_T_4380971_aug.wav,en,spoof,vc,A06,LA_0086,asvspoof2019la,,none
data/processed/ko_augmented/zeroth_152_from_zeroth_187_003_0070_aug.wav,ko,spoof,vc,rvc_zeroth_152,zeroth_152,rvc_from_zeroth_187,우선 조윤선 후보자 부부의 일 년 생활비가 오 억 원이었다는 보도가 나오면서 관심이 모아졌고요,none
data/processed/ko_augmented/kss_05067_aug.wav,ko,spoof,tts,mms-tts-kor,vits_default,kss_transcript,그는 유쾌하게 휘파람을 불며 해변을 따라 걸었다.,rawboost+codec
data/processed/ko_augmented/kss_09858_aug.wav,ko,spoof,tts,mms-tts-kor,vits_default,kss_transcript,한국의 인터넷 이용자 수는 얼마나 돼요?,codec
data/processed/en_augmented/LA_T_8586306_aug.wav,en,spoof,vc,A06,LA_0085,asvspoof2019la,,none
data/processed/en_augmented/LA_T_3606713_aug.wav,en,spoof,vc,A05,LA_0087,asvspoof2019la,,none
data/processed/en_augmented/LA_T_8819733_aug.wav,en,spoof,tts,A02,LA_0091,asvspoof2019la,,none
data/processed/en_augmented/LA_T_3076054_aug.wav,en,bonafide,real,-,LA_0095,asvspoof2019la,,codec
data/processed/en_augmented/LA_T_5132134_aug.wav,en,bonafide,real,-,LA_0086,asvspoof2019la,,rawboost
data/processed/en_augmented/LA_T_9060779_aug.wav,en,spoof,tts,A02,LA_0079,asvspoof2019la,,none
data/processed/en_augmented/LA_T_1620045_aug.wav,en,spoof,vc,A06,LA_0089,asvspoof2019la,,rawboost
data/processed/ko_augmented/kss_03007_aug.wav,ko,bonafide,real,-,kss_speaker,kss,선생님이 널 보면 기뻐하실 거야.,rawboost
data/processed/ko_augmented/kss_03925_aug.wav,ko,spoof,tts,mms-tts-kor,vits_default,kss_transcript,팀장은 나에게 다음 주 월요일까지 보고서를 제출하라고 지시했다.,codec
data/processed/ko_augmented/zeroth_217_003_1036_aug.wav,ko,bonafide,real,-,zeroth_217,zeroth_korean,심지어 운전 여건이 좋을 때에도 차량 한 대만 관련된 대형 단독 충돌 사고의 십 퍼센트는 피로와 관련이 있었다,none
data/processed/ko_augmented/kss_05131_aug.wav,ko,spoof,tts,mms-tts-kor,vits_default,kss_transcript,그 영화는 평론가들에게서 높은 평가를 받았다.,rawboost+codec
data/processed/en_augmented/LA_T_7478793_aug.wav,en,spoof,vc,A05,LA_0088,asvspoof2019la,,none
data/processed/ko_augmented/zeroth_174_003_0219_aug.wav,ko,bonafide,real,-,zeroth_174,zeroth_korean,서울중앙지검 형사 일 부는 우남찬가를 출품한 장모 씨를 자유경제원이 정보통신망법상 명예훼손 업무방해 사기 등의 혐의로 고소한 사건에 대해 각하처분을 내렸다고 육 일 밝혔다,codec
data/processed/ko_augmented/kss_09254_aug.wav,ko,bonafide,real,-,kss_speaker,kss,저희 은행에 계좌가 있으신가요?,codec
data/processed/ko_augmented/zeroth_169_003_2463_aug.wav,ko,bonafide,real,-,zeroth_169,zeroth_korean,작년 팔 월 연세대를 졸업한 박모씨는 부산의 한 공기업 인턴 직에 지원했지만 서류 전형에서 탈락했다,rawboost+codec
data/processed/ko_augmented/zeroth_109_003_1458_aug.wav,ko,bonafide,real,-,zeroth_109,zeroth_korean,부대는 결국 김 이병을 위해 따로 행정병 자리를 만들었다,rawboost
data/processed/en_augmented/LA_T_1416691_aug.wav,en,spoof,vc,A06,LA_0096,asvspoof2019la,,codec
data/processed/ko_augmented/zeroth_201_from_zeroth_212_003_0613_aug.wav,ko,spoof,vc,rvc_zeroth_201,zeroth_201,rvc_from_zeroth_212,테살로니키 지역에 사는 의사 스탈리카스씨는 처음엔 치프라스의 주장에 공감했지만 갈수록 미숙한 젊은 지도자가 더욱 위험한 방향으로 나라를 이끌고 있다는 생각이 든다고 말했다,codec
data/processed/ko_augmented/zeroth_218_003_1621_aug.wav,ko,bonafide,real,-,zeroth_218,zeroth_korean,그러나 비박계 유승민 의원은 침묵을 지키며 박 대통령의 퇴장을 바라만 봤다,codec
data/processed/en_augmented/LA_T_5254527_aug.wav,en,spoof,vc,A06,LA_0088,asvspoof2019la,,rawboost
data/processed/ko_augmented/kss_01219_aug.wav,ko,bonafide,real,-,kss_speaker,kss,인생은 짧고 예술은 길다.,codec
data/processed/ko_augmented/kss_06259_aug.wav,ko,spoof,tts,mms-tts-kor,vits_default,kss_transcript,할머니는 초저녁에 주무세요.,rawboost
data/processed/en_augmented/LA_T_1080623_aug.wav,en,bonafide,real,-,LA_0091,asvspoof2019la,,rawboost
data/processed/ko_augmented/zeroth_115_003_2812_aug.wav,ko,bonafide,real,-,zeroth_115,zeroth_korean,태양풍이란 태양에서 끊임없이 방출되는 에너지를 띤 미립자의 흐름을 말합니다,rawboost
data/processed/en_augmented/LA_T_4895817_aug.wav,en,spoof,tts,A04,LA_0081,asvspoof2019la,,rawboost
data/processed/en_augmented/LA_T_8119863_aug.wav,en,bonafide,real,-,LA_0086,asvspoof2019la,,rawboost
data/processed/en_augmented/LA_T_7443186_aug.wav,en,spoof,vc,A05,LA_0092,asvspoof2019la,,none
data/processed/en_augmented/LA_T_4647513_aug.wav,en,spoof,vc,A06,LA_0093,asvspoof2019la,,codec
data/processed/ko_augmented/zeroth_185_from_kss_02924_aug.wav,ko,spoof,vc,rvc_zeroth_185,zeroth_185,rvc_from_kss_speaker,마지막으로 건강검진을 받으신 게 언제죠?,rawboost
data/processed/ko_augmented/zeroth_152_from_zeroth_141_003_2022_aug.wav,ko,spoof,vc,rvc_zeroth_152,zeroth_152,rvc_from_zeroth_141,삼국유사에서 밀양 봉성사는 고려 태조에게 계책을 알려준 승려 보양이 머문 곳 등으로 기록됐다,rawboost+codec
data/processed/ko_augmented/kss_11627_aug.wav,ko,bonafide,real,-,kss_speaker,kss,문제가 생기면 알려 주세요.,codec
data/processed/en_augmented/LA_T_4460814_aug.wav,en,bonafide,real,-,LA_0084,asvspoof2019la,,rawboost+codec
data/processed/ko_augmented/kss_05578_aug.wav,ko,spoof,tts,mms-tts-kor,vits_default,kss_transcript,이 상품은 품질과 내구성 면에서 최고입니다.,none
data/processed/ko_augmented/zeroth_200_from_zeroth_122_003_2122_aug.wav,ko,spoof,vc,rvc_zeroth_200,zeroth_200,rvc_from_zeroth_122,아그레망은 신임 대사를 파견할 때 상대국에 관례적으로 사전 동의를 받는 것을 말합니다,rawboost
data/processed/en_augmented/LA_T_7797083_aug.wav,en,bonafide,real,-,LA_0092,asvspoof2019la,,none
data/processed/en_augmented/LA_T_3533946_aug.wav,en,bonafide,real,-,LA_0091,asvspoof2019la,,codec
data/processed/ko_augmented/kss_10856_aug.wav,ko,spoof,tts,mms-tts-kor,vits_default,kss_transcript,부인이 참 미인이시네요.,none
data/processed/en_augmented/LA_T_7458557_aug.wav,en,spoof,vc,A06,LA_0086,asvspoof2019la,,codec
data/processed/en_augmented/LA_T_1157756_aug.wav,en,spoof,tts,A01,LA_0085,asvspoof2019la,,rawboost
data/processed/en_augmented/LA_T_1934025_aug.wav,en,spoof,tts,A01,LA_0084,asvspoof2019la,,rawboost+codec
data/processed/ko_augmented/zeroth_185_from_zeroth_190_003_2336_aug.wav,ko,spoof,vc,rvc_zeroth_185,zeroth_185,rvc_from_zeroth_190,단백질의 모양은 단백질이 세포 안에서 하는 역할과 대단히 중요한 관련이 있습니다,none
data/processed/en_augmented/LA_T_3956573_aug.wav,en,spoof,vc,A05,LA_0088,asvspoof2019la,,rawboost+codec
data/processed/en_augmented/LA_T_5201099_aug.wav,en,spoof,tts,A02,LA_0079,asvspoof2019la,,codec
data/processed/en_augmented/LA_T_5885327_aug.wav,en,spoof,tts,A04,LA_0095,asvspoof2019la,,codec
data/processed/en_augmented/LA_T_8458654_aug.wav,en,bonafide,real,-,LA_0079,asvspoof2019la,,rawboost
data/processed/en_augmented/LA_T_1217514_aug.wav,en,bonafide,real,-,LA_0091,asvspoof2019la,,rawboost
data/processed/ko_augmented/zeroth_185_from_zeroth_141_003_1274_aug.wav,ko,spoof,vc,rvc_zeroth_185,zeroth_185,rvc_from_zeroth_141,반면 여권이 좌편향의 표적으로 삼은 칠 종의 검정 한국사 검정교과서는 주체사상의 실체가 아닌 비판적 소개에 집중했다,rawboost
data/processed/ko_augmented/kss_00378_aug.wav,ko,bonafide,real,-,kss_speaker,kss,그 일은 내 동생과 관련돼 있어.,rawboost+codec
data/processed/en_augmented/LA_T_5716018_aug.wav,en,bonafide,real,-,LA_0094,asvspoof2019la,,rawboost
data/processed/ko_augmented/zeroth_207_003_0635_aug.wav,ko,bonafide,real,-,zeroth_207,zeroth_korean,옥시 측이 검찰에 제시한 서울대 호서대 연구도 문제가 있는 것으로 밝혀졌다,none
data/processed/ko_augmented/zeroth_202_003_2122_aug.wav,ko,bonafide,real,-,zeroth_202,zeroth_korean,아그레망은 신임 대사를 파견할 때 상대국에 관례적으로 사전 동의를 받는 것을 말합니다,rawboost
data/processed/ko_augmented/kss_08183_aug.wav,ko,spoof,tts,mms-tts-kor,vits_default,kss_transcript,시어머니가 다녀가신 후로 기분이 우울해요.,none
data/processed/ko_augmented/kss_06120_aug.wav,ko,spoof,tts,mms-tts-kor,vits_default,kss_transcript,어젯밤에 비가 많이 와서 오늘 아침은 쌀쌀하네.,rawboost
data/processed/en_augmented/LA_T_2331754_aug.wav,en,spoof,tts,A04,LA_0094,asvspoof2019la,,rawboost+codec
data/processed/ko_augmented/kss_06203_aug.wav,ko,bonafide,real,-,kss_speaker,kss,여기서 일한 지 벌써 석 달이 넘었어요.,rawboost
data/processed/ko_augmented/zeroth_201_from_zeroth_197_003_0111_aug.wav,ko,spoof,vc,rvc_zeroth_201,zeroth_201,rvc_from_zeroth_197,조씨는 또 다음이 있겠거니 하고 기다려야지 별 수 있나라며 씁쓸하게 웃었다,none
data/processed/en_augmented/LA_T_8571358_aug.wav,en,bonafide,real,-,LA_0084,asvspoof2019la,,rawboost
data/processed/en_augmented/LA_T_2589508_aug.wav,en,spoof,tts,A04,LA_0092,asvspoof2019la,,none
data/processed/ko_augmented/zeroth_205_003_1823_aug.wav,ko,bonafide,real,-,zeroth_205,zeroth_korean,한편 지난 십 이 일 일부 언론에 보도된 삼성전자 협력사 직원 메르스 일 차 양성판정은 사실이 아닌 것으로 확인됐다,none
data/processed/ko_augmented/zeroth_178_003_1729_aug.wav,ko,bonafide,real,-,zeroth_178,zeroth_korean,문제는 이 기 특조위에 선체 조사 권한이 넘어갈지 아니면 선조위에서 만든 보고서만 활용할지다,rawboost+codec
data/processed/en_augmented/LA_T_9022965_aug.wav,en,bonafide,real,-,LA_0085,asvspoof2019la,,none
data/processed/ko_augmented/zeroth_179_003_2189_aug.wav,ko,bonafide,real,-,zeroth_179,zeroth_korean,착신전환 금융사기는 바로 이 절차 때문에 등장했습니다,none
data/processed/ko_augmented/zeroth_184_003_2971_aug.wav,ko,bonafide,real,-,zeroth_184,zeroth_korean,오히려 그는 사람들이 이 문제에 대해 서로 다른 결정을 내릴 수 있다는 사실을 인정하였습니다,none
data/processed/en_augmented/LA_T_8741491_aug.wav,en,spoof,vc,A06,LA_0098,asvspoof2019la,,rawboost
data/processed/en_augmented/LA_T_4216855_aug.wav,en,spoof,vc,A06,LA_0082,asvspoof2019la,,none
data/processed/ko_augmented/zeroth_179_003_2460_aug.wav,ko,bonafide,real,-,zeroth_179,zeroth_korean,나라나 종교가 다른 사람도 죽으면 모두 같은 장소로 가는가,none
data/processed/en_augmented/LA_T_6767811_aug.wav,en,bonafide,real,-,LA_0092,asvspoof2019la,,rawboost
data/processed/ko_augmented/kss_06750_aug.wav,ko,spoof,tts,mms-tts-kor,vits_default,kss_transcript,실로 충격적이다.,rawboost
data/processed/en_augmented/LA_T_7629056_aug.wav,en,bonafide,real,-,LA_0098,asvspoof2019la,,codec
data/processed/ko_augmented/zeroth_201_from_zeroth_190_003_0844_aug.wav,ko,spoof,vc,rvc_zeroth_201,zeroth_201,rvc_from_zeroth_190,김씨가 가입한 공무원 준비 커뮤니티는 현직 게시판에 셀프 소개팅 관련 글이 넘쳐나면서 지난 유 월부터 전용 게시판을 별도로 마련했다,rawboost
data/processed/en_augmented/LA_T_4197596_aug.wav,en,bonafide,real,-,LA_0098,asvspoof2019la,,rawboost
data/processed/en_augmented/LA_T_7165351_aug.wav,en,spoof,vc,A06,LA_0086,asvspoof2019la,,rawboost
data/processed/ko_augmented/kss_00327_aug.wav,ko,spoof,tts,mms-tts-kor,vits_default,kss_transcript,맨발로 걷지 마라.,rawboost
data/processed/ko_augmented/zeroth_152_from_zeroth_210_003_1978_aug.wav,ko,spoof,vc,rvc_zeroth_152,zeroth_152,rvc_from_zeroth_210,이처럼 손 전 고문에게 야권 인사들의 발길이 이어지는 것은 그가 야권에서 가진 현실적 영향력 때문이다,rawboost
data/processed/en_augmented/LA_T_8688366_aug.wav,en,spoof,vc,A05,LA_0087,asvspoof2019la,,rawboost+codec
data/processed/ko_augmented/zeroth_190_003_1487_aug.wav,ko,bonafide,real,-,zeroth_190,zeroth_korean,우리는 숨을 헐떡이며 숲을 벗어나 바위층이 드러나 있는 곳에서 잠시 휴식을 취합니다,rawboost
data/processed/ko_augmented/kss_06129_aug.wav,ko,bonafide,real,-,kss_speaker,kss,밤에는 기온이 영하로 떨어지겠습니다.,rawboost+codec
data/processed/en_augmented/LA_T_3280870_aug.wav,en,spoof,tts,A04,LA_0092,asvspoof2019la,,rawboost
data/processed/en_augmented/LA_T_8428084_aug.wav,en,spoof,vc,A06,LA_0097,asvspoof2019la,,codec
data/processed/ko_augmented/zeroth_128_003_0267_aug.wav,ko,bonafide,real,-,zeroth_128,zeroth_korean,도시의 크기가 커지고 있는 데다 콘크리트와 철재는 햇볕을 쉽게 흡수했다가 밤에 서서히 식는다는 것입니다,rawboost
data/processed/en_augmented/LA_T_6795804_aug.wav,en,bonafide,real,-,LA_0082,asvspoof2019la,,rawboost
data/processed/ko_augmented/kss_10142_aug.wav,ko,spoof,tts,mms-tts-kor,vits_default,kss_transcript,요즘에는 집 전화기가 없는 집도 많아요.,rawboost+codec
data/processed/en_augmented/LA_T_8925615_aug.wav,en,bonafide,real,-,LA_0096,asvspoof2019la,,none
data/processed/ko_augmented/zeroth_201_from_zeroth_161_003_2086_aug.wav,ko,spoof,vc,rvc_zeroth_201,zeroth_201,rvc_from_zeroth_161,이천 십 년 삼 월 이십 육 일 군 장병 마흔 여섯 명의 희생을 가져온 천안함 침몰은 북한의 어뢰 공격 때문이었다는 법원의 첫 판단이 나왔다,rawboost+codec
data/processed/en_augmented/LA_T_4655803_aug.wav,en,spoof,vc,A06,LA_0081,asvspoof2019la,,rawboost+codec
data/processed/ko_augmented/kss_06325_aug.wav,ko,bonafide,real,-,kss_speaker,kss,드디어 우리가 떠날 날이 왔다.,codec
data/processed/ko_augmented/zeroth_193_003_1934_aug.wav,ko,bonafide,real,-,zeroth_193,zeroth_korean,임씨가 죽으면서 내국인 사찰과 선거용 사찰은 없었다고 밝혔지만 오히려 그 의혹은 증폭되고 있는 것이다,codec
data/processed/ko_augmented/kss_05933_aug.wav,ko,spoof,tts,mms-tts-kor,vits_default,kss_transcript,다른 차가 끼어들 때는 그냥 양보해라.,none
data/processed/ko_augmented/zeroth_144_003_0012_aug.wav,ko,bonafide,real,-,zeroth_144,zeroth_korean,이러한 노천탕에는 아침에 새들이 부르는 합창곡이나 부드럽게 흐르는 시냇물 소리가 들려올 때도 있습니다,codec
data/processed/en_augmented/LA_T_7045823_aug.wav,en,spoof,vc,A05,LA_0079,asvspoof2019la,,none
data/processed/ko_augmented/zeroth_203_003_0731_aug.wav,ko,bonafide,real,-,zeroth_203,zeroth_korean,김수현 전북 전주 덕진동 수박을 고를 때 두드려보거나 꼭지 상태를 보고 구매를 했는데요,rawboost
data/processed/ko_augmented/zeroth_186_003_1762_aug.wav,ko,bonafide,real,-,zeroth_186,zeroth_korean,그런데 이걸 국민을 이게 비밀 공작으로 처리할 문제들이 아닌데요,none
data/processed/ko_augmented/kss_11592_aug.wav,ko,spoof,tts,mms-tts-kor,vits_default,kss_transcript,아! 내 리포트가 날아갔어!,none
data/processed/en_augmented/LA_T_5708317_aug.wav,en,spoof,tts,A04,LA_0086,asvspoof2019la,,none
data/processed/ko_augmented/kss_00204_aug.wav,ko,bonafide,real,-,kss_speaker,kss,저희 집은 여기에서 엎어지면 코 닿을 데 있어요.,codec
data/processed/ko_augmented/zeroth_200_from_zeroth_146_003_0716_aug.wav,ko,spoof,vc,rvc_zeroth_200,zeroth_200,rvc_from_zeroth_146,이천 십 사 년 미스 유니버스였던 파울리나 베가는 이날 미스 콜롬비아에게 씌워줬던 왕관을 벗긴 것은 물론 미스 유니버스라고 쓴 띠까지 벗겨내는 곤혹스런 일을 해야 했다,rawboost+codec
data/processed/en_augmented/LA_T_4456925_aug.wav,en,bonafide,real,-,LA_0086,asvspoof2019la,,none
data/processed/en_augmented/LA_T_3744266_aug.wav,en,spoof,vc,A05,LA_0081,asvspoof2019la,,codec
data/processed/en_augmented/LA_T_9126862_aug.wav,en,bonafide,real,-,LA_0098,asvspoof2019la,,rawboost
data/processed/en_augmented/LA_T_6275615_aug.wav,en,bonafide,real,-,LA_0095,asvspoof2019la,,rawboost
data/processed/ko_augmented/zeroth_139_003_0034_aug.wav,ko,bonafide,real,-,zeroth_139,zeroth_korean,테러단이 파견됐으니 우리국민 위해 시도가 있는 것이다,none
data/processed/ko_augmented/zeroth_218_003_0631_aug.wav,ko,bonafide,real,-,zeroth_218,zeroth_korean,이 사건을 수사 중인 시흥경찰서 수사본부는 칠 일 오전 발견된 시신 손에서 지문을 채취 확인한 결과 중국 동포 한모씨로 확인됐다고 밝혔다,none
data/processed/ko_augmented/kss_11848_aug.wav,ko,spoof,tts,mms-tts-kor,vits_default,kss_transcript,우리는 서로 사랑해요.,codec
data/processed/ko_augmented/zeroth_125_003_1618_aug.wav,ko,bonafide,real,-,zeroth_125,zeroth_korean,이게 유족들을 격분시켜서 지금까지도 요양비 신청을 못 하게 만드는 이유가 된 겁니다,rawboost
data/processed/en_augmented/LA_T_1007615_aug.wav,en,spoof,tts,A04,LA_0080,asvspoof2019la,,rawboost
data/processed/en_augmented/LA_T_8025784_aug.wav,en,bonafide,real,-,LA_0081,asvspoof2019la,,rawboost
data/processed/ko_augmented/zeroth_200_from_zeroth_110_003_1606_aug.wav,ko,spoof,vc,rvc_zeroth_200,zeroth_200,rvc_from_zeroth_110,혹시라도 두 살과 네 살짜리 언니들이 카이라가 예쁘다고 손이나 발이라도 만지면 안되기 때문입니다,none
data/processed/ko_augmented/zeroth_205_003_2026_aug.wav,ko,bonafide,real,-,zeroth_205,zeroth_korean,지 씨는 작년 시 월 십 팔 일 필리핀 중부 관광도시 앙헬레스 자택 근처에서 몸값을 노린 마약 단속 경찰관들에 의해 경찰청으로 끌려가 살해된 사실이 최근 드러났다,codec
data/processed/ko_augmented/kss_12203_aug.wav,ko,spoof,tts,mms-tts-kor,vits_default,kss_transcript,차가 없으니 걸어가는 수밖에 없어요.,rawboost
data/processed/en_augmented/LA_T_7776792_aug.wav,en,bonafide,real,-,LA_0091,asvspoof2019la,,none
data/processed/en_augmented/LA_T_3659950_aug.wav,en,spoof,vc,A06,LA_0094,asvspoof2019la,,rawboost+codec
data/processed/ko_augmented/zeroth_115_003_1351_aug.wav,ko,bonafide,real,-,zeroth_115,zeroth_korean,일베저장소를 운영하는 유비에이치는 최근 일베에 채용공고를 냈다,none
data/processed/en_augmented/LA_T_8107610_aug.wav,en,bonafide,real,-,LA_0095,asvspoof2019la,,rawboost
data/processed/en_augmented/LA_T_7626810_aug.wav,en,spoof,vc,A06,LA_0087,asvspoof2019la,,none
data/processed/ko_augmented/zeroth_152_from_kss_00738_aug.wav,ko,spoof,vc,rvc_zeroth_152,zeroth_152,rvc_from_kss_speaker,폭력은 폭력을 낳는 법입니다.,none
data/processed/en_augmented/LA_T_5841317_aug.wav,en,spoof,vc,A06,LA_0092,asvspoof2019la,,none
data/processed/ko_augmented/zeroth_185_from_zeroth_212_003_2228_aug.wav,ko,spoof,vc,rvc_zeroth_185,zeroth_185,rvc_from_zeroth_212,실제로 우두머리 수컷은 화가 나거나 흥분하면 코가 부풀어 오르면서 빨개집니다,none
data/processed/en_augmented/LA_T_4167933_aug.wav,en,spoof,vc,A06,LA_0093,asvspoof2019la,,codec
data/processed/en_augmented/LA_T_6370865_aug.wav,en,bonafide,real,-,LA_0079,asvspoof2019la,,rawboost
data/processed/ko_augmented/zeroth_201_from_zeroth_206_003_1044_aug.wav,ko,spoof,vc,rvc_zeroth_201,zeroth_201,rvc_from_zeroth_206,빌이 말을 하는 데 성공하자 빅키와 로즈를 비롯한 많은 사람들이 기뻐하였습니다,rawboost+codec
data/processed/en_augmented/LA_T_5029038_aug.wav,en,bonafide,real,-,LA_0089,asvspoof2019la,,none
data/processed/ko_augmented/zeroth_140_003_2767_aug.wav,ko,bonafide,real,-,zeroth_140,zeroth_korean,키루스는 기원전 육백 년경에 출생한 것으로 알려져 있다,codec
data/processed/ko_augmented/kss_08897_aug.wav,ko,spoof,tts,mms-tts-kor,vits_default,kss_transcript,저는 그녀를 사랑합니다.,none
data/processed/ko_augmented/zeroth_181_003_1959_aug.wav,ko,bonafide,real,-,zeroth_181,zeroth_korean,이들은 현대차그룹의 옛 한전부지 개발과 관련 시가 이해당사자인 강남구나 구민들과 사전협의없이 지구단위계획구역을 확대 추진하고 있다며 비판했다,none
data/processed/ko_augmented/kss_07043_aug.wav,ko,spoof,tts,mms-tts-kor,vits_default,kss_transcript,얘가 전에 말한 걔예요.,none
data/processed/ko_augmented/zeroth_136_003_0644_aug.wav,ko,bonafide,real,-,zeroth_136,zeroth_korean,그리고 천 오백 삼십 육 년에는 쇤베르크 추기경이 코페르니쿠스에게 그의 견해를 온전히 기술한 책을 출판하도록 촉구하는 글을 보냈습니다,rawboost
data/processed/en_augmented/LA_T_9214778_aug.wav,en,spoof,tts,A04,LA_0092,asvspoof2019la,,rawboost+codec
data/processed/en_augmented/LA_T_1126222_aug.wav,en,bonafide,real,-,LA_0083,asvspoof2019la,,none
data/processed/ko_augmented/zeroth_135_003_2952_aug.wav,ko,bonafide,real,-,zeroth_135,zeroth_korean,그런 데서 여든 일곱 명의 장병들은 기성세대들에게 천만의 말씀이라며 신세대에 대한 편견을 기분좋게 깨놓았다,rawboost
data/processed/ko_augmented/zeroth_152_from_zeroth_135_003_2130_aug.wav,ko,spoof,vc,rvc_zeroth_152,zeroth_152,rvc_from_zeroth_135,경찰도 김포경찰서장을 팀장으로 형사과와 경기남부청 과학수사팀 요원 등 일흔 여명을 투입해 수사 전담팀을 구성하고 사고 원인 조사에 본격적으로 착수했다,codec
data/processed/ko_augmented/zeroth_200_from_zeroth_119_003_2855_aug.wav,ko,spoof,vc,rvc_zeroth_200,zeroth_200,rvc_from_zeroth_119,이 때문에 입주자 모집공고 전부터 시프트 입주권 편법 거래 등이 인터넷에 떠도는 등 부작용도 낳고 있어 제도 개선이 필요하다는 지적도 적지 않다,codec
data/processed/en_augmented/LA_T_9739745_aug.wav,en,spoof,vc,A05,LA_0086,asvspoof2019la,,rawboost
data/processed/en_augmented/LA_T_8998030_aug.wav,en,spoof,tts,A01,LA_0091,asvspoof2019la,,none
data/processed/en_augmented/LA_T_5074739_aug.wav,en,spoof,tts,A02,LA_0093,asvspoof2019la,,rawboost+codec
data/processed/en_augmented/LA_T_4769298_aug.wav,en,bonafide,real,-,LA_0082,asvspoof2019la,,none
data/processed/en_augmented/LA_T_6129228_aug.wav,en,bonafide,real,-,LA_0092,asvspoof2019la,,rawboost
data/processed/en_augmented/LA_T_5176249_aug.wav,en,spoof,vc,A05,LA_0096,asvspoof2019la,,none
data/processed/en_augmented/LA_T_8953087_aug.wav,en,bonafide,real,-,LA_0093,asvspoof2019la,,none
data/processed/ko_augmented/kss_07422_aug.wav,ko,spoof,tts,mms-tts-kor,vits_default,kss_transcript,그 소문은 사실이 아닌 것으로 밝혀졌어요.,none
data/processed/en_augmented/LA_T_4976230_aug.wav,en,bonafide,real,-,LA_0092,asvspoof2019la,,codec
data/processed/ko_augmented/zeroth_196_003_1552_aug.wav,ko,bonafide,real,-,zeroth_196,zeroth_korean,대만은 또 항모킬러라는 두오장급 스텔스 코르벳함을 실전배치했다,none
data/processed/en_augmented/LA_T_6240107_aug.wav,en,bonafide,real,-,LA_0093,asvspoof2019la,,rawboost
data/processed/en_augmented/LA_T_2389084_aug.wav,en,spoof,tts,A04,LA_0098,asvspoof2019la,,none
data/processed/ko_augmented/zeroth_201_from_kss_08554_aug.wav,ko,spoof,vc,rvc_zeroth_201,zeroth_201,rvc_from_kss_speaker,돈이 있으면 좀 빌려 줄래?,rawboost
data/processed/ko_augmented/zeroth_152_from_zeroth_148_003_2269_aug.wav,ko,spoof,vc,rvc_zeroth_152,zeroth_152,rvc_from_zeroth_148,일 일 인권위 등 복수의 관계자 말과 관련 자료를 종합하면 인권위는 최근 유엔 자유권규약 제 사 차 국가보고서 심의를 위한 정보노트 최종안을 마련 의결을 앞두고 있다,rawboost
data/processed/en_augmented/LA_T_4398602_aug.wav,en,spoof,vc,A05,LA_0087,asvspoof2019la,,none
data/processed/ko_augmented/zeroth_194_003_0514_aug.wav,ko,bonafide,real,-,zeroth_194,zeroth_korean,북한에선 남녀 모두에게 책임을 묻고 피해자인 여성은 사회적으로 매장된다는 것이 탈북 여성들의 공통된 증언이다,none
data/processed/ko_augmented/zeroth_163_003_1763_aug.wav,ko,bonafide,real,-,zeroth_163,zeroth_korean,언제 이 뚜껑이 들끓어서 열릴까하는 게 시간문제였거든요,rawboost+codec
data/processed/en_augmented/LA_T_6720241_aug.wav,en,bonafide,real,-,LA_0090,asvspoof2019la,,none
data/processed/ko_augmented/zeroth_210_003_1978_aug.wav,ko,bonafide,real,-,zeroth_210,zeroth_korean,이처럼 손 전 고문에게 야권 인사들의 발길이 이어지는 것은 그가 야권에서 가진 현실적 영향력 때문이다,rawboost
data/processed/ko_augmented/zeroth_143_003_1662_aug.wav,ko,bonafide,real,-,zeroth_143,zeroth_korean,그러나 현지 과학자들은 보다 작은 크기의 동식물의 경우 방사능에 의한 직접적 피해가 확인됐으며 지렁이나 전나무의 경우엔 유전자 손상 및 돌연변이 또한 관찰됐다고 전했다,rawboost
data/processed/ko_augmented/zeroth_152_from_kss_05515_aug.wav,ko,spoof,vc,rvc_zeroth_152,zeroth_152,rvc_from_kss_speaker,저는 아기일 때 세례를 받았어요.,none
data/processed/ko_augmented/kss_08271_aug.wav,ko,spoof,tts,mms-tts-kor,vits_default,kss_transcript,가방 들어 드릴까요?,rawboost
data/processed/en_augmented/LA_T_6542898_aug.wav,en,spoof,vc,A06,LA_0092,asvspoof2019la,,rawboost+codec
data/processed/ko_augmented/kss_03236_aug.wav,ko,bonafide,real,-,kss_speaker,kss,진실은 드러나게 되어 있다.,rawboost+codec
data/processed/en_augmented/LA_T_9373039_aug.wav,en,spoof,vc,A05,LA_0096,asvspoof2019la,,rawboost+codec
data/processed/ko_augmented/kss_09139_aug.wav,ko,spoof,tts,mms-tts-kor,vits_default,kss_transcript,꿈과 현실을 구별하지 못하는 사람이 가끔 있어요.,rawboost
data/processed/ko_augmented/zeroth_181_003_2526_aug.wav,ko,bonafide,real,-,zeroth_181,zeroth_korean,하루도 병원을 떠나지 못한 어머니는 아름다운 캠퍼스를 걷는 딸의 모습을 꿈꾸고 있다,rawboost+codec
data/processed/en_augmented/LA_T_4360430_aug.wav,en,bonafide,real,-,LA_0096,asvspoof2019la,,rawboost
data/processed/en_augmented/LA_T_7040475_aug.wav,en,spoof,tts,A03,LA_0080,asvspoof2019la,,codec
data/processed/ko_augmented/zeroth_124_003_1556_aug.wav,ko,bonafide,real,-,zeroth_124,zeroth_korean,천 구백 사십 칠 년 오 월부터 지금까지 관람차는 계속 회전하면서 즐거워하는 손님들을 천천히 올려 주기도 하고 내려 주기도 합니다,rawboost
data/processed/ko_augmented/kss_08267_aug.wav,ko,bonafide,real,-,kss_speaker,kss,우리 팀에 들어올래요?,rawboost+codec
data/processed/en_augmented/LA_T_9396899_aug.wav,en,bonafide,real,-,LA_0081,asvspoof2019la,,rawboost
data/processed/ko_augmented/zeroth_174_003_2413_aug.wav,ko,bonafide,real,-,zeroth_174,zeroth_korean,이십 팔 일 산부인과 교수들을 만나 난소암을 극복할 수 있는 방법에 대해 물었습니다,none
data/processed/en_augmented/LA_T_7307963_aug.wav,en,spoof,tts,A03,LA_0094,asvspoof2019la,,rawboost
data/processed/ko_augmented/zeroth_201_from_zeroth_171_003_1234_aug.wav,ko,spoof,vc,rvc_zeroth_201,zeroth_201,rvc_from_zeroth_171,핵무력건설에 대해선 그 역사적 연원을 돌아보며 길게 설명했으니 반복하지 않을게,codec
data/processed/ko_augmented/kss_11745_aug.wav,ko,spoof,tts,mms-tts-kor,vits_default,kss_transcript,소비자의 생각을 이해하지 못하면 살아남을 수 없어요.,rawboost
data/processed/en_augmented/LA_T_1784012_aug.wav,en,bonafide,real,-,LA_0092,asvspoof2019la,,none
data/processed/ko_augmented/kss_11475_aug.wav,ko,bonafide,real,-,kss_speaker,kss,남은 거 포장해 주시겠어요?,rawboost+codec
data/processed/en_augmented/LA_T_4594945_aug.wav,en,bonafide,real,-,LA_0098,asvspoof2019la,,rawboost
data/processed/en_augmented/LA_T_9959600_aug.wav,en,bonafide,real,-,LA_0095,asvspoof2019la,,none
data/processed/en_augmented/LA_T_9622854_aug.wav,en,bonafide,real,-,LA_0091,asvspoof2019la,,none
data/processed/ko_augmented/zeroth_152_from_kss_04044_aug.wav,ko,spoof,vc,rvc_zeroth_152,zeroth_152,rvc_from_kss_speaker,앗 지갑을 놓고 왔어!,rawboost+codec
data/processed/ko_augmented/zeroth_201_from_zeroth_163_003_1159_aug.wav,ko,spoof,vc,rvc_zeroth_201,zeroth_201,rvc_from_zeroth_163,결국 좌석 등받이 때문에 칠천 미터 상공에서 싸움을 벌이다가 장쑤성 난퉁공항에 비행기가 비상 착륙하는 소동까지 빚어졌습니다,none
data/processed/en_augmented/LA_T_6507923_aug.wav,en,spoof,vc,A06,LA_0079,asvspoof2019la,,rawboost+codec
data/processed/ko_augmented/kss_03453_aug.wav,ko,spoof,tts,mms-tts-kor,vits_default,kss_transcript,베토벤은 귀가 먼 후에도 작곡을 계속했다.,rawboost
data/processed/ko_augmented/zeroth_174_003_1542_aug.wav,ko,bonafide,real,-,zeroth_174,zeroth_korean,성완종 리스트를 수사하는 검찰 특별수사팀과 일 억원 수수 의혹 당사자인 홍준표 경남지사의 경선 자금을 둘러싼 설전이 이어지고 있다,none
data/processed/en_augmented/LA_T_7698485_aug.wav,en,bonafide,real,-,LA_0092,asvspoof2019la,,none
data/processed/ko_augmented/kss_02731_aug.wav,ko,spoof,tts,mms-tts-kor,vits_default,kss_transcript,저 여자가 방금 나한테 윙크한 것 같아.,rawboost
data/processed/en_augmented/LA_T_6396662_aug.wav,en,bonafide,real,-,LA_0097,asvspoof2019la,,none
data/processed/en_augmented/LA_T_3576775_aug.wav,en,bonafide,real,-,LA_0079,asvspoof2019la,,rawboost
data/processed/en_augmented/LA_T_6091816_aug.wav,en,spoof,vc,A06,LA_0093,asvspoof2019la,,rawboost+codec
data/processed/ko_augmented/zeroth_206_003_2501_aug.wav,ko,bonafide,real,-,zeroth_206,zeroth_korean,만약의 돌발 사태를 우려한 경찰과 청와대 측이 초긴장상태에 돌입했다,rawboost
data/processed/ko_augmented/zeroth_195_003_1805_aug.wav,ko,bonafide,real,-,zeroth_195,zeroth_korean,인터뷰 우선 대형마트나 백화점 이런 데서는 다 보상을 해 주겠다는 입장입니다,rawboost
data/processed/ko_augmented/kss_09436_aug.wav,ko,bonafide,real,-,kss_speaker,kss,"한식으로 할까, 아니면 일식으로 할까?",none
data/processed/en_augmented/LA_T_8923337_aug.wav,en,spoof,tts,A02,LA_0089,asvspoof2019la,,none
data/processed/ko_augmented/zeroth_200_from_zeroth_159_003_0153_aug.wav,ko,spoof,vc,rvc_zeroth_200,zeroth_200,rvc_from_zeroth_159,최순실 씨 조카 장시호 씨가 최근 특검에서 의미심장한 진술을 한 것으로 확인됐습니다,codec
data/processed/en_augmented/LA_T_2435826_aug.wav,en,bonafide,real,-,LA_0085,asvspoof2019la,,rawboost+codec
data/processed/en_augmented/LA_T_6723416_aug.wav,en,spoof,tts,A02,LA_0089,asvspoof2019la,,rawboost
data/processed/ko_augmented/zeroth_185_from_zeroth_159_003_2543_aug.wav,ko,spoof,vc,rvc_zeroth_185,zeroth_185,rvc_from_zeroth_159,국방부는 이 같은 조사내용을 십 일 발표하고 북 도발에 응당한 혹독한 대가를 치르게 할 것이라고 밝혔다,none
data/processed/en_augmented/LA_T_8353042_aug.wav,en,bonafide,real,-,LA_0092,asvspoof2019la,,none
data/processed/en_augmented/LA_T_6958462_aug.wav,en,spoof,vc,A05,LA_0083,asvspoof2019la,,none
data/processed/en_augmented/LA_T_6334483_aug.wav,en,bonafide,real,-,LA_0092,asvspoof2019la,,rawboost
data/processed/ko_augmented/zeroth_185_from_kss_00378_aug.wav,ko,spoof,vc,rvc_zeroth_185,zeroth_185,rvc_from_kss_speaker,그 일은 내 동생과 관련돼 있어.,none
data/processed/ko_augmented/zeroth_152_from_zeroth_169_003_2127_aug.wav,ko,spoof,vc,rvc_zeroth_152,zeroth_152,rvc_from_zeroth_169,정부가 이천 십 삼 년 소득공제를 세액공제로 바꾸고 올해 들어 연말정산 파동이 커지자 저소득층 및 중산층 세금을 깎으면서다,none
data/processed/en_augmented/LA_T_4029619_aug.wav,en,spoof,vc,A05,LA_0088,asvspoof2019la,,rawboost
data/processed/en_augmented/LA_T_3118525_aug.wav,en,spoof,tts,A02,LA_0095,asvspoof2019la,,none
data/processed/en_augmented/LA_T_4949284_aug.wav,en,spoof,tts,A01,LA_0098,asvspoof2019la,,rawboost
data/processed/en_augmented/LA_T_7675012_aug.wav,en,spoof,tts,A02,LA_0084,asvspoof2019la,,rawboost
data/processed/en_augmented/LA_T_3506181_aug.wav,en,spoof,tts,A03,LA_0093,asvspoof2019la,,rawboost
data/processed/en_augmented/LA_T_8605220_aug.wav,en,spoof,vc,A06,LA_0095,asvspoof2019la,,none
data/processed/ko_augmented/zeroth_136_003_0137_aug.wav,ko,bonafide,real,-,zeroth_136,zeroth_korean,한 중견법조인은 성추행을 한 대학교수를 구속하면 그게 반 대학정서를 확산시키는 것이냐 고 반문하면서 사안을 있는 그대로 보면 된다,none
data/processed/en_augmented/LA_T_5462809_aug.wav,en,bonafide,real,-,LA_0086,asvspoof2019la,,none
data/processed/en_augmented/LA_T_7034015_aug.wav,en,spoof,vc,A05,LA_0096,asvspoof2019la,,none
data/processed/ko_augmented/kss_07915_aug.wav,ko,spoof,tts,mms-tts-kor,vits_default,kss_transcript,몇 층 가세요?,rawboost
data/processed/ko_augmented/kss_03523_aug.wav,ko,spoof,tts,mms-tts-kor,vits_default,kss_transcript,좋은 이미지를 유지하는 것이 연예인들에게는 중요하다.,rawboost
data/processed/ko_augmented/zeroth_166_003_0870_aug.wav,ko,bonafide,real,-,zeroth_166,zeroth_korean,군인들이 죽어갈 수 있는 건 내 조국이 정의로운 조국이니까 가능하다고 그랬어,none
data/processed/en_augmented/LA_T_2450169_aug.wav,en,bonafide,real,-,LA_0084,asvspoof2019la,,rawboost
data/processed/ko_augmented/zeroth_131_003_0709_aug.wav,ko,bonafide,real,-,zeroth_131,zeroth_korean,이어 지금은 딸이 잘 자라준다는 사실에 신께 감사하고 있다 면서 엄마의 자리가 느껴지지 않도록 딸을 행복하게 키울 것 이라고 덧붙였다,rawboost
data/processed/en_augmented/LA_T_7478780_aug.wav,en,bonafide,real,-,LA_0085,asvspoof2019la,,none
data/processed/en_augmented/LA_T_9654665_aug.wav,en,bonafide,real,-,LA_0096,asvspoof2019la,,none
data/processed/en_augmented/LA_T_9635654_aug.wav,en,bonafide,real,-,LA_0096,asvspoof2019la,,rawboost
data/processed/ko_augmented/zeroth_151_003_2634_aug.wav,ko,bonafide,real,-,zeroth_151,zeroth_korean,특히 이번 총선에서 국민의당이 전체 스물 여덟 개 의석 중 스물 세 개를 휩쓸었던 호남에서 지지율 하락세가 뚜렷했다,none
data/processed/ko_augmented/kss_01638_aug.wav,ko,spoof,tts,mms-tts-kor,vits_default,kss_transcript,그는 매사에 성실하다.,codec
data/processed/en_augmented/LA_T_5383824_aug.wav,en,bonafide,real,-,LA_0083,asvspoof2019la,,rawboost
data/processed/en_augmented/LA_T_9426918_aug.wav,en,spoof,vc,A05,LA_0080,asvspoof2019la,,rawboost
data/processed/ko_augmented/kss_02295_aug.wav,ko,bonafide,real,-,kss_speaker,kss,이번 주말에 가족들과 아버지 산소에 갈 생각입니다.,rawboost
data/processed/en_augmented/LA_T_8804300_aug.wav,en,spoof,tts,A01,LA_0096,asvspoof2019la,,none
data/processed/en_augmented/LA_T_8451396_aug.wav,en,spoof,vc,A06,LA_0091,asvspoof2019la,,rawboost+codec
data/processed/ko_augmented/zeroth_111_003_0563_aug.wav,ko,bonafide,real,-,zeroth_111,zeroth_korean,대법원은 패터슨 진술의 신빙성이 의심스러워 리가 단독 범행을 했다고 단정하기 어렵다고 했다,rawboost+codec
data/processed/en_augmented/LA_T_4254409_aug.wav,en,bonafide,real,-,LA_0090,asvspoof2019la,,rawboost
data/processed/ko_augmented/zeroth_139_003_2405_aug.wav,ko,bonafide,real,-,zeroth_139,zeroth_korean,하지만 병원 문 닫으면 이 환자들이 갈 곳이 없지 않느냐고 되물었다,none
data/processed/ko_augmented/zeroth_152_from_kss_01584_aug.wav,ko,spoof,vc,rvc_zeroth_152,zeroth_152,rvc_from_kss_speaker,저는 목소리가 아버지와 비슷하다는 말을 종종 들어요.,none
data/processed/en_augmented/LA_T_3951863_aug.wav,en,spoof,vc,A05,LA_0090,asvspoof2019la,,none
data/processed/ko_augmented/zeroth_201_from_zeroth_186_003_0900_aug.wav,ko,spoof,vc,rvc_zeroth_201,zeroth_201,rvc_from_zeroth_186,단박근혜 대통령의 요즘 심경에 대해 청와대 참모들은 다 내려놓았다고 전하고 있다,rawboost
data/processed/ko_augmented/kss_03823_aug.wav,ko,bonafide,real,-,kss_speaker,kss,100퍼센트 장담합니다.,none
data/processed/ko_augmented/zeroth_213_003_1699_aug.wav,ko,bonafide,real,-,zeroth_213,zeroth_korean,그 여파로 이천 팔 년에 삼십 이 만가구 이천 구 년에는 이십 팔 만가구의 입주물량이 쏟아졌다,rawboost
data/processed/ko_augmented/kss_10833_aug.wav,ko,spoof,tts,mms-tts-kor,vits_default,kss_transcript,그 사람은 목소리가 커서 멀리서도 다 들려요.,codec
data/processed/ko_augmented/kss_03756_aug.wav,ko,bonafide,real,-,kss_speaker,kss,고집 부리지 마라.,none
data/processed/en_augmented/LA_T_1801640_aug.wav,en,spoof,vc,A06,LA_0091,asvspoof2019la,,rawboost
data/processed/en_augmented/LA_T_5954195_aug.wav,en,bonafide,real,-,LA_0079,asvspoof2019la,,none
data/processed/ko_augmented/zeroth_188_003_0263_aug.wav,ko,bonafide,real,-,zeroth_188,zeroth_korean,김대중 대통령이 살아계신다면 이 상황을 어떻게 정리하실까 탈당이 과연 최선이라고 하실까 탈당하라고 하실까,none
data/processed/en_augmented/LA_T_8051672_aug.wav,en,spoof,vc,A05,LA_0087,asvspoof2019la,,rawboost
data/processed/ko_augmented/kss_07415_aug.wav,ko,bonafide,real,-,kss_speaker,kss,모래 위에 발자국이 나 있었다.,none
data/processed/ko_augmented/zeroth_185_from_zeroth_162_003_0594_aug.wav,ko,spoof,vc,rvc_zeroth_185,zeroth_185,rvc_from_zeroth_162,힐러리가 기침을 멈추지 않거나 계단을 오르다가 발을 삐끗해서 경호원의 부축을 받거나 어지럼증으로 휘청거리기라도 하면 그 때마다 미디어는 법석을 떨었다,none
data/processed/en_augmented/LA_T_3551131_aug.wav,en,spoof,vc,A06,LA_0092,asvspoof2019la,,rawboost
data/processed/en_augmented/LA_T_5118997_aug.wav,en,bonafide,real,-,LA_0088,asvspoof2019la,,rawboost
data/processed/en_augmented/LA_T_5891775_aug.wav,en,bonafide,real,-,LA_0080,asvspoof2019la,,codec
data/processed/en_augmented/LA_T_2193944_aug.wav,en,bonafide,real,-,LA_0083,asvspoof2019la,,none
data/processed/ko_augmented/kss_10435_aug.wav,ko,spoof,tts,mms-tts-kor,vits_default,kss_transcript,차가운 바닥에 주저앉지 마.,codec
data/processed/ko_augmented/kss_10601_aug.wav,ko,spoof,tts,mms-tts-kor,vits_default,kss_transcript,그녀는 끝없이 떠들어 댔다.,rawboost+codec
data/processed/ko_augmented/kss_08919_aug.wav,ko,bonafide,real,-,kss_speaker,kss,택시를 타세요. 그러면 제가 마중 갈게요.,none
data/processed/ko_augmented/kss_10119_aug.wav,ko,spoof,tts,mms-tts-kor,vits_default,kss_transcript,방금 한 말이 정말이야?,rawboost
data/processed/en_augmented/LA_T_8098268_aug.wav,en,spoof,vc,A06,LA_0098,asvspoof2019la,,none
data/processed/en_augmented/LA_T_4972864_aug.wav,en,bonafide,real,-,LA_0087,asvspoof2019la,,rawboost
data/processed/ko_augmented/zeroth_185_from_zeroth_168_003_0470_aug.wav,ko,spoof,vc,rvc_zeroth_185,zeroth_185,rvc_from_zeroth_168,어떤 걸 보호받을 수 있는지 어떤 걸 주의해야 하는지 알려줘야 하는 거 아닌가,rawboost
data/processed/en_augmented/LA_T_7944475_aug.wav,en,bonafide,real,-,LA_0083,asvspoof2019la,,none
data/processed/ko_augmented/kss_08655_aug.wav,ko,spoof,tts,mms-tts-kor,vits_default,kss_transcript,갈증 나 죽겠어요.,codec
data/processed/ko_augmented/kss_03795_aug.wav,ko,spoof,tts,mms-tts-kor,vits_default,kss_transcript,내가 어렸을 때 할머니는 자주 옛날이야기를 들려주셨다.,rawboost+codec
data/processed/ko_augmented/zeroth_141_003_0230_aug.wav,ko,bonafide,real,-,zeroth_141,zeroth_korean,이 고사총은 대공용이 주임무지만 사람 특히 정적이나 정치범 등을 대상으로 한 것은 북한 외에는 없다는 것이 전문가들의 전언이다,none
data/processed/en_augmented/LA_T_5465120_aug.wav,en,spoof,vc,A06,LA_0083,asvspoof2019la,,rawboost
data/processed/en_augmented/LA_T_3721939_aug.wav,en,bonafide,real,-,LA_0091,asvspoof2019la,,none
data/processed/ko_augmented/zeroth_212_003_2985_aug.wav,ko,bonafide,real,-,zeroth_212,zeroth_korean,앵커 한 고등학교가 얼마 전 이 학년 학부모들에게 발송한 가정통신문입니다,none
data/processed/ko_augmented/zeroth_128_003_0453_aug.wav,ko,bonafide,real,-,zeroth_128,zeroth_korean,아울러 칠 년간 신상정보 공개와 이십 년간 위치추적 전자장치 부착도 명령했죠,rawboost
data/processed/ko_augmented/kss_10383_aug.wav,ko,bonafide,real,-,kss_speaker,kss,저는 이 영화의 조명을 담당하고 있습니다.,none
data/processed/en_augmented/LA_T_9392229_aug.wav,en,bonafide,real,-,LA_0082,asvspoof2019la,,codec
data/processed/ko_augmented/kss_00277_aug.wav,ko,spoof,tts,mms-tts-kor,vits_default,kss_transcript,이 넥타이는 당신에게 어울리지 않아요.,codec
data/processed/ko_augmented/kss_08409_aug.wav,ko,spoof,tts,mms-tts-kor,vits_default,kss_transcript,뒷모습만 보면 남자인지 여자인지 구분이 안 돼요.,rawboost+codec
data/processed/ko_augmented/kss_12043_aug.wav,ko,spoof,tts,mms-tts-kor,vits_default,kss_transcript,"신사 숙녀 여러분, 안내 말씀 드립니다.",codec
data/processed/ko_augmented/kss_09876_aug.wav,ko,spoof,tts,mms-tts-kor,vits_default,kss_transcript,쟤는 사람을 웃게 하는 재주가 있어.,codec
data/processed/en_augmented/LA_T_3680620_aug.wav,en,spoof,vc,A05,LA_0087,asvspoof2019la,,rawboost
data/processed/ko_augmented/kss_00505_aug.wav,ko,spoof,tts,mms-tts-kor,vits_default,kss_transcript,비에 옷이 다 젖으셨네요.,codec
data/processed/en_augmented/LA_T_8461914_aug.wav,en,spoof,tts,A04,LA_0084,asvspoof2019la,,rawboost+codec
data/processed/en_augmented/LA_T_5560108_aug.wav,en,spoof,tts,A02,LA_0087,asvspoof2019la,,none
data/processed/ko_augmented/kss_04235_aug.wav,ko,bonafide,real,-,kss_speaker,kss,입맛이 없어서 점심을 걸렀어요.,codec
data/processed/ko_augmented/zeroth_185_from_kss_10501_aug.wav,ko,spoof,vc,rvc_zeroth_185,zeroth_185,rvc_from_kss_speaker,수영장 주위를 뛰어다니면 안 돼.,codec
data/processed/ko_augmented/zeroth_152_from_zeroth_183_003_1184_aug.wav,ko,spoof,vc,rvc_zeroth_152,zeroth_152,rvc_from_zeroth_183,일 세기 전에 발명된 콘돔은 이십 세기 말 인류가 직면한 성병과 임신을 동시에 막아주는 위대한 발명품이었죠,none
data/processed/en_augmented/LA_T_8349132_aug.wav,en,bonafide,real,-,LA_0096,asvspoof2019la,,none
data/processed/en_augmented/LA_T_2034492_aug.wav,en,spoof,vc,A05,LA_0080,asvspoof2019la,,rawboost
data/processed/ko_augmented/kss_10557_aug.wav,ko,spoof,tts,mms-tts-kor,vits_default,kss_transcript,이곳은 아이들을 키우기에 좋은 환경이 아니에요.,none
data/processed/ko_augmented/zeroth_131_003_0803_aug.wav,ko,bonafide,real,-,zeroth_131,zeroth_korean,연구진은 스마트폰 등에 사용하는 배터리의 수명이 닳는 원리도 알아냈다,codec
data/processed/ko_augmented/kss_07320_aug.wav,ko,spoof,tts,mms-tts-kor,vits_default,kss_transcript,이제 안심해도 돼.,rawboost+codec
data/processed/ko_augmented/kss_07764_aug.wav,ko,bonafide,real,-,kss_speaker,kss,범인이 곧 붙잡혀야 할 텐데.,none
data/processed/en_augmented/LA_T_7015040_aug.wav,en,spoof,vc,A05,LA_0088,asvspoof2019la,,rawboost+codec
data/processed/ko_augmented/kss_11595_aug.wav,ko,spoof,tts,mms-tts-kor,vits_default,kss_transcript,다른 버스로 갈아타세요.,none
data/processed/ko_augmented/kss_01584_aug.wav,ko,bonafide,real,-,kss_speaker,kss,저는 목소리가 아버지와 비슷하다는 말을 종종 들어요.,rawboost
data/processed/en_augmented/LA_T_7292672_aug.wav,en,bonafide,real,-,LA_0081,asvspoof2019la,,rawboost+codec
data/processed/ko_augmented/zeroth_152_from_kss_03439_aug.wav,ko,spoof,vc,rvc_zeroth_152,zeroth_152,rvc_from_kss_speaker,이 호텔은 방마다 에어컨을 갖추고 있다.,rawboost
data/processed/en_augmented/LA_T_2113561_aug.wav,en,bonafide,real,-,LA_0086,asvspoof2019la,,rawboost
data/processed/en_augmented/LA_T_8448396_aug.wav,en,bonafide,real,-,LA_0082,asvspoof2019la,,none
data/processed/ko_augmented/kss_06750_aug.wav,ko,bonafide,real,-,kss_speaker,kss,실로 충격적이다.,codec
data/processed/en_augmented/LA_T_2540365_aug.wav,en,spoof,vc,A06,LA_0080,asvspoof2019la,,codec
data/processed/en_augmented/LA_T_8604522_aug.wav,en,spoof,vc,A05,LA_0086,asvspoof2019la,,none
data/processed/en_augmented/LA_T_6487011_aug.wav,en,bonafide,real,-,LA_0087,asvspoof2019la,,rawboost
data/processed/ko_augmented/zeroth_173_003_1641_aug.wav,ko,bonafide,real,-,zeroth_173,zeroth_korean,증권 시장의 호황으로도 사회 정의가 구현될 수는 없다,rawboost+codec
data/processed/en_augmented/LA_T_6394093_aug.wav,en,spoof,tts,A02,LA_0079,asvspoof2019la,,rawboost
data/processed/ko_augmented/zeroth_146_003_0309_aug.wav,ko,bonafide,real,-,zeroth_146,zeroth_korean,다만 그는 김 대표가 가져온 정보가 효과가 하나도 없었다,rawboost
data/processed/en_augmented/LA_T_5410225_aug.wav,en,spoof,vc,A06,LA_0082,asvspoof2019la,,rawboost+codec
data/processed/en_augmented/LA_T_6599628_aug.wav,en,spoof,vc,A05,LA_0089,asvspoof2019la,,none
data/processed/ko_augmented/zeroth_192_003_0958_aug.wav,ko,bonafide,real,-,zeroth_192,zeroth_korean,몇 년 안에는 성사가 돼야 건강한 몸으로 만나러 갈 텐데 말이에요,none
data/processed/en_augmented/LA_T_8147818_aug.wav,en,bonafide,real,-,LA_0096,asvspoof2019la,,rawboost
data/processed/en_augmented/LA_T_6507572_aug.wav,en,spoof,vc,A06,LA_0093,asvspoof2019la,,rawboost
data/processed/en_augmented/LA_T_3680444_aug.wav,en,bonafide,real,-,LA_0096,asvspoof2019la,,none
data/processed/en_augmented/LA_T_5490082_aug.wav,en,spoof,tts,A01,LA_0088,asvspoof2019la,,none
data/processed/en_augmented/LA_T_5919466_aug.wav,en,spoof,vc,A05,LA_0091,asvspoof2019la,,rawboost+codec
data/processed/ko_augmented/kss_04192_aug.wav,ko,bonafide,real,-,kss_speaker,kss,국을 뭘로 양념했어요?,rawboost+codec
data/processed/en_augmented/LA_T_5705898_aug.wav,en,spoof,vc,A06,LA_0088,asvspoof2019la,,none
data/processed/ko_augmented/zeroth_176_003_1292_aug.wav,ko,bonafide,real,-,zeroth_176,zeroth_korean,이 단지는 지하철 분당선 서울숲역이 가까워 역세권 입지를 갖춘 데다 중랑천과 서울숲이 가까이에 있어 자연경관이 좋고 한강도 조망할 수 있다,rawboost
data/processed/ko_augmented/kss_08843_aug.wav,ko,spoof,tts,mms-tts-kor,vits_default,kss_transcript,그동안 고생 많으셨어요.,none
data/processed/en_augmented/LA_T_5918833_aug.wav,en,bonafide,real,-,LA_0083,asvspoof2019la,,none
data/processed/en_augmented/LA_T_7601537_aug.wav,en,bonafide,real,-,LA_0087,asvspoof2019la,,rawboost
data/processed/en_augmented/LA_T_2534170_aug.wav,en,bonafide,real,-,LA_0096,asvspoof2019la,,rawboost+codec
data/processed/ko_augmented/zeroth_193_003_0710_aug.wav,ko,bonafide,real,-,zeroth_193,zeroth_korean,십 육 위원자재 연마 가공사 원료물질을 갈고 윤내는 업무에 종사하는 사람이 자동화될 가능성은 구십 칠 퍼센트다,none
data/processed/en_augmented/LA_T_6982603_aug.wav,en,bonafide,real,-,LA_0084,asvspoof2019la,,codec
data/processed/en_augmented/LA_T_5428638_aug.wav,en,bonafide,real,-,LA_0088,asvspoof2019la,,rawboost
data/processed/ko_augmented/zeroth_216_003_0334_aug.wav,ko,bonafide,real,-,zeroth_216,zeroth_korean,저희들이 생각하는 가장 유력한 증거는 현재 화물차에 접수돼 있던 차량에 보면 블랙박스가 있지 않습니까,rawboost
data/processed/ko_augmented/zeroth_211_003_0524_aug.wav,ko,bonafide,real,-,zeroth_211,zeroth_korean,러시아는 세계 삼 위의 밀 수출국이기 때문에 아르헨티나로부터 밀을 수입할 필요를 느끼지 못하고 있었으나 쇠고기는 이야기가 달랐다,none
data/processed/en_augmented/LA_T_7807441_aug.wav,en,bonafide,real,-,LA_0092,asvspoof2019la,,rawboost+codec
data/processed/ko_augmented/zeroth_117_003_0204_aug.wav,ko,bonafide,real,-,zeroth_117,zeroth_korean,만일 하느님께서 실제로 모든 것을 예지하신다면 아담과 하와를 창조하시기도 전에 그들이 자신에게 불순종할 것이라는 사실을 알고 계셨을 것입니다,none
data/processed/ko_augmented/kss_12274_aug.wav,ko,spoof,tts,mms-tts-kor,vits_default,kss_transcript,저는 매주 수요일 저녁에 수업이 있어요.,none
data/processed/ko_augmented/zeroth_201_from_zeroth_193_003_1265_aug.wav,ko,spoof,vc,rvc_zeroth_201,zeroth_201,rvc_from_zeroth_193,간통 남녀가 짜고 법정에서 배우자를 상대로 오리발을 내밀기도 하고 피해 배우자는 더 많은 위자료를 얻기 위해 불법 도청을 서슴지 않는 경우도 많아지고 있다,rawboost+codec
data/processed/en_augmented/LA_T_3586569_aug.wav,en,bonafide,real,-,LA_0095,asvspoof2019la,,rawboost+codec
data/processed/ko_augmented/zeroth_152_from_zeroth_213_003_2424_aug.wav,ko,spoof,vc,rvc_zeroth_152,zeroth_152,rvc_from_zeroth_213,특히 지금 같으면 역사교과서 국정화라든가 누리과정 문제나 대학 구조개혁 같은 주요 정책들을 기획하고 타 부처하고 조율하는 역할을 하는 그런 자리입니다,none
data/processed/ko_augmented/zeroth_201_from_kss_07758_aug.wav,ko,spoof,vc,rvc_zeroth_201,zeroth_201,rvc_from_kss_speaker,부상을 입은 그 선수는 병원으로 옮겨졌다.,none
data/processed/en_augmented/LA_T_2032733_aug.wav,en,bonafide,real,-,LA_0088,asvspoof2019la,,none
data/processed/en_augmented/LA_T_9749112_aug.wav,en,bonafide,real,-,LA_0084,asvspoof2019la,,none
data/processed/en_augmented/LA_T_8405652_aug.wav,en,bonafide,real,-,LA_0084,asvspoof2019la,,rawboost
data/processed/en_augmented/LA_T_4668575_aug.wav,en,bonafide,real,-,LA_0093,asvspoof2019la,,rawboost+codec
data/processed/ko_augmented/zeroth_204_003_1219_aug.wav,ko,bonafide,real,-,zeroth_204,zeroth_korean,재판부는 배심원단의 의견을 반영해 양형을 정했다며 피고인의 죄질은 나쁘지만 스스로 반성하고 있으며 피해자와 합의한 점 등을 고려했다고 밝혔다,rawboost
data/processed/en_augmented/LA_T_7627889_aug.wav,en,spoof,tts,A01,LA_0091,asvspoof2019la,,rawboost
data/processed/ko_augmented/kss_09757_aug.wav,ko,bonafide,real,-,kss_speaker,kss,이게 요즘 십대들 사이에서 제일 인기가 있는 모델이에요.,rawboost
data/processed/ko_augmented/zeroth_119_003_0202_aug.wav,ko,bonafide,real,-,zeroth_119,zeroth_korean,사진과 실제 급식이 일치하는지를 학교운영위원회가 일일이 확인해야 하는데 현실적으로 불가능하기 때문입니다,none
data/processed/en_augmented/LA_T_6602884_aug.wav,en,bonafide,real,-,LA_0084,asvspoof2019la,,none
data/processed/en_augmented/LA_T_5132955_aug.wav,en,spoof,vc,A06,LA_0088,asvspoof2019la,,none
