path,label,target,split
data/processed/music_raw/fake/fake_04508_udio_1.wav,fake,1,train
data/processed/music_raw/fake/fake_04871_udio_0.wav,fake,1,train
data/processed/music_raw/real/real_02737.wav,real,0,train
data/processed/music_raw/fake/fake_00057_suno_0.wav,fake,1,train
data/processed/music_raw/fake/fake_04410_udio_0.wav,fake,1,train
data/processed/music_raw/fake/fake_00286_udio_1.wav,fake,1,train
data/processed/music_raw/fake/fake_03306_udio_1.wav,fake,1,train
data/processed/music_raw/fake/fake_04418_suno_0.wav,fake,1,train
data/processed/music_raw/real/real_03517.wav,real,0,train
data/processed/music_raw/real/real_14781.wav,real,0,train
data/processed/music_raw/real/real_05496.wav,real,0,train
data/processed/music_raw/real/real_43093.wav,real,0,train
data/processed/music_raw/fake/fake_04860_suno_1.wav,fake,1,train
data/processed/music_raw/fake/fake_00867_suno_1.wav,fake,1,train
data/processed/music_raw/real/real_04393.wav,real,0,train
data/processed/music_raw/real/real_10086.wav,real,0,train
data/processed/music_raw/fake/fake_00211_suno_1.wav,fake,1,train
data/processed/music_raw/real/real_27300.wav,real,0,train
data/processed/music_raw/real/real_25244.wav,real,0,train
data/processed/music_raw/fake/fake_04976_suno_1.wav,fake,1,train
data/processed/music_raw/fake/fake_05201_udio_0.wav,fake,1,train
data/processed/music_raw/fake/fake_05378_udio_1.wav,fake,1,train
data/processed/music_raw/real/real_32337.wav,real,0,train
data/processed/music_raw/fake/fake_00070_suno_1.wav,fake,1,train
data/processed/music_raw/fake/fake_02986_suno_1.wav,fake,1,train
data/processed/music_raw/fake/fake_03124_udio_0.wav,fake,1,train
data/processed/music_raw/real/real_31224.wav,real,0,train
data/processed/music_raw/real/real_31843.wav,real,0,train
data/processed/music_raw/real/real_08910.wav,real,0,train
data/processed/music_raw/real/real_35400.wav,real,0,train
data/processed/music_raw/real/real_28922.wav,real,0,train
data/processed/music_raw/real/real_22280.wav,real,0,train
data/processed/music_raw/fake/fake_05116_suno_0.wav,fake,1,train
data/processed/music_raw/real/real_38619.wav,real,0,train
data/processed/music_raw/fake/fake_00961_udio_0.wav,fake,1,train
data/processed/music_raw/fake/fake_00943_udio_1.wav,fake,1,train
data/processed/music_raw/real/real_07014.wav,real,0,train
data/processed/music_raw/real/real_23742.wav,real,0,train
data/processed/music_raw/real/real_36174.wav,real,0,train
data/processed/music_raw/fake/fake_02787_udio_0.wav,fake,1,train
data/processed/music_raw/fake/fake_01691_suno_1.wav,fake,1,train
data/processed/music_raw/real/real_43530.wav,real,0,train
data/processed/music_raw/real/real_17641.wav,real,0,train
data/processed/music_raw/real/real_14291.wav,real,0,train
data/processed/music_raw/fake/fake_01196_udio_1.wav,fake,1,train
data/processed/music_raw/fake/fake_02842_suno_1.wav,fake,1,train
data/processed/music_raw/fake/fake_04580_suno_1.wav,fake,1,train
data/processed/music_raw/fake/fake_04275_udio_0.wav,fake,1,train
data/processed/music_raw/fake/fake_01376_udio_1.wav,fake,1,train
data/processed/music_raw/real/real_34384.wav,real,0,train
data/processed/music_raw/real/real_35240.wav,real,0,train
data/processed/music_raw/real/real_47721.wav,real,0,train
data/processed/music_raw/real/real_32533.wav,real,0,train
data/processed/music_raw/fake/fake_05443_suno_0.wav,fake,1,train
data/processed/music_raw/fake/fake_01830_udio_0.wav,fake,1,train
data/processed/music_raw/real/real_13082.wav,real,0,train
data/processed/music_raw/fake/fake_00299_udio_0.wav,fake,1,train
data/processed/music_raw/fake/fake_04390_udio_1.wav,fake,1,train
data/processed/music_raw/fake/fake_02385_suno_1.wav,fake,1,train
data/processed/music_raw/real/real_00114.wav,real,0,train
data/processed/music_raw/fake/fake_03340_udio_0.wav,fake,1,train
data/processed/music_raw/fake/fake_00546_suno_0.wav,fake,1,train
data/processed/music_raw/fake/fake_01910_suno_1.wav,fake,1,train
data/processed/music_raw/real/real_34066.wav,real,0,train
data/processed/music_raw/fake/fake_03563_udio_1.wav,fake,1,train
data/processed/music_raw/fake/fake_03215_udio_0.wav,fake,1,train
data/processed/music_raw/real/real_41227.wav,real,0,train
data/processed/music_raw/fake/fake_00663_udio_0.wav,fake,1,train
data/processed/music_raw/real/real_03004.wav,real,0,train
data/processed/music_raw/real/real_10924.wav,real,0,train
data/processed/music_raw/real/real_35839.wav,real,0,train
data/processed/music_raw/fake/fake_00865_udio_1.wav,fake,1,train
data/processed/music_raw/fake/fake_05390_udio_1.wav,fake,1,train
data/processed/music_raw/real/real_35621.wav,real,0,train
data/processed/music_raw/real/real_39425.wav,real,0,train
data/processed/music_raw/real/real_26138.wav,real,0,train
data/processed/music_raw/fake/fake_01695_suno_0.wav,fake,1,train
data/processed/music_raw/fake/fake_00041_udio_0.wav,fake,1,train
data/processed/music_raw/real/real_10870.wav,real,0,train
data/processed/music_raw/fake/fake_02240_udio_0.wav,fake,1,train
data/processed/music_raw/fake/fake_02017_suno_0.wav,fake,1,train
data/processed/music_raw/fake/fake_00466_suno_1.wav,fake,1,train
data/processed/music_raw/real/real_12187.wav,real,0,train
data/processed/music_raw/fake/fake_01913_udio_1.wav,fake,1,train
data/processed/music_raw/fake/fake_01503_suno_0.wav,fake,1,train
data/processed/music_raw/real/real_20232.wav,real,0,train
data/processed/music_raw/real/real_06832.wav,real,0,train
data/processed/music_raw/real/real_43323.wav,real,0,train
data/processed/music_raw/fake/fake_02617_suno_1.wav,fake,1,train
data/processed/music_raw/fake/fake_02117_suno_0.wav,fake,1,train
data/processed/music_raw/fake/fake_02045_suno_1.wav,fake,1,train
data/processed/music_raw/fake/fake_00676_udio_0.wav,fake,1,train
data/processed/music_raw/fake/fake_03750_suno_1.wav,fake,1,train
data/processed/music_raw/real/real_13756.wav,real,0,train
data/processed/music_raw/real/real_46217.wav,real,0,train
data/processed/music_raw/real/real_35122.wav,real,0,train
data/processed/music_raw/real/real_07088.wav,real,0,train
data/processed/music_raw/fake/fake_04399_suno_1.wav,fake,1,train
data/processed/music_raw/fake/fake_04236_udio_0.wav,fake,1,train
data/processed/music_raw/fake/fake_04934_udio_0.wav,fake,1,train
data/processed/music_raw/real/real_10759.wav,real,0,train
data/processed/music_raw/real/real_49867.wav,real,0,train
data/processed/music_raw/fake/fake_02773_udio_1.wav,fake,1,train
data/processed/music_raw/real/real_11976.wav,real,0,train
data/processed/music_raw/real/real_07046.wav,real,0,train
data/processed/music_raw/real/real_37500.wav,real,0,train
data/processed/music_raw/real/real_36757.wav,real,0,train
data/processed/music_raw/fake/fake_04762_udio_0.wav,fake,1,train
data/processed/music_raw/fake/fake_00785_udio_1.wav,fake,1,train
data/processed/music_raw/fake/fake_00873_udio_0.wav,fake,1,train
data/processed/music_raw/real/real_09484.wav,real,0,train
data/processed/music_raw/real/real_19974.wav,real,0,train
data/processed/music_raw/real/real_22524.wav,real,0,train
data/processed/music_raw/fake/fake_01666_udio_1.wav,fake,1,train
data/processed/music_raw/fake/fake_00374_suno_1.wav,fake,1,train
data/processed/music_raw/fake/fake_03323_udio_0.wav,fake,1,train
data/processed/music_raw/fake/fake_02220_suno_0.wav,fake,1,train
data/processed/music_raw/fake/fake_01801_suno_0.wav,fake,1,train
data/processed/music_raw/fake/fake_04814_udio_0.wav,fake,1,train
data/processed/music_raw/fake/fake_03581_udio_0.wav,fake,1,train
data/processed/music_raw/real/real_14312.wav,real,0,train
data/processed/music_raw/real/real_09482.wav,real,0,train
data/processed/music_raw/fake/fake_00861_suno_1.wav,fake,1,train
data/processed/music_raw/real/real_32209.wav,real,0,train
data/processed/music_raw/real/real_12383.wav,real,0,train
data/processed/music_raw/real/real_47335.wav,real,0,train
data/processed/music_raw/real/real_45665.wav,real,0,train
data/processed/music_raw/fake/fake_01658_udio_1.wav,fake,1,train
data/processed/music_raw/real/real_08203.wav,real,0,train
data/processed/music_raw/fake/fake_05049_suno_0.wav,fake,1,train
data/processed/music_raw/fake/fake_03770_suno_1.wav,fake,1,train
data/processed/music_raw/fake/fake_03853_udio_0.wav,fake,1,train
data/processed/music_raw/real/real_19577.wav,real,0,train
data/processed/music_raw/fake/fake_04328_suno_0.wav,fake,1,train
data/processed/music_raw/real/real_20196.wav,real,0,train
data/processed/music_raw/real/real_33807.wav,real,0,train
data/processed/music_raw/fake/fake_04445_suno_1.wav,fake,1,train
data/processed/music_raw/fake/fake_01124_udio_0.wav,fake,1,train
data/processed/music_raw/real/real_31072.wav,real,0,train
data/processed/music_raw/fake/fake_04205_udio_0.wav,fake,1,train
data/processed/music_raw/fake/fake_01740_udio_1.wav,fake,1,train
data/processed/music_raw/real/real_39394.wav,real,0,train
data/processed/music_raw/fake/fake_00629_udio_0.wav,fake,1,train
data/processed/music_raw/fake/fake_00208_udio_1.wav,fake,1,train
data/processed/music_raw/fake/fake_04575_suno_0.wav,fake,1,train
data/processed/music_raw/real/real_15049.wav,real,0,train
data/processed/music_raw/real/real_37875.wav,real,0,train
data/processed/music_raw/fake/fake_03223_udio_1.wav,fake,1,train
data/processed/music_raw/fake/fake_04537_udio_0.wav,fake,1,train
data/processed/music_raw/real/real_32149.wav,real,0,train
data/processed/music_raw/fake/fake_04915_suno_1.wav,fake,1,train
data/processed/music_raw/fake/fake_04656_suno_1.wav,fake,1,train
data/processed/music_raw/real/real_39815.wav,real,0,train
data/processed/music_raw/real/real_19702.wav,real,0,train
data/processed/music_raw/fake/fake_05204_suno_0.wav,fake,1,train
data/processed/music_raw/fake/fake_03795_udio_0.wav,fake,1,train
data/processed/music_raw/real/real_34867.wav,real,0,train
data/processed/music_raw/fake/fake_05104_suno_1.wav,fake,1,train
data/processed/music_raw/real/real_41971.wav,real,0,train
data/processed/music_raw/fake/fake_01940_suno_0.wav,fake,1,train
data/processed/music_raw/real/real_29230.wav,real,0,train
data/processed/music_raw/fake/fake_03019_udio_1.wav,fake,1,train
data/processed/music_raw/real/real_14133.wav,real,0,train
data/processed/music_raw/fake/fake_04588_udio_1.wav,fake,1,train
data/processed/music_raw/fake/fake_05345_suno_1.wav,fake,1,train
data/processed/music_raw/fake/fake_01423_suno_1.wav,fake,1,train
data/processed/music_raw/real/real_27933.wav,real,0,train
data/processed/music_raw/real/real_05588.wav,real,0,train
data/processed/music_raw/fake/fake_02734_udio_0.wav,fake,1,train
data/processed/music_raw/real/real_48882.wav,real,0,train
data/processed/music_raw/real/real_48225.wav,real,0,train
data/processed/music_raw/real/real_32406.wav,real,0,train
data/processed/music_raw/real/real_35081.wav,real,0,train
data/processed/music_raw/fake/fake_04352_udio_1.wav,fake,1,train
data/processed/music_raw/real/real_46110.wav,real,0,train
data/processed/music_raw/real/real_43124.wav,real,0,train
data/processed/music_raw/fake/fake_04255_suno_0.wav,fake,1,train
data/processed/music_raw/real/real_52426.wav,real,0,train
data/processed/music_raw/real/real_10764.wav,real,0,train
data/processed/music_raw/real/real_16598.wav,real,0,train
data/processed/music_raw/fake/fake_04932_suno_0.wav,fake,1,train
data/processed/music_raw/fake/fake_03163_udio_1.wav,fake,1,train
data/processed/music_raw/real/real_01887.wav,real,0,train
data/processed/music_raw/real/real_48550.wav,real,0,train
data/processed/music_raw/real/real_39702.wav,real,0,train
data/processed/music_raw/fake/fake_05131_suno_0.wav,fake,1,train
data/processed/music_raw/fake/fake_04735_udio_0.wav,fake,1,train
data/processed/music_raw/real/real_35894.wav,real,0,train
data/processed/music_raw/real/real_45509.wav,real,0,train
data/processed/music_raw/fake/fake_02703_udio_0.wav,fake,1,train
data/processed/music_raw/real/real_27848.wav,real,0,train
data/processed/music_raw/real/real_20674.wav,real,0,train
data/processed/music_raw/real/real_08653.wav,real,0,train
data/processed/music_raw/real/real_34019.wav,real,0,train
data/processed/music_raw/real/real_32057.wav,real,0,train
data/processed/music_raw/fake/fake_03072_suno_1.wav,fake,1,train
data/processed/music_raw/fake/fake_03507_suno_0.wav,fake,1,train
data/processed/music_raw/fake/fake_04234_udio_0.wav,fake,1,train
data/processed/music_raw/real/real_25322.wav,real,0,train
data/processed/music_raw/real/real_36036.wav,real,0,train
data/processed/music_raw/fake/fake_03736_suno_0.wav,fake,1,train
data/processed/music_raw/real/real_08847.wav,real,0,train
data/processed/music_raw/fake/fake_00976_udio_1.wav,fake,1,train
data/processed/music_raw/real/real_23387.wav,real,0,train
data/processed/music_raw/real/real_28634.wav,real,0,train
data/processed/music_raw/fake/fake_05136_udio_1.wav,fake,1,train
data/processed/music_raw/fake/fake_01442_udio_1.wav,fake,1,train
data/processed/music_raw/real/real_34765.wav,real,0,train
data/processed/music_raw/fake/fake_01014_udio_1.wav,fake,1,train
data/processed/music_raw/real/real_02732.wav,real,0,train
data/processed/music_raw/fake/fake_03403_suno_1.wav,fake,1,train
data/processed/music_raw/fake/fake_00720_udio_0.wav,fake,1,train
data/processed/music_raw/fake/fake_04052_udio_1.wav,fake,1,train
data/processed/music_raw/real/real_02033.wav,real,0,train
data/processed/music_raw/real/real_24560.wav,real,0,train
data/processed/music_raw/fake/fake_05443_suno_1.wav,fake,1,train
data/processed/music_raw/real/real_26113.wav,real,0,train
data/processed/music_raw/real/real_52537.wav,real,0,train
data/processed/music_raw/real/real_40382.wav,real,0,train
data/processed/music_raw/real/real_12164.wav,real,0,train
data/processed/music_raw/fake/fake_02067_suno_0.wav,fake,1,train
data/processed/music_raw/fake/fake_02123_suno_0.wav,fake,1,train
data/processed/music_raw/real/real_28439.wav,real,0,train
data/processed/music_raw/real/real_14316.wav,real,0,train
data/processed/music_raw/real/real_28983.wav,real,0,train
data/processed/music_raw/fake/fake_00334_suno_1.wav,fake,1,train
data/processed/music_raw/fake/fake_04280_udio_0.wav,fake,1,train
data/processed/music_raw/fake/fake_03759_udio_1.wav,fake,1,train
data/processed/music_raw/real/real_02257.wav,real,0,train
data/processed/music_raw/real/real_40051.wav,real,0,train
data/processed/music_raw/fake/fake_00719_suno_0.wav,fake,1,train
data/processed/music_raw/real/real_21456.wav,real,0,train
data/processed/music_raw/real/real_33015.wav,real,0,train
data/processed/music_raw/fake/fake_04738_suno_0.wav,fake,1,train
data/processed/music_raw/fake/fake_04457_suno_1.wav,fake,1,train
data/processed/music_raw/real/real_14942.wav,real,0,train
data/processed/music_raw/real/real_16275.wav,real,0,train
data/processed/music_raw/fake/fake_04581_suno_0.wav,fake,1,train
data/processed/music_raw/real/real_06148.wav,real,0,train
data/processed/music_raw/fake/fake_04480_udio_1.wav,fake,1,train
data/processed/music_raw/fake/fake_04860_suno_0.wav,fake,1,train
data/processed/music_raw/real/real_14092.wav,real,0,train
data/processed/music_raw/real/real_26873.wav,real,0,train
data/processed/music_raw/real/real_51957.wav,real,0,train
data/processed/music_raw/fake/fake_01854_suno_1.wav,fake,1,train
data/processed/music_raw/real/real_48043.wav,real,0,train
data/processed/music_raw/real/real_48302.wav,real,0,train
data/processed/music_raw/fake/fake_04718_udio_0.wav,fake,1,train
data/processed/music_raw/fake/fake_02632_udio_0.wav,fake,1,train
data/processed/music_raw/real/real_29547.wav,real,0,train
data/processed/music_raw/real/real_47685.wav,real,0,train
data/processed/music_raw/fake/fake_03795_udio_1.wav,fake,1,train
data/processed/music_raw/real/real_33853.wav,real,0,train
data/processed/music_raw/fake/fake_03082_suno_0.wav,fake,1,train
data/processed/music_raw/fake/fake_01540_suno_1.wav,fake,1,train
data/processed/music_raw/fake/fake_04364_udio_0.wav,fake,1,train
data/processed/music_raw/fake/fake_02237_udio_0.wav,fake,1,train
data/processed/music_raw/real/real_36727.wav,real,0,train
data/processed/music_raw/fake/fake_00690_udio_0.wav,fake,1,train
data/processed/music_raw/real/real_04011.wav,real,0,train
data/processed/music_raw/real/real_33471.wav,real,0,train
data/processed/music_raw/real/real_28191.wav,real,0,train
data/processed/music_raw/real/real_05798.wav,real,0,train
data/processed/music_raw/fake/fake_01216_suno_0.wav,fake,1,train
data/processed/music_raw/real/real_11521.wav,real,0,train
data/processed/music_raw/real/real_17687.wav,real,0,train
data/processed/music_raw/fake/fake_00268_udio_1.wav,fake,1,train
data/processed/music_raw/real/real_39591.wav,real,0,train
data/processed/music_raw/fake/fake_01975_suno_0.wav,fake,1,train
data/processed/music_raw/real/real_45052.wav,real,0,train
data/processed/music_raw/fake/fake_03698_udio_1.wav,fake,1,train
data/processed/music_raw/fake/fake_04432_suno_0.wav,fake,1,train
data/processed/music_raw/fake/fake_03998_udio_1.wav,fake,1,train
data/processed/music_raw/fake/fake_03197_udio_0.wav,fake,1,train
data/processed/music_raw/fake/fake_04644_udio_1.wav,fake,1,train
data/processed/music_raw/real/real_06842.wav,real,0,train
data/processed/music_raw/real/real_45662.wav,real,0,train
data/processed/music_raw/real/real_00132.wav,real,0,train
data/processed/music_raw/fake/fake_05158_udio_0.wav,fake,1,train
data/processed/music_raw/fake/fake_03278_udio_0.wav,fake,1,train
data/processed/music_raw/real/real_04059.wav,real,0,train
data/processed/music_raw/real/real_37449.wav,real,0,train
data/processed/music_raw/real/real_15800.wav,real,0,train
data/processed/music_raw/fake/fake_03164_suno_1.wav,fake,1,train
data/processed/music_raw/fake/fake_04125_suno_0.wav,fake,1,train
data/processed/music_raw/real/real_17308.wav,real,0,train
data/processed/music_raw/fake/fake_04146_udio_1.wav,fake,1,train
data/processed/music_raw/real/real_42942.wav,real,0,train
data/processed/music_raw/fake/fake_05184_udio_0.wav,fake,1,train
data/processed/music_raw/real/real_10942.wav,real,0,train
data/processed/music_raw/real/real_11233.wav,real,0,train
data/processed/music_raw/fake/fake_00425_suno_1.wav,fake,1,train
data/processed/music_raw/fake/fake_01562_udio_0.wav,fake,1,train
data/processed/music_raw/fake/fake_04395_suno_0.wav,fake,1,train
data/processed/music_raw/fake/fake_01338_suno_1.wav,fake,1,train
data/processed/music_raw/fake/fake_05017_udio_0.wav,fake,1,train
data/processed/music_raw/fake/fake_02972_udio_0.wav,fake,1,train
data/processed/music_raw/real/real_21420.wav,real,0,train
data/processed/music_raw/fake/fake_00728_suno_1.wav,fake,1,train
data/processed/music_raw/fake/fake_04554_suno_1.wav,fake,1,train
data/processed/music_raw/real/real_17805.wav,real,0,train
data/processed/music_raw/real/real_30541.wav,real,0,train
data/processed/music_raw/real/real_20243.wav,real,0,train
data/processed/music_raw/fake/fake_04605_suno_0.wav,fake,1,train
data/processed/music_raw/real/real_11886.wav,real,0,train
data/processed/music_raw/fake/fake_01350_udio_1.wav,fake,1,train
data/processed/music_raw/real/real_38947.wav,real,0,train
data/processed/music_raw/real/real_16715.wav,real,0,train
data/processed/music_raw/fake/fake_03264_suno_1.wav,fake,1,train
data/processed/music_raw/fake/fake_04929_suno_1.wav,fake,1,train
data/processed/music_raw/fake/fake_04737_udio_0.wav,fake,1,train
data/processed/music_raw/fake/fake_01835_udio_1.wav,fake,1,train
data/processed/music_raw/real/real_13101.wav,real,0,train
data/processed/music_raw/fake/fake_04774_suno_1.wav,fake,1,train
data/processed/music_raw/fake/fake_02322_udio_1.wav,fake,1,train
data/processed/music_raw/real/real_41620.wav,real,0,train
data/processed/music_raw/fake/fake_04216_udio_0.wav,fake,1,train
data/processed/music_raw/real/real_07487.wav,real,0,train
data/processed/music_raw/fake/fake_00303_udio_1.wav,fake,1,train
data/processed/music_raw/real/real_32026.wav,real,0,train
data/processed/music_raw/fake/fake_03905_udio_1.wav,fake,1,train
data/processed/music_raw/real/real_50722.wav,real,0,train
data/processed/music_raw/real/real_28275.wav,real,0,train
data/processed/music_raw/fake/fake_01171_udio_1.wav,fake,1,train
data/processed/music_raw/fake/fake_01562_udio_1.wav,fake,1,train
data/processed/music_raw/real/real_43475.wav,real,0,train
data/processed/music_raw/fake/fake_03368_suno_0.wav,fake,1,train
data/processed/music_raw/fake/fake_02017_suno_1.wav,fake,1,train
data/processed/music_raw/fake/fake_00564_udio_1.wav,fake,1,train
data/processed/music_raw/real/real_36331.wav,real,0,train
data/processed/music_raw/fake/fake_01662_udio_1.wav,fake,1,train
data/processed/music_raw/real/real_24239.wav,real,0,train
data/processed/music_raw/real/real_27632.wav,real,0,train
data/processed/music_raw/real/real_00312.wav,real,0,train
data/processed/music_raw/real/real_46296.wav,real,0,train
data/processed/music_raw/real/real_16793.wav,real,0,train
data/processed/music_raw/real/real_43187.wav,real,0,train
data/processed/music_raw/fake/fake_01826_suno_0.wav,fake,1,train
data/processed/music_raw/fake/fake_05329_udio_1.wav,fake,1,train
data/processed/music_raw/real/real_48920.wav,real,0,train
data/processed/music_raw/fake/fake_00082_suno_0.wav,fake,1,train
data/processed/music_raw/real/real_15986.wav,real,0,train
data/processed/music_raw/real/real_42501.wav,real,0,train
data/processed/music_raw/fake/fake_00330_udio_0.wav,fake,1,train
data/processed/music_raw/fake/fake_01666_udio_0.wav,fake,1,train
data/processed/music_raw/fake/fake_04944_suno_0.wav,fake,1,train
data/processed/music_raw/real/real_39419.wav,real,0,train
data/processed/music_raw/real/real_06909.wav,real,0,train
data/processed/music_raw/real/real_10889.wav,real,0,train
data/processed/music_raw/real/real_26665.wav,real,0,train
data/processed/music_raw/fake/fake_04033_udio_1.wav,fake,1,train
data/processed/music_raw/real/real_35435.wav,real,0,train
data/processed/music_raw/fake/fake_00774_udio_1.wav,fake,1,train
data/processed/music_raw/real/real_37363.wav,real,0,train
data/processed/music_raw/fake/fake_02184_suno_0.wav,fake,1,train
data/processed/music_raw/real/real_47311.wav,real,0,train
data/processed/music_raw/fake/fake_02175_udio_0.wav,fake,1,train
data/processed/music_raw/real/real_46229.wav,real,0,train
data/processed/music_raw/real/real_13044.wav,real,0,train
data/processed/music_raw/real/real_03591.wav,real,0,train
data/processed/music_raw/fake/fake_04291_udio_0.wav,fake,1,train
data/processed/music_raw/real/real_32067.wav,real,0,train
data/processed/music_raw/real/real_50960.wav,real,0,train
data/processed/music_raw/fake/fake_01929_udio_1.wav,fake,1,train
data/processed/music_raw/fake/fake_00666_suno_0.wav,fake,1,train
data/processed/music_raw/fake/fake_04711_udio_0.wav,fake,1,train
data/processed/music_raw/real/real_19463.wav,real,0,train
data/processed/music_raw/fake/fake_04158_suno_1.wav,fake,1,train
data/processed/music_raw/real/real_49527.wav,real,0,train
data/processed/music_raw/fake/fake_03404_udio_1.wav,fake,1,train
data/processed/music_raw/real/real_09851.wav,real,0,train
data/processed/music_raw/fake/fake_03226_suno_0.wav,fake,1,train
data/processed/music_raw/real/real_23617.wav,real,0,train
data/processed/music_raw/real/real_11330.wav,real,0,train
data/processed/music_raw/real/real_03870.wav,real,0,train
data/processed/music_raw/real/real_29001.wav,real,0,train
data/processed/music_raw/fake/fake_03831_udio_1.wav,fake,1,train
data/processed/music_raw/fake/fake_03386_suno_1.wav,fake,1,train
data/processed/music_raw/fake/fake_00605_udio_0.wav,fake,1,train
data/processed/music_raw/real/real_22059.wav,real,0,train
data/processed/music_raw/fake/fake_03439_udio_0.wav,fake,1,train
data/processed/music_raw/fake/fake_01231_udio_1.wav,fake,1,train
data/processed/music_raw/real/real_05959.wav,real,0,train
data/processed/music_raw/fake/fake_00042_udio_0.wav,fake,1,train
data/processed/music_raw/real/real_40745.wav,real,0,train
data/processed/music_raw/fake/fake_01189_suno_0.wav,fake,1,train
data/processed/music_raw/real/real_09206.wav,real,0,train
data/processed/music_raw/fake/fake_00507_udio_0.wav,fake,1,train
data/processed/music_raw/fake/fake_01867_udio_1.wav,fake,1,train
data/processed/music_raw/fake/fake_04873_udio_1.wav,fake,1,train
data/processed/music_raw/real/real_52441.wav,real,0,train
data/processed/music_raw/fake/fake_04909_udio_1.wav,fake,1,train
data/processed/music_raw/real/real_52608.wav,real,0,train
data/processed/music_raw/real/real_16298.wav,real,0,train
data/processed/music_raw/real/real_00933.wav,real,0,train
data/processed/music_raw/real/real_52995.wav,real,0,train
data/processed/music_raw/fake/fake_00776_suno_1.wav,fake,1,train
data/processed/music_raw/real/real_23363.wav,real,0,train
data/processed/music_raw/fake/fake_04127_udio_1.wav,fake,1,train
data/processed/music_raw/real/real_09121.wav,real,0,train
data/processed/music_raw/real/real_30480.wav,real,0,train
data/processed/music_raw/fake/fake_04778_suno_1.wav,fake,1,train
data/processed/music_raw/fake/fake_01742_suno_0.wav,fake,1,train
data/processed/music_raw/real/real_17576.wav,real,0,train
data/processed/music_raw/real/real_25157.wav,real,0,train
data/processed/music_raw/fake/fake_04101_udio_0.wav,fake,1,train
data/processed/music_raw/fake/fake_04813_udio_1.wav,fake,1,train
data/processed/music_raw/fake/fake_00876_suno_1.wav,fake,1,train
data/processed/music_raw/fake/fake_01182_suno_0.wav,fake,1,train
data/processed/music_raw/real/real_15375.wav,real,0,train
data/processed/music_raw/fake/fake_04017_suno_0.wav,fake,1,train
data/processed/music_raw/fake/fake_04981_udio_1.wav,fake,1,train
data/processed/music_raw/real/real_03317.wav,real,0,train
data/processed/music_raw/fake/fake_04964_suno_0.wav,fake,1,train
data/processed/music_raw/real/real_20154.wav,real,0,train
data/processed/music_raw/real/real_27596.wav,real,0,train
data/processed/music_raw/real/real_12602.wav,real,0,train
data/processed/music_raw/real/real_40562.wav,real,0,train
data/processed/music_raw/real/real_15411.wav,real,0,train
data/processed/music_raw/real/real_10934.wav,real,0,train
data/processed/music_raw/real/real_39067.wav,real,0,train
data/processed/music_raw/real/real_34786.wav,real,0,train
data/processed/music_raw/real/real_20991.wav,real,0,train
data/processed/music_raw/fake/fake_02861_suno_1.wav,fake,1,train
data/processed/music_raw/real/real_37022.wav,real,0,train
data/processed/music_raw/real/real_40496.wav,real,0,train
data/processed/music_raw/fake/fake_04739_udio_0.wav,fake,1,train
data/processed/music_raw/real/real_45633.wav,real,0,train
data/processed/music_raw/real/real_42308.wav,real,0,train
data/processed/music_raw/real/real_32581.wav,real,0,train
data/processed/music_raw/real/real_15224.wav,real,0,train
data/processed/music_raw/real/real_31907.wav,real,0,train
data/processed/music_raw/real/real_49876.wav,real,0,train
data/processed/music_raw/real/real_39885.wav,real,0,train
data/processed/music_raw/fake/fake_00031_suno_0.wav,fake,1,train
data/processed/music_raw/fake/fake_01005_suno_1.wav,fake,1,train
data/processed/music_raw/real/real_04918.wav,real,0,train
data/processed/music_raw/real/real_52488.wav,real,0,train
data/processed/music_raw/fake/fake_02432_suno_1.wav,fake,1,train
data/processed/music_raw/real/real_39118.wav,real,0,train
data/processed/music_raw/fake/fake_00186_udio_0.wav,fake,1,train
data/processed/music_raw/fake/fake_03286_udio_0.wav,fake,1,train
data/processed/music_raw/real/real_31345.wav,real,0,train
data/processed/music_raw/real/real_22138.wav,real,0,train
data/processed/music_raw/fake/fake_01480_udio_0.wav,fake,1,train
data/processed/music_raw/real/real_51279.wav,real,0,train
data/processed/music_raw/fake/fake_02417_suno_1.wav,fake,1,train
data/processed/music_raw/real/real_33093.wav,real,0,train
data/processed/music_raw/fake/fake_00856_suno_1.wav,fake,1,train
data/processed/music_raw/fake/fake_05056_suno_1.wav,fake,1,train
data/processed/music_raw/real/real_32840.wav,real,0,train
data/processed/music_raw/real/real_33051.wav,real,0,train
data/processed/music_raw/real/real_26406.wav,real,0,train
data/processed/music_raw/fake/fake_00828_udio_0.wav,fake,1,train
data/processed/music_raw/fake/fake_03038_suno_1.wav,fake,1,train
data/processed/music_raw/real/real_39081.wav,real,0,train
data/processed/music_raw/fake/fake_04613_suno_1.wav,fake,1,train
data/processed/music_raw/fake/fake_01639_suno_0.wav,fake,1,train
data/processed/music_raw/fake/fake_00862_suno_1.wav,fake,1,train
data/processed/music_raw/real/real_10294.wav,real,0,train
data/processed/music_raw/fake/fake_01005_suno_0.wav,fake,1,train
data/processed/music_raw/real/real_09107.wav,real,0,train
data/processed/music_raw/real/real_50732.wav,real,0,train
data/processed/music_raw/fake/fake_01408_udio_1.wav,fake,1,train
data/processed/music_raw/fake/fake_02003_udio_1.wav,fake,1,train
data/processed/music_raw/real/real_38000.wav,real,0,train
data/processed/music_raw/fake/fake_02661_udio_1.wav,fake,1,train
data/processed/music_raw/fake/fake_01503_suno_1.wav,fake,1,train
data/processed/music_raw/fake/fake_03301_udio_0.wav,fake,1,train
data/processed/music_raw/real/real_18507.wav,real,0,train
data/processed/music_raw/real/real_32200.wav,real,0,train
data/processed/music_raw/real/real_05140.wav,real,0,train
data/processed/music_raw/real/real_07278.wav,real,0,train
data/processed/music_raw/fake/fake_00318_suno_0.wav,fake,1,train
data/processed/music_raw/real/real_42825.wav,real,0,train
data/processed/music_raw/fake/fake_01703_udio_1.wav,fake,1,train
data/processed/music_raw/fake/fake_04125_suno_1.wav,fake,1,train
data/processed/music_raw/real/real_34654.wav,real,0,train
data/processed/music_raw/fake/fake_00411_suno_0.wav,fake,1,train
data/processed/music_raw/fake/fake_02809_udio_1.wav,fake,1,train
data/processed/music_raw/real/real_30083.wav,real,0,train
data/processed/music_raw/real/real_48892.wav,real,0,train
data/processed/music_raw/real/real_02529.wav,real,0,train
data/processed/music_raw/fake/fake_01649_suno_1.wav,fake,1,train
data/processed/music_raw/fake/fake_03112_suno_0.wav,fake,1,train
data/processed/music_raw/fake/fake_03189_suno_1.wav,fake,1,train
data/processed/music_raw/fake/fake_02959_suno_0.wav,fake,1,train
data/processed/music_raw/real/real_16089.wav,real,0,train
data/processed/music_raw/fake/fake_02191_udio_1.wav,fake,1,train
data/processed/music_raw/fake/fake_02582_udio_1.wav,fake,1,train
data/processed/music_raw/fake/fake_04582_udio_1.wav,fake,1,train
data/processed/music_raw/real/real_42643.wav,real,0,train
data/processed/music_raw/real/real_32769.wav,real,0,train
data/processed/music_raw/real/real_17559.wav,real,0,train
data/processed/music_raw/fake/fake_00166_udio_1.wav,fake,1,train
data/processed/music_raw/fake/fake_02991_suno_1.wav,fake,1,train
data/processed/music_raw/real/real_33902.wav,real,0,train
data/processed/music_raw/fake/fake_03317_udio_1.wav,fake,1,train
data/processed/music_raw/real/real_16056.wav,real,0,train
data/processed/music_raw/real/real_38871.wav,real,0,train
data/processed/music_raw/fake/fake_01783_suno_1.wav,fake,1,train
data/processed/music_raw/real/real_48108.wav,real,0,train
data/processed/music_raw/real/real_49738.wav,real,0,train
data/processed/music_raw/real/real_16844.wav,real,0,train
data/processed/music_raw/real/real_46207.wav,real,0,train
data/processed/music_raw/fake/fake_05385_udio_0.wav,fake,1,train
data/processed/music_raw/real/real_15008.wav,real,0,train
data/processed/music_raw/real/real_31740.wav,real,0,train
data/processed/music_raw/real/real_13241.wav,real,0,train
data/processed/music_raw/fake/fake_03127_udio_0.wav,fake,1,train
data/processed/music_raw/real/real_28053.wav,real,0,train
data/processed/music_raw/real/real_51919.wav,real,0,train
data/processed/music_raw/real/real_23806.wav,real,0,train
data/processed/music_raw/real/real_00726.wav,real,0,train
data/processed/music_raw/real/real_05567.wav,real,0,train
data/processed/music_raw/real/real_05730.wav,real,0,train
data/processed/music_raw/fake/fake_04782_suno_1.wav,fake,1,train
data/processed/music_raw/real/real_45483.wav,real,0,train
data/processed/music_raw/fake/fake_04294_udio_1.wav,fake,1,train
data/processed/music_raw/real/real_18440.wav,real,0,train
data/processed/music_raw/fake/fake_00273_udio_0.wav,fake,1,train
data/processed/music_raw/real/real_16226.wav,real,0,train
data/processed/music_raw/fake/fake_00316_udio_0.wav,fake,1,train
data/processed/music_raw/real/real_47184.wav,real,0,train
data/processed/music_raw/fake/fake_01337_suno_0.wav,fake,1,train
data/processed/music_raw/real/real_05913.wav,real,0,train
data/processed/music_raw/real/real_22567.wav,real,0,train
data/processed/music_raw/fake/fake_04480_udio_0.wav,fake,1,train
data/processed/music_raw/real/real_06116.wav,real,0,train
data/processed/music_raw/real/real_11399.wav,real,0,train
data/processed/music_raw/fake/fake_01907_udio_1.wav,fake,1,train
data/processed/music_raw/real/real_46354.wav,real,0,train
data/processed/music_raw/fake/fake_01631_udio_0.wav,fake,1,train
data/processed/music_raw/real/real_03341.wav,real,0,train
data/processed/music_raw/real/real_42075.wav,real,0,train
data/processed/music_raw/real/real_31417.wav,real,0,train
data/processed/music_raw/real/real_19858.wav,real,0,train
data/processed/music_raw/fake/fake_02079_udio_0.wav,fake,1,train
data/processed/music_raw/fake/fake_05316_suno_0.wav,fake,1,train
data/processed/music_raw/fake/fake_00100_suno_0.wav,fake,1,train
data/processed/music_raw/real/real_32931.wav,real,0,train
data/processed/music_raw/real/real_34481.wav,real,0,train
data/processed/music_raw/fake/fake_00036_suno_0.wav,fake,1,train
data/processed/music_raw/fake/fake_04128_udio_0.wav,fake,1,train
data/processed/music_raw/fake/fake_02253_udio_0.wav,fake,1,train
data/processed/music_raw/fake/fake_03082_suno_1.wav,fake,1,train
data/processed/music_raw/fake/fake_00900_udio_0.wav,fake,1,train
data/processed/music_raw/real/real_39086.wav,real,0,train
data/processed/music_raw/fake/fake_03114_suno_1.wav,fake,1,train
data/processed/music_raw/real/real_04413.wav,real,0,train
data/processed/music_raw/real/real_07074.wav,real,0,train
data/processed/music_raw/real/real_48150.wav,real,0,train
data/processed/music_raw/real/real_29814.wav,real,0,train
data/processed/music_raw/real/real_49133.wav,real,0,train
data/processed/music_raw/fake/fake_04302_udio_0.wav,fake,1,train
data/processed/music_raw/fake/fake_01639_suno_1.wav,fake,1,train
data/processed/music_raw/fake/fake_04513_suno_0.wav,fake,1,train
data/processed/music_raw/fake/fake_00048_udio_1.wav,fake,1,train
data/processed/music_raw/real/real_48751.wav,real,0,train
data/processed/music_raw/fake/fake_04811_suno_0.wav,fake,1,train
data/processed/music_raw/fake/fake_01004_udio_0.wav,fake,1,train
data/processed/music_raw/real/real_23372.wav,real,0,train
data/processed/music_raw/real/real_32723.wav,real,0,train
data/processed/music_raw/fake/fake_04958_udio_0.wav,fake,1,train
data/processed/music_raw/fake/fake_04086_udio_0.wav,fake,1,train
data/processed/music_raw/real/real_37157.wav,real,0,train
data/processed/music_raw/real/real_00517.wav,real,0,train
data/processed/music_raw/real/real_25491.wav,real,0,train
data/processed/music_raw/real/real_41655.wav,real,0,train
data/processed/music_raw/fake/fake_01975_suno_1.wav,fake,1,train
data/processed/music_raw/real/real_22490.wav,real,0,train
data/processed/music_raw/real/real_31709.wav,real,0,train
data/processed/music_raw/real/real_34127.wav,real,0,train
data/processed/music_raw/fake/fake_03979_suno_0.wav,fake,1,train
data/processed/music_raw/fake/fake_00721_udio_0.wav,fake,1,train
data/processed/music_raw/fake/fake_04338_suno_0.wav,fake,1,train
data/processed/music_raw/fake/fake_00910_udio_0.wav,fake,1,train
data/processed/music_raw/fake/fake_00413_udio_1.wav,fake,1,train
data/processed/music_raw/fake/fake_04637_udio_0.wav,fake,1,train
data/processed/music_raw/real/real_18821.wav,real,0,train
data/processed/music_raw/real/real_45189.wav,real,0,train
data/processed/music_raw/fake/fake_00317_udio_1.wav,fake,1,train
data/processed/music_raw/fake/fake_00018_suno_1.wav,fake,1,train
data/processed/music_raw/real/real_03296.wav,real,0,train
data/processed/music_raw/fake/fake_05308_udio_0.wav,fake,1,train
data/processed/music_raw/fake/fake_02528_suno_1.wav,fake,1,train
data/processed/music_raw/fake/fake_04776_suno_0.wav,fake,1,train
data/processed/music_raw/real/real_10633.wav,real,0,train
data/processed/music_raw/fake/fake_03139_suno_0.wav,fake,1,train
data/processed/music_raw/fake/fake_00704_suno_1.wav,fake,1,train
data/processed/music_raw/real/real_48548.wav,real,0,train
data/processed/music_raw/fake/fake_01094_udio_1.wav,fake,1,train
data/processed/music_raw/real/real_22861.wav,real,0,train
data/processed/music_raw/fake/fake_03302_udio_0.wav,fake,1,train
data/processed/music_raw/fake/fake_05215_suno_0.wav,fake,1,train
data/processed/music_raw/real/real_12930.wav,real,0,train
data/processed/music_raw/fake/fake_04876_suno_0.wav,fake,1,train
data/processed/music_raw/real/real_08254.wav,real,0,train
data/processed/music_raw/fake/fake_04119_udio_0.wav,fake,1,train
data/processed/music_raw/real/real_03388.wav,real,0,train
data/processed/music_raw/fake/fake_04919_udio_0.wav,fake,1,train
data/processed/music_raw/fake/fake_04857_suno_1.wav,fake,1,train
data/processed/music_raw/fake/fake_01391_suno_1.wav,fake,1,train
data/processed/music_raw/fake/fake_02864_suno_0.wav,fake,1,train
data/processed/music_raw/fake/fake_05210_udio_1.wav,fake,1,train
data/processed/music_raw/real/real_09183.wav,real,0,train
data/processed/music_raw/fake/fake_05230_udio_0.wav,fake,1,train
data/processed/music_raw/fake/fake_00666_suno_1.wav,fake,1,train
data/processed/music_raw/real/real_29171.wav,real,0,train
data/processed/music_raw/fake/fake_04997_suno_1.wav,fake,1,train
data/processed/music_raw/real/real_36054.wav,real,0,train
data/processed/music_raw/fake/fake_02669_udio_0.wav,fake,1,train
data/processed/music_raw/fake/fake_03285_suno_0.wav,fake,1,train
data/processed/music_raw/fake/fake_01316_suno_0.wav,fake,1,train
data/processed/music_raw/fake/fake_03483_suno_1.wav,fake,1,train
data/processed/music_raw/fake/fake_02787_udio_1.wav,fake,1,train
data/processed/music_raw/fake/fake_03851_suno_1.wav,fake,1,train
data/processed/music_raw/fake/fake_03087_suno_0.wav,fake,1,train
data/processed/music_raw/real/real_15740.wav,real,0,train
data/processed/music_raw/real/real_12584.wav,real,0,train
data/processed/music_raw/real/real_14236.wav,real,0,train
data/processed/music_raw/real/real_30483.wav,real,0,train
data/processed/music_raw/fake/fake_01590_udio_1.wav,fake,1,train
data/processed/music_raw/fake/fake_04221_suno_0.wav,fake,1,train
data/processed/music_raw/fake/fake_02101_udio_0.wav,fake,1,train
data/processed/music_raw/real/real_04384.wav,real,0,train
data/processed/music_raw/real/real_15779.wav,real,0,train
data/processed/music_raw/fake/fake_01276_suno_1.wav,fake,1,train
data/processed/music_raw/fake/fake_02008_udio_1.wav,fake,1,train
data/processed/music_raw/real/real_08286.wav,real,0,train
data/processed/music_raw/real/real_09839.wav,real,0,train
data/processed/music_raw/fake/fake_02675_udio_1.wav,fake,1,train
data/processed/music_raw/real/real_20426.wav,real,0,train
data/processed/music_raw/real/real_37038.wav,real,0,train
data/processed/music_raw/fake/fake_03739_suno_1.wav,fake,1,train
data/processed/music_raw/fake/fake_03779_udio_0.wav,fake,1,train
data/processed/music_raw/fake/fake_01353_suno_0.wav,fake,1,train
data/processed/music_raw/real/real_15471.wav,real,0,train
data/processed/music_raw/real/real_44597.wav,real,0,train
data/processed/music_raw/fake/fake_03830_suno_1.wav,fake,1,train
data/processed/music_raw/fake/fake_00281_udio_0.wav,fake,1,train
data/processed/music_raw/real/real_35132.wav,real,0,train
data/processed/music_raw/fake/fake_03635_suno_0.wav,fake,1,train
data/processed/music_raw/fake/fake_00102_suno_0.wav,fake,1,train
data/processed/music_raw/fake/fake_05001_udio_0.wav,fake,1,train
data/processed/music_raw/fake/fake_02317_suno_0.wav,fake,1,train
data/processed/music_raw/fake/fake_03936_udio_1.wav,fake,1,train
data/processed/music_raw/real/real_19949.wav,real,0,train
data/processed/music_raw/fake/fake_04749_suno_1.wav,fake,1,train
data/processed/music_raw/real/real_01673.wav,real,0,train
data/processed/music_raw/fake/fake_02325_suno_0.wav,fake,1,train
data/processed/music_raw/fake/fake_01546_udio_0.wav,fake,1,train
data/processed/music_raw/real/real_07337.wav,real,0,train
data/processed/music_raw/real/real_44276.wav,real,0,train
data/processed/music_raw/real/real_45250.wav,real,0,train
data/processed/music_raw/fake/fake_05424_suno_1.wav,fake,1,train
data/processed/music_raw/fake/fake_00806_udio_0.wav,fake,1,train
data/processed/music_raw/fake/fake_03007_udio_0.wav,fake,1,train
data/processed/music_raw/real/real_06298.wav,real,0,train
data/processed/music_raw/real/real_26379.wav,real,0,train
data/processed/music_raw/fake/fake_01029_suno_0.wav,fake,1,train
data/processed/music_raw/real/real_11226.wav,real,0,train
data/processed/music_raw/fake/fake_05280_udio_1.wav,fake,1,train
data/processed/music_raw/fake/fake_02188_suno_1.wav,fake,1,train
data/processed/music_raw/real/real_42265.wav,real,0,train
data/processed/music_raw/fake/fake_02672_suno_1.wav,fake,1,train
data/processed/music_raw/fake/fake_00251_udio_0.wav,fake,1,train
data/processed/music_raw/real/real_26328.wav,real,0,train
data/processed/music_raw/real/real_04539.wav,real,0,train
data/processed/music_raw/fake/fake_01729_suno_1.wav,fake,1,train
data/processed/music_raw/fake/fake_01296_udio_1.wav,fake,1,train
data/processed/music_raw/fake/fake_00049_suno_1.wav,fake,1,train
data/processed/music_raw/fake/fake_03927_suno_0.wav,fake,1,train
data/processed/music_raw/real/real_19588.wav,real,0,train
data/processed/music_raw/real/real_14411.wav,real,0,train
data/processed/music_raw/real/real_15494.wav,real,0,train
data/processed/music_raw/real/real_06642.wav,real,0,train
data/processed/music_raw/real/real_36855.wav,real,0,train
data/processed/music_raw/fake/fake_02875_udio_0.wav,fake,1,train
data/processed/music_raw/real/real_41261.wav,real,0,train
data/processed/music_raw/real/real_01946.wav,real,0,train
data/processed/music_raw/fake/fake_04092_udio_0.wav,fake,1,train
data/processed/music_raw/fake/fake_05193_suno_0.wav,fake,1,train
data/processed/music_raw/real/real_19304.wav,real,0,train
data/processed/music_raw/real/real_29268.wav,real,0,train
data/processed/music_raw/fake/fake_00344_suno_1.wav,fake,1,train
data/processed/music_raw/fake/fake_01889_suno_0.wav,fake,1,train
data/processed/music_raw/fake/fake_04427_suno_0.wav,fake,1,train
data/processed/music_raw/fake/fake_04052_udio_0.wav,fake,1,train
data/processed/music_raw/fake/fake_00789_suno_0.wav,fake,1,train
data/processed/music_raw/fake/fake_05104_suno_0.wav,fake,1,train
data/processed/music_raw/real/real_50608.wav,real,0,train
data/processed/music_raw/fake/fake_00115_udio_0.wav,fake,1,train
data/processed/music_raw/real/real_16137.wav,real,0,train
data/processed/music_raw/real/real_00313.wav,real,0,train
data/processed/music_raw/real/real_36531.wav,real,0,train
data/processed/music_raw/real/real_42196.wav,real,0,train
data/processed/music_raw/fake/fake_00775_udio_1.wav,fake,1,train
data/processed/music_raw/fake/fake_03982_udio_1.wav,fake,1,train
data/processed/music_raw/real/real_11598.wav,real,0,train
data/processed/music_raw/real/real_40064.wav,real,0,train
data/processed/music_raw/real/real_48629.wav,real,0,train
data/processed/music_raw/fake/fake_01508_udio_0.wav,fake,1,train
data/processed/music_raw/real/real_09247.wav,real,0,train
data/processed/music_raw/fake/fake_02217_suno_0.wav,fake,1,train
data/processed/music_raw/fake/fake_05371_udio_0.wav,fake,1,train
data/processed/music_raw/real/real_00320.wav,real,0,train
data/processed/music_raw/fake/fake_00523_udio_0.wav,fake,1,train
data/processed/music_raw/fake/fake_03157_suno_0.wav,fake,1,train
data/processed/music_raw/real/real_14448.wav,real,0,train
data/processed/music_raw/real/real_34416.wav,real,0,train
data/processed/music_raw/fake/fake_03425_udio_1.wav,fake,1,train
data/processed/music_raw/fake/fake_00642_udio_0.wav,fake,1,train
data/processed/music_raw/real/real_33355.wav,real,0,train
data/processed/music_raw/fake/fake_01203_suno_0.wav,fake,1,train
data/processed/music_raw/fake/fake_03301_udio_1.wav,fake,1,train
data/processed/music_raw/fake/fake_05187_suno_1.wav,fake,1,train
data/processed/music_raw/real/real_04985.wav,real,0,train
data/processed/music_raw/fake/fake_01691_suno_0.wav,fake,1,train
data/processed/music_raw/fake/fake_05055_udio_1.wav,fake,1,train
data/processed/music_raw/fake/fake_00167_suno_1.wav,fake,1,train
data/processed/music_raw/real/real_42216.wav,real,0,train
data/processed/music_raw/real/real_21476.wav,real,0,train
data/processed/music_raw/real/real_36167.wav,real,0,train
data/processed/music_raw/fake/fake_00437_suno_0.wav,fake,1,train
data/processed/music_raw/real/real_49305.wav,real,0,train
data/processed/music_raw/fake/fake_01515_udio_0.wav,fake,1,train
data/processed/music_raw/fake/fake_05141_suno_0.wav,fake,1,train
data/processed/music_raw/fake/fake_05074_udio_0.wav,fake,1,train
data/processed/music_raw/real/real_24020.wav,real,0,train
data/processed/music_raw/real/real_45576.wav,real,0,train
data/processed/music_raw/real/real_07535.wav,real,0,train
data/processed/music_raw/real/real_46409.wav,real,0,train
data/processed/music_raw/fake/fake_05204_suno_1.wav,fake,1,train
data/processed/music_raw/real/real_22118.wav,real,0,train
data/processed/music_raw/fake/fake_03670_udio_0.wav,fake,1,train
data/processed/music_raw/real/real_23505.wav,real,0,train
data/processed/music_raw/fake/fake_00251_udio_1.wav,fake,1,train
data/processed/music_raw/fake/fake_00814_suno_0.wav,fake,1,train
data/processed/music_raw/real/real_25134.wav,real,0,train
data/processed/music_raw/real/real_27270.wav,real,0,train
data/processed/music_raw/fake/fake_03653_udio_1.wav,fake,1,train
data/processed/music_raw/fake/fake_03487_suno_0.wav,fake,1,train
data/processed/music_raw/real/real_25610.wav,real,0,train
data/processed/music_raw/real/real_08460.wav,real,0,train
data/processed/music_raw/fake/fake_00520_suno_1.wav,fake,1,train
data/processed/music_raw/fake/fake_00566_suno_0.wav,fake,1,train
data/processed/music_raw/fake/fake_03764_suno_0.wav,fake,1,train
data/processed/music_raw/real/real_16833.wav,real,0,train
data/processed/music_raw/fake/fake_00660_suno_1.wav,fake,1,train
data/processed/music_raw/fake/fake_05233_udio_0.wav,fake,1,train
data/processed/music_raw/real/real_38554.wav,real,0,train
data/processed/music_raw/real/real_00304.wav,real,0,train
data/processed/music_raw/fake/fake_02624_udio_0.wav,fake,1,train
data/processed/music_raw/fake/fake_04575_suno_1.wav,fake,1,train
data/processed/music_raw/fake/fake_05232_udio_1.wav,fake,1,train
data/processed/music_raw/real/real_05133.wav,real,0,train
data/processed/music_raw/real/real_02575.wav,real,0,train
data/processed/music_raw/real/real_32611.wav,real,0,train
data/processed/music_raw/fake/fake_05241_suno_0.wav,fake,1,train
data/processed/music_raw/fake/fake_02814_udio_0.wav,fake,1,train
data/processed/music_raw/fake/fake_01027_udio_1.wav,fake,1,train
data/processed/music_raw/real/real_16128.wav,real,0,train
data/processed/music_raw/real/real_01642.wav,real,0,train
data/processed/music_raw/fake/fake_01242_udio_1.wav,fake,1,train
data/processed/music_raw/fake/fake_03517_suno_1.wav,fake,1,train
data/processed/music_raw/real/real_02333.wav,real,0,train
data/processed/music_raw/real/real_03404.wav,real,0,train
data/processed/music_raw/real/real_32819.wav,real,0,train
data/processed/music_raw/real/real_30599.wav,real,0,train
data/processed/music_raw/real/real_35239.wav,real,0,train
data/processed/music_raw/fake/fake_04068_suno_1.wav,fake,1,train
data/processed/music_raw/fake/fake_05273_udio_1.wav,fake,1,train
data/processed/music_raw/fake/fake_03630_suno_1.wav,fake,1,train
data/processed/music_raw/fake/fake_02970_suno_1.wav,fake,1,train
data/processed/music_raw/real/real_01142.wav,real,0,train
data/processed/music_raw/real/real_09955.wav,real,0,train
data/processed/music_raw/real/real_47757.wav,real,0,train
data/processed/music_raw/real/real_32116.wav,real,0,train
data/processed/music_raw/real/real_35121.wav,real,0,train
data/processed/music_raw/real/real_19435.wav,real,0,train
data/processed/music_raw/real/real_41760.wav,real,0,train
data/processed/music_raw/real/real_02822.wav,real,0,train
data/processed/music_raw/fake/fake_03423_suno_1.wav,fake,1,train
data/processed/music_raw/fake/fake_03679_udio_0.wav,fake,1,train
data/processed/music_raw/fake/fake_01283_udio_1.wav,fake,1,train
data/processed/music_raw/real/real_40832.wav,real,0,train
data/processed/music_raw/real/real_23282.wav,real,0,train
data/processed/music_raw/real/real_39325.wav,real,0,train
data/processed/music_raw/fake/fake_04758_suno_1.wav,fake,1,train
data/processed/music_raw/fake/fake_03457_udio_1.wav,fake,1,train
data/processed/music_raw/fake/fake_02316_suno_0.wav,fake,1,train
data/processed/music_raw/fake/fake_02614_suno_1.wav,fake,1,train
data/processed/music_raw/fake/fake_05325_udio_0.wav,fake,1,train
data/processed/music_raw/real/real_50689.wav,real,0,train
data/processed/music_raw/real/real_41510.wav,real,0,train
data/processed/music_raw/fake/fake_00166_udio_0.wav,fake,1,train
data/processed/music_raw/fake/fake_03897_suno_1.wav,fake,1,train
data/processed/music_raw/real/real_03574.wav,real,0,train
data/processed/music_raw/fake/fake_04610_udio_0.wav,fake,1,train
data/processed/music_raw/fake/fake_01164_udio_1.wav,fake,1,train
data/processed/music_raw/fake/fake_03720_suno_1.wav,fake,1,train
data/processed/music_raw/real/real_16626.wav,real,0,train
data/processed/music_raw/real/real_41339.wav,real,0,train
data/processed/music_raw/real/real_18614.wav,real,0,train
data/processed/music_raw/fake/fake_00266_udio_0.wav,fake,1,train
data/processed/music_raw/fake/fake_01317_udio_1.wav,fake,1,train
data/processed/music_raw/real/real_20630.wav,real,0,train
data/processed/music_raw/fake/fake_01833_suno_0.wav,fake,1,train
data/processed/music_raw/fake/fake_04571_suno_0.wav,fake,1,train
data/processed/music_raw/fake/fake_02891_suno_0.wav,fake,1,train
data/processed/music_raw/fake/fake_03993_udio_1.wav,fake,1,train
data/processed/music_raw/real/real_10465.wav,real,0,train
data/processed/music_raw/fake/fake_00647_udio_0.wav,fake,1,train
data/processed/music_raw/fake/fake_04259_suno_0.wav,fake,1,train
data/processed/music_raw/real/real_52212.wav,real,0,train
data/processed/music_raw/fake/fake_00989_udio_1.wav,fake,1,train
data/processed/music_raw/real/real_03114.wav,real,0,train
data/processed/music_raw/real/real_22337.wav,real,0,train
data/processed/music_raw/real/real_50953.wav,real,0,train
data/processed/music_raw/real/real_23769.wav,real,0,train
data/processed/music_raw/fake/fake_04417_udio_1.wav,fake,1,train
data/processed/music_raw/fake/fake_03591_suno_0.wav,fake,1,train
data/processed/music_raw/fake/fake_04090_suno_1.wav,fake,1,train
data/processed/music_raw/fake/fake_04116_udio_1.wav,fake,1,train
data/processed/music_raw/fake/fake_02148_suno_1.wav,fake,1,train
data/processed/music_raw/fake/fake_05037_suno_0.wav,fake,1,train
data/processed/music_raw/real/real_04646.wav,real,0,train
data/processed/music_raw/real/real_04158.wav,real,0,train
data/processed/music_raw/fake/fake_04209_suno_1.wav,fake,1,train
data/processed/music_raw/real/real_16780.wav,real,0,train
data/processed/music_raw/real/real_20983.wav,real,0,train
data/processed/music_raw/fake/fake_00713_suno_1.wav,fake,1,train
data/processed/music_raw/fake/fake_02201_suno_0.wav,fake,1,train
data/processed/music_raw/fake/fake_04969_suno_0.wav,fake,1,train
data/processed/music_raw/fake/fake_05242_suno_0.wav,fake,1,train
data/processed/music_raw/fake/fake_02463_suno_1.wav,fake,1,train
data/processed/music_raw/fake/fake_05323_suno_0.wav,fake,1,train
data/processed/music_raw/fake/fake_00018_suno_0.wav,fake,1,train
data/processed/music_raw/fake/fake_00079_suno_1.wav,fake,1,train
data/processed/music_raw/fake/fake_03014_suno_0.wav,fake,1,train
data/processed/music_raw/real/real_31456.wav,real,0,train
data/processed/music_raw/fake/fake_00049_suno_0.wav,fake,1,train
data/processed/music_raw/real/real_43806.wav,real,0,train
data/processed/music_raw/real/real_43385.wav,real,0,train
data/processed/music_raw/real/real_37924.wav,real,0,train
data/processed/music_raw/real/real_23638.wav,real,0,train
data/processed/music_raw/fake/fake_03252_suno_0.wav,fake,1,train
data/processed/music_raw/fake/fake_01296_udio_0.wav,fake,1,train
data/processed/music_raw/fake/fake_04784_udio_0.wav,fake,1,train
data/processed/music_raw/real/real_23449.wav,real,0,train
data/processed/music_raw/real/real_02548.wav,real,0,train
data/processed/music_raw/real/real_35665.wav,real,0,train
data/processed/music_raw/real/real_50157.wav,real,0,train
data/processed/music_raw/fake/fake_02283_suno_0.wav,fake,1,train
data/processed/music_raw/real/real_23009.wav,real,0,train
data/processed/music_raw/real/real_03661.wav,real,0,train
data/processed/music_raw/fake/fake_03176_udio_1.wav,fake,1,train
data/processed/music_raw/fake/fake_03251_udio_0.wav,fake,1,train
data/processed/music_raw/real/real_31751.wav,real,0,train
data/processed/music_raw/fake/fake_01112_suno_1.wav,fake,1,train
data/processed/music_raw/real/real_36441.wav,real,0,train
data/processed/music_raw/fake/fake_00623_suno_0.wav,fake,1,train
data/processed/music_raw/fake/fake_04328_suno_1.wav,fake,1,train
data/processed/music_raw/real/real_04731.wav,real,0,train
data/processed/music_raw/fake/fake_00271_udio_1.wav,fake,1,train
data/processed/music_raw/fake/fake_03874_udio_0.wav,fake,1,train
data/processed/music_raw/real/real_24388.wav,real,0,train
data/processed/music_raw/real/real_00868.wav,real,0,train
data/processed/music_raw/real/real_20819.wav,real,0,train
data/processed/music_raw/fake/fake_02587_suno_1.wav,fake,1,train
data/processed/music_raw/fake/fake_01193_udio_0.wav,fake,1,train
data/processed/music_raw/fake/fake_04233_udio_1.wav,fake,1,train
data/processed/music_raw/real/real_50782.wav,real,0,train
data/processed/music_raw/fake/fake_05193_suno_1.wav,fake,1,train
data/processed/music_raw/real/real_05328.wav,real,0,train
data/processed/music_raw/real/real_04395.wav,real,0,train
data/processed/music_raw/real/real_19474.wav,real,0,train
data/processed/music_raw/real/real_47398.wav,real,0,train
data/processed/music_raw/fake/fake_02118_suno_1.wav,fake,1,train
data/processed/music_raw/fake/fake_03112_suno_1.wav,fake,1,train
data/processed/music_raw/real/real_48128.wav,real,0,train
data/processed/music_raw/real/real_05987.wav,real,0,train
data/processed/music_raw/real/real_24485.wav,real,0,train
data/processed/music_raw/real/real_24369.wav,real,0,train
data/processed/music_raw/fake/fake_03981_suno_0.wav,fake,1,train
data/processed/music_raw/fake/fake_05155_suno_0.wav,fake,1,train
data/processed/music_raw/fake/fake_01096_suno_0.wav,fake,1,train
data/processed/music_raw/fake/fake_01156_udio_1.wav,fake,1,train
data/processed/music_raw/fake/fake_02774_suno_1.wav,fake,1,train
data/processed/music_raw/real/real_49391.wav,real,0,train
data/processed/music_raw/fake/fake_05188_suno_0.wav,fake,1,train
data/processed/music_raw/fake/fake_05007_suno_1.wav,fake,1,train
data/processed/music_raw/fake/fake_04483_udio_1.wav,fake,1,train
data/processed/music_raw/real/real_49942.wav,real,0,train
data/processed/music_raw/real/real_39658.wav,real,0,train
data/processed/music_raw/fake/fake_00759_suno_1.wav,fake,1,train
data/processed/music_raw/real/real_30129.wav,real,0,train
data/processed/music_raw/fake/fake_03951_udio_1.wav,fake,1,train
data/processed/music_raw/real/real_40208.wav,real,0,train
data/processed/music_raw/real/real_30177.wav,real,0,train
data/processed/music_raw/real/real_14970.wav,real,0,train
data/processed/music_raw/real/real_31987.wav,real,0,train
data/processed/music_raw/fake/fake_00505_suno_0.wav,fake,1,train
data/processed/music_raw/real/real_40411.wav,real,0,train
data/processed/music_raw/real/real_30148.wav,real,0,train
data/processed/music_raw/real/real_46543.wav,real,0,train
data/processed/music_raw/real/real_16505.wav,real,0,train
data/processed/music_raw/real/real_09033.wav,real,0,train
data/processed/music_raw/fake/fake_00346_suno_1.wav,fake,1,train
data/processed/music_raw/fake/fake_05116_suno_1.wav,fake,1,train
data/processed/music_raw/real/real_27220.wav,real,0,train
data/processed/music_raw/real/real_26983.wav,real,0,train
data/processed/music_raw/fake/fake_00712_udio_0.wav,fake,1,train
data/processed/music_raw/real/real_45278.wav,real,0,train
data/processed/music_raw/fake/fake_00598_udio_0.wav,fake,1,train
data/processed/music_raw/fake/fake_03323_udio_1.wav,fake,1,train
data/processed/music_raw/fake/fake_02582_udio_0.wav,fake,1,train
data/processed/music_raw/real/real_47327.wav,real,0,train
data/processed/music_raw/fake/fake_01025_suno_1.wav,fake,1,train
data/processed/music_raw/real/real_40066.wav,real,0,train
data/processed/music_raw/real/real_19653.wav,real,0,train
data/processed/music_raw/fake/fake_01662_udio_0.wav,fake,1,train
data/processed/music_raw/fake/fake_00387_suno_1.wav,fake,1,train
data/processed/music_raw/real/real_06558.wav,real,0,train
data/processed/music_raw/fake/fake_02548_suno_0.wav,fake,1,train
data/processed/music_raw/real/real_30021.wav,real,0,train
data/processed/music_raw/fake/fake_02843_suno_1.wav,fake,1,train
data/processed/music_raw/real/real_43914.wav,real,0,train
data/processed/music_raw/fake/fake_02024_suno_0.wav,fake,1,train
data/processed/music_raw/real/real_40412.wav,real,0,train
data/processed/music_raw/real/real_11581.wav,real,0,train
data/processed/music_raw/fake/fake_03251_udio_1.wav,fake,1,train
data/processed/music_raw/fake/fake_01165_suno_1.wav,fake,1,train
data/processed/music_raw/fake/fake_04593_udio_0.wav,fake,1,train
data/processed/music_raw/fake/fake_00268_udio_0.wav,fake,1,train
data/processed/music_raw/real/real_52141.wav,real,0,train
data/processed/music_raw/real/real_35306.wav,real,0,train
data/processed/music_raw/fake/fake_02920_suno_1.wav,fake,1,train
data/processed/music_raw/fake/fake_01943_udio_1.wav,fake,1,train
data/processed/music_raw/fake/fake_02737_udio_0.wav,fake,1,train
data/processed/music_raw/fake/fake_01008_udio_1.wav,fake,1,train
data/processed/music_raw/fake/fake_01545_suno_0.wav,fake,1,train
data/processed/music_raw/fake/fake_00125_udio_0.wav,fake,1,train
data/processed/music_raw/fake/fake_04531_udio_0.wav,fake,1,train
data/processed/music_raw/fake/fake_01064_udio_0.wav,fake,1,train
data/processed/music_raw/real/real_31897.wav,real,0,train
data/processed/music_raw/fake/fake_00645_suno_0.wav,fake,1,train
data/processed/music_raw/fake/fake_01515_udio_1.wav,fake,1,train
data/processed/music_raw/fake/fake_03160_udio_0.wav,fake,1,train
data/processed/music_raw/fake/fake_00130_udio_0.wav,fake,1,train
data/processed/music_raw/fake/fake_04914_udio_0.wav,fake,1,train
data/processed/music_raw/fake/fake_00093_suno_0.wav,fake,1,train
data/processed/music_raw/real/real_45835.wav,real,0,train
data/processed/music_raw/real/real_28923.wav,real,0,train
data/processed/music_raw/fake/fake_02967_udio_1.wav,fake,1,train
data/processed/music_raw/fake/fake_03977_suno_1.wav,fake,1,train
data/processed/music_raw/real/real_09766.wav,real,0,train
data/processed/music_raw/fake/fake_01711_suno_0.wav,fake,1,train
data/processed/music_raw/real/real_29049.wav,real,0,train
data/processed/music_raw/fake/fake_01685_udio_0.wav,fake,1,train
data/processed/music_raw/real/real_14585.wav,real,0,train
data/processed/music_raw/real/real_00687.wav,real,0,train
data/processed/music_raw/fake/fake_02868_suno_1.wav,fake,1,train
data/processed/music_raw/real/real_35070.wav,real,0,train
data/processed/music_raw/fake/fake_02939_suno_0.wav,fake,1,train
data/processed/music_raw/fake/fake_03417_suno_0.wav,fake,1,train
data/processed/music_raw/fake/fake_00960_udio_0.wav,fake,1,train
data/processed/music_raw/real/real_01276.wav,real,0,train
data/processed/music_raw/real/real_02466.wav,real,0,train
data/processed/music_raw/real/real_42644.wav,real,0,train
data/processed/music_raw/fake/fake_02331_suno_0.wav,fake,1,train
data/processed/music_raw/real/real_32777.wav,real,0,train
data/processed/music_raw/real/real_45883.wav,real,0,train
data/processed/music_raw/fake/fake_03461_udio_1.wav,fake,1,train
data/processed/music_raw/fake/fake_03689_suno_0.wav,fake,1,train
data/processed/music_raw/real/real_43399.wav,real,0,train
data/processed/music_raw/fake/fake_04200_suno_1.wav,fake,1,train
data/processed/music_raw/real/real_25510.wav,real,0,train
data/processed/music_raw/real/real_14394.wav,real,0,train
data/processed/music_raw/real/real_09809.wav,real,0,train
data/processed/music_raw/fake/fake_04273_suno_1.wav,fake,1,train
data/processed/music_raw/real/real_41149.wav,real,0,train
data/processed/music_raw/real/real_19086.wav,real,0,train
data/processed/music_raw/fake/fake_04897_udio_1.wav,fake,1,train
data/processed/music_raw/fake/fake_03671_udio_0.wav,fake,1,train
data/processed/music_raw/real/real_17070.wav,real,0,train
data/processed/music_raw/real/real_04582.wav,real,0,train
data/processed/music_raw/fake/fake_05117_suno_1.wav,fake,1,train
data/processed/music_raw/fake/fake_05117_suno_0.wav,fake,1,train
data/processed/music_raw/fake/fake_04465_suno_1.wav,fake,1,train
data/processed/music_raw/real/real_19406.wav,real,0,train
data/processed/music_raw/fake/fake_00936_udio_0.wav,fake,1,train
data/processed/music_raw/real/real_10031.wav,real,0,train
data/processed/music_raw/fake/fake_01336_suno_1.wav,fake,1,train
data/processed/music_raw/real/real_33004.wav,real,0,train
data/processed/music_raw/real/real_31199.wav,real,0,train
data/processed/music_raw/real/real_42123.wav,real,0,train
data/processed/music_raw/real/real_26076.wav,real,0,train
data/processed/music_raw/fake/fake_00396_suno_1.wav,fake,1,train
data/processed/music_raw/fake/fake_02566_suno_0.wav,fake,1,train
data/processed/music_raw/real/real_17573.wav,real,0,train
data/processed/music_raw/real/real_06491.wav,real,0,train
data/processed/music_raw/fake/fake_00007_suno_0.wav,fake,1,train
data/processed/music_raw/real/real_33420.wav,real,0,train
data/processed/music_raw/real/real_07767.wav,real,0,train
data/processed/music_raw/real/real_44316.wav,real,0,train
data/processed/music_raw/fake/fake_00539_suno_0.wav,fake,1,train
data/processed/music_raw/fake/fake_04306_udio_0.wav,fake,1,train
data/processed/music_raw/fake/fake_02518_udio_0.wav,fake,1,train
data/processed/music_raw/fake/fake_01050_suno_0.wav,fake,1,train
data/processed/music_raw/real/real_13976.wav,real,0,train
data/processed/music_raw/fake/fake_05352_suno_1.wav,fake,1,train
data/processed/music_raw/real/real_06406.wav,real,0,train
data/processed/music_raw/fake/fake_02651_udio_0.wav,fake,1,train
data/processed/music_raw/fake/fake_01312_suno_0.wav,fake,1,train
data/processed/music_raw/real/real_50761.wav,real,0,train
data/processed/music_raw/real/real_38066.wav,real,0,train
data/processed/music_raw/fake/fake_03423_suno_0.wav,fake,1,train
data/processed/music_raw/real/real_38427.wav,real,0,train
data/processed/music_raw/fake/fake_04749_suno_0.wav,fake,1,train
data/processed/music_raw/real/real_43677.wav,real,0,train
data/processed/music_raw/fake/fake_04368_udio_0.wav,fake,1,train
data/processed/music_raw/fake/fake_03901_udio_0.wav,fake,1,train
data/processed/music_raw/fake/fake_05351_suno_0.wav,fake,1,train
data/processed/music_raw/fake/fake_00812_udio_1.wav,fake,1,train
data/processed/music_raw/fake/fake_01607_suno_1.wav,fake,1,train
data/processed/music_raw/fake/fake_03804_suno_0.wav,fake,1,train
data/processed/music_raw/real/real_22695.wav,real,0,train
data/processed/music_raw/fake/fake_04867_suno_0.wav,fake,1,train
data/processed/music_raw/real/real_24216.wav,real,0,train
data/processed/music_raw/real/real_17363.wav,real,0,train
data/processed/music_raw/fake/fake_05055_udio_0.wav,fake,1,train
data/processed/music_raw/fake/fake_00025_suno_0.wav,fake,1,train
data/processed/music_raw/fake/fake_01260_udio_1.wav,fake,1,train
data/processed/music_raw/real/real_17315.wav,real,0,train
data/processed/music_raw/fake/fake_03436_suno_1.wav,fake,1,train
data/processed/music_raw/real/real_17901.wav,real,0,train
data/processed/music_raw/fake/fake_04360_udio_0.wav,fake,1,train
data/processed/music_raw/real/real_09749.wav,real,0,train
data/processed/music_raw/fake/fake_02407_suno_0.wav,fake,1,train
data/processed/music_raw/real/real_03746.wav,real,0,train
data/processed/music_raw/fake/fake_02709_suno_0.wav,fake,1,train
data/processed/music_raw/fake/fake_00557_suno_1.wav,fake,1,train
data/processed/music_raw/fake/fake_03783_suno_0.wav,fake,1,train
data/processed/music_raw/real/real_51330.wav,real,0,train
data/processed/music_raw/real/real_43170.wav,real,0,train
data/processed/music_raw/real/real_34538.wav,real,0,train
data/processed/music_raw/real/real_22760.wav,real,0,train
data/processed/music_raw/real/real_06854.wav,real,0,train
data/processed/music_raw/real/real_44523.wav,real,0,train
data/processed/music_raw/fake/fake_00054_udio_1.wav,fake,1,train
data/processed/music_raw/real/real_42396.wav,real,0,train
data/processed/music_raw/fake/fake_04348_udio_0.wav,fake,1,train
data/processed/music_raw/fake/fake_01645_udio_0.wav,fake,1,train
data/processed/music_raw/fake/fake_03469_udio_1.wav,fake,1,train
data/processed/music_raw/real/real_37367.wav,real,0,train
data/processed/music_raw/fake/fake_03490_udio_1.wav,fake,1,train
data/processed/music_raw/real/real_07408.wav,real,0,train
data/processed/music_raw/fake/fake_00475_suno_0.wav,fake,1,train
data/processed/music_raw/fake/fake_05037_suno_1.wav,fake,1,train
data/processed/music_raw/real/real_21765.wav,real,0,train
data/processed/music_raw/fake/fake_05364_suno_1.wav,fake,1,train
data/processed/music_raw/fake/fake_02955_udio_0.wav,fake,1,train
data/processed/music_raw/real/real_14602.wav,real,0,train
data/processed/music_raw/real/real_49842.wav,real,0,train
data/processed/music_raw/fake/fake_02274_suno_0.wav,fake,1,train
data/processed/music_raw/fake/fake_00628_suno_0.wav,fake,1,train
data/processed/music_raw/real/real_13279.wav,real,0,train
data/processed/music_raw/real/real_39808.wav,real,0,train
data/processed/music_raw/fake/fake_00539_suno_1.wav,fake,1,train
data/processed/music_raw/real/real_33340.wav,real,0,train
data/processed/music_raw/fake/fake_00865_udio_0.wav,fake,1,train
data/processed/music_raw/real/real_25119.wav,real,0,train
data/processed/music_raw/fake/fake_03179_udio_0.wav,fake,1,train
data/processed/music_raw/real/real_11034.wav,real,0,train
data/processed/music_raw/real/real_33344.wav,real,0,train
data/processed/music_raw/fake/fake_03938_udio_0.wav,fake,1,train
data/processed/music_raw/real/real_11676.wav,real,0,train
data/processed/music_raw/real/real_50146.wav,real,0,train
data/processed/music_raw/real/real_35537.wav,real,0,train
data/processed/music_raw/real/real_05090.wav,real,0,train
data/processed/music_raw/fake/fake_05011_udio_1.wav,fake,1,train
data/processed/music_raw/real/real_04177.wav,real,0,train
data/processed/music_raw/real/real_47833.wav,real,0,train
data/processed/music_raw/fake/fake_02748_suno_0.wav,fake,1,train
data/processed/music_raw/fake/fake_01811_udio_0.wav,fake,1,train
data/processed/music_raw/real/real_17987.wav,real,0,train
data/processed/music_raw/fake/fake_02520_suno_1.wav,fake,1,train
data/processed/music_raw/fake/fake_04682_suno_0.wav,fake,1,train
data/processed/music_raw/fake/fake_00519_suno_0.wav,fake,1,train
data/processed/music_raw/real/real_11662.wav,real,0,train
data/processed/music_raw/fake/fake_02853_udio_1.wav,fake,1,train
data/processed/music_raw/fake/fake_01931_suno_1.wav,fake,1,train
data/processed/music_raw/real/real_20984.wav,real,0,train
data/processed/music_raw/fake/fake_05414_udio_0.wav,fake,1,train
data/processed/music_raw/real/real_21685.wav,real,0,train
data/processed/music_raw/real/real_25667.wav,real,0,train
data/processed/music_raw/real/real_17430.wav,real,0,train
data/processed/music_raw/real/real_01348.wav,real,0,train
data/processed/music_raw/real/real_44880.wav,real,0,train
data/processed/music_raw/fake/fake_04169_suno_0.wav,fake,1,train
data/processed/music_raw/fake/fake_03594_udio_1.wav,fake,1,train
data/processed/music_raw/fake/fake_04957_udio_0.wav,fake,1,train
data/processed/music_raw/fake/fake_04521_suno_1.wav,fake,1,train
data/processed/music_raw/fake/fake_02902_suno_1.wav,fake,1,train
data/processed/music_raw/fake/fake_04103_suno_0.wav,fake,1,train
data/processed/music_raw/real/real_37851.wav,real,0,train
data/processed/music_raw/real/real_04663.wav,real,0,train
data/processed/music_raw/real/real_21864.wav,real,0,train
data/processed/music_raw/real/real_16979.wav,real,0,train
data/processed/music_raw/fake/fake_04792_udio_0.wav,fake,1,train
data/processed/music_raw/real/real_07459.wav,real,0,train
data/processed/music_raw/real/real_42922.wav,real,0,train
data/processed/music_raw/fake/fake_00979_udio_1.wav,fake,1,train
data/processed/music_raw/fake/fake_00417_suno_0.wav,fake,1,train
data/processed/music_raw/real/real_12902.wav,real,0,train
data/processed/music_raw/fake/fake_02614_suno_0.wav,fake,1,train
data/processed/music_raw/fake/fake_03778_suno_0.wav,fake,1,train
data/processed/music_raw/fake/fake_02060_udio_1.wav,fake,1,train
data/processed/music_raw/fake/fake_02217_suno_1.wav,fake,1,train
data/processed/music_raw/real/real_35050.wav,real,0,train
data/processed/music_raw/real/real_03839.wav,real,0,train
data/processed/music_raw/real/real_33394.wav,real,0,train
data/processed/music_raw/fake/fake_04673_suno_0.wav,fake,1,train
data/processed/music_raw/fake/fake_02670_suno_1.wav,fake,1,train
data/processed/music_raw/real/real_40209.wav,real,0,train
data/processed/music_raw/fake/fake_01913_udio_0.wav,fake,1,train
data/processed/music_raw/real/real_50481.wav,real,0,train
data/processed/music_raw/fake/fake_01006_udio_1.wav,fake,1,train
data/processed/music_raw/fake/fake_03498_suno_1.wav,fake,1,train
data/processed/music_raw/real/real_25316.wav,real,0,train
data/processed/music_raw/real/real_34153.wav,real,0,train
data/processed/music_raw/real/real_43919.wav,real,0,train
data/processed/music_raw/real/real_16162.wav,real,0,train
data/processed/music_raw/real/real_36643.wav,real,0,train
data/processed/music_raw/real/real_39409.wav,real,0,train
data/processed/music_raw/real/real_24035.wav,real,0,train
data/processed/music_raw/fake/fake_03099_suno_0.wav,fake,1,train
data/processed/music_raw/fake/fake_03816_suno_1.wav,fake,1,train
data/processed/music_raw/fake/fake_00161_udio_0.wav,fake,1,train
data/processed/music_raw/real/real_01919.wav,real,0,train
data/processed/music_raw/fake/fake_00157_udio_0.wav,fake,1,train
data/processed/music_raw/real/real_17882.wav,real,0,train
data/processed/music_raw/fake/fake_02008_udio_0.wav,fake,1,train
data/processed/music_raw/fake/fake_04640_udio_1.wav,fake,1,train
data/processed/music_raw/real/real_42905.wav,real,0,train
data/processed/music_raw/real/real_27690.wav,real,0,train
data/processed/music_raw/real/real_22974.wav,real,0,train
data/processed/music_raw/fake/fake_02763_udio_1.wav,fake,1,train
data/processed/music_raw/fake/fake_00104_suno_1.wav,fake,1,train
data/processed/music_raw/real/real_10340.wav,real,0,train
data/processed/music_raw/fake/fake_03891_suno_0.wav,fake,1,train
data/processed/music_raw/fake/fake_00446_udio_0.wav,fake,1,train
data/processed/music_raw/real/real_24968.wav,real,0,train
data/processed/music_raw/fake/fake_02018_suno_1.wav,fake,1,train
data/processed/music_raw/fake/fake_04224_udio_0.wav,fake,1,train
data/processed/music_raw/real/real_07750.wav,real,0,train
data/processed/music_raw/fake/fake_03904_udio_0.wav,fake,1,train
data/processed/music_raw/real/real_08513.wav,real,0,train
data/processed/music_raw/real/real_05643.wav,real,0,train
data/processed/music_raw/fake/fake_03742_udio_1.wav,fake,1,train
data/processed/music_raw/fake/fake_04331_suno_1.wav,fake,1,train
data/processed/music_raw/real/real_33904.wav,real,0,train
data/processed/music_raw/fake/fake_04981_udio_0.wav,fake,1,train
data/processed/music_raw/fake/fake_00331_udio_0.wav,fake,1,train
data/processed/music_raw/fake/fake_03424_udio_0.wav,fake,1,train
data/processed/music_raw/real/real_46348.wav,real,0,train
data/processed/music_raw/fake/fake_04538_suno_0.wav,fake,1,train
data/processed/music_raw/real/real_29012.wav,real,0,train
data/processed/music_raw/real/real_32832.wav,real,0,train
data/processed/music_raw/real/real_42874.wav,real,0,train
data/processed/music_raw/real/real_41910.wav,real,0,train
data/processed/music_raw/real/real_18541.wav,real,0,train
data/processed/music_raw/fake/fake_00155_udio_1.wav,fake,1,train
data/processed/music_raw/fake/fake_01781_suno_1.wav,fake,1,train
data/processed/music_raw/fake/fake_04843_udio_1.wav,fake,1,train
data/processed/music_raw/real/real_02312.wav,real,0,train
data/processed/music_raw/real/real_19378.wav,real,0,train
data/processed/music_raw/real/real_51143.wav,real,0,train
data/processed/music_raw/fake/fake_04451_suno_0.wav,fake,1,train
data/processed/music_raw/real/real_36449.wav,real,0,train
data/processed/music_raw/fake/fake_01976_udio_1.wav,fake,1,train
data/processed/music_raw/real/real_47521.wav,real,0,train
data/processed/music_raw/real/real_24585.wav,real,0,train
data/processed/music_raw/real/real_23672.wav,real,0,train
data/processed/music_raw/fake/fake_02460_udio_1.wav,fake,1,train
data/processed/music_raw/fake/fake_04680_suno_1.wav,fake,1,train
data/processed/music_raw/fake/fake_04692_suno_0.wav,fake,1,train
data/processed/music_raw/fake/fake_04466_suno_0.wav,fake,1,train
data/processed/music_raw/fake/fake_05373_suno_0.wav,fake,1,train
data/processed/music_raw/real/real_13583.wav,real,0,train
data/processed/music_raw/real/real_40634.wav,real,0,train
data/processed/music_raw/real/real_07682.wav,real,0,train
data/processed/music_raw/real/real_31469.wav,real,0,train
data/processed/music_raw/real/real_52461.wav,real,0,train
data/processed/music_raw/real/real_04045.wav,real,0,train
data/processed/music_raw/fake/fake_02624_udio_1.wav,fake,1,train
data/processed/music_raw/real/real_01242.wav,real,0,train
data/processed/music_raw/fake/fake_04033_udio_0.wav,fake,1,train
data/processed/music_raw/real/real_36110.wav,real,0,train
data/processed/music_raw/real/real_17529.wav,real,0,train
data/processed/music_raw/fake/fake_04288_udio_0.wav,fake,1,train
data/processed/music_raw/real/real_32847.wav,real,0,train
data/processed/music_raw/real/real_23309.wav,real,0,train
data/processed/music_raw/real/real_29157.wav,real,0,train
data/processed/music_raw/real/real_48610.wav,real,0,train
data/processed/music_raw/real/real_10420.wav,real,0,train
data/processed/music_raw/fake/fake_01124_udio_1.wav,fake,1,train
data/processed/music_raw/real/real_40454.wav,real,0,train
data/processed/music_raw/fake/fake_04494_suno_0.wav,fake,1,train
data/processed/music_raw/fake/fake_00498_udio_1.wav,fake,1,train
data/processed/music_raw/fake/fake_01972_suno_0.wav,fake,1,train
data/processed/music_raw/fake/fake_05052_suno_1.wav,fake,1,train
data/processed/music_raw/fake/fake_00747_suno_1.wav,fake,1,train
data/processed/music_raw/fake/fake_05418_udio_0.wav,fake,1,train
data/processed/music_raw/fake/fake_01303_suno_1.wav,fake,1,train
data/processed/music_raw/fake/fake_02866_udio_0.wav,fake,1,train
data/processed/music_raw/fake/fake_04802_udio_1.wav,fake,1,train
data/processed/music_raw/real/real_29822.wav,real,0,train
data/processed/music_raw/real/real_49905.wav,real,0,train
data/processed/music_raw/real/real_17651.wav,real,0,train
data/processed/music_raw/real/real_17830.wav,real,0,train
data/processed/music_raw/fake/fake_03248_udio_0.wav,fake,1,train
data/processed/music_raw/fake/fake_00658_suno_0.wav,fake,1,train
data/processed/music_raw/fake/fake_01519_suno_1.wav,fake,1,train
data/processed/music_raw/real/real_46299.wav,real,0,train
data/processed/music_raw/real/real_19780.wav,real,0,train
data/processed/music_raw/fake/fake_00656_suno_0.wav,fake,1,train
data/processed/music_raw/fake/fake_01867_udio_0.wav,fake,1,train
data/processed/music_raw/real/real_34638.wav,real,0,train
data/processed/music_raw/fake/fake_01784_udio_0.wav,fake,1,train
data/processed/music_raw/real/real_42771.wav,real,0,train
data/processed/music_raw/real/real_33327.wav,real,0,train
data/processed/music_raw/real/real_03850.wav,real,0,train
data/processed/music_raw/real/real_05597.wav,real,0,train
data/processed/music_raw/fake/fake_00860_suno_1.wav,fake,1,train
data/processed/music_raw/fake/fake_03039_suno_0.wav,fake,1,train
data/processed/music_raw/real/real_49296.wav,real,0,train
data/processed/music_raw/fake/fake_03313_suno_1.wav,fake,1,train
data/processed/music_raw/fake/fake_03696_udio_1.wav,fake,1,train
data/processed/music_raw/fake/fake_04610_udio_1.wav,fake,1,train
data/processed/music_raw/real/real_46142.wav,real,0,train
data/processed/music_raw/fake/fake_03629_udio_0.wav,fake,1,train
data/processed/music_raw/fake/fake_00082_suno_1.wav,fake,1,train
data/processed/music_raw/real/real_30753.wav,real,0,train
data/processed/music_raw/fake/fake_01045_udio_0.wav,fake,1,train
data/processed/music_raw/real/real_42542.wav,real,0,train
data/processed/music_raw/fake/fake_03066_suno_1.wav,fake,1,train
data/processed/music_raw/fake/fake_04962_suno_0.wav,fake,1,train
data/processed/music_raw/fake/fake_05267_suno_0.wav,fake,1,train
data/processed/music_raw/real/real_23446.wav,real,0,train
data/processed/music_raw/real/real_36682.wav,real,0,train
data/processed/music_raw/fake/fake_05342_udio_1.wav,fake,1,train
data/processed/music_raw/real/real_16612.wav,real,0,train
data/processed/music_raw/fake/fake_00621_suno_0.wav,fake,1,train
data/processed/music_raw/fake/fake_03232_udio_0.wav,fake,1,train
data/processed/music_raw/real/real_30140.wav,real,0,train
data/processed/music_raw/real/real_28382.wav,real,0,train
data/processed/music_raw/fake/fake_04300_suno_0.wav,fake,1,train
data/processed/music_raw/fake/fake_03716_suno_1.wav,fake,1,train
data/processed/music_raw/fake/fake_03583_suno_0.wav,fake,1,train
data/processed/music_raw/fake/fake_05432_udio_0.wav,fake,1,train
data/processed/music_raw/fake/fake_00757_udio_0.wav,fake,1,train
data/processed/music_raw/real/real_40727.wav,real,0,train
data/processed/music_raw/real/real_10197.wav,real,0,train
data/processed/music_raw/fake/fake_03989_udio_1.wav,fake,1,train
data/processed/music_raw/real/real_00579.wav,real,0,train
data/processed/music_raw/real/real_47423.wav,real,0,train
data/processed/music_raw/fake/fake_03058_suno_1.wav,fake,1,train
data/processed/music_raw/fake/fake_00135_udio_0.wav,fake,1,train
data/processed/music_raw/fake/fake_00957_udio_1.wav,fake,1,train
data/processed/music_raw/fake/fake_03966_suno_0.wav,fake,1,train
data/processed/music_raw/real/real_51685.wav,real,0,train
data/processed/music_raw/fake/fake_04450_udio_0.wav,fake,1,train
data/processed/music_raw/fake/fake_04673_suno_1.wav,fake,1,train
data/processed/music_raw/real/real_50801.wav,real,0,train
data/processed/music_raw/real/real_43767.wav,real,0,train
data/processed/music_raw/fake/fake_02742_udio_1.wav,fake,1,train
data/processed/music_raw/real/real_36443.wav,real,0,train
data/processed/music_raw/fake/fake_04919_udio_1.wav,fake,1,train
data/processed/music_raw/real/real_16963.wav,real,0,train
data/processed/music_raw/fake/fake_03461_udio_0.wav,fake,1,train
data/processed/music_raw/real/real_34125.wav,real,0,train
data/processed/music_raw/real/real_42320.wav,real,0,train
data/processed/music_raw/real/real_49198.wav,real,0,train
data/processed/music_raw/real/real_13644.wav,real,0,train
data/processed/music_raw/fake/fake_00789_suno_1.wav,fake,1,train
data/processed/music_raw/fake/fake_01576_udio_1.wav,fake,1,train
data/processed/music_raw/fake/fake_02789_udio_0.wav,fake,1,train
data/processed/music_raw/real/real_17725.wav,real,0,train
data/processed/music_raw/real/real_15777.wav,real,0,train
data/processed/music_raw/fake/fake_01332_suno_0.wav,fake,1,train
data/processed/music_raw/fake/fake_00145_udio_1.wav,fake,1,train
data/processed/music_raw/fake/fake_04114_udio_1.wav,fake,1,train
data/processed/music_raw/fake/fake_04353_suno_1.wav,fake,1,train
data/processed/music_raw/real/real_14014.wav,real,0,train
data/processed/music_raw/real/real_27421.wav,real,0,train
data/processed/music_raw/real/real_02306.wav,real,0,train
data/processed/music_raw/real/real_05152.wav,real,0,train
data/processed/music_raw/real/real_38300.wav,real,0,train
data/processed/music_raw/fake/fake_04857_suno_0.wav,fake,1,train
data/processed/music_raw/real/real_04512.wav,real,0,train
data/processed/music_raw/real/real_05461.wav,real,0,train
data/processed/music_raw/real/real_26909.wav,real,0,train
data/processed/music_raw/real/real_45532.wav,real,0,train
data/processed/music_raw/fake/fake_01053_suno_1.wav,fake,1,train
data/processed/music_raw/real/real_10244.wav,real,0,train
data/processed/music_raw/real/real_39947.wav,real,0,train
data/processed/music_raw/fake/fake_03144_udio_1.wav,fake,1,train
data/processed/music_raw/real/real_48989.wav,real,0,train
data/processed/music_raw/real/real_14341.wav,real,0,train
data/processed/music_raw/real/real_19136.wav,real,0,train
data/processed/music_raw/fake/fake_05059_suno_1.wav,fake,1,train
data/processed/music_raw/fake/fake_02107_udio_1.wav,fake,1,train
data/processed/music_raw/fake/fake_00864_udio_0.wav,fake,1,train
data/processed/music_raw/real/real_19044.wav,real,0,train
data/processed/music_raw/real/real_33966.wav,real,0,train
data/processed/music_raw/real/real_51393.wav,real,0,train
data/processed/music_raw/real/real_15870.wav,real,0,train
data/processed/music_raw/fake/fake_00075_udio_0.wav,fake,1,train
data/processed/music_raw/fake/fake_04547_suno_1.wav,fake,1,train
data/processed/music_raw/real/real_31309.wav,real,0,train
data/processed/music_raw/real/real_12247.wav,real,0,train
data/processed/music_raw/fake/fake_02690_suno_1.wav,fake,1,train
data/processed/music_raw/fake/fake_00600_udio_0.wav,fake,1,train
data/processed/music_raw/fake/fake_03233_udio_1.wav,fake,1,train
data/processed/music_raw/real/real_26692.wav,real,0,train
data/processed/music_raw/real/real_22228.wav,real,0,train
data/processed/music_raw/real/real_42372.wav,real,0,train
data/processed/music_raw/fake/fake_04065_udio_0.wav,fake,1,train
data/processed/music_raw/fake/fake_03616_udio_0.wav,fake,1,train
data/processed/music_raw/fake/fake_05465_udio_0.wav,fake,1,train
data/processed/music_raw/real/real_18124.wav,real,0,train
data/processed/music_raw/fake/fake_00976_udio_0.wav,fake,1,train
data/processed/music_raw/fake/fake_01138_udio_0.wav,fake,1,train
data/processed/music_raw/fake/fake_05095_suno_1.wav,fake,1,train
data/processed/music_raw/real/real_07196.wav,real,0,train
data/processed/music_raw/fake/fake_01036_udio_0.wav,fake,1,train
data/processed/music_raw/fake/fake_01752_suno_0.wav,fake,1,train
data/processed/music_raw/fake/fake_05170_suno_1.wav,fake,1,train
data/processed/music_raw/fake/fake_01771_udio_1.wav,fake,1,train
data/processed/music_raw/real/real_07804.wav,real,0,train
data/processed/music_raw/fake/fake_01382_suno_0.wav,fake,1,train
data/processed/music_raw/fake/fake_04644_udio_0.wav,fake,1,train
data/processed/music_raw/fake/fake_03644_suno_0.wav,fake,1,train
data/processed/music_raw/real/real_07179.wav,real,0,train
data/processed/music_raw/real/real_40593.wav,real,0,train
data/processed/music_raw/fake/fake_02299_suno_0.wav,fake,1,train
data/processed/music_raw/fake/fake_01154_suno_0.wav,fake,1,train
data/processed/music_raw/real/real_19579.wav,real,0,train
data/processed/music_raw/real/real_36287.wav,real,0,train
data/processed/music_raw/fake/fake_00968_udio_1.wav,fake,1,train
data/processed/music_raw/real/real_21085.wav,real,0,train
data/processed/music_raw/real/real_04631.wav,real,0,train
data/processed/music_raw/fake/fake_01332_suno_1.wav,fake,1,train
data/processed/music_raw/real/real_01867.wav,real,0,train
data/processed/music_raw/real/real_16064.wav,real,0,train
data/processed/music_raw/fake/fake_05192_suno_0.wav,fake,1,train
data/processed/music_raw/real/real_46784.wav,real,0,train
data/processed/music_raw/real/real_42527.wav,real,0,train
data/processed/music_raw/fake/fake_03893_suno_0.wav,fake,1,train
data/processed/music_raw/real/real_29521.wav,real,0,train
data/processed/music_raw/fake/fake_00790_suno_0.wav,fake,1,train
data/processed/music_raw/real/real_28199.wav,real,0,train
data/processed/music_raw/fake/fake_05009_udio_0.wav,fake,1,train
data/processed/music_raw/fake/fake_03227_udio_0.wav,fake,1,train
data/processed/music_raw/real/real_24393.wav,real,0,train
data/processed/music_raw/real/real_52074.wav,real,0,train
data/processed/music_raw/fake/fake_01531_udio_1.wav,fake,1,train
data/processed/music_raw/fake/fake_02364_suno_0.wav,fake,1,train
data/processed/music_raw/real/real_51486.wav,real,0,train
data/processed/music_raw/fake/fake_04282_udio_0.wav,fake,1,train
data/processed/music_raw/fake/fake_00375_udio_1.wav,fake,1,train
data/processed/music_raw/real/real_19236.wav,real,0,train
data/processed/music_raw/real/real_05323.wav,real,0,train
data/processed/music_raw/fake/fake_02631_udio_1.wav,fake,1,train
data/processed/music_raw/real/real_17383.wav,real,0,train
data/processed/music_raw/fake/fake_02826_udio_0.wav,fake,1,train
data/processed/music_raw/fake/fake_04511_suno_1.wav,fake,1,train
data/processed/music_raw/fake/fake_01445_udio_0.wav,fake,1,train
data/processed/music_raw/fake/fake_00433_suno_0.wav,fake,1,train
data/processed/music_raw/fake/fake_02484_udio_1.wav,fake,1,train
data/processed/music_raw/fake/fake_05461_udio_1.wav,fake,1,train
data/processed/music_raw/fake/fake_01291_suno_0.wav,fake,1,train
data/processed/music_raw/real/real_49277.wav,real,0,train
data/processed/music_raw/fake/fake_04570_suno_1.wav,fake,1,train
data/processed/music_raw/real/real_32999.wav,real,0,train
data/processed/music_raw/fake/fake_04013_udio_0.wav,fake,1,train
data/processed/music_raw/real/real_20673.wav,real,0,train
data/processed/music_raw/fake/fake_04403_udio_1.wav,fake,1,train
data/processed/music_raw/fake/fake_00948_udio_0.wav,fake,1,train
data/processed/music_raw/real/real_04781.wav,real,0,train
data/processed/music_raw/real/real_52544.wav,real,0,train
data/processed/music_raw/fake/fake_02067_suno_1.wav,fake,1,train
data/processed/music_raw/real/real_07666.wav,real,0,train
data/processed/music_raw/fake/fake_02360_suno_0.wav,fake,1,train
data/processed/music_raw/fake/fake_00568_udio_0.wav,fake,1,train
data/processed/music_raw/fake/fake_00190_udio_1.wav,fake,1,train
data/processed/music_raw/real/real_44100.wav,real,0,train
data/processed/music_raw/fake/fake_01383_udio_1.wav,fake,1,train
data/processed/music_raw/real/real_07327.wav,real,0,train
data/processed/music_raw/fake/fake_04777_suno_1.wav,fake,1,train
data/processed/music_raw/fake/fake_04521_suno_0.wav,fake,1,train
data/processed/music_raw/real/real_14522.wav,real,0,train
data/processed/music_raw/fake/fake_03784_udio_1.wav,fake,1,train
data/processed/music_raw/real/real_33236.wav,real,0,train
data/processed/music_raw/fake/fake_04280_udio_1.wav,fake,1,train
data/processed/music_raw/fake/fake_03252_suno_1.wav,fake,1,train
data/processed/music_raw/real/real_46624.wav,real,0,train
data/processed/music_raw/real/real_29871.wav,real,0,train
data/processed/music_raw/real/real_04056.wav,real,0,train
data/processed/music_raw/real/real_21199.wav,real,0,train
data/processed/music_raw/real/real_05917.wav,real,0,train
data/processed/music_raw/real/real_17083.wav,real,0,train
data/processed/music_raw/fake/fake_01551_suno_0.wav,fake,1,train
data/processed/music_raw/real/real_36166.wav,real,0,train
data/processed/music_raw/real/real_03782.wav,real,0,train
data/processed/music_raw/real/real_00983.wav,real,0,train
data/processed/music_raw/real/real_30313.wav,real,0,train
data/processed/music_raw/fake/fake_00821_suno_1.wav,fake,1,train
data/processed/music_raw/fake/fake_04965_udio_0.wav,fake,1,train
data/processed/music_raw/fake/fake_04216_udio_1.wav,fake,1,train
data/processed/music_raw/fake/fake_03338_suno_1.wav,fake,1,train
data/processed/music_raw/real/real_44731.wav,real,0,train
data/processed/music_raw/real/real_34270.wav,real,0,train
data/processed/music_raw/real/real_51818.wav,real,0,train
data/processed/music_raw/real/real_26101.wav,real,0,train
data/processed/music_raw/fake/fake_02636_suno_1.wav,fake,1,train
data/processed/music_raw/real/real_46257.wav,real,0,train
data/processed/music_raw/real/real_16636.wav,real,0,train
data/processed/music_raw/fake/fake_00933_udio_0.wav,fake,1,train
data/processed/music_raw/fake/fake_03496_suno_0.wav,fake,1,train
data/processed/music_raw/real/real_30701.wav,real,0,train
data/processed/music_raw/real/real_51040.wav,real,0,train
data/processed/music_raw/fake/fake_04886_suno_0.wav,fake,1,train
data/processed/music_raw/real/real_43801.wav,real,0,train
data/processed/music_raw/real/real_33762.wav,real,0,train
data/processed/music_raw/fake/fake_03204_udio_0.wav,fake,1,train
data/processed/music_raw/fake/fake_02963_suno_0.wav,fake,1,train
data/processed/music_raw/real/real_28759.wav,real,0,train
data/processed/music_raw/real/real_47409.wav,real,0,train
data/processed/music_raw/real/real_13261.wav,real,0,train
data/processed/music_raw/real/real_39972.wav,real,0,train
data/processed/music_raw/real/real_36134.wav,real,0,train
data/processed/music_raw/fake/fake_02725_udio_0.wav,fake,1,train
data/processed/music_raw/fake/fake_04169_suno_1.wav,fake,1,train
data/processed/music_raw/real/real_17278.wav,real,0,train
data/processed/music_raw/fake/fake_01165_suno_0.wav,fake,1,train
data/processed/music_raw/fake/fake_02429_suno_0.wav,fake,1,train
data/processed/music_raw/real/real_32087.wav,real,0,train
data/processed/music_raw/fake/fake_01770_suno_0.wav,fake,1,train
data/processed/music_raw/real/real_09157.wav,real,0,train
data/processed/music_raw/real/real_04412.wav,real,0,train
data/processed/music_raw/fake/fake_04025_suno_0.wav,fake,1,train
data/processed/music_raw/fake/fake_03975_suno_0.wav,fake,1,train
data/processed/music_raw/fake/fake_05258_suno_1.wav,fake,1,train
data/processed/music_raw/real/real_47019.wav,real,0,train
data/processed/music_raw/real/real_21190.wav,real,0,train
data/processed/music_raw/fake/fake_03322_udio_1.wav,fake,1,train
data/processed/music_raw/real/real_35164.wav,real,0,train
data/processed/music_raw/real/real_43451.wav,real,0,train
data/processed/music_raw/fake/fake_05365_udio_1.wav,fake,1,train
data/processed/music_raw/real/real_43091.wav,real,0,train
data/processed/music_raw/fake/fake_05449_udio_0.wav,fake,1,train
data/processed/music_raw/real/real_37496.wav,real,0,train
data/processed/music_raw/real/real_38031.wav,real,0,train
data/processed/music_raw/real/real_24633.wav,real,0,train
data/processed/music_raw/real/real_05438.wav,real,0,train
data/processed/music_raw/real/real_40658.wav,real,0,train
data/processed/music_raw/real/real_43191.wav,real,0,train
data/processed/music_raw/real/real_14466.wav,real,0,train
data/processed/music_raw/fake/fake_04087_udio_1.wav,fake,1,train
data/processed/music_raw/fake/fake_03046_udio_1.wav,fake,1,train
data/processed/music_raw/real/real_30075.wav,real,0,train
data/processed/music_raw/real/real_22582.wav,real,0,train
data/processed/music_raw/fake/fake_00023_udio_1.wav,fake,1,train
data/processed/music_raw/real/real_38024.wav,real,0,train
data/processed/music_raw/fake/fake_01353_suno_1.wav,fake,1,train
data/processed/music_raw/real/real_48379.wav,real,0,train
data/processed/music_raw/fake/fake_01374_suno_1.wav,fake,1,train
data/processed/music_raw/real/real_05957.wav,real,0,train
data/processed/music_raw/fake/fake_00829_udio_0.wav,fake,1,train
data/processed/music_raw/real/real_28141.wav,real,0,train
data/processed/music_raw/real/real_41120.wav,real,0,train
data/processed/music_raw/real/real_09152.wav,real,0,train
data/processed/music_raw/fake/fake_02858_udio_1.wav,fake,1,train
data/processed/music_raw/real/real_19258.wav,real,0,train
data/processed/music_raw/real/real_52239.wav,real,0,train
data/processed/music_raw/fake/fake_00853_udio_1.wav,fake,1,train
data/processed/music_raw/real/real_17144.wav,real,0,train
data/processed/music_raw/real/real_15884.wav,real,0,train
data/processed/music_raw/fake/fake_05003_suno_0.wav,fake,1,train
data/processed/music_raw/fake/fake_00154_suno_1.wav,fake,1,train
data/processed/music_raw/fake/fake_03306_udio_0.wav,fake,1,train
data/processed/music_raw/real/real_14802.wav,real,0,train
data/processed/music_raw/fake/fake_04433_suno_1.wav,fake,1,train
data/processed/music_raw/real/real_12063.wav,real,0,train
data/processed/music_raw/real/real_19126.wav,real,0,train
data/processed/music_raw/real/real_34773.wav,real,0,train
data/processed/music_raw/fake/fake_04863_suno_1.wav,fake,1,train
data/processed/music_raw/real/real_28494.wav,real,0,train
data/processed/music_raw/real/real_26763.wav,real,0,train
data/processed/music_raw/real/real_14606.wav,real,0,train
data/processed/music_raw/fake/fake_00164_udio_1.wav,fake,1,train
data/processed/music_raw/fake/fake_04924_suno_0.wav,fake,1,train
data/processed/music_raw/real/real_20152.wav,real,0,train
data/processed/music_raw/fake/fake_02791_udio_1.wav,fake,1,train
data/processed/music_raw/real/real_39927.wav,real,0,train
data/processed/music_raw/fake/fake_01228_suno_0.wav,fake,1,train
data/processed/music_raw/real/real_06461.wav,real,0,train
data/processed/music_raw/fake/fake_04482_udio_0.wav,fake,1,train
data/processed/music_raw/fake/fake_04674_suno_1.wav,fake,1,train
data/processed/music_raw/real/real_02161.wav,real,0,train
data/processed/music_raw/fake/fake_03704_suno_0.wav,fake,1,train
data/processed/music_raw/real/real_14445.wav,real,0,train
data/processed/music_raw/real/real_16250.wav,real,0,train
data/processed/music_raw/fake/fake_03170_udio_0.wav,fake,1,train
data/processed/music_raw/fake/fake_00213_suno_0.wav,fake,1,train
data/processed/music_raw/fake/fake_05307_suno_1.wav,fake,1,train
data/processed/music_raw/real/real_00932.wav,real,0,train
data/processed/music_raw/real/real_04531.wav,real,0,train
data/processed/music_raw/fake/fake_02639_suno_1.wav,fake,1,train
data/processed/music_raw/real/real_06319.wav,real,0,train
data/processed/music_raw/fake/fake_00535_udio_0.wav,fake,1,train
data/processed/music_raw/real/real_11696.wav,real,0,train
data/processed/music_raw/real/real_11608.wav,real,0,train
data/processed/music_raw/fake/fake_01595_suno_1.wav,fake,1,train
data/processed/music_raw/real/real_40499.wav,real,0,train
data/processed/music_raw/fake/fake_03671_udio_1.wav,fake,1,train
data/processed/music_raw/real/real_33954.wav,real,0,train
data/processed/music_raw/real/real_47387.wav,real,0,train
data/processed/music_raw/fake/fake_03518_udio_1.wav,fake,1,train
data/processed/music_raw/real/real_27466.wav,real,0,train
data/processed/music_raw/fake/fake_03058_suno_0.wav,fake,1,train
data/processed/music_raw/real/real_05809.wav,real,0,train
data/processed/music_raw/fake/fake_03224_udio_1.wav,fake,1,train
data/processed/music_raw/real/real_03120.wav,real,0,train
data/processed/music_raw/real/real_05714.wav,real,0,train
data/processed/music_raw/fake/fake_04494_suno_1.wav,fake,1,train
data/processed/music_raw/fake/fake_02981_suno_0.wav,fake,1,train
data/processed/music_raw/fake/fake_01830_udio_1.wav,fake,1,train
data/processed/music_raw/real/real_49979.wav,real,0,train
data/processed/music_raw/real/real_10531.wav,real,0,train
data/processed/music_raw/fake/fake_04714_suno_1.wav,fake,1,train
data/processed/music_raw/fake/fake_04593_udio_1.wav,fake,1,train
data/processed/music_raw/fake/fake_02193_udio_1.wav,fake,1,train
data/processed/music_raw/fake/fake_00194_udio_1.wav,fake,1,train
data/processed/music_raw/real/real_48207.wav,real,0,train
data/processed/music_raw/fake/fake_00553_suno_0.wav,fake,1,train
data/processed/music_raw/fake/fake_02185_udio_0.wav,fake,1,train
data/processed/music_raw/real/real_44563.wav,real,0,train
data/processed/music_raw/fake/fake_02581_udio_0.wav,fake,1,train
data/processed/music_raw/real/real_46626.wav,real,0,train
data/processed/music_raw/fake/fake_02703_udio_1.wav,fake,1,train
data/processed/music_raw/fake/fake_04689_suno_1.wav,fake,1,train
data/processed/music_raw/real/real_48547.wav,real,0,train
data/processed/music_raw/real/real_04563.wav,real,0,train
data/processed/music_raw/real/real_41531.wav,real,0,train
data/processed/music_raw/real/real_29972.wav,real,0,train
data/processed/music_raw/real/real_04368.wav,real,0,train
data/processed/music_raw/fake/fake_02012_suno_1.wav,fake,1,train
data/processed/music_raw/real/real_17382.wav,real,0,train
data/processed/music_raw/fake/fake_04934_udio_1.wav,fake,1,train
data/processed/music_raw/fake/fake_05380_suno_1.wav,fake,1,train
data/processed/music_raw/fake/fake_00402_udio_0.wav,fake,1,train
data/processed/music_raw/fake/fake_02342_suno_1.wav,fake,1,train
data/processed/music_raw/fake/fake_04601_suno_1.wav,fake,1,train
data/processed/music_raw/fake/fake_00503_udio_0.wav,fake,1,train
data/processed/music_raw/real/real_04172.wav,real,0,train
data/processed/music_raw/real/real_49929.wav,real,0,train
data/processed/music_raw/real/real_37221.wav,real,0,train
data/processed/music_raw/real/real_25156.wav,real,0,train
data/processed/music_raw/real/real_43804.wav,real,0,train
data/processed/music_raw/real/real_33428.wav,real,0,train
data/processed/music_raw/real/real_24175.wav,real,0,train
data/processed/music_raw/real/real_46455.wav,real,0,train
data/processed/music_raw/fake/fake_02173_suno_1.wav,fake,1,train
data/processed/music_raw/real/real_52716.wav,real,0,train
data/processed/music_raw/real/real_06382.wav,real,0,train
data/processed/music_raw/real/real_42140.wav,real,0,train
data/processed/music_raw/real/real_50487.wav,real,0,train
data/processed/music_raw/real/real_06659.wav,real,0,train
data/processed/music_raw/fake/fake_00940_suno_0.wav,fake,1,train
data/processed/music_raw/real/real_33662.wav,real,0,train
data/processed/music_raw/real/real_52571.wav,real,0,train
data/processed/music_raw/real/real_38137.wav,real,0,train
data/processed/music_raw/fake/fake_04693_udio_1.wav,fake,1,train
data/processed/music_raw/fake/fake_02631_udio_0.wav,fake,1,train
data/processed/music_raw/real/real_43365.wav,real,0,train
data/processed/music_raw/real/real_14753.wav,real,0,train
data/processed/music_raw/fake/fake_01234_suno_0.wav,fake,1,train
data/processed/music_raw/real/real_33335.wav,real,0,train
data/processed/music_raw/real/real_05439.wav,real,0,train
data/processed/music_raw/real/real_19775.wav,real,0,train
data/processed/music_raw/fake/fake_03773_udio_0.wav,fake,1,train
data/processed/music_raw/fake/fake_03372_suno_0.wav,fake,1,train
data/processed/music_raw/real/real_48262.wav,real,0,train
data/processed/music_raw/real/real_44305.wav,real,0,train
data/processed/music_raw/real/real_27940.wav,real,0,train
data/processed/music_raw/real/real_31235.wav,real,0,train
data/processed/music_raw/real/real_17477.wav,real,0,train
data/processed/music_raw/real/real_44453.wav,real,0,train
data/processed/music_raw/real/real_13973.wav,real,0,train
data/processed/music_raw/real/real_07989.wav,real,0,train
data/processed/music_raw/real/real_14889.wav,real,0,train
data/processed/music_raw/real/real_16907.wav,real,0,train
data/processed/music_raw/real/real_02108.wav,real,0,train
data/processed/music_raw/real/real_20504.wav,real,0,train
data/processed/music_raw/real/real_09669.wav,real,0,train
data/processed/music_raw/fake/fake_04374_udio_0.wav,fake,1,train
data/processed/music_raw/fake/fake_04821_udio_0.wav,fake,1,train
data/processed/music_raw/real/real_27889.wav,real,0,train
data/processed/music_raw/real/real_44400.wav,real,0,train
data/processed/music_raw/fake/fake_05208_udio_0.wav,fake,1,train
data/processed/music_raw/fake/fake_04924_suno_1.wav,fake,1,train
data/processed/music_raw/fake/fake_01232_suno_0.wav,fake,1,train
data/processed/music_raw/real/real_14867.wav,real,0,train
data/processed/music_raw/real/real_22559.wav,real,0,train
data/processed/music_raw/real/real_51074.wav,real,0,train
data/processed/music_raw/fake/fake_05035_suno_1.wav,fake,1,train
data/processed/music_raw/real/real_01687.wav,real,0,train
data/processed/music_raw/fake/fake_05140_suno_1.wav,fake,1,train
data/processed/music_raw/real/real_16591.wav,real,0,train
data/processed/music_raw/fake/fake_03453_suno_0.wav,fake,1,train
data/processed/music_raw/real/real_32970.wav,real,0,train
data/processed/music_raw/real/real_52918.wav,real,0,train
data/processed/music_raw/fake/fake_00704_suno_0.wav,fake,1,train
data/processed/music_raw/fake/fake_03563_udio_0.wav,fake,1,train
data/processed/music_raw/real/real_50624.wav,real,0,train
data/processed/music_raw/fake/fake_03804_suno_1.wav,fake,1,train
data/processed/music_raw/real/real_03225.wav,real,0,train
data/processed/music_raw/fake/fake_05310_udio_0.wav,fake,1,train
data/processed/music_raw/fake/fake_05462_udio_0.wav,fake,1,train
data/processed/music_raw/real/real_15180.wav,real,0,train
data/processed/music_raw/real/real_08358.wav,real,0,train
data/processed/music_raw/fake/fake_05169_suno_0.wav,fake,1,train
data/processed/music_raw/real/real_29575.wav,real,0,train
data/processed/music_raw/real/real_17145.wav,real,0,train
data/processed/music_raw/fake/fake_03044_suno_1.wav,fake,1,train
data/processed/music_raw/fake/fake_04810_suno_0.wav,fake,1,train
data/processed/music_raw/fake/fake_01271_udio_1.wav,fake,1,train
data/processed/music_raw/fake/fake_00712_udio_1.wav,fake,1,train
data/processed/music_raw/fake/fake_03810_udio_1.wav,fake,1,train
data/processed/music_raw/fake/fake_03524_udio_0.wav,fake,1,train
data/processed/music_raw/real/real_28662.wav,real,0,train
data/processed/music_raw/real/real_24077.wav,real,0,train
data/processed/music_raw/real/real_36945.wav,real,0,train
data/processed/music_raw/fake/fake_05378_udio_0.wav,fake,1,train
data/processed/music_raw/real/real_50092.wav,real,0,train
data/processed/music_raw/fake/fake_04397_suno_0.wav,fake,1,train
data/processed/music_raw/real/real_18383.wav,real,0,train
data/processed/music_raw/real/real_31355.wav,real,0,train
data/processed/music_raw/fake/fake_02957_suno_0.wav,fake,1,train
data/processed/music_raw/fake/fake_01083_suno_0.wav,fake,1,train
data/processed/music_raw/fake/fake_03176_udio_0.wav,fake,1,train
data/processed/music_raw/fake/fake_02031_udio_0.wav,fake,1,train
data/processed/music_raw/real/real_06238.wav,real,0,train
data/processed/music_raw/fake/fake_03430_suno_0.wav,fake,1,train
data/processed/music_raw/fake/fake_02533_udio_0.wav,fake,1,train
data/processed/music_raw/real/real_31548.wav,real,0,train
data/processed/music_raw/real/real_13257.wav,real,0,train
data/processed/music_raw/real/real_49149.wav,real,0,train
data/processed/music_raw/fake/fake_04129_udio_0.wav,fake,1,train
data/processed/music_raw/fake/fake_00841_udio_1.wav,fake,1,train
data/processed/music_raw/fake/fake_05170_suno_0.wav,fake,1,train
data/processed/music_raw/real/real_16693.wav,real,0,train
data/processed/music_raw/fake/fake_01315_udio_0.wav,fake,1,train
data/processed/music_raw/real/real_09174.wav,real,0,train
data/processed/music_raw/fake/fake_03388_udio_1.wav,fake,1,train
data/processed/music_raw/real/real_26394.wav,real,0,train
data/processed/music_raw/fake/fake_04341_udio_1.wav,fake,1,train
data/processed/music_raw/fake/fake_02693_udio_1.wav,fake,1,train
data/processed/music_raw/fake/fake_03344_suno_1.wav,fake,1,train
data/processed/music_raw/fake/fake_03705_suno_0.wav,fake,1,train
data/processed/music_raw/fake/fake_00359_suno_1.wav,fake,1,train
data/processed/music_raw/real/real_30961.wav,real,0,train
data/processed/music_raw/real/real_38983.wav,real,0,train
data/processed/music_raw/real/real_12228.wav,real,0,train
data/processed/music_raw/real/real_10441.wav,real,0,train
data/processed/music_raw/fake/fake_03487_suno_1.wav,fake,1,train
data/processed/music_raw/real/real_16158.wav,real,0,train
data/processed/music_raw/real/real_22711.wav,real,0,train
data/processed/music_raw/fake/fake_03888_suno_1.wav,fake,1,train
data/processed/music_raw/fake/fake_00813_suno_1.wav,fake,1,train
data/processed/music_raw/fake/fake_05283_udio_0.wav,fake,1,train
data/processed/music_raw/real/real_51942.wav,real,0,train
data/processed/music_raw/real/real_42710.wav,real,0,train
data/processed/music_raw/fake/fake_01752_suno_1.wav,fake,1,train
data/processed/music_raw/fake/fake_04393_suno_0.wav,fake,1,train
data/processed/music_raw/fake/fake_03531_suno_1.wav,fake,1,train
data/processed/music_raw/fake/fake_04237_suno_0.wav,fake,1,train
data/processed/music_raw/fake/fake_05150_udio_1.wav,fake,1,train
data/processed/music_raw/fake/fake_03961_udio_0.wav,fake,1,train
data/processed/music_raw/real/real_23276.wav,real,0,train
data/processed/music_raw/fake/fake_04489_udio_1.wav,fake,1,train
data/processed/music_raw/fake/fake_05185_suno_0.wav,fake,1,train
data/processed/music_raw/fake/fake_04348_udio_1.wav,fake,1,train
data/processed/music_raw/fake/fake_03041_udio_0.wav,fake,1,train
data/processed/music_raw/real/real_31570.wav,real,0,train
data/processed/music_raw/real/real_25324.wav,real,0,train
data/processed/music_raw/real/real_09189.wav,real,0,train
data/processed/music_raw/fake/fake_03030_udio_1.wav,fake,1,train
data/processed/music_raw/real/real_05128.wav,real,0,train
data/processed/music_raw/fake/fake_00393_udio_1.wav,fake,1,train
data/processed/music_raw/fake/fake_03900_udio_0.wav,fake,1,train
data/processed/music_raw/real/real_18671.wav,real,0,train
data/processed/music_raw/fake/fake_00315_suno_1.wav,fake,1,train
data/processed/music_raw/fake/fake_01789_udio_0.wav,fake,1,train
data/processed/music_raw/real/real_39336.wav,real,0,train
data/processed/music_raw/fake/fake_04778_suno_0.wav,fake,1,train
data/processed/music_raw/fake/fake_00521_udio_1.wav,fake,1,train
data/processed/music_raw/fake/fake_04849_udio_0.wav,fake,1,train
data/processed/music_raw/real/real_35490.wav,real,0,train
data/processed/music_raw/real/real_48958.wav,real,0,train
data/processed/music_raw/fake/fake_01674_suno_0.wav,fake,1,train
data/processed/music_raw/real/real_04102.wav,real,0,train
data/processed/music_raw/real/real_37146.wav,real,0,train
data/processed/music_raw/real/real_11764.wav,real,0,train
data/processed/music_raw/real/real_43098.wav,real,0,train
data/processed/music_raw/real/real_41596.wav,real,0,train
data/processed/music_raw/real/real_16334.wav,real,0,train
data/processed/music_raw/fake/fake_01521_suno_1.wav,fake,1,train
data/processed/music_raw/fake/fake_04427_suno_1.wav,fake,1,train
data/processed/music_raw/fake/fake_03725_udio_0.wav,fake,1,train
data/processed/music_raw/fake/fake_01800_udio_0.wav,fake,1,train
data/processed/music_raw/real/real_36580.wav,real,0,train
data/processed/music_raw/real/real_15243.wav,real,0,train
data/processed/music_raw/real/real_26386.wav,real,0,train
data/processed/music_raw/real/real_53013.wav,real,0,train
data/processed/music_raw/fake/fake_04146_udio_0.wav,fake,1,train
data/processed/music_raw/real/real_30163.wav,real,0,train
data/processed/music_raw/fake/fake_02967_udio_0.wav,fake,1,train
data/processed/music_raw/fake/fake_01573_udio_0.wav,fake,1,train
data/processed/music_raw/real/real_43350.wav,real,0,train
data/processed/music_raw/fake/fake_02791_udio_0.wav,fake,1,train
data/processed/music_raw/fake/fake_01322_suno_1.wav,fake,1,train
data/processed/music_raw/fake/fake_03595_suno_1.wav,fake,1,train
data/processed/music_raw/fake/fake_01129_udio_1.wav,fake,1,train
data/processed/music_raw/fake/fake_00910_udio_1.wav,fake,1,train
data/processed/music_raw/fake/fake_00443_suno_0.wav,fake,1,train
data/processed/music_raw/real/real_23128.wav,real,0,train
data/processed/music_raw/fake/fake_00423_udio_0.wav,fake,1,train
data/processed/music_raw/fake/fake_01521_suno_0.wav,fake,1,train
data/processed/music_raw/fake/fake_05156_udio_0.wav,fake,1,train
data/processed/music_raw/fake/fake_05330_suno_0.wav,fake,1,train
data/processed/music_raw/real/real_34693.wav,real,0,train
data/processed/music_raw/real/real_19802.wav,real,0,train
data/processed/music_raw/real/real_26739.wav,real,0,train
data/processed/music_raw/fake/fake_03639_suno_0.wav,fake,1,train
data/processed/music_raw/real/real_23644.wav,real,0,train
data/processed/music_raw/real/real_32142.wav,real,0,train
data/processed/music_raw/fake/fake_05054_udio_1.wav,fake,1,train
data/processed/music_raw/real/real_16300.wav,real,0,train
data/processed/music_raw/fake/fake_04457_suno_0.wav,fake,1,train
data/processed/music_raw/real/real_06317.wav,real,0,train
data/processed/music_raw/fake/fake_04172_udio_0.wav,fake,1,train
data/processed/music_raw/real/real_44485.wav,real,0,train
data/processed/music_raw/fake/fake_00938_suno_1.wav,fake,1,train
data/processed/music_raw/real/real_05949.wav,real,0,train
data/processed/music_raw/real/real_35280.wav,real,0,train
data/processed/music_raw/fake/fake_03280_suno_1.wav,fake,1,train
data/processed/music_raw/real/real_01543.wav,real,0,train
data/processed/music_raw/fake/fake_02725_udio_1.wav,fake,1,train
data/processed/music_raw/real/real_34280.wav,real,0,train
data/processed/music_raw/fake/fake_04479_suno_0.wav,fake,1,train
data/processed/music_raw/fake/fake_01400_suno_1.wav,fake,1,train
data/processed/music_raw/fake/fake_04428_suno_0.wav,fake,1,train
data/processed/music_raw/fake/fake_04530_suno_0.wav,fake,1,train
data/processed/music_raw/real/real_21445.wav,real,0,train
data/processed/music_raw/fake/fake_03385_suno_0.wav,fake,1,train
data/processed/music_raw/real/real_20727.wav,real,0,train
data/processed/music_raw/fake/fake_02346_suno_1.wav,fake,1,train
data/processed/music_raw/real/real_07921.wav,real,0,train
data/processed/music_raw/real/real_47646.wav,real,0,train
data/processed/music_raw/fake/fake_02853_udio_0.wav,fake,1,train
data/processed/music_raw/fake/fake_05109_udio_0.wav,fake,1,train
data/processed/music_raw/real/real_07475.wav,real,0,train
data/processed/music_raw/real/real_07344.wav,real,0,train
data/processed/music_raw/fake/fake_02209_suno_1.wav,fake,1,train
data/processed/music_raw/fake/fake_02418_suno_1.wav,fake,1,train
data/processed/music_raw/real/real_19415.wav,real,0,train
data/processed/music_raw/real/real_34132.wav,real,0,train
data/processed/music_raw/fake/fake_04554_suno_0.wav,fake,1,train
data/processed/music_raw/real/real_45646.wav,real,0,train
data/processed/music_raw/fake/fake_02003_udio_0.wav,fake,1,train
data/processed/music_raw/real/real_27452.wav,real,0,train
data/processed/music_raw/real/real_35881.wav,real,0,train
data/processed/music_raw/fake/fake_02777_suno_0.wav,fake,1,train
data/processed/music_raw/real/real_12294.wav,real,0,train
data/processed/music_raw/fake/fake_03751_suno_0.wav,fake,1,train
data/processed/music_raw/real/real_10972.wav,real,0,train
data/processed/music_raw/fake/fake_03675_udio_0.wav,fake,1,train
data/processed/music_raw/fake/fake_02501_suno_1.wav,fake,1,train
data/processed/music_raw/real/real_00743.wav,real,0,train
data/processed/music_raw/real/real_38198.wav,real,0,train
data/processed/music_raw/real/real_20438.wav,real,0,train
data/processed/music_raw/real/real_51363.wav,real,0,train
data/processed/music_raw/real/real_03876.wav,real,0,train
data/processed/music_raw/real/real_15606.wav,real,0,train
data/processed/music_raw/fake/fake_05045_udio_0.wav,fake,1,train
data/processed/music_raw/real/real_33302.wav,real,0,train
data/processed/music_raw/real/real_50794.wav,real,0,train
