ERROR: [youtube] m3JWfGqsljU: Video unavailable
already done before start: train=4 valid=4
[fail] real_21775 (m3JWfGqsljU): ERROR: [youtube] m3JWfGqsljU: Video unavailable
/workspace/26Dacon_DeepVoice/data_pipeline/download_real_clips.py:78: UserWarning: PySoundFile failed. Trying audioread instead.
  audio, sr = librosa.load(src, sr=SAMPLE_RATE, mono=True)
/workspace/26Dacon_DeepVoice/.venv/lib/python3.11/site-packages/librosa/core/audio.py:184: FutureWarning: librosa.core.audio.__audioread_load
	Deprecated as of librosa version 0.10.0.
	It will be removed in librosa version 1.0.
  y, sr_native = __audioread_load(path, offset, duration, dtype)
/workspace/26Dacon_DeepVoice/data_pipeline/download_real_clips.py:78: UserWarning: PySoundFile failed. Trying audioread instead.
  audio, sr = librosa.load(src, sr=SAMPLE_RATE, mono=True)
/workspace/26Dacon_DeepVoice/.venv/lib/python3.11/site-packages/librosa/core/audio.py:184: FutureWarning: librosa.core.audio.__audioread_load
	Deprecated as of librosa version 0.10.0.
	It will be removed in librosa version 1.0.
  y, sr_native = __audioread_load(path, offset, duration, dtype)
[ok] real_45250 (train=9 valid=5)
[ok] real_22524 (train=10 valid=5)
[ok] real_00320 (train=11 valid=5)
[ok] real_52488 (train=12 valid=5)
ERROR: [youtube] n6M1U7i_0AQ: Video unavailable
[fail] real_35194 (n6M1U7i_0AQ): ERROR: [youtube] n6M1U7i_0AQ: Video unavailable
/workspace/26Dacon_DeepVoice/data_pipeline/download_real_clips.py:78: UserWarning: PySoundFile failed. Trying audioread instead.
  audio, sr = librosa.load(src, sr=SAMPLE_RATE, mono=True)
/workspace/26Dacon_DeepVoice/.venv/lib/python3.11/site-packages/librosa/core/audio.py:184: FutureWarning: librosa.core.audio.__audioread_load
	Deprecated as of librosa version 0.10.0.
	It will be removed in librosa version 1.0.
  y, sr_native = __audioread_load(path, offset, duration, dtype)
[ok] real_15049 (train=13 valid=5)
/workspace/26Dacon_DeepVoice/data_pipeline/download_real_clips.py:78: UserWarning: PySoundFile failed. Trying audioread instead.
  audio, sr = librosa.load(src, sr=SAMPLE_RATE, mono=True)
/workspace/26Dacon_DeepVoice/.venv/lib/python3.11/site-packages/librosa/core/audio.py:184: FutureWarning: librosa.core.audio.__audioread_load
	Deprecated as of librosa version 0.10.0.
	It will be removed in librosa version 1.0.
  y, sr_native = __audioread_load(path, offset, duration, dtype)
[ok] real_32723 (train=14 valid=5)
/workspace/26Dacon_DeepVoice/data_pipeline/download_real_clips.py:78: UserWarning: PySoundFile failed. Trying audioread instead.
  audio, sr = librosa.load(src, sr=SAMPLE_RATE, mono=True)
/workspace/26Dacon_DeepVoice/.venv/lib/python3.11/site-packages/librosa/core/audio.py:184: FutureWarning: librosa.core.audio.__audioread_load
	Deprecated as of librosa version 0.10.0.
	It will be removed in librosa version 1.0.
  y, sr_native = __audioread_load(path, offset, duration, dtype)
[ok] real_47646 (train=15 valid=5)
ERROR: [youtube] LP0Z4-xwJuY: Video unavailable
[fail] real_00281 (LP0Z4-xwJuY): ERROR: [youtube] LP0Z4-xwJuY: Video unavailable
/workspace/26Dacon_DeepVoice/data_pipeline/download_real_clips.py:78: UserWarning: PySoundFile failed. Trying audioread instead.
  audio, sr = librosa.load(src, sr=SAMPLE_RATE, mono=True)
/workspace/26Dacon_DeepVoice/.venv/lib/python3.11/site-packages/librosa/core/audio.py:184: FutureWarning: librosa.core.audio.__audioread_load
	Deprecated as of librosa version 0.10.0.
	It will be removed in librosa version 1.0.
  y, sr_native = __audioread_load(path, offset, duration, dtype)
[ok] real_10942 (train=16 valid=5)
/workspace/26Dacon_DeepVoice/data_pipeline/download_real_clips.py:78: UserWarning: PySoundFile failed. Trying audioread instead.
  audio, sr = librosa.load(src, sr=SAMPLE_RATE, mono=True)
/workspace/26Dacon_DeepVoice/.venv/lib/python3.11/site-packages/librosa/core/audio.py:184: FutureWarning: librosa.core.audio.__audioread_load
	Deprecated as of librosa version 0.10.0.
	It will be removed in librosa version 1.0.
  y, sr_native = __audioread_load(path, offset, duration, dtype)
[ok] real_04172 (train=17 valid=5)
/workspace/26Dacon_DeepVoice/data_pipeline/download_real_clips.py:78: UserWarning: PySoundFile failed. Trying audioread instead.
  audio, sr = librosa.load(src, sr=SAMPLE_RATE, mono=True)
/workspace/26Dacon_DeepVoice/.venv/lib/python3.11/site-packages/librosa/core/audio.py:184: FutureWarning: librosa.core.audio.__audioread_load
	Deprecated as of librosa version 0.10.0.
	It will be removed in librosa version 1.0.
  y, sr_native = __audioread_load(path, offset, duration, dtype)
[ok] real_39927 (train=18 valid=5)
/workspace/26Dacon_DeepVoice/data_pipeline/download_real_clips.py:78: UserWarning: PySoundFile failed. Trying audioread instead.
  audio, sr = librosa.load(src, sr=SAMPLE_RATE, mono=True)
/workspace/26Dacon_DeepVoice/.venv/lib/python3.11/site-packages/librosa/core/audio.py:184: FutureWarning: librosa.core.audio.__audioread_load
	Deprecated as of librosa version 0.10.0.
	It will be removed in librosa version 1.0.
  y, sr_native = __audioread_load(path, offset, duration, dtype)
/workspace/26Dacon_DeepVoice/data_pipeline/download_real_clips.py:78: UserWarning: PySoundFile failed. Trying audioread instead.
  audio, sr = librosa.load(src, sr=SAMPLE_RATE, mono=True)
/workspace/26Dacon_DeepVoice/.venv/lib/python3.11/site-packages/librosa/core/audio.py:184: FutureWarning: librosa.core.audio.__audioread_load
	Deprecated as of librosa version 0.10.0.
	It will be removed in librosa version 1.0.
  y, sr_native = __audioread_load(path, offset, duration, dtype)
[ok] real_15779 (train=19 valid=5)
/workspace/26Dacon_DeepVoice/data_pipeline/download_real_clips.py:78: UserWarning: PySoundFile failed. Trying audioread instead.
  audio, sr = librosa.load(src, sr=SAMPLE_RATE, mono=True)
/workspace/26Dacon_DeepVoice/.venv/lib/python3.11/site-packages/librosa/core/audio.py:184: FutureWarning: librosa.core.audio.__audioread_load
	Deprecated as of librosa version 0.10.0.
	It will be removed in librosa version 1.0.
  y, sr_native = __audioread_load(path, offset, duration, dtype)
/workspace/26Dacon_DeepVoice/data_pipeline/download_real_clips.py:78: UserWarning: PySoundFile failed. Trying audioread instead.
  audio, sr = librosa.load(src, sr=SAMPLE_RATE, mono=True)
/workspace/26Dacon_DeepVoice/.venv/lib/python3.11/site-packages/librosa/core/audio.py:184: FutureWarning: librosa.core.audio.__audioread_load
	Deprecated as of librosa version 0.10.0.
	It will be removed in librosa version 1.0.
  y, sr_native = __audioread_load(path, offset, duration, dtype)
[ok] real_31417 (train=20 valid=5)
[ok] real_52074 (train=21 valid=5)
[ok] real_23806 (train=22 valid=5)
/workspace/26Dacon_DeepVoice/data_pipeline/download_real_clips.py:78: UserWarning: PySoundFile failed. Trying audioread instead.
  audio, sr = librosa.load(src, sr=SAMPLE_RATE, mono=True)
/workspace/26Dacon_DeepVoice/.venv/lib/python3.11/site-packages/librosa/core/audio.py:184: FutureWarning: librosa.core.audio.__audioread_load
	Deprecated as of librosa version 0.10.0.
	It will be removed in librosa version 1.0.
  y, sr_native = __audioread_load(path, offset, duration, dtype)
/workspace/26Dacon_DeepVoice/data_pipeline/download_real_clips.py:78: UserWarning: PySoundFile failed. Trying audioread instead.
  audio, sr = librosa.load(src, sr=SAMPLE_RATE, mono=True)
/workspace/26Dacon_DeepVoice/.venv/lib/python3.11/site-packages/librosa/core/audio.py:184: FutureWarning: librosa.core.audio.__audioread_load
	Deprecated as of librosa version 0.10.0.
	It will be removed in librosa version 1.0.
  y, sr_native = __audioread_load(path, offset, duration, dtype)
[ok] real_30177 (train=23 valid=5)
[ok] real_24020 (train=24 valid=5)
/workspace/26Dacon_DeepVoice/data_pipeline/download_real_clips.py:78: UserWarning: PySoundFile failed. Trying audioread instead.
  audio, sr = librosa.load(src, sr=SAMPLE_RATE, mono=True)
/workspace/26Dacon_DeepVoice/.venv/lib/python3.11/site-packages/librosa/core/audio.py:184: FutureWarning: librosa.core.audio.__audioread_load
	Deprecated as of librosa version 0.10.0.
	It will be removed in librosa version 1.0.
  y, sr_native = __audioread_load(path, offset, duration, dtype)
/workspace/26Dacon_DeepVoice/data_pipeline/download_real_clips.py:78: UserWarning: PySoundFile failed. Trying audioread instead.
  audio, sr = librosa.load(src, sr=SAMPLE_RATE, mono=True)
/workspace/26Dacon_DeepVoice/.venv/lib/python3.11/site-packages/librosa/core/audio.py:184: FutureWarning: librosa.core.audio.__audioread_load
	Deprecated as of librosa version 0.10.0.
	It will be removed in librosa version 1.0.
  y, sr_native = __audioread_load(path, offset, duration, dtype)
[ok] real_42825 (train=25 valid=5)
[ok] real_41531 (train=26 valid=5)
/workspace/26Dacon_DeepVoice/data_pipeline/download_real_clips.py:78: UserWarning: PySoundFile failed. Trying audioread instead.
  audio, sr = librosa.load(src, sr=SAMPLE_RATE, mono=True)
/workspace/26Dacon_DeepVoice/.venv/lib/python3.11/site-packages/librosa/core/audio.py:184: FutureWarning: librosa.core.audio.__audioread_load
	Deprecated as of librosa version 0.10.0.
	It will be removed in librosa version 1.0.
  y, sr_native = __audioread_load(path, offset, duration, dtype)
/workspace/26Dacon_DeepVoice/data_pipeline/download_real_clips.py:78: UserWarning: PySoundFile failed. Trying audioread instead.
  audio, sr = librosa.load(src, sr=SAMPLE_RATE, mono=True)
/workspace/26Dacon_DeepVoice/.venv/lib/python3.11/site-packages/librosa/core/audio.py:184: FutureWarning: librosa.core.audio.__audioread_load
	Deprecated as of librosa version 0.10.0.
	It will be removed in librosa version 1.0.
  y, sr_native = __audioread_load(path, offset, duration, dtype)
[ok] real_33093 (train=27 valid=5)
[ok] real_35070 (train=28 valid=5)
/workspace/26Dacon_DeepVoice/data_pipeline/download_real_clips.py:78: UserWarning: PySoundFile failed. Trying audioread instead.
  audio, sr = librosa.load(src, sr=SAMPLE_RATE, mono=True)
/workspace/26Dacon_DeepVoice/.venv/lib/python3.11/site-packages/librosa/core/audio.py:184: FutureWarning: librosa.core.audio.__audioread_load
	Deprecated as of librosa version 0.10.0.
	It will be removed in librosa version 1.0.
  y, sr_native = __audioread_load(path, offset, duration, dtype)
[ok] real_10889 (train=29 valid=5)
/workspace/26Dacon_DeepVoice/data_pipeline/download_real_clips.py:78: UserWarning: PySoundFile failed. Trying audioread instead.
  audio, sr = librosa.load(src, sr=SAMPLE_RATE, mono=True)
/workspace/26Dacon_DeepVoice/.venv/lib/python3.11/site-packages/librosa/core/audio.py:184: FutureWarning: librosa.core.audio.__audioread_load
	Deprecated as of librosa version 0.10.0.
	It will be removed in librosa version 1.0.
  y, sr_native = __audioread_load(path, offset, duration, dtype)
[ok] real_14014 (train=30 valid=5)
ERROR: unable to download video data: HTTPSConnectionPool(host='manifest.googlevideo.com', port=443): Read timed out. (read timeout=20.0)
[fail] real_16192 (1BJZp4Tvfx0): ERROR: unable to download video data: HTTPSConnectionPool(host='manifest.googlevideo.com', port=443): Read timed out. (read timeout=20.0)
ERROR: [download] Got error: (<HTTPSConnection(host='rr7---sn-ab02a0nfpgxapox-bh2ez.googlevideo.com', port=443) at 0x7f5ed1f5ed10>, 'Connection to rr7---sn-ab02a0nfpgxapox-bh2ez.googlevideo.com timed out. (connect timeout=20.0)'). Giving up after 1 retries
ERROR: [download] Got error: (<HTTPSConnection(host='rr2---sn-ab02a0nfpgxapox-bh2zz.googlevideo.com', port=443) at 0x7f5ed1f30910>, 'Connection to rr2---sn-ab02a0nfpgxapox-bh2zz.googlevideo.com timed out. (connect timeout=20.0)'). Giving up after 1 retries
ERROR: [download] Got error: (<HTTPSConnection(host='rr2---sn-ab02a0nfpgxapox-bh26z.googlevideo.com', port=443) at 0x7f5f38131050>, 'Connection to rr2---sn-ab02a0nfpgxapox-bh26z.googlevideo.com timed out. (connect timeout=20.0)'). Giving up after 1 retries
ERROR: [download] Got error: (<HTTPSConnection(host='rr5---sn-ab02a0nfpgxapox-bh2es.googlevideo.com', port=443) at 0x7f5ed30f3610>, 'Connection to rr5---sn-ab02a0nfpgxapox-bh2es.googlevideo.com timed out. (connect timeout=20.0)'). Giving up after 1 retries
ERROR: [download] Got error: (<HTTPSConnection(host='rr2---sn-ab02a0nfpgxapox-bh2ed.googlevideo.com', port=443) at 0x7f5f29507450>, 'Connection to rr2---sn-ab02a0nfpgxapox-bh2ed.googlevideo.com timed out. (connect timeout=20.0)'). Giving up after 1 retries
ERROR: [download] Got error: (<HTTPSConnection(host='rr1---sn-ab02a0nfpgxapox-bh2zr.googlevideo.com', port=443) at 0x7f5ed2e04590>, 'Connection to rr1---sn-ab02a0nfpgxapox-bh2zr.googlevideo.com timed out. (connect timeout=20.0)'). Giving up after 1 retries
/workspace/26Dacon_DeepVoice/data_pipeline/download_real_clips.py:78: UserWarning: PySoundFile failed. Trying audioread instead.
  audio, sr = librosa.load(src, sr=SAMPLE_RATE, mono=True)
/workspace/26Dacon_DeepVoice/.venv/lib/python3.11/site-packages/librosa/core/audio.py:184: FutureWarning: librosa.core.audio.__audioread_load
	Deprecated as of librosa version 0.10.0.
	It will be removed in librosa version 1.0.
  y, sr_native = __audioread_load(path, offset, duration, dtype)
/workspace/26Dacon_DeepVoice/data_pipeline/download_real_clips.py:78: UserWarning: PySoundFile failed. Trying audioread instead.
  audio, sr = librosa.load(src, sr=SAMPLE_RATE, mono=True)
/workspace/26Dacon_DeepVoice/.venv/lib/python3.11/site-packages/librosa/core/audio.py:184: FutureWarning: librosa.core.audio.__audioread_load
	Deprecated as of librosa version 0.10.0.
	It will be removed in librosa version 1.0.
  y, sr_native = __audioread_load(path, offset, duration, dtype)
/workspace/26Dacon_DeepVoice/data_pipeline/download_real_clips.py:78: UserWarning: PySoundFile failed. Trying audioread instead.
  audio, sr = librosa.load(src, sr=SAMPLE_RATE, mono=True)
/workspace/26Dacon_DeepVoice/.venv/lib/python3.11/site-packages/librosa/core/audio.py:184: FutureWarning: librosa.core.audio.__audioread_load
	Deprecated as of librosa version 0.10.0.
	It will be removed in librosa version 1.0.
  y, sr_native = __audioread_load(path, offset, duration, dtype)
[ok] real_25610 (train=31 valid=5)
/workspace/26Dacon_DeepVoice/data_pipeline/download_real_clips.py:78: UserWarning: PySoundFile failed. Trying audioread instead.
  audio, sr = librosa.load(src, sr=SAMPLE_RATE, mono=True)
/workspace/26Dacon_DeepVoice/.venv/lib/python3.11/site-packages/librosa/core/audio.py:184: FutureWarning: librosa.core.audio.__audioread_load
	Deprecated as of librosa version 0.10.0.
	It will be removed in librosa version 1.0.
  y, sr_native = __audioread_load(path, offset, duration, dtype)
/workspace/26Dacon_DeepVoice/data_pipeline/download_real_clips.py:78: UserWarning: PySoundFile failed. Trying audioread instead.
  audio, sr = librosa.load(src, sr=SAMPLE_RATE, mono=True)
/workspace/26Dacon_DeepVoice/.venv/lib/python3.11/site-packages/librosa/core/audio.py:184: FutureWarning: librosa.core.audio.__audioread_load
	Deprecated as of librosa version 0.10.0.
	It will be removed in librosa version 1.0.
  y, sr_native = __audioread_load(path, offset, duration, dtype)
[ok] real_04158 (train=32 valid=5)
[ok] real_14585 (train=33 valid=5)
/workspace/26Dacon_DeepVoice/data_pipeline/download_real_clips.py:78: UserWarning: PySoundFile failed. Trying audioread instead.
  audio, sr = librosa.load(src, sr=SAMPLE_RATE, mono=True)
/workspace/26Dacon_DeepVoice/.venv/lib/python3.11/site-packages/librosa/core/audio.py:184: FutureWarning: librosa.core.audio.__audioread_load
	Deprecated as of librosa version 0.10.0.
	It will be removed in librosa version 1.0.
  y, sr_native = __audioread_load(path, offset, duration, dtype)
[ok] real_25156 (train=34 valid=5)
ERROR: [youtube] rTTZr2OfExU: Video unavailable
[fail] real_36676 (rTTZr2OfExU): ERROR: [youtube] rTTZr2OfExU: Video unavailable
[ok] real_43677 (train=35 valid=5)
[ok] real_04539 (train=36 valid=5)
/workspace/26Dacon_DeepVoice/data_pipeline/download_real_clips.py:78: UserWarning: PySoundFile failed. Trying audioread instead.
  audio, sr = librosa.load(src, sr=SAMPLE_RATE, mono=True)
/workspace/26Dacon_DeepVoice/.venv/lib/python3.11/site-packages/librosa/core/audio.py:184: FutureWarning: librosa.core.audio.__audioread_load
	Deprecated as of librosa version 0.10.0.
	It will be removed in librosa version 1.0.
  y, sr_native = __audioread_load(path, offset, duration, dtype)
[ok] real_40209 (train=37 valid=5)
/workspace/26Dacon_DeepVoice/data_pipeline/download_real_clips.py:78: UserWarning: PySoundFile failed. Trying audioread instead.
  audio, sr = librosa.load(src, sr=SAMPLE_RATE, mono=True)
/workspace/26Dacon_DeepVoice/.venv/lib/python3.11/site-packages/librosa/core/audio.py:184: FutureWarning: librosa.core.audio.__audioread_load
	Deprecated as of librosa version 0.10.0.
	It will be removed in librosa version 1.0.
  y, sr_native = __audioread_load(path, offset, duration, dtype)
/workspace/26Dacon_DeepVoice/data_pipeline/download_real_clips.py:78: UserWarning: PySoundFile failed. Trying audioread instead.
  audio, sr = librosa.load(src, sr=SAMPLE_RATE, mono=True)
/workspace/26Dacon_DeepVoice/.venv/lib/python3.11/site-packages/librosa/core/audio.py:184: FutureWarning: librosa.core.audio.__audioread_load
	Deprecated as of librosa version 0.10.0.
	It will be removed in librosa version 1.0.
  y, sr_native = __audioread_load(path, offset, duration, dtype)
[ok] real_06842 (train=38 valid=5)
[ok] real_07046 (train=39 valid=5)
[ok] real_41120 (train=40 valid=5)
/workspace/26Dacon_DeepVoice/data_pipeline/download_real_clips.py:78: UserWarning: PySoundFile failed. Trying audioread instead.
  audio, sr = librosa.load(src, sr=SAMPLE_RATE, mono=True)
/workspace/26Dacon_DeepVoice/.venv/lib/python3.11/site-packages/librosa/core/audio.py:184: FutureWarning: librosa.core.audio.__audioread_load
	Deprecated as of librosa version 0.10.0.
	It will be removed in librosa version 1.0.
  y, sr_native = __audioread_load(path, offset, duration, dtype)
ERROR: [youtube] d5lf4vxU0FU: Video unavailable
[fail] real_29045 (d5lf4vxU0FU): ERROR: [youtube] d5lf4vxU0FU: Video unavailable
[ok] real_52716 (train=41 valid=5)
/workspace/26Dacon_DeepVoice/data_pipeline/download_real_clips.py:78: UserWarning: PySoundFile failed. Trying audioread instead.
  audio, sr = librosa.load(src, sr=SAMPLE_RATE, mono=True)
/workspace/26Dacon_DeepVoice/.venv/lib/python3.11/site-packages/librosa/core/audio.py:184: FutureWarning: librosa.core.audio.__audioread_load
	Deprecated as of librosa version 0.10.0.
	It will be removed in librosa version 1.0.
  y, sr_native = __audioread_load(path, offset, duration, dtype)
/workspace/26Dacon_DeepVoice/data_pipeline/download_real_clips.py:78: UserWarning: PySoundFile failed. Trying audioread instead.
  audio, sr = librosa.load(src, sr=SAMPLE_RATE, mono=True)
/workspace/26Dacon_DeepVoice/.venv/lib/python3.11/site-packages/librosa/core/audio.py:184: FutureWarning: librosa.core.audio.__audioread_load
	Deprecated as of librosa version 0.10.0.
	It will be removed in librosa version 1.0.
  y, sr_native = __audioread_load(path, offset, duration, dtype)
[ok] real_16089 (train=42 valid=5)
/workspace/26Dacon_DeepVoice/data_pipeline/download_real_clips.py:78: UserWarning: PySoundFile failed. Trying audioread instead.
  audio, sr = librosa.load(src, sr=SAMPLE_RATE, mono=True)
/workspace/26Dacon_DeepVoice/.venv/lib/python3.11/site-packages/librosa/core/audio.py:184: FutureWarning: librosa.core.audio.__audioread_load
	Deprecated as of librosa version 0.10.0.
	It will be removed in librosa version 1.0.
  y, sr_native = __audioread_load(path, offset, duration, dtype)
[ok] real_09484 (train=43 valid=5)
/workspace/26Dacon_DeepVoice/data_pipeline/download_real_clips.py:78: UserWarning: PySoundFile failed. Trying audioread instead.
  audio, sr = librosa.load(src, sr=SAMPLE_RATE, mono=True)
/workspace/26Dacon_DeepVoice/.venv/lib/python3.11/site-packages/librosa/core/audio.py:184: FutureWarning: librosa.core.audio.__audioread_load
	Deprecated as of librosa version 0.10.0.
	It will be removed in librosa version 1.0.
  y, sr_native = __audioread_load(path, offset, duration, dtype)
[ok] real_42075 (train=44 valid=6)
[ok] real_22138 (train=45 valid=6)
/workspace/26Dacon_DeepVoice/data_pipeline/download_real_clips.py:78: UserWarning: PySoundFile failed. Trying audioread instead.
  audio, sr = librosa.load(src, sr=SAMPLE_RATE, mono=True)
/workspace/26Dacon_DeepVoice/.venv/lib/python3.11/site-packages/librosa/core/audio.py:184: FutureWarning: librosa.core.audio.__audioread_load
	Deprecated as of librosa version 0.10.0.
	It will be removed in librosa version 1.0.
  y, sr_native = __audioread_load(path, offset, duration, dtype)
/workspace/26Dacon_DeepVoice/data_pipeline/download_real_clips.py:78: UserWarning: PySoundFile failed. Trying audioread instead.
  audio, sr = librosa.load(src, sr=SAMPLE_RATE, mono=True)
/workspace/26Dacon_DeepVoice/.venv/lib/python3.11/site-packages/librosa/core/audio.py:184: FutureWarning: librosa.core.audio.__audioread_load
	Deprecated as of librosa version 0.10.0.
	It will be removed in librosa version 1.0.
  y, sr_native = __audioread_load(path, offset, duration, dtype)
[ok] real_29972 (train=46 valid=6)
/workspace/26Dacon_DeepVoice/data_pipeline/download_real_clips.py:78: UserWarning: PySoundFile failed. Trying audioread instead.
  audio, sr = librosa.load(src, sr=SAMPLE_RATE, mono=True)
/workspace/26Dacon_DeepVoice/.venv/lib/python3.11/site-packages/librosa/core/audio.py:184: FutureWarning: librosa.core.audio.__audioread_load
	Deprecated as of librosa version 0.10.0.
	It will be removed in librosa version 1.0.
  y, sr_native = __audioread_load(path, offset, duration, dtype)
[ok] real_36287 (train=47 valid=7)
/workspace/26Dacon_DeepVoice/data_pipeline/download_real_clips.py:78: UserWarning: PySoundFile failed. Trying audioread instead.
  audio, sr = librosa.load(src, sr=SAMPLE_RATE, mono=True)
/workspace/26Dacon_DeepVoice/.venv/lib/python3.11/site-packages/librosa/core/audio.py:184: FutureWarning: librosa.core.audio.__audioread_load
	Deprecated as of librosa version 0.10.0.
	It will be removed in librosa version 1.0.
  y, sr_native = __audioread_load(path, offset, duration, dtype)
[ok] real_27270 (train=48 valid=7)
[ok] real_34765 (train=49 valid=7)
ERROR: [youtube] 3p6wm8MA3mA: Video unavailable
[fail] real_41441 (3p6wm8MA3mA): ERROR: [youtube] 3p6wm8MA3mA: Video unavailable
/workspace/26Dacon_DeepVoice/data_pipeline/download_real_clips.py:78: UserWarning: PySoundFile failed. Trying audioread instead.
  audio, sr = librosa.load(src, sr=SAMPLE_RATE, mono=True)
/workspace/26Dacon_DeepVoice/.venv/lib/python3.11/site-packages/librosa/core/audio.py:184: FutureWarning: librosa.core.audio.__audioread_load
	Deprecated as of librosa version 0.10.0.
	It will be removed in librosa version 1.0.
  y, sr_native = __audioread_load(path, offset, duration, dtype)
[ok] real_22118 (train=50 valid=7)
/workspace/26Dacon_DeepVoice/data_pipeline/download_real_clips.py:78: UserWarning: PySoundFile failed. Trying audioread instead.
  audio, sr = librosa.load(src, sr=SAMPLE_RATE, mono=True)
/workspace/26Dacon_DeepVoice/.venv/lib/python3.11/site-packages/librosa/core/audio.py:184: FutureWarning: librosa.core.audio.__audioread_load
	Deprecated as of librosa version 0.10.0.
	It will be removed in librosa version 1.0.
  y, sr_native = __audioread_load(path, offset, duration, dtype)
[ok] real_23009 (train=51 valid=7)
/workspace/26Dacon_DeepVoice/data_pipeline/download_real_clips.py:78: UserWarning: PySoundFile failed. Trying audioread instead.
  audio, sr = librosa.load(src, sr=SAMPLE_RATE, mono=True)
/workspace/26Dacon_DeepVoice/.venv/lib/python3.11/site-packages/librosa/core/audio.py:184: FutureWarning: librosa.core.audio.__audioread_load
	Deprecated as of librosa version 0.10.0.
	It will be removed in librosa version 1.0.
  y, sr_native = __audioread_load(path, offset, duration, dtype)
[ok] real_20154 (train=52 valid=7)
/workspace/26Dacon_DeepVoice/data_pipeline/download_real_clips.py:78: UserWarning: PySoundFile failed. Trying audioread instead.
  audio, sr = librosa.load(src, sr=SAMPLE_RATE, mono=True)
/workspace/26Dacon_DeepVoice/.venv/lib/python3.11/site-packages/librosa/core/audio.py:184: FutureWarning: librosa.core.audio.__audioread_load
	Deprecated as of librosa version 0.10.0.
	It will be removed in librosa version 1.0.
  y, sr_native = __audioread_load(path, offset, duration, dtype)
[ok] real_44276 (train=53 valid=7)
/workspace/26Dacon_DeepVoice/data_pipeline/download_real_clips.py:78: UserWarning: PySoundFile failed. Trying audioread instead.
  audio, sr = librosa.load(src, sr=SAMPLE_RATE, mono=True)
/workspace/26Dacon_DeepVoice/.venv/lib/python3.11/site-packages/librosa/core/audio.py:184: FutureWarning: librosa.core.audio.__audioread_load
	Deprecated as of librosa version 0.10.0.
	It will be removed in librosa version 1.0.
  y, sr_native = __audioread_load(path, offset, duration, dtype)
/workspace/26Dacon_DeepVoice/data_pipeline/download_real_clips.py:78: UserWarning: PySoundFile failed. Trying audioread instead.
  audio, sr = librosa.load(src, sr=SAMPLE_RATE, mono=True)
/workspace/26Dacon_DeepVoice/.venv/lib/python3.11/site-packages/librosa/core/audio.py:184: FutureWarning: librosa.core.audio.__audioread_load
	Deprecated as of librosa version 0.10.0.
	It will be removed in librosa version 1.0.
  y, sr_native = __audioread_load(path, offset, duration, dtype)
[ok] real_02161 (train=54 valid=8)
/workspace/26Dacon_DeepVoice/data_pipeline/download_real_clips.py:78: UserWarning: PySoundFile failed. Trying audioread instead.
  audio, sr = librosa.load(src, sr=SAMPLE_RATE, mono=True)
/workspace/26Dacon_DeepVoice/.venv/lib/python3.11/site-packages/librosa/core/audio.py:184: FutureWarning: librosa.core.audio.__audioread_load
	Deprecated as of librosa version 0.10.0.
	It will be removed in librosa version 1.0.
  y, sr_native = __audioread_load(path, offset, duration, dtype)
/workspace/26Dacon_DeepVoice/data_pipeline/download_real_clips.py:78: UserWarning: PySoundFile failed. Trying audioread instead.
  audio, sr = librosa.load(src, sr=SAMPLE_RATE, mono=True)
/workspace/26Dacon_DeepVoice/.venv/lib/python3.11/site-packages/librosa/core/audio.py:184: FutureWarning: librosa.core.audio.__audioread_load
	Deprecated as of librosa version 0.10.0.
	It will be removed in librosa version 1.0.
  y, sr_native = __audioread_load(path, offset, duration, dtype)
[ok] real_37157 (train=55 valid=8)
[ok] real_10870 (train=56 valid=8)
/workspace/26Dacon_DeepVoice/data_pipeline/download_real_clips.py:78: UserWarning: PySoundFile failed. Trying audioread instead.
  audio, sr = librosa.load(src, sr=SAMPLE_RATE, mono=True)
/workspace/26Dacon_DeepVoice/.venv/lib/python3.11/site-packages/librosa/core/audio.py:184: FutureWarning: librosa.core.audio.__audioread_load
	Deprecated as of librosa version 0.10.0.
	It will be removed in librosa version 1.0.
  y, sr_native = __audioread_load(path, offset, duration, dtype)
[ok] real_30313 (train=57 valid=8)
ERROR: [youtube] CnjR2W_Dif0: Video unavailable
[fail] real_05968 (CnjR2W_Dif0): ERROR: [youtube] CnjR2W_Dif0: Video unavailable
[ok] real_22490 (train=58 valid=8)
/workspace/26Dacon_DeepVoice/data_pipeline/download_real_clips.py:78: UserWarning: PySoundFile failed. Trying audioread instead.
  audio, sr = librosa.load(src, sr=SAMPLE_RATE, mono=True)
/workspace/26Dacon_DeepVoice/.venv/lib/python3.11/site-packages/librosa/core/audio.py:184: FutureWarning: librosa.core.audio.__audioread_load
	Deprecated as of librosa version 0.10.0.
	It will be removed in librosa version 1.0.
  y, sr_native = __audioread_load(path, offset, duration, dtype)
[ok] real_11537 (train=58 valid=9)
/workspace/26Dacon_DeepVoice/data_pipeline/download_real_clips.py:78: UserWarning: PySoundFile failed. Trying audioread instead.
  audio, sr = librosa.load(src, sr=SAMPLE_RATE, mono=True)
/workspace/26Dacon_DeepVoice/.venv/lib/python3.11/site-packages/librosa/core/audio.py:184: FutureWarning: librosa.core.audio.__audioread_load
	Deprecated as of librosa version 0.10.0.
	It will be removed in librosa version 1.0.
  y, sr_native = __audioread_load(path, offset, duration, dtype)
[ok] real_42644 (train=59 valid=9)
ERROR: [download] Got error: (<HTTPSConnection(host='rr3---sn-ab02a0nfpgxapox-bh2z6.googlevideo.com', port=443) at 0x7f5f38154290>, 'Connection to rr3---sn-ab02a0nfpgxapox-bh2z6.googlevideo.com timed out. (connect timeout=20.0)'). Giving up after 1 retries
ERROR: [download] Got error: (<HTTPSConnection(host='rr2---sn-ab02a0nfpgxapox-jwwe7.googlevideo.com', port=443) at 0x7f5f3813a810>, 'Connection to rr2---sn-ab02a0nfpgxapox-jwwe7.googlevideo.com timed out. (connect timeout=20.0)'). Giving up after 1 retries
ERROR: [download] Got error: (<HTTPSConnection(host='rr3---sn-ab02a0nfpgxapox-bh2zz.googlevideo.com', port=443) at 0x7f5ed2eb62d0>, 'Connection to rr3---sn-ab02a0nfpgxapox-bh2zz.googlevideo.com timed out. (connect timeout=20.0)'). Giving up after 1 retries
ERROR: [download] Got error: (<HTTPSConnection(host='rr4---sn-ab02a0nfpgxapox-bh2zk.googlevideo.com', port=443) at 0x7f5f3813a550>, 'Connection to rr4---sn-ab02a0nfpgxapox-bh2zk.googlevideo.com timed out. (connect timeout=20.0)'). Giving up after 1 retries
ERROR: [download] Got error: (<HTTPSConnection(host='rr4---sn-ab02a0nfpgxapox-bh2zk.googlevideo.com', port=443) at 0x7f5f2952b410>, 'Connection to rr4---sn-ab02a0nfpgxapox-bh2zk.googlevideo.com timed out. (connect timeout=20.0)'). Giving up after 1 retries
ERROR: [download] Got error: (<HTTPSConnection(host='rr5---sn-ab02a0nfpgxapox-bh26z.googlevideo.com', port=443) at 0x7f5f38138d10>, 'Connection to rr5---sn-ab02a0nfpgxapox-bh26z.googlevideo.com timed out. (connect timeout=20.0)'). Giving up after 1 retries
ERROR: [youtube] aUKGfUdzIFk: Video unavailable
[fail] real_27367 (aUKGfUdzIFk): ERROR: [youtube] aUKGfUdzIFk: Video unavailable
/workspace/26Dacon_DeepVoice/data_pipeline/download_real_clips.py:78: UserWarning: PySoundFile failed. Trying audioread instead.
  audio, sr = librosa.load(src, sr=SAMPLE_RATE, mono=True)
/workspace/26Dacon_DeepVoice/.venv/lib/python3.11/site-packages/librosa/core/audio.py:184: FutureWarning: librosa.core.audio.__audioread_load
	Deprecated as of librosa version 0.10.0.
	It will be removed in librosa version 1.0.
  y, sr_native = __audioread_load(path, offset, duration, dtype)
/workspace/26Dacon_DeepVoice/data_pipeline/download_real_clips.py:78: UserWarning: PySoundFile failed. Trying audioread instead.
  audio, sr = librosa.load(src, sr=SAMPLE_RATE, mono=True)
/workspace/26Dacon_DeepVoice/.venv/lib/python3.11/site-packages/librosa/core/audio.py:184: FutureWarning: librosa.core.audio.__audioread_load
	Deprecated as of librosa version 0.10.0.
	It will be removed in librosa version 1.0.
  y, sr_native = __audioread_load(path, offset, duration, dtype)
/workspace/26Dacon_DeepVoice/data_pipeline/download_real_clips.py:78: UserWarning: PySoundFile failed. Trying audioread instead.
  audio, sr = librosa.load(src, sr=SAMPLE_RATE, mono=True)
/workspace/26Dacon_DeepVoice/.venv/lib/python3.11/site-packages/librosa/core/audio.py:184: FutureWarning: librosa.core.audio.__audioread_load
	Deprecated as of librosa version 0.10.0.
	It will be removed in librosa version 1.0.
  y, sr_native = __audioread_load(path, offset, duration, dtype)
/workspace/26Dacon_DeepVoice/data_pipeline/download_real_clips.py:78: UserWarning: PySoundFile failed. Trying audioread instead.
  audio, sr = librosa.load(src, sr=SAMPLE_RATE, mono=True)
/workspace/26Dacon_DeepVoice/.venv/lib/python3.11/site-packages/librosa/core/audio.py:184: FutureWarning: librosa.core.audio.__audioread_load
	Deprecated as of librosa version 0.10.0.
	It will be removed in librosa version 1.0.
  y, sr_native = __audioread_load(path, offset, duration, dtype)
[ok] real_06319 (train=60 valid=9)
/workspace/26Dacon_DeepVoice/data_pipeline/download_real_clips.py:78: UserWarning: PySoundFile failed. Trying audioread instead.
  audio, sr = librosa.load(src, sr=SAMPLE_RATE, mono=True)
/workspace/26Dacon_DeepVoice/.venv/lib/python3.11/site-packages/librosa/core/audio.py:184: FutureWarning: librosa.core.audio.__audioread_load
	Deprecated as of librosa version 0.10.0.
	It will be removed in librosa version 1.0.
  y, sr_native = __audioread_load(path, offset, duration, dtype)
[ok] real_27300 (train=61 valid=9)
[ok] real_23446 (train=62 valid=9)
[ok] real_21456 (train=63 valid=9)
[ok] real_20727 (train=64 valid=9)
/workspace/26Dacon_DeepVoice/data_pipeline/download_real_clips.py:78: UserWarning: PySoundFile failed. Trying audioread instead.
  audio, sr = librosa.load(src, sr=SAMPLE_RATE, mono=True)
/workspace/26Dacon_DeepVoice/.venv/lib/python3.11/site-packages/librosa/core/audio.py:184: FutureWarning: librosa.core.audio.__audioread_load
	Deprecated as of librosa version 0.10.0.
	It will be removed in librosa version 1.0.
  y, sr_native = __audioread_load(path, offset, duration, dtype)
ERROR: [youtube] 8daN5lEfHtg: Video unavailable
[fail] real_00679 (8daN5lEfHtg): ERROR: [youtube] 8daN5lEfHtg: Video unavailable
[ok] real_50960 (train=65 valid=9)
/workspace/26Dacon_DeepVoice/data_pipeline/download_real_clips.py:78: UserWarning: PySoundFile failed. Trying audioread instead.
  audio, sr = librosa.load(src, sr=SAMPLE_RATE, mono=True)
/workspace/26Dacon_DeepVoice/.venv/lib/python3.11/site-packages/librosa/core/audio.py:184: FutureWarning: librosa.core.audio.__audioread_load
	Deprecated as of librosa version 0.10.0.
	It will be removed in librosa version 1.0.
  y, sr_native = __audioread_load(path, offset, duration, dtype)
[ok] real_36441 (train=66 valid=9)
/workspace/26Dacon_DeepVoice/data_pipeline/download_real_clips.py:78: UserWarning: PySoundFile failed. Trying audioread instead.
  audio, sr = librosa.load(src, sr=SAMPLE_RATE, mono=True)
/workspace/26Dacon_DeepVoice/.venv/lib/python3.11/site-packages/librosa/core/audio.py:184: FutureWarning: librosa.core.audio.__audioread_load
	Deprecated as of librosa version 0.10.0.
	It will be removed in librosa version 1.0.
  y, sr_native = __audioread_load(path, offset, duration, dtype)
[ok] real_36110 (train=67 valid=9)
/workspace/26Dacon_DeepVoice/data_pipeline/download_real_clips.py:78: UserWarning: PySoundFile failed. Trying audioread instead.
  audio, sr = librosa.load(src, sr=SAMPLE_RATE, mono=True)
/workspace/26Dacon_DeepVoice/.venv/lib/python3.11/site-packages/librosa/core/audio.py:184: FutureWarning: librosa.core.audio.__audioread_load
	Deprecated as of librosa version 0.10.0.
	It will be removed in librosa version 1.0.
  y, sr_native = __audioread_load(path, offset, duration, dtype)
[ok] real_06854 (train=68 valid=9)
/workspace/26Dacon_DeepVoice/data_pipeline/download_real_clips.py:78: UserWarning: PySoundFile failed. Trying audioread instead.
  audio, sr = librosa.load(src, sr=SAMPLE_RATE, mono=True)
/workspace/26Dacon_DeepVoice/.venv/lib/python3.11/site-packages/librosa/core/audio.py:184: FutureWarning: librosa.core.audio.__audioread_load
	Deprecated as of librosa version 0.10.0.
	It will be removed in librosa version 1.0.
  y, sr_native = __audioread_load(path, offset, duration, dtype)
[ok] real_48882 (train=69 valid=9)
/workspace/26Dacon_DeepVoice/data_pipeline/download_real_clips.py:78: UserWarning: PySoundFile failed. Trying audioread instead.
  audio, sr = librosa.load(src, sr=SAMPLE_RATE, mono=True)
/workspace/26Dacon_DeepVoice/.venv/lib/python3.11/site-packages/librosa/core/audio.py:184: FutureWarning: librosa.core.audio.__audioread_load
	Deprecated as of librosa version 0.10.0.
	It will be removed in librosa version 1.0.
  y, sr_native = __audioread_load(path, offset, duration, dtype)
/workspace/26Dacon_DeepVoice/data_pipeline/download_real_clips.py:78: UserWarning: PySoundFile failed. Trying audioread instead.
  audio, sr = librosa.load(src, sr=SAMPLE_RATE, mono=True)
/workspace/26Dacon_DeepVoice/.venv/lib/python3.11/site-packages/librosa/core/audio.py:184: FutureWarning: librosa.core.audio.__audioread_load
	Deprecated as of librosa version 0.10.0.
	It will be removed in librosa version 1.0.
  y, sr_native = __audioread_load(path, offset, duration, dtype)
[ok] real_10086 (train=70 valid=9)
[ok] real_48302 (train=71 valid=9)
ERROR: [download] Got error: (<HTTPSConnection(host='rr5---sn-ab02a0nfpgxapox-bh2zk.googlevideo.com', port=443) at 0x7f5ed1eabb50>, 'Connection to rr5---sn-ab02a0nfpgxapox-bh2zk.googlevideo.com timed out. (connect timeout=20.0)'). Giving up after 1 retries
ERROR: [download] Got error: (<HTTPSConnection(host='rr2---sn-ab02a0nfpgxapox-bh2ed.googlevideo.com', port=443) at 0x7f5ed1eaaa90>, 'Connection to rr2---sn-ab02a0nfpgxapox-bh2ed.googlevideo.com timed out. (connect timeout=20.0)'). Giving up after 1 retries
ERROR: [download] Got error: (<HTTPSConnection(host='rr5---sn-ab02a0nfpgxapox-bh266.googlevideo.com', port=443) at 0x7f5ed1b29a50>, 'Connection to rr5---sn-ab02a0nfpgxapox-bh266.googlevideo.com timed out. (connect timeout=20.0)'). Giving up after 1 retries
ERROR: [download] Got error: (<HTTPSConnection(host='rr5---sn-ab02a0nfpgxapox-bh266.googlevideo.com', port=443) at 0x7f5ebaeece10>, 'Connection to rr5---sn-ab02a0nfpgxapox-bh266.googlevideo.com timed out. (connect timeout=20.0)'). Giving up after 1 retries
/workspace/26Dacon_DeepVoice/data_pipeline/download_real_clips.py:78: UserWarning: PySoundFile failed. Trying audioread instead.
  audio, sr = librosa.load(src, sr=SAMPLE_RATE, mono=True)
/workspace/26Dacon_DeepVoice/.venv/lib/python3.11/site-packages/librosa/core/audio.py:184: FutureWarning: librosa.core.audio.__audioread_load
	Deprecated as of librosa version 0.10.0.
	It will be removed in librosa version 1.0.
  y, sr_native = __audioread_load(path, offset, duration, dtype)
ERROR: [download] Got error: (<HTTPSConnection(host='rr8---sn-ab02a0nfpgxapox-bh266.googlevideo.com', port=443) at 0x7f5f2920d910>, 'Connection to rr8---sn-ab02a0nfpgxapox-bh266.googlevideo.com timed out. (connect timeout=20.0)'). Giving up after 1 retries
[ok] real_50608 (train=72 valid=9)
ERROR: [download] Got error: (<HTTPSConnection(host='rr4---sn-ab02a0nfpgxapox-bh2zs.googlevideo.com', port=443) at 0x7f5ed287de90>, 'Connection to rr4---sn-ab02a0nfpgxapox-bh2zs.googlevideo.com timed out. (connect timeout=20.0)'). Giving up after 1 retries
[fail] real_11752 (_lKVfZ0RthQ): ERROR: [download] Got error: (<HTTPSConnection(host='rr4---sn-ab02a0nfpgxapox-bh2zs.googlevideo.com', port=443) at 0x7f5ed287de90>, 'Connection to rr4---sn-ab02a0nfpgxapox-bh2zs.googlevideo.com timed out. (connect timeout=20.0)'). Giving up after 1 retries
/workspace/26Dacon_DeepVoice/data_pipeline/download_real_clips.py:78: UserWarning: PySoundFile failed. Trying audioread instead.
  audio, sr = librosa.load(src, sr=SAMPLE_RATE, mono=True)
/workspace/26Dacon_DeepVoice/.venv/lib/python3.11/site-packages/librosa/core/audio.py:184: FutureWarning: librosa.core.audio.__audioread_load
	Deprecated as of librosa version 0.10.0.
	It will be removed in librosa version 1.0.
  y, sr_native = __audioread_load(path, offset, duration, dtype)
/workspace/26Dacon_DeepVoice/data_pipeline/download_real_clips.py:78: UserWarning: PySoundFile failed. Trying audioread instead.
  audio, sr = librosa.load(src, sr=SAMPLE_RATE, mono=True)
/workspace/26Dacon_DeepVoice/.venv/lib/python3.11/site-packages/librosa/core/audio.py:184: FutureWarning: librosa.core.audio.__audioread_load
	Deprecated as of librosa version 0.10.0.
	It will be removed in librosa version 1.0.
  y, sr_native = __audioread_load(path, offset, duration, dtype)
[ok] real_17641 (train=73 valid=9)
[ok] real_40051 (train=74 valid=9)
[ok] real_11226 (train=75 valid=9)
/workspace/26Dacon_DeepVoice/data_pipeline/download_real_clips.py:78: UserWarning: PySoundFile failed. Trying audioread instead.
  audio, sr = librosa.load(src, sr=SAMPLE_RATE, mono=True)
/workspace/26Dacon_DeepVoice/.venv/lib/python3.11/site-packages/librosa/core/audio.py:184: FutureWarning: librosa.core.audio.__audioread_load
	Deprecated as of librosa version 0.10.0.
	It will be removed in librosa version 1.0.
  y, sr_native = __audioread_load(path, offset, duration, dtype)
[ok] real_51587 (train=75 valid=10)
/workspace/26Dacon_DeepVoice/data_pipeline/download_real_clips.py:78: UserWarning: PySoundFile failed. Trying audioread instead.
  audio, sr = librosa.load(src, sr=SAMPLE_RATE, mono=True)
/workspace/26Dacon_DeepVoice/.venv/lib/python3.11/site-packages/librosa/core/audio.py:184: FutureWarning: librosa.core.audio.__audioread_load
	Deprecated as of librosa version 0.10.0.
	It will be removed in librosa version 1.0.
  y, sr_native = __audioread_load(path, offset, duration, dtype)
/workspace/26Dacon_DeepVoice/data_pipeline/download_real_clips.py:78: UserWarning: PySoundFile failed. Trying audioread instead.
  audio, sr = librosa.load(src, sr=SAMPLE_RATE, mono=True)
/workspace/26Dacon_DeepVoice/.venv/lib/python3.11/site-packages/librosa/core/audio.py:184: FutureWarning: librosa.core.audio.__audioread_load
	Deprecated as of librosa version 0.10.0.
	It will be removed in librosa version 1.0.
  y, sr_native = __audioread_load(path, offset, duration, dtype)
[ok] real_42188 (train=75 valid=11)
/workspace/26Dacon_DeepVoice/data_pipeline/download_real_clips.py:78: UserWarning: PySoundFile failed. Trying audioread instead.
  audio, sr = librosa.load(src, sr=SAMPLE_RATE, mono=True)
/workspace/26Dacon_DeepVoice/.venv/lib/python3.11/site-packages/librosa/core/audio.py:184: FutureWarning: librosa.core.audio.__audioread_load
	Deprecated as of librosa version 0.10.0.
	It will be removed in librosa version 1.0.
  y, sr_native = __audioread_load(path, offset, duration, dtype)
[ok] real_14312 (train=76 valid=11)
[ok] real_51143 (train=77 valid=11)
/workspace/26Dacon_DeepVoice/data_pipeline/download_real_clips.py:78: UserWarning: PySoundFile failed. Trying audioread instead.
  audio, sr = librosa.load(src, sr=SAMPLE_RATE, mono=True)
/workspace/26Dacon_DeepVoice/.venv/lib/python3.11/site-packages/librosa/core/audio.py:184: FutureWarning: librosa.core.audio.__audioread_load
	Deprecated as of librosa version 0.10.0.
	It will be removed in librosa version 1.0.
  y, sr_native = __audioread_load(path, offset, duration, dtype)
/workspace/26Dacon_DeepVoice/data_pipeline/download_real_clips.py:78: UserWarning: PySoundFile failed. Trying audioread instead.
  audio, sr = librosa.load(src, sr=SAMPLE_RATE, mono=True)
/workspace/26Dacon_DeepVoice/.venv/lib/python3.11/site-packages/librosa/core/audio.py:184: FutureWarning: librosa.core.audio.__audioread_load
	Deprecated as of librosa version 0.10.0.
	It will be removed in librosa version 1.0.
  y, sr_native = __audioread_load(path, offset, duration, dtype)
[ok] real_18124 (train=78 valid=11)
[ok] real_16833 (train=79 valid=11)
ERROR: [download] Got error: (<HTTPSConnection(host='rr2---sn-ab02a0nfpgxapox-bh2lk.googlevideo.com', port=443) at 0x7f5ed2b09cd0>, 'Connection to rr2---sn-ab02a0nfpgxapox-bh2lk.googlevideo.com timed out. (connect timeout=20.0)'). Giving up after 1 retries
ERROR: [download] Got error: (<HTTPSConnection(host='rr3---sn-ab02a0nfpgxapox-bh2z6.googlevideo.com', port=443) at 0x7f5ed2f56310>, 'Connection to rr3---sn-ab02a0nfpgxapox-bh2z6.googlevideo.com timed out. (connect timeout=20.0)'). Giving up after 1 retries
ERROR: [download] Got error: (<HTTPSConnection(host='rr6---sn-ab02a0nfpgxapox-bh2z6.googlevideo.com', port=443) at 0x7f5ed2f57510>, 'Connection to rr6---sn-ab02a0nfpgxapox-bh2z6.googlevideo.com timed out. (connect timeout=20.0)'). Giving up after 1 retries
ERROR: [download] Got error: (<HTTPSConnection(host='rr7---sn-ab02a0nfpgxapox-bh2e6.googlevideo.com', port=443) at 0x7f5ed2defb50>, 'Connection to rr7---sn-ab02a0nfpgxapox-bh2e6.googlevideo.com timed out. (connect timeout=20.0)'). Giving up after 1 retries
ERROR: [download] Got error: (<HTTPSConnection(host='rr4---sn-ab02a0nfpgxapox-bh2zk.googlevideo.com', port=443) at 0x7f5ed2ca7450>, 'Connection to rr4---sn-ab02a0nfpgxapox-bh2zk.googlevideo.com timed out. (connect timeout=20.0)'). Giving up after 1 retries
ERROR: [download] Got error: (<HTTPSConnection(host='rr5---sn-ab02a0nfpgxapox-bh26z.googlevideo.com', port=443) at 0x7f5ebaf4c210>, 'Connection to rr5---sn-ab02a0nfpgxapox-bh26z.googlevideo.com timed out. (connect timeout=20.0)'). Giving up after 1 retries
ERROR: [download] Got error: (<HTTPSConnection(host='rr4---sn-ab02a0nfpgxapox-bh26z.googlevideo.com', port=443) at 0x7f5ed2c7a910>, 'Connection to rr4---sn-ab02a0nfpgxapox-bh26z.googlevideo.com timed out. (connect timeout=20.0)'). Giving up after 1 retries
[fail] real_29238 (HZCSDg1jtUg): ERROR: [download] Got error: (<HTTPSConnection(host='rr4---sn-ab02a0nfpgxapox-bh26z.googlevideo.com', port=443) at 0x7f5ed2c7a910>, 'Connection to rr4---sn-ab02a0nfpgxapox-bh26z.googlevideo.com timed out. (connect timeout=20.0)'). Giving up after 1 retries
/workspace/26Dacon_DeepVoice/data_pipeline/download_real_clips.py:78: UserWarning: PySoundFile failed. Trying audioread instead.
  audio, sr = librosa.load(src, sr=SAMPLE_RATE, mono=True)
/workspace/26Dacon_DeepVoice/.venv/lib/python3.11/site-packages/librosa/core/audio.py:184: FutureWarning: librosa.core.audio.__audioread_load
	Deprecated as of librosa version 0.10.0.
	It will be removed in librosa version 1.0.
  y, sr_native = __audioread_load(path, offset, duration, dtype)
/workspace/26Dacon_DeepVoice/data_pipeline/download_real_clips.py:78: UserWarning: PySoundFile failed. Trying audioread instead.
  audio, sr = librosa.load(src, sr=SAMPLE_RATE, mono=True)
/workspace/26Dacon_DeepVoice/.venv/lib/python3.11/site-packages/librosa/core/audio.py:184: FutureWarning: librosa.core.audio.__audioread_load
	Deprecated as of librosa version 0.10.0.
	It will be removed in librosa version 1.0.
  y, sr_native = __audioread_load(path, offset, duration, dtype)
/workspace/26Dacon_DeepVoice/data_pipeline/download_real_clips.py:78: UserWarning: PySoundFile failed. Trying audioread instead.
  audio, sr = librosa.load(src, sr=SAMPLE_RATE, mono=True)
/workspace/26Dacon_DeepVoice/.venv/lib/python3.11/site-packages/librosa/core/audio.py:184: FutureWarning: librosa.core.audio.__audioread_load
	Deprecated as of librosa version 0.10.0.
	It will be removed in librosa version 1.0.
  y, sr_native = __audioread_load(path, offset, duration, dtype)
/workspace/26Dacon_DeepVoice/data_pipeline/download_real_clips.py:78: UserWarning: PySoundFile failed. Trying audioread instead.
  audio, sr = librosa.load(src, sr=SAMPLE_RATE, mono=True)
/workspace/26Dacon_DeepVoice/.venv/lib/python3.11/site-packages/librosa/core/audio.py:184: FutureWarning: librosa.core.audio.__audioread_load
	Deprecated as of librosa version 0.10.0.
	It will be removed in librosa version 1.0.
  y, sr_native = __audioread_load(path, offset, duration, dtype)
/workspace/26Dacon_DeepVoice/data_pipeline/download_real_clips.py:78: UserWarning: PySoundFile failed. Trying audioread instead.
  audio, sr = librosa.load(src, sr=SAMPLE_RATE, mono=True)
/workspace/26Dacon_DeepVoice/.venv/lib/python3.11/site-packages/librosa/core/audio.py:184: FutureWarning: librosa.core.audio.__audioread_load
	Deprecated as of librosa version 0.10.0.
	It will be removed in librosa version 1.0.
  y, sr_native = __audioread_load(path, offset, duration, dtype)
/workspace/26Dacon_DeepVoice/data_pipeline/download_real_clips.py:78: UserWarning: PySoundFile failed. Trying audioread instead.
  audio, sr = librosa.load(src, sr=SAMPLE_RATE, mono=True)
/workspace/26Dacon_DeepVoice/.venv/lib/python3.11/site-packages/librosa/core/audio.py:184: FutureWarning: librosa.core.audio.__audioread_load
	Deprecated as of librosa version 0.10.0.
	It will be removed in librosa version 1.0.
  y, sr_native = __audioread_load(path, offset, duration, dtype)
[ok] real_00983 (train=80 valid=11)
[ok] real_26113 (train=81 valid=11)
[ok] real_37022 (train=82 valid=11)
[ok] real_07804 (train=83 valid=11)
[ok] real_46013 (train=83 valid=12)
[ok] real_34867 (train=84 valid=12)
/workspace/26Dacon_DeepVoice/data_pipeline/download_real_clips.py:78: UserWarning: PySoundFile failed. Trying audioread instead.
  audio, sr = librosa.load(src, sr=SAMPLE_RATE, mono=True)
/workspace/26Dacon_DeepVoice/.venv/lib/python3.11/site-packages/librosa/core/audio.py:184: FutureWarning: librosa.core.audio.__audioread_load
	Deprecated as of librosa version 0.10.0.
	It will be removed in librosa version 1.0.
  y, sr_native = __audioread_load(path, offset, duration, dtype)
[ok] real_11676 (train=85 valid=12)
/workspace/26Dacon_DeepVoice/data_pipeline/download_real_clips.py:78: UserWarning: PySoundFile failed. Trying audioread instead.
  audio, sr = librosa.load(src, sr=SAMPLE_RATE, mono=True)
/workspace/26Dacon_DeepVoice/.venv/lib/python3.11/site-packages/librosa/core/audio.py:184: FutureWarning: librosa.core.audio.__audioread_load
	Deprecated as of librosa version 0.10.0.
	It will be removed in librosa version 1.0.
  y, sr_native = __audioread_load(path, offset, duration, dtype)
/workspace/26Dacon_DeepVoice/data_pipeline/download_real_clips.py:78: UserWarning: PySoundFile failed. Trying audioread instead.
  audio, sr = librosa.load(src, sr=SAMPLE_RATE, mono=True)
/workspace/26Dacon_DeepVoice/.venv/lib/python3.11/site-packages/librosa/core/audio.py:184: FutureWarning: librosa.core.audio.__audioread_load
	Deprecated as of librosa version 0.10.0.
	It will be removed in librosa version 1.0.
  y, sr_native = __audioread_load(path, offset, duration, dtype)
/workspace/26Dacon_DeepVoice/data_pipeline/download_real_clips.py:78: UserWarning: PySoundFile failed. Trying audioread instead.
  audio, sr = librosa.load(src, sr=SAMPLE_RATE, mono=True)
/workspace/26Dacon_DeepVoice/.venv/lib/python3.11/site-packages/librosa/core/audio.py:184: FutureWarning: librosa.core.audio.__audioread_load
	Deprecated as of librosa version 0.10.0.
	It will be removed in librosa version 1.0.
  y, sr_native = __audioread_load(path, offset, duration, dtype)
ERROR: [youtube] 7TBWcISi4VY: Video unavailable
[fail] real_13003 (7TBWcISi4VY): ERROR: [youtube] 7TBWcISi4VY: Video unavailable
[ok] real_45483 (train=86 valid=12)
[ok] real_28494 (train=87 valid=12)
[ok] real_20232 (train=88 valid=12)
/workspace/26Dacon_DeepVoice/data_pipeline/download_real_clips.py:78: UserWarning: PySoundFile failed. Trying audioread instead.
  audio, sr = librosa.load(src, sr=SAMPLE_RATE, mono=True)
/workspace/26Dacon_DeepVoice/.venv/lib/python3.11/site-packages/librosa/core/audio.py:184: FutureWarning: librosa.core.audio.__audioread_load
	Deprecated as of librosa version 0.10.0.
	It will be removed in librosa version 1.0.
  y, sr_native = __audioread_load(path, offset, duration, dtype)
/workspace/26Dacon_DeepVoice/data_pipeline/download_real_clips.py:78: UserWarning: PySoundFile failed. Trying audioread instead.
  audio, sr = librosa.load(src, sr=SAMPLE_RATE, mono=True)
/workspace/26Dacon_DeepVoice/.venv/lib/python3.11/site-packages/librosa/core/audio.py:184: FutureWarning: librosa.core.audio.__audioread_load
	Deprecated as of librosa version 0.10.0.
	It will be removed in librosa version 1.0.
  y, sr_native = __audioread_load(path, offset, duration, dtype)
/workspace/26Dacon_DeepVoice/data_pipeline/download_real_clips.py:78: UserWarning: PySoundFile failed. Trying audioread instead.
  audio, sr = librosa.load(src, sr=SAMPLE_RATE, mono=True)
/workspace/26Dacon_DeepVoice/.venv/lib/python3.11/site-packages/librosa/core/audio.py:184: FutureWarning: librosa.core.audio.__audioread_load
	Deprecated as of librosa version 0.10.0.
	It will be removed in librosa version 1.0.
  y, sr_native = __audioread_load(path, offset, duration, dtype)
[ok] real_10465 (train=89 valid=12)
[ok] real_43475 (train=90 valid=12)
[ok] real_43767 (train=91 valid=12)
/workspace/26Dacon_DeepVoice/data_pipeline/download_real_clips.py:78: UserWarning: PySoundFile failed. Trying audioread instead.
  audio, sr = librosa.load(src, sr=SAMPLE_RATE, mono=True)
/workspace/26Dacon_DeepVoice/.venv/lib/python3.11/site-packages/librosa/core/audio.py:184: FutureWarning: librosa.core.audio.__audioread_load
	Deprecated as of librosa version 0.10.0.
	It will be removed in librosa version 1.0.
  y, sr_native = __audioread_load(path, offset, duration, dtype)
/workspace/26Dacon_DeepVoice/data_pipeline/download_real_clips.py:78: UserWarning: PySoundFile failed. Trying audioread instead.
  audio, sr = librosa.load(src, sr=SAMPLE_RATE, mono=True)
/workspace/26Dacon_DeepVoice/.venv/lib/python3.11/site-packages/librosa/core/audio.py:184: FutureWarning: librosa.core.audio.__audioread_load
	Deprecated as of librosa version 0.10.0.
	It will be removed in librosa version 1.0.
  y, sr_native = __audioread_load(path, offset, duration, dtype)
/workspace/26Dacon_DeepVoice/data_pipeline/download_real_clips.py:78: UserWarning: PySoundFile failed. Trying audioread instead.
  audio, sr = librosa.load(src, sr=SAMPLE_RATE, mono=True)
/workspace/26Dacon_DeepVoice/.venv/lib/python3.11/site-packages/librosa/core/audio.py:184: FutureWarning: librosa.core.audio.__audioread_load
	Deprecated as of librosa version 0.10.0.
	It will be removed in librosa version 1.0.
  y, sr_native = __audioread_load(path, offset, duration, dtype)
[ok] real_49876 (train=92 valid=12)
[ok] real_34544 (train=92 valid=13)
[ok] real_34416 (train=93 valid=13)
ERROR: [youtube] KfZ62w477U8: Video unavailable
[fail] real_06395 (KfZ62w477U8): ERROR: [youtube] KfZ62w477U8: Video unavailable
/workspace/26Dacon_DeepVoice/data_pipeline/download_real_clips.py:78: UserWarning: PySoundFile failed. Trying audioread instead.
  audio, sr = librosa.load(src, sr=SAMPLE_RATE, mono=True)
/workspace/26Dacon_DeepVoice/.venv/lib/python3.11/site-packages/librosa/core/audio.py:184: FutureWarning: librosa.core.audio.__audioread_load
	Deprecated as of librosa version 0.10.0.
	It will be removed in librosa version 1.0.
  y, sr_native = __audioread_load(path, offset, duration, dtype)
/workspace/26Dacon_DeepVoice/data_pipeline/download_real_clips.py:78: UserWarning: PySoundFile failed. Trying audioread instead.
  audio, sr = librosa.load(src, sr=SAMPLE_RATE, mono=True)
/workspace/26Dacon_DeepVoice/.venv/lib/python3.11/site-packages/librosa/core/audio.py:184: FutureWarning: librosa.core.audio.__audioread_load
	Deprecated as of librosa version 0.10.0.
	It will be removed in librosa version 1.0.
  y, sr_native = __audioread_load(path, offset, duration, dtype)
[ok] real_13009 (train=93 valid=14)
/workspace/26Dacon_DeepVoice/data_pipeline/download_real_clips.py:78: UserWarning: PySoundFile failed. Trying audioread instead.
  audio, sr = librosa.load(src, sr=SAMPLE_RATE, mono=True)
/workspace/26Dacon_DeepVoice/.venv/lib/python3.11/site-packages/librosa/core/audio.py:184: FutureWarning: librosa.core.audio.__audioread_load
	Deprecated as of librosa version 0.10.0.
	It will be removed in librosa version 1.0.
  y, sr_native = __audioread_load(path, offset, duration, dtype)
[ok] real_04284 (train=93 valid=15)
[ok] real_32149 (train=94 valid=15)
ERROR: [download] Got error: (<HTTPSConnection(host='rr4---sn-ab02a0nfpgxapox-bh2sd.googlevideo.com', port=443) at 0x7f5f29207310>, 'Connection to rr4---sn-ab02a0nfpgxapox-bh2sd.googlevideo.com timed out. (connect timeout=20.0)'). Giving up after 1 retries
ERROR: [download] Got error: (<HTTPSConnection(host='rr1---sn-ab02a0nfpgxapox-bh2zk.googlevideo.com', port=443) at 0x7f5ed2a83090>, 'Connection to rr1---sn-ab02a0nfpgxapox-bh2zk.googlevideo.com timed out. (connect timeout=20.0)'). Giving up after 1 retries
ERROR: [download] Got error: (<HTTPSConnection(host='rr8---sn-ab02a0nfpgxapox-bh2ez.googlevideo.com', port=443) at 0x7f5ed2a80f90>, 'Connection to rr8---sn-ab02a0nfpgxapox-bh2ez.googlevideo.com timed out. (connect timeout=20.0)'). Giving up after 1 retries
ERROR: [download] Got error: (<HTTPSConnection(host='rr3---sn-ab02a0nfpgxapox-bh2e6.googlevideo.com', port=443) at 0x7f5ed2c6d110>, 'Connection to rr3---sn-ab02a0nfpgxapox-bh2e6.googlevideo.com timed out. (connect timeout=20.0)'). Giving up after 1 retries
ERROR: [download] Got error: (<HTTPSConnection(host='rr6---sn-ab02a0nfpgxapox-bh2sd.googlevideo.com', port=443) at 0x7f5ed2c67990>, 'Connection to rr6---sn-ab02a0nfpgxapox-bh2sd.googlevideo.com timed out. (connect timeout=20.0)'). Giving up after 1 retries
/workspace/26Dacon_DeepVoice/data_pipeline/download_real_clips.py:78: UserWarning: PySoundFile failed. Trying audioread instead.
  audio, sr = librosa.load(src, sr=SAMPLE_RATE, mono=True)
/workspace/26Dacon_DeepVoice/.venv/lib/python3.11/site-packages/librosa/core/audio.py:184: FutureWarning: librosa.core.audio.__audioread_load
	Deprecated as of librosa version 0.10.0.
	It will be removed in librosa version 1.0.
  y, sr_native = __audioread_load(path, offset, duration, dtype)
/workspace/26Dacon_DeepVoice/data_pipeline/download_real_clips.py:78: UserWarning: PySoundFile failed. Trying audioread instead.
  audio, sr = librosa.load(src, sr=SAMPLE_RATE, mono=True)
/workspace/26Dacon_DeepVoice/.venv/lib/python3.11/site-packages/librosa/core/audio.py:184: FutureWarning: librosa.core.audio.__audioread_load
	Deprecated as of librosa version 0.10.0.
	It will be removed in librosa version 1.0.
  y, sr_native = __audioread_load(path, offset, duration, dtype)
/workspace/26Dacon_DeepVoice/data_pipeline/download_real_clips.py:78: UserWarning: PySoundFile failed. Trying audioread instead.
  audio, sr = librosa.load(src, sr=SAMPLE_RATE, mono=True)
/workspace/26Dacon_DeepVoice/.venv/lib/python3.11/site-packages/librosa/core/audio.py:184: FutureWarning: librosa.core.audio.__audioread_load
	Deprecated as of librosa version 0.10.0.
	It will be removed in librosa version 1.0.
  y, sr_native = __audioread_load(path, offset, duration, dtype)
[ok] real_16226 (train=95 valid=15)
[ok] real_13973 (train=96 valid=15)
/workspace/26Dacon_DeepVoice/data_pipeline/download_real_clips.py:78: UserWarning: PySoundFile failed. Trying audioread instead.
  audio, sr = librosa.load(src, sr=SAMPLE_RATE, mono=True)
/workspace/26Dacon_DeepVoice/.venv/lib/python3.11/site-packages/librosa/core/audio.py:184: FutureWarning: librosa.core.audio.__audioread_load
	Deprecated as of librosa version 0.10.0.
	It will be removed in librosa version 1.0.
  y, sr_native = __audioread_load(path, offset, duration, dtype)
[ok] real_48150 (train=97 valid=15)
/workspace/26Dacon_DeepVoice/data_pipeline/download_real_clips.py:78: UserWarning: PySoundFile failed. Trying audioread instead.
  audio, sr = librosa.load(src, sr=SAMPLE_RATE, mono=True)
/workspace/26Dacon_DeepVoice/.venv/lib/python3.11/site-packages/librosa/core/audio.py:184: FutureWarning: librosa.core.audio.__audioread_load
	Deprecated as of librosa version 0.10.0.
	It will be removed in librosa version 1.0.
  y, sr_native = __audioread_load(path, offset, duration, dtype)
[ok] real_18507 (train=98 valid=15)
[ok] real_28634 (train=99 valid=15)
ERROR: [youtube] 5LrPqWAa8wA: Video unavailable
[fail] real_05944 (5LrPqWAa8wA): ERROR: [youtube] 5LrPqWAa8wA: Video unavailable
/workspace/26Dacon_DeepVoice/data_pipeline/download_real_clips.py:78: UserWarning: PySoundFile failed. Trying audioread instead.
  audio, sr = librosa.load(src, sr=SAMPLE_RATE, mono=True)
/workspace/26Dacon_DeepVoice/.venv/lib/python3.11/site-packages/librosa/core/audio.py:184: FutureWarning: librosa.core.audio.__audioread_load
	Deprecated as of librosa version 0.10.0.
	It will be removed in librosa version 1.0.
  y, sr_native = __audioread_load(path, offset, duration, dtype)
/workspace/26Dacon_DeepVoice/data_pipeline/download_real_clips.py:78: UserWarning: PySoundFile failed. Trying audioread instead.
  audio, sr = librosa.load(src, sr=SAMPLE_RATE, mono=True)
/workspace/26Dacon_DeepVoice/.venv/lib/python3.11/site-packages/librosa/core/audio.py:184: FutureWarning: librosa.core.audio.__audioread_load
	Deprecated as of librosa version 0.10.0.
	It will be removed in librosa version 1.0.
  y, sr_native = __audioread_load(path, offset, duration, dtype)
[ok] real_03876 (train=100 valid=15)
/workspace/26Dacon_DeepVoice/data_pipeline/download_real_clips.py:78: UserWarning: PySoundFile failed. Trying audioread instead.
  audio, sr = librosa.load(src, sr=SAMPLE_RATE, mono=True)
/workspace/26Dacon_DeepVoice/.venv/lib/python3.11/site-packages/librosa/core/audio.py:184: FutureWarning: librosa.core.audio.__audioread_load
	Deprecated as of librosa version 0.10.0.
	It will be removed in librosa version 1.0.
  y, sr_native = __audioread_load(path, offset, duration, dtype)
[ok] real_16275 (train=101 valid=15)
/workspace/26Dacon_DeepVoice/data_pipeline/download_real_clips.py:78: UserWarning: PySoundFile failed. Trying audioread instead.
  audio, sr = librosa.load(src, sr=SAMPLE_RATE, mono=True)
/workspace/26Dacon_DeepVoice/.venv/lib/python3.11/site-packages/librosa/core/audio.py:184: FutureWarning: librosa.core.audio.__audioread_load
	Deprecated as of librosa version 0.10.0.
	It will be removed in librosa version 1.0.
  y, sr_native = __audioread_load(path, offset, duration, dtype)
[ok] real_16858 (train=101 valid=16)
/workspace/26Dacon_DeepVoice/data_pipeline/download_real_clips.py:78: UserWarning: PySoundFile failed. Trying audioread instead.
  audio, sr = librosa.load(src, sr=SAMPLE_RATE, mono=True)
/workspace/26Dacon_DeepVoice/.venv/lib/python3.11/site-packages/librosa/core/audio.py:184: FutureWarning: librosa.core.audio.__audioread_load
	Deprecated as of librosa version 0.10.0.
	It will be removed in librosa version 1.0.
  y, sr_native = __audioread_load(path, offset, duration, dtype)
[ok] real_16505 (train=102 valid=16)
ERROR: [youtube] axsD7jMteCE: Video unavailable
[fail] real_40577 (axsD7jMteCE): ERROR: [youtube] axsD7jMteCE: Video unavailable
[ok] real_26328 (train=103 valid=16)
/workspace/26Dacon_DeepVoice/data_pipeline/download_real_clips.py:78: UserWarning: PySoundFile failed. Trying audioread instead.
  audio, sr = librosa.load(src, sr=SAMPLE_RATE, mono=True)
/workspace/26Dacon_DeepVoice/.venv/lib/python3.11/site-packages/librosa/core/audio.py:184: FutureWarning: librosa.core.audio.__audioread_load
	Deprecated as of librosa version 0.10.0.
	It will be removed in librosa version 1.0.
  y, sr_native = __audioread_load(path, offset, duration, dtype)
[ok] real_31709 (train=104 valid=16)
ERROR: [youtube] BmsM-TiL3o4: Video unavailable
[fail] real_03277 (BmsM-TiL3o4): ERROR: [youtube] BmsM-TiL3o4: Video unavailable
/workspace/26Dacon_DeepVoice/data_pipeline/download_real_clips.py:78: UserWarning: PySoundFile failed. Trying audioread instead.
  audio, sr = librosa.load(src, sr=SAMPLE_RATE, mono=True)
/workspace/26Dacon_DeepVoice/.venv/lib/python3.11/site-packages/librosa/core/audio.py:184: FutureWarning: librosa.core.audio.__audioread_load
	Deprecated as of librosa version 0.10.0.
	It will be removed in librosa version 1.0.
  y, sr_native = __audioread_load(path, offset, duration, dtype)
[ok] real_17529 (train=105 valid=16)
/workspace/26Dacon_DeepVoice/data_pipeline/download_real_clips.py:78: UserWarning: PySoundFile failed. Trying audioread instead.
  audio, sr = librosa.load(src, sr=SAMPLE_RATE, mono=True)
/workspace/26Dacon_DeepVoice/.venv/lib/python3.11/site-packages/librosa/core/audio.py:184: FutureWarning: librosa.core.audio.__audioread_load
	Deprecated as of librosa version 0.10.0.
	It will be removed in librosa version 1.0.
  y, sr_native = __audioread_load(path, offset, duration, dtype)
[ok] real_13261 (train=106 valid=16)
ERROR: [youtube] xQe6WSBNjGQ: Video unavailable
[fail] real_38351 (xQe6WSBNjGQ): ERROR: [youtube] xQe6WSBNjGQ: Video unavailable
/workspace/26Dacon_DeepVoice/data_pipeline/download_real_clips.py:78: UserWarning: PySoundFile failed. Trying audioread instead.
  audio, sr = librosa.load(src, sr=SAMPLE_RATE, mono=True)
/workspace/26Dacon_DeepVoice/.venv/lib/python3.11/site-packages/librosa/core/audio.py:184: FutureWarning: librosa.core.audio.__audioread_load
	Deprecated as of librosa version 0.10.0.
	It will be removed in librosa version 1.0.
  y, sr_native = __audioread_load(path, offset, duration, dtype)
/workspace/26Dacon_DeepVoice/data_pipeline/download_real_clips.py:78: UserWarning: PySoundFile failed. Trying audioread instead.
  audio, sr = librosa.load(src, sr=SAMPLE_RATE, mono=True)
/workspace/26Dacon_DeepVoice/.venv/lib/python3.11/site-packages/librosa/core/audio.py:184: FutureWarning: librosa.core.audio.__audioread_load
	Deprecated as of librosa version 0.10.0.
	It will be removed in librosa version 1.0.
  y, sr_native = __audioread_load(path, offset, duration, dtype)
[ok] real_10420 (train=107 valid=16)
[ok] real_00579 (train=108 valid=16)
/workspace/26Dacon_DeepVoice/data_pipeline/download_real_clips.py:78: UserWarning: PySoundFile failed. Trying audioread instead.
  audio, sr = librosa.load(src, sr=SAMPLE_RATE, mono=True)
/workspace/26Dacon_DeepVoice/.venv/lib/python3.11/site-packages/librosa/core/audio.py:184: FutureWarning: librosa.core.audio.__audioread_load
	Deprecated as of librosa version 0.10.0.
	It will be removed in librosa version 1.0.
  y, sr_native = __audioread_load(path, offset, duration, dtype)
[ok] real_10825 (train=108 valid=17)
/workspace/26Dacon_DeepVoice/data_pipeline/download_real_clips.py:78: UserWarning: PySoundFile failed. Trying audioread instead.
  audio, sr = librosa.load(src, sr=SAMPLE_RATE, mono=True)
/workspace/26Dacon_DeepVoice/.venv/lib/python3.11/site-packages/librosa/core/audio.py:184: FutureWarning: librosa.core.audio.__audioread_load
	Deprecated as of librosa version 0.10.0.
	It will be removed in librosa version 1.0.
  y, sr_native = __audioread_load(path, offset, duration, dtype)
[ok] real_33428 (train=109 valid=17)
/workspace/26Dacon_DeepVoice/data_pipeline/download_real_clips.py:78: UserWarning: PySoundFile failed. Trying audioread instead.
  audio, sr = librosa.load(src, sr=SAMPLE_RATE, mono=True)
/workspace/26Dacon_DeepVoice/.venv/lib/python3.11/site-packages/librosa/core/audio.py:184: FutureWarning: librosa.core.audio.__audioread_load
	Deprecated as of librosa version 0.10.0.
	It will be removed in librosa version 1.0.
  y, sr_native = __audioread_load(path, offset, duration, dtype)
ERROR: [youtube] gvuOge1T3oU: Video unavailable
[fail] real_37490 (gvuOge1T3oU): ERROR: [youtube] gvuOge1T3oU: Video unavailable
[ok] real_49979 (train=110 valid=17)
/workspace/26Dacon_DeepVoice/data_pipeline/download_real_clips.py:78: UserWarning: PySoundFile failed. Trying audioread instead.
  audio, sr = librosa.load(src, sr=SAMPLE_RATE, mono=True)
/workspace/26Dacon_DeepVoice/.venv/lib/python3.11/site-packages/librosa/core/audio.py:184: FutureWarning: librosa.core.audio.__audioread_load
	Deprecated as of librosa version 0.10.0.
	It will be removed in librosa version 1.0.
  y, sr_native = __audioread_load(path, offset, duration, dtype)
[ok] real_22228 (train=111 valid=17)
/workspace/26Dacon_DeepVoice/data_pipeline/download_real_clips.py:78: UserWarning: PySoundFile failed. Trying audioread instead.
  audio, sr = librosa.load(src, sr=SAMPLE_RATE, mono=True)
/workspace/26Dacon_DeepVoice/.venv/lib/python3.11/site-packages/librosa/core/audio.py:184: FutureWarning: librosa.core.audio.__audioread_load
	Deprecated as of librosa version 0.10.0.
	It will be removed in librosa version 1.0.
  y, sr_native = __audioread_load(path, offset, duration, dtype)
/workspace/26Dacon_DeepVoice/data_pipeline/download_real_clips.py:78: UserWarning: PySoundFile failed. Trying audioread instead.
  audio, sr = librosa.load(src, sr=SAMPLE_RATE, mono=True)
/workspace/26Dacon_DeepVoice/.venv/lib/python3.11/site-packages/librosa/core/audio.py:184: FutureWarning: librosa.core.audio.__audioread_load
	Deprecated as of librosa version 0.10.0.
	It will be removed in librosa version 1.0.
  y, sr_native = __audioread_load(path, offset, duration, dtype)
[ok] real_14867 (train=112 valid=17)
/workspace/26Dacon_DeepVoice/data_pipeline/download_real_clips.py:78: UserWarning: PySoundFile failed. Trying audioread instead.
  audio, sr = librosa.load(src, sr=SAMPLE_RATE, mono=True)
/workspace/26Dacon_DeepVoice/.venv/lib/python3.11/site-packages/librosa/core/audio.py:184: FutureWarning: librosa.core.audio.__audioread_load
	Deprecated as of librosa version 0.10.0.
	It will be removed in librosa version 1.0.
  y, sr_native = __audioread_load(path, offset, duration, dtype)
[ok] real_19435 (train=113 valid=17)
[ok] real_29171 (train=114 valid=17)
/workspace/26Dacon_DeepVoice/data_pipeline/download_real_clips.py:78: UserWarning: PySoundFile failed. Trying audioread instead.
  audio, sr = librosa.load(src, sr=SAMPLE_RATE, mono=True)
/workspace/26Dacon_DeepVoice/.venv/lib/python3.11/site-packages/librosa/core/audio.py:184: FutureWarning: librosa.core.audio.__audioread_load
	Deprecated as of librosa version 0.10.0.
	It will be removed in librosa version 1.0.
  y, sr_native = __audioread_load(path, offset, duration, dtype)
[ok] real_17725 (train=115 valid=17)
/workspace/26Dacon_DeepVoice/data_pipeline/download_real_clips.py:78: UserWarning: PySoundFile failed. Trying audioread instead.
  audio, sr = librosa.load(src, sr=SAMPLE_RATE, mono=True)
/workspace/26Dacon_DeepVoice/.venv/lib/python3.11/site-packages/librosa/core/audio.py:184: FutureWarning: librosa.core.audio.__audioread_load
	Deprecated as of librosa version 0.10.0.
	It will be removed in librosa version 1.0.
  y, sr_native = __audioread_load(path, offset, duration, dtype)
[ok] real_17559 (train=116 valid=17)
ERROR: unable to download video data: HTTPSConnectionPool(host='manifest.googlevideo.com', port=443): Read timed out. (read timeout=20.0)
[fail] real_36801 (jB8o7YiTV6w): ERROR: unable to download video data: HTTPSConnectionPool(host='manifest.googlevideo.com', port=443): Read timed out. (read timeout=20.0)
ERROR: [download] Got error: (<HTTPSConnection(host='rr1---sn-ab02a0nfpgxapox-bh2zz.googlevideo.com', port=443) at 0x7f5ed1f73710>, 'Connection to rr1---sn-ab02a0nfpgxapox-bh2zz.googlevideo.com timed out. (connect timeout=20.0)'). Giving up after 1 retries
ERROR: [download] Got error: (<HTTPSConnection(host='rr2---sn-ab02a0nfpgxapox-bh2zr.googlevideo.com', port=443) at 0x7f5ed2b52410>, 'Connection to rr2---sn-ab02a0nfpgxapox-bh2zr.googlevideo.com timed out. (connect timeout=20.0)'). Giving up after 1 retries
ERROR: [download] Got error: (<HTTPSConnection(host='rr7---sn-ab02a0nfpgxapox-bh266.googlevideo.com', port=443) at 0x7f5ed2c25050>, 'Connection to rr7---sn-ab02a0nfpgxapox-bh266.googlevideo.com timed out. (connect timeout=20.0)'). Giving up after 1 retries
ERROR: [download] Got error: (<HTTPSConnection(host='rr10---sn-ab02a0nfpgxapox-bh2lk.googlevideo.com', port=443) at 0x7f5f380f8cd0>, 'Connection to rr10---sn-ab02a0nfpgxapox-bh2lk.googlevideo.com timed out. (connect timeout=20.0)'). Giving up after 1 retries
/workspace/26Dacon_DeepVoice/data_pipeline/download_real_clips.py:78: UserWarning: PySoundFile failed. Trying audioread instead.
  audio, sr = librosa.load(src, sr=SAMPLE_RATE, mono=True)
/workspace/26Dacon_DeepVoice/.venv/lib/python3.11/site-packages/librosa/core/audio.py:184: FutureWarning: librosa.core.audio.__audioread_load
	Deprecated as of librosa version 0.10.0.
	It will be removed in librosa version 1.0.
  y, sr_native = __audioread_load(path, offset, duration, dtype)
ERROR: [download] Got error: (<HTTPSConnection(host='rr4---sn-ab02a0nfpgxapox-bh2zs.googlevideo.com', port=443) at 0x7f5f131d6810>, 'Connection to rr4---sn-ab02a0nfpgxapox-bh2zs.googlevideo.com timed out. (connect timeout=20.0)'). Giving up after 1 retries
ERROR: [download] Got error: (<HTTPSConnection(host='rr3---sn-ab02a0nfpgxapox-bh266.googlevideo.com', port=443) at 0x7f5f131d4750>, 'Connection to rr3---sn-ab02a0nfpgxapox-bh266.googlevideo.com timed out. (connect timeout=20.0)'). Giving up after 1 retries
[ok] real_43801 (train=117 valid=17)
ERROR: [download] Got error: (<HTTPSConnection(host='rr4---sn-ab02a0nfpgxapox-bh2sd.googlevideo.com', port=443) at 0x7f5ed2a5f750>, 'Connection to rr4---sn-ab02a0nfpgxapox-bh2sd.googlevideo.com timed out. (connect timeout=20.0)'). Giving up after 1 retries
/workspace/26Dacon_DeepVoice/data_pipeline/download_real_clips.py:78: UserWarning: PySoundFile failed. Trying audioread instead.
  audio, sr = librosa.load(src, sr=SAMPLE_RATE, mono=True)
/workspace/26Dacon_DeepVoice/.venv/lib/python3.11/site-packages/librosa/core/audio.py:184: FutureWarning: librosa.core.audio.__audioread_load
	Deprecated as of librosa version 0.10.0.
	It will be removed in librosa version 1.0.
  y, sr_native = __audioread_load(path, offset, duration, dtype)
[ok] real_17315 (train=118 valid=17)
/workspace/26Dacon_DeepVoice/data_pipeline/download_real_clips.py:78: UserWarning: PySoundFile failed. Trying audioread instead.
  audio, sr = librosa.load(src, sr=SAMPLE_RATE, mono=True)
/workspace/26Dacon_DeepVoice/.venv/lib/python3.11/site-packages/librosa/core/audio.py:184: FutureWarning: librosa.core.audio.__audioread_load
	Deprecated as of librosa version 0.10.0.
	It will be removed in librosa version 1.0.
  y, sr_native = __audioread_load(path, offset, duration, dtype)
/workspace/26Dacon_DeepVoice/data_pipeline/download_real_clips.py:78: UserWarning: PySoundFile failed. Trying audioread instead.
  audio, sr = librosa.load(src, sr=SAMPLE_RATE, mono=True)
/workspace/26Dacon_DeepVoice/.venv/lib/python3.11/site-packages/librosa/core/audio.py:184: FutureWarning: librosa.core.audio.__audioread_load
	Deprecated as of librosa version 0.10.0.
	It will be removed in librosa version 1.0.
  y, sr_native = __audioread_load(path, offset, duration, dtype)
/workspace/26Dacon_DeepVoice/data_pipeline/download_real_clips.py:78: UserWarning: PySoundFile failed. Trying audioread instead.
  audio, sr = librosa.load(src, sr=SAMPLE_RATE, mono=True)
/workspace/26Dacon_DeepVoice/.venv/lib/python3.11/site-packages/librosa/core/audio.py:184: FutureWarning: librosa.core.audio.__audioread_load
	Deprecated as of librosa version 0.10.0.
	It will be removed in librosa version 1.0.
  y, sr_native = __audioread_load(path, offset, duration, dtype)
/workspace/26Dacon_DeepVoice/data_pipeline/download_real_clips.py:78: UserWarning: PySoundFile failed. Trying audioread instead.
  audio, sr = librosa.load(src, sr=SAMPLE_RATE, mono=True)
/workspace/26Dacon_DeepVoice/.venv/lib/python3.11/site-packages/librosa/core/audio.py:184: FutureWarning: librosa.core.audio.__audioread_load
	Deprecated as of librosa version 0.10.0.
	It will be removed in librosa version 1.0.
  y, sr_native = __audioread_load(path, offset, duration, dtype)
[ok] real_39409 (train=119 valid=17)
[ok] real_19949 (train=120 valid=17)
[ok] real_19415 (train=121 valid=17)
[ok] real_22280 (train=122 valid=17)
ERROR: [youtube] AadDrvsC8l4: Video unavailable
[fail] real_35951 (AadDrvsC8l4): ERROR: [youtube] AadDrvsC8l4: Video unavailable
ERROR: [youtube] Mp3dsvJumTk: Video unavailable
[fail] real_19145 (Mp3dsvJumTk): ERROR: [youtube] Mp3dsvJumTk: Video unavailable
/workspace/26Dacon_DeepVoice/data_pipeline/download_real_clips.py:78: UserWarning: PySoundFile failed. Trying audioread instead.
  audio, sr = librosa.load(src, sr=SAMPLE_RATE, mono=True)
/workspace/26Dacon_DeepVoice/.venv/lib/python3.11/site-packages/librosa/core/audio.py:184: FutureWarning: librosa.core.audio.__audioread_load
	Deprecated as of librosa version 0.10.0.
	It will be removed in librosa version 1.0.
  y, sr_native = __audioread_load(path, offset, duration, dtype)
/workspace/26Dacon_DeepVoice/data_pipeline/download_real_clips.py:78: UserWarning: PySoundFile failed. Trying audioread instead.
  audio, sr = librosa.load(src, sr=SAMPLE_RATE, mono=True)
/workspace/26Dacon_DeepVoice/.venv/lib/python3.11/site-packages/librosa/core/audio.py:184: FutureWarning: librosa.core.audio.__audioread_load
	Deprecated as of librosa version 0.10.0.
	It will be removed in librosa version 1.0.
  y, sr_native = __audioread_load(path, offset, duration, dtype)
[ok] real_51463 (train=122 valid=18)
[ok] real_04592 (train=122 valid=19)
/workspace/26Dacon_DeepVoice/data_pipeline/download_real_clips.py:78: UserWarning: PySoundFile failed. Trying audioread instead.
  audio, sr = librosa.load(src, sr=SAMPLE_RATE, mono=True)
/workspace/26Dacon_DeepVoice/.venv/lib/python3.11/site-packages/librosa/core/audio.py:184: FutureWarning: librosa.core.audio.__audioread_load
	Deprecated as of librosa version 0.10.0.
	It will be removed in librosa version 1.0.
  y, sr_native = __audioread_load(path, offset, duration, dtype)
[ok] real_29822 (train=123 valid=19)
ERROR: [youtube] dNEiUoegCGQ: Video unavailable
[fail] real_40008 (dNEiUoegCGQ): ERROR: [youtube] dNEiUoegCGQ: Video unavailable
/workspace/26Dacon_DeepVoice/data_pipeline/download_real_clips.py:78: UserWarning: PySoundFile failed. Trying audioread instead.
  audio, sr = librosa.load(src, sr=SAMPLE_RATE, mono=True)
/workspace/26Dacon_DeepVoice/.venv/lib/python3.11/site-packages/librosa/core/audio.py:184: FutureWarning: librosa.core.audio.__audioread_load
	Deprecated as of librosa version 0.10.0.
	It will be removed in librosa version 1.0.
  y, sr_native = __audioread_load(path, offset, duration, dtype)
/workspace/26Dacon_DeepVoice/data_pipeline/download_real_clips.py:78: UserWarning: PySoundFile failed. Trying audioread instead.
  audio, sr = librosa.load(src, sr=SAMPLE_RATE, mono=True)
/workspace/26Dacon_DeepVoice/.venv/lib/python3.11/site-packages/librosa/core/audio.py:184: FutureWarning: librosa.core.audio.__audioread_load
	Deprecated as of librosa version 0.10.0.
	It will be removed in librosa version 1.0.
  y, sr_native = __audioread_load(path, offset, duration, dtype)
/workspace/26Dacon_DeepVoice/data_pipeline/download_real_clips.py:78: UserWarning: PySoundFile failed. Trying audioread instead.
  audio, sr = librosa.load(src, sr=SAMPLE_RATE, mono=True)
/workspace/26Dacon_DeepVoice/.venv/lib/python3.11/site-packages/librosa/core/audio.py:184: FutureWarning: librosa.core.audio.__audioread_load
	Deprecated as of librosa version 0.10.0.
	It will be removed in librosa version 1.0.
  y, sr_native = __audioread_load(path, offset, duration, dtype)
[ok] real_07179 (train=124 valid=19)
[ok] real_31987 (train=125 valid=19)
[ok] real_31355 (train=126 valid=19)
/workspace/26Dacon_DeepVoice/data_pipeline/download_real_clips.py:78: UserWarning: PySoundFile failed. Trying audioread instead.
  audio, sr = librosa.load(src, sr=SAMPLE_RATE, mono=True)
/workspace/26Dacon_DeepVoice/.venv/lib/python3.11/site-packages/librosa/core/audio.py:184: FutureWarning: librosa.core.audio.__audioread_load
	Deprecated as of librosa version 0.10.0.
	It will be removed in librosa version 1.0.
  y, sr_native = __audioread_load(path, offset, duration, dtype)
/workspace/26Dacon_DeepVoice/data_pipeline/download_real_clips.py:78: UserWarning: PySoundFile failed. Trying audioread instead.
  audio, sr = librosa.load(src, sr=SAMPLE_RATE, mono=True)
/workspace/26Dacon_DeepVoice/.venv/lib/python3.11/site-packages/librosa/core/audio.py:184: FutureWarning: librosa.core.audio.__audioread_load
	Deprecated as of librosa version 0.10.0.
	It will be removed in librosa version 1.0.
  y, sr_native = __audioread_load(path, offset, duration, dtype)
[ok] real_29001 (train=127 valid=19)
[ok] real_30483 (train=128 valid=19)
/workspace/26Dacon_DeepVoice/data_pipeline/download_real_clips.py:78: UserWarning: PySoundFile failed. Trying audioread instead.
  audio, sr = librosa.load(src, sr=SAMPLE_RATE, mono=True)
/workspace/26Dacon_DeepVoice/.venv/lib/python3.11/site-packages/librosa/core/audio.py:184: FutureWarning: librosa.core.audio.__audioread_load
	Deprecated as of librosa version 0.10.0.
	It will be removed in librosa version 1.0.
  y, sr_native = __audioread_load(path, offset, duration, dtype)
[ok] real_43124 (train=129 valid=19)
/workspace/26Dacon_DeepVoice/data_pipeline/download_real_clips.py:78: UserWarning: PySoundFile failed. Trying audioread instead.
  audio, sr = librosa.load(src, sr=SAMPLE_RATE, mono=True)
/workspace/26Dacon_DeepVoice/.venv/lib/python3.11/site-packages/librosa/core/audio.py:184: FutureWarning: librosa.core.audio.__audioread_load
	Deprecated as of librosa version 0.10.0.
	It will be removed in librosa version 1.0.
  y, sr_native = __audioread_load(path, offset, duration, dtype)
/workspace/26Dacon_DeepVoice/data_pipeline/download_real_clips.py:78: UserWarning: PySoundFile failed. Trying audioread instead.
  audio, sr = librosa.load(src, sr=SAMPLE_RATE, mono=True)
/workspace/26Dacon_DeepVoice/.venv/lib/python3.11/site-packages/librosa/core/audio.py:184: FutureWarning: librosa.core.audio.__audioread_load
	Deprecated as of librosa version 0.10.0.
	It will be removed in librosa version 1.0.
  y, sr_native = __audioread_load(path, offset, duration, dtype)
[ok] real_03782 (train=130 valid=19)
[ok] real_26763 (train=131 valid=19)
/workspace/26Dacon_DeepVoice/data_pipeline/download_real_clips.py:78: UserWarning: PySoundFile failed. Trying audioread instead.
  audio, sr = librosa.load(src, sr=SAMPLE_RATE, mono=True)
/workspace/26Dacon_DeepVoice/.venv/lib/python3.11/site-packages/librosa/core/audio.py:184: FutureWarning: librosa.core.audio.__audioread_load
	Deprecated as of librosa version 0.10.0.
	It will be removed in librosa version 1.0.
  y, sr_native = __audioread_load(path, offset, duration, dtype)
/workspace/26Dacon_DeepVoice/data_pipeline/download_real_clips.py:78: UserWarning: PySoundFile failed. Trying audioread instead.
  audio, sr = librosa.load(src, sr=SAMPLE_RATE, mono=True)
/workspace/26Dacon_DeepVoice/.venv/lib/python3.11/site-packages/librosa/core/audio.py:184: FutureWarning: librosa.core.audio.__audioread_load
	Deprecated as of librosa version 0.10.0.
	It will be removed in librosa version 1.0.
  y, sr_native = __audioread_load(path, offset, duration, dtype)
[ok] real_33662 (train=132 valid=19)
[ok] real_44523 (train=133 valid=19)
/workspace/26Dacon_DeepVoice/data_pipeline/download_real_clips.py:78: UserWarning: PySoundFile failed. Trying audioread instead.
  audio, sr = librosa.load(src, sr=SAMPLE_RATE, mono=True)
/workspace/26Dacon_DeepVoice/.venv/lib/python3.11/site-packages/librosa/core/audio.py:184: FutureWarning: librosa.core.audio.__audioread_load
	Deprecated as of librosa version 0.10.0.
	It will be removed in librosa version 1.0.
  y, sr_native = __audioread_load(path, offset, duration, dtype)
[ok] real_16128 (train=134 valid=19)
/workspace/26Dacon_DeepVoice/data_pipeline/download_real_clips.py:78: UserWarning: PySoundFile failed. Trying audioread instead.
  audio, sr = librosa.load(src, sr=SAMPLE_RATE, mono=True)
/workspace/26Dacon_DeepVoice/.venv/lib/python3.11/site-packages/librosa/core/audio.py:184: FutureWarning: librosa.core.audio.__audioread_load
	Deprecated as of librosa version 0.10.0.
	It will be removed in librosa version 1.0.
  y, sr_native = __audioread_load(path, offset, duration, dtype)
[ok] real_03114 (train=135 valid=19)
/workspace/26Dacon_DeepVoice/data_pipeline/download_real_clips.py:78: UserWarning: PySoundFile failed. Trying audioread instead.
  audio, sr = librosa.load(src, sr=SAMPLE_RATE, mono=True)
/workspace/26Dacon_DeepVoice/.venv/lib/python3.11/site-packages/librosa/core/audio.py:184: FutureWarning: librosa.core.audio.__audioread_load
	Deprecated as of librosa version 0.10.0.
	It will be removed in librosa version 1.0.
  y, sr_native = __audioread_load(path, offset, duration, dtype)
[ok] real_34132 (train=136 valid=19)
/workspace/26Dacon_DeepVoice/data_pipeline/download_real_clips.py:78: UserWarning: PySoundFile failed. Trying audioread instead.
  audio, sr = librosa.load(src, sr=SAMPLE_RATE, mono=True)
/workspace/26Dacon_DeepVoice/.venv/lib/python3.11/site-packages/librosa/core/audio.py:184: FutureWarning: librosa.core.audio.__audioread_load
	Deprecated as of librosa version 0.10.0.
	It will be removed in librosa version 1.0.
  y, sr_native = __audioread_load(path, offset, duration, dtype)
ERROR: [youtube] OnOdFuMHUhQ: Video unavailable
[fail] real_24867 (OnOdFuMHUhQ): ERROR: [youtube] OnOdFuMHUhQ: Video unavailable
[ok] real_40064 (train=137 valid=19)
/workspace/26Dacon_DeepVoice/data_pipeline/download_real_clips.py:78: UserWarning: PySoundFile failed. Trying audioread instead.
  audio, sr = librosa.load(src, sr=SAMPLE_RATE, mono=True)
/workspace/26Dacon_DeepVoice/.venv/lib/python3.11/site-packages/librosa/core/audio.py:184: FutureWarning: librosa.core.audio.__audioread_load
	Deprecated as of librosa version 0.10.0.
	It will be removed in librosa version 1.0.
  y, sr_native = __audioread_load(path, offset, duration, dtype)
[ok] real_05798 (train=138 valid=19)
/workspace/26Dacon_DeepVoice/data_pipeline/download_real_clips.py:78: UserWarning: PySoundFile failed. Trying audioread instead.
  audio, sr = librosa.load(src, sr=SAMPLE_RATE, mono=True)
/workspace/26Dacon_DeepVoice/.venv/lib/python3.11/site-packages/librosa/core/audio.py:184: FutureWarning: librosa.core.audio.__audioread_load
	Deprecated as of librosa version 0.10.0.
	It will be removed in librosa version 1.0.
  y, sr_native = __audioread_load(path, offset, duration, dtype)
[ok] real_34280 (train=139 valid=19)
ERROR: [youtube] QY77I0sykJI: Video unavailable
[fail] real_36709 (QY77I0sykJI): ERROR: [youtube] QY77I0sykJI: Video unavailable
/workspace/26Dacon_DeepVoice/data_pipeline/download_real_clips.py:78: UserWarning: PySoundFile failed. Trying audioread instead.
  audio, sr = librosa.load(src, sr=SAMPLE_RATE, mono=True)
/workspace/26Dacon_DeepVoice/.venv/lib/python3.11/site-packages/librosa/core/audio.py:184: FutureWarning: librosa.core.audio.__audioread_load
	Deprecated as of librosa version 0.10.0.
	It will be removed in librosa version 1.0.
  y, sr_native = __audioread_load(path, offset, duration, dtype)
[ok] real_26379 (train=140 valid=19)
/workspace/26Dacon_DeepVoice/data_pipeline/download_real_clips.py:78: UserWarning: PySoundFile failed. Trying audioread instead.
  audio, sr = librosa.load(src, sr=SAMPLE_RATE, mono=True)
/workspace/26Dacon_DeepVoice/.venv/lib/python3.11/site-packages/librosa/core/audio.py:184: FutureWarning: librosa.core.audio.__audioread_load
	Deprecated as of librosa version 0.10.0.
	It will be removed in librosa version 1.0.
  y, sr_native = __audioread_load(path, offset, duration, dtype)
ERROR: [youtube] wlPbUqXyaZ4: Video unavailable
[fail] real_16508 (wlPbUqXyaZ4): ERROR: [youtube] wlPbUqXyaZ4: Video unavailable
/workspace/26Dacon_DeepVoice/data_pipeline/download_real_clips.py:78: UserWarning: PySoundFile failed. Trying audioread instead.
  audio, sr = librosa.load(src, sr=SAMPLE_RATE, mono=True)
/workspace/26Dacon_DeepVoice/.venv/lib/python3.11/site-packages/librosa/core/audio.py:184: FutureWarning: librosa.core.audio.__audioread_load
	Deprecated as of librosa version 0.10.0.
	It will be removed in librosa version 1.0.
  y, sr_native = __audioread_load(path, offset, duration, dtype)
[ok] real_13101 (train=141 valid=19)
[ok] real_32116 (train=142 valid=19)
/workspace/26Dacon_DeepVoice/data_pipeline/download_real_clips.py:78: UserWarning: PySoundFile failed. Trying audioread instead.
  audio, sr = librosa.load(src, sr=SAMPLE_RATE, mono=True)
/workspace/26Dacon_DeepVoice/.venv/lib/python3.11/site-packages/librosa/core/audio.py:184: FutureWarning: librosa.core.audio.__audioread_load
	Deprecated as of librosa version 0.10.0.
	It will be removed in librosa version 1.0.
  y, sr_native = __audioread_load(path, offset, duration, dtype)
[ok] real_19236 (train=143 valid=19)
/workspace/26Dacon_DeepVoice/data_pipeline/download_real_clips.py:78: UserWarning: PySoundFile failed. Trying audioread instead.
  audio, sr = librosa.load(src, sr=SAMPLE_RATE, mono=True)
/workspace/26Dacon_DeepVoice/.venv/lib/python3.11/site-packages/librosa/core/audio.py:184: FutureWarning: librosa.core.audio.__audioread_load
	Deprecated as of librosa version 0.10.0.
	It will be removed in librosa version 1.0.
  y, sr_native = __audioread_load(path, offset, duration, dtype)
/workspace/26Dacon_DeepVoice/data_pipeline/download_real_clips.py:78: UserWarning: PySoundFile failed. Trying audioread instead.
  audio, sr = librosa.load(src, sr=SAMPLE_RATE, mono=True)
/workspace/26Dacon_DeepVoice/.venv/lib/python3.11/site-packages/librosa/core/audio.py:184: FutureWarning: librosa.core.audio.__audioread_load
	Deprecated as of librosa version 0.10.0.
	It will be removed in librosa version 1.0.
  y, sr_native = __audioread_load(path, offset, duration, dtype)
[ok] real_14240 (train=143 valid=20)
[ok] real_48892 (train=144 valid=20)
/workspace/26Dacon_DeepVoice/data_pipeline/download_real_clips.py:78: UserWarning: PySoundFile failed. Trying audioread instead.
  audio, sr = librosa.load(src, sr=SAMPLE_RATE, mono=True)
/workspace/26Dacon_DeepVoice/.venv/lib/python3.11/site-packages/librosa/core/audio.py:184: FutureWarning: librosa.core.audio.__audioread_load
	Deprecated as of librosa version 0.10.0.
	It will be removed in librosa version 1.0.
  y, sr_native = __audioread_load(path, offset, duration, dtype)
[ok] real_49305 (train=145 valid=20)
/workspace/26Dacon_DeepVoice/data_pipeline/download_real_clips.py:78: UserWarning: PySoundFile failed. Trying audioread instead.
  audio, sr = librosa.load(src, sr=SAMPLE_RATE, mono=True)
/workspace/26Dacon_DeepVoice/.venv/lib/python3.11/site-packages/librosa/core/audio.py:184: FutureWarning: librosa.core.audio.__audioread_load
	Deprecated as of librosa version 0.10.0.
	It will be removed in librosa version 1.0.
  y, sr_native = __audioread_load(path, offset, duration, dtype)
ERROR: [download] Got error: HTTP Error 503: Service Unavailable. Giving up after 1 retries
ERROR: [download] Got error: HTTP Error 503: Service Unavailable. Giving up after 1 retries
ERROR: [download] Got error: HTTP Error 503: Service Unavailable. Giving up after 1 retries
ERROR: [download] Got error: HTTP Error 503: Service Unavailable. Giving up after 1 retries
ERROR: [download] Got error: HTTP Error 503: Service Unavailable. Giving up after 1 retries
ERROR: [download] Got error: HTTP Error 503: Service Unavailable. Giving up after 1 retries
ERROR: [download] Got error: HTTP Error 503: Service Unavailable. Giving up after 1 retries
ERROR: [download] Got error: HTTP Error 503: Service Unavailable. Giving up after 1 retries
ERROR: [download] Got error: HTTP Error 503: Service Unavailable. Giving up after 1 retries
ERROR: [download] Got error: HTTP Error 503: Service Unavailable. Giving up after 1 retries
[ok] real_21085 (train=146 valid=20)
ERROR: [download] Got error: HTTP Error 503: Service Unavailable. Giving up after 1 retries
ERROR: [download] Got error: HTTP Error 503: Service Unavailable. Giving up after 1 retries
ERROR: [download] Got error: HTTP Error 503: Service Unavailable. Giving up after 1 retries
ERROR: [download] Got error: HTTP Error 503: Service Unavailable. Giving up after 1 retries
ERROR: [download] Got error: HTTP Error 503: Service Unavailable. Giving up after 1 retries
ERROR: [download] Got error: HTTP Error 503: Service Unavailable. Giving up after 1 retries
ERROR: [download] Got error: HTTP Error 503: Service Unavailable. Giving up after 1 retries
/workspace/26Dacon_DeepVoice/data_pipeline/download_real_clips.py:78: UserWarning: PySoundFile failed. Trying audioread instead.
  audio, sr = librosa.load(src, sr=SAMPLE_RATE, mono=True)
/workspace/26Dacon_DeepVoice/.venv/lib/python3.11/site-packages/librosa/core/audio.py:184: FutureWarning: librosa.core.audio.__audioread_load
	Deprecated as of librosa version 0.10.0.
	It will be removed in librosa version 1.0.
  y, sr_native = __audioread_load(path, offset, duration, dtype)
[ok] real_05438 (train=147 valid=20)
/workspace/26Dacon_DeepVoice/data_pipeline/download_real_clips.py:78: UserWarning: PySoundFile failed. Trying audioread instead.
  audio, sr = librosa.load(src, sr=SAMPLE_RATE, mono=True)
/workspace/26Dacon_DeepVoice/.venv/lib/python3.11/site-packages/librosa/core/audio.py:184: FutureWarning: librosa.core.audio.__audioread_load
	Deprecated as of librosa version 0.10.0.
	It will be removed in librosa version 1.0.
  y, sr_native = __audioread_load(path, offset, duration, dtype)
/workspace/26Dacon_DeepVoice/data_pipeline/download_real_clips.py:78: UserWarning: PySoundFile failed. Trying audioread instead.
  audio, sr = librosa.load(src, sr=SAMPLE_RATE, mono=True)
/workspace/26Dacon_DeepVoice/.venv/lib/python3.11/site-packages/librosa/core/audio.py:184: FutureWarning: librosa.core.audio.__audioread_load
	Deprecated as of librosa version 0.10.0.
	It will be removed in librosa version 1.0.
  y, sr_native = __audioread_load(path, offset, duration, dtype)
[ok] real_03225 (train=148 valid=20)
[ok] real_46354 (train=149 valid=20)
[ok] real_17430 (train=150 valid=20)
/workspace/26Dacon_DeepVoice/data_pipeline/download_real_clips.py:78: UserWarning: PySoundFile failed. Trying audioread instead.
  audio, sr = librosa.load(src, sr=SAMPLE_RATE, mono=True)
/workspace/26Dacon_DeepVoice/.venv/lib/python3.11/site-packages/librosa/core/audio.py:184: FutureWarning: librosa.core.audio.__audioread_load
	Deprecated as of librosa version 0.10.0.
	It will be removed in librosa version 1.0.
  y, sr_native = __audioread_load(path, offset, duration, dtype)
[ok] real_44453 (train=151 valid=20)
/workspace/26Dacon_DeepVoice/data_pipeline/download_real_clips.py:78: UserWarning: PySoundFile failed. Trying audioread instead.
  audio, sr = librosa.load(src, sr=SAMPLE_RATE, mono=True)
/workspace/26Dacon_DeepVoice/.venv/lib/python3.11/site-packages/librosa/core/audio.py:184: FutureWarning: librosa.core.audio.__audioread_load
	Deprecated as of librosa version 0.10.0.
	It will be removed in librosa version 1.0.
  y, sr_native = __audioread_load(path, offset, duration, dtype)
/workspace/26Dacon_DeepVoice/data_pipeline/download_real_clips.py:78: UserWarning: PySoundFile failed. Trying audioread instead.
  audio, sr = librosa.load(src, sr=SAMPLE_RATE, mono=True)
/workspace/26Dacon_DeepVoice/.venv/lib/python3.11/site-packages/librosa/core/audio.py:184: FutureWarning: librosa.core.audio.__audioread_load
	Deprecated as of librosa version 0.10.0.
	It will be removed in librosa version 1.0.
  y, sr_native = __audioread_load(path, offset, duration, dtype)
[ok] real_14133 (train=152 valid=20)
/workspace/26Dacon_DeepVoice/data_pipeline/download_real_clips.py:78: UserWarning: PySoundFile failed. Trying audioread instead.
  audio, sr = librosa.load(src, sr=SAMPLE_RATE, mono=True)
/workspace/26Dacon_DeepVoice/.venv/lib/python3.11/site-packages/librosa/core/audio.py:184: FutureWarning: librosa.core.audio.__audioread_load
	Deprecated as of librosa version 0.10.0.
	It will be removed in librosa version 1.0.
  y, sr_native = __audioread_load(path, offset, duration, dtype)
[ok] real_26504 (train=152 valid=21)
[ok] real_32840 (train=153 valid=21)
/workspace/26Dacon_DeepVoice/data_pipeline/download_real_clips.py:78: UserWarning: PySoundFile failed. Trying audioread instead.
  audio, sr = librosa.load(src, sr=SAMPLE_RATE, mono=True)
/workspace/26Dacon_DeepVoice/.venv/lib/python3.11/site-packages/librosa/core/audio.py:184: FutureWarning: librosa.core.audio.__audioread_load
	Deprecated as of librosa version 0.10.0.
	It will be removed in librosa version 1.0.
  y, sr_native = __audioread_load(path, offset, duration, dtype)
/workspace/26Dacon_DeepVoice/data_pipeline/download_real_clips.py:78: UserWarning: PySoundFile failed. Trying audioread instead.
  audio, sr = librosa.load(src, sr=SAMPLE_RATE, mono=True)
/workspace/26Dacon_DeepVoice/.venv/lib/python3.11/site-packages/librosa/core/audio.py:184: FutureWarning: librosa.core.audio.__audioread_load
	Deprecated as of librosa version 0.10.0.
	It will be removed in librosa version 1.0.
  y, sr_native = __audioread_load(path, offset, duration, dtype)
[ok] real_08254 (train=154 valid=21)
/workspace/26Dacon_DeepVoice/data_pipeline/download_real_clips.py:78: UserWarning: PySoundFile failed. Trying audioread instead.
  audio, sr = librosa.load(src, sr=SAMPLE_RATE, mono=True)
/workspace/26Dacon_DeepVoice/.venv/lib/python3.11/site-packages/librosa/core/audio.py:184: FutureWarning: librosa.core.audio.__audioread_load
	Deprecated as of librosa version 0.10.0.
	It will be removed in librosa version 1.0.
  y, sr_native = __audioread_load(path, offset, duration, dtype)
[ok] real_14341 (train=155 valid=21)
[ok] real_40499 (train=156 valid=21)
/workspace/26Dacon_DeepVoice/data_pipeline/download_real_clips.py:78: UserWarning: PySoundFile failed. Trying audioread instead.
  audio, sr = librosa.load(src, sr=SAMPLE_RATE, mono=True)
/workspace/26Dacon_DeepVoice/.venv/lib/python3.11/site-packages/librosa/core/audio.py:184: FutureWarning: librosa.core.audio.__audioread_load
	Deprecated as of librosa version 0.10.0.
	It will be removed in librosa version 1.0.
  y, sr_native = __audioread_load(path, offset, duration, dtype)
[ok] real_48548 (train=157 valid=21)
ERROR: [youtube] 02EtDwdJA9Q: Video unavailable
[fail] real_31472 (02EtDwdJA9Q): ERROR: [youtube] 02EtDwdJA9Q: Video unavailable
/workspace/26Dacon_DeepVoice/data_pipeline/download_real_clips.py:78: UserWarning: PySoundFile failed. Trying audioread instead.
  audio, sr = librosa.load(src, sr=SAMPLE_RATE, mono=True)
/workspace/26Dacon_DeepVoice/.venv/lib/python3.11/site-packages/librosa/core/audio.py:184: FutureWarning: librosa.core.audio.__audioread_load
	Deprecated as of librosa version 0.10.0.
	It will be removed in librosa version 1.0.
  y, sr_native = __audioread_load(path, offset, duration, dtype)
/workspace/26Dacon_DeepVoice/data_pipeline/download_real_clips.py:78: UserWarning: PySoundFile failed. Trying audioread instead.
  audio, sr = librosa.load(src, sr=SAMPLE_RATE, mono=True)
/workspace/26Dacon_DeepVoice/.venv/lib/python3.11/site-packages/librosa/core/audio.py:184: FutureWarning: librosa.core.audio.__audioread_load
	Deprecated as of librosa version 0.10.0.
	It will be removed in librosa version 1.0.
  y, sr_native = __audioread_load(path, offset, duration, dtype)
[ok] real_50782 (train=158 valid=21)
[ok] real_41596 (train=159 valid=21)
/workspace/26Dacon_DeepVoice/data_pipeline/download_real_clips.py:78: UserWarning: PySoundFile failed. Trying audioread instead.
  audio, sr = librosa.load(src, sr=SAMPLE_RATE, mono=True)
/workspace/26Dacon_DeepVoice/.venv/lib/python3.11/site-packages/librosa/core/audio.py:184: FutureWarning: librosa.core.audio.__audioread_load
	Deprecated as of librosa version 0.10.0.
	It will be removed in librosa version 1.0.
  y, sr_native = __audioread_load(path, offset, duration, dtype)
[ok] real_39658 (train=160 valid=21)
/workspace/26Dacon_DeepVoice/data_pipeline/download_real_clips.py:78: UserWarning: PySoundFile failed. Trying audioread instead.
  audio, sr = librosa.load(src, sr=SAMPLE_RATE, mono=True)
/workspace/26Dacon_DeepVoice/.venv/lib/python3.11/site-packages/librosa/core/audio.py:184: FutureWarning: librosa.core.audio.__audioread_load
	Deprecated as of librosa version 0.10.0.
	It will be removed in librosa version 1.0.
  y, sr_native = __audioread_load(path, offset, duration, dtype)
/workspace/26Dacon_DeepVoice/data_pipeline/download_real_clips.py:78: UserWarning: PySoundFile failed. Trying audioread instead.
  audio, sr = librosa.load(src, sr=SAMPLE_RATE, mono=True)
/workspace/26Dacon_DeepVoice/.venv/lib/python3.11/site-packages/librosa/core/audio.py:184: FutureWarning: librosa.core.audio.__audioread_load
	Deprecated as of librosa version 0.10.0.
	It will be removed in librosa version 1.0.
  y, sr_native = __audioread_load(path, offset, duration, dtype)
/workspace/26Dacon_DeepVoice/data_pipeline/download_real_clips.py:78: UserWarning: PySoundFile failed. Trying audioread instead.
  audio, sr = librosa.load(src, sr=SAMPLE_RATE, mono=True)
/workspace/26Dacon_DeepVoice/.venv/lib/python3.11/site-packages/librosa/core/audio.py:184: FutureWarning: librosa.core.audio.__audioread_load
	Deprecated as of librosa version 0.10.0.
	It will be removed in librosa version 1.0.
  y, sr_native = __audioread_load(path, offset, duration, dtype)
[ok] real_23617 (train=161 valid=21)
[ok] real_51393 (train=162 valid=21)
[ok] real_34638 (train=163 valid=21)
/workspace/26Dacon_DeepVoice/data_pipeline/download_real_clips.py:78: UserWarning: PySoundFile failed. Trying audioread instead.
  audio, sr = librosa.load(src, sr=SAMPLE_RATE, mono=True)
/workspace/26Dacon_DeepVoice/.venv/lib/python3.11/site-packages/librosa/core/audio.py:184: FutureWarning: librosa.core.audio.__audioread_load
	Deprecated as of librosa version 0.10.0.
	It will be removed in librosa version 1.0.
  y, sr_native = __audioread_load(path, offset, duration, dtype)
[ok] real_27220 (train=164 valid=21)
/workspace/26Dacon_DeepVoice/data_pipeline/download_real_clips.py:78: UserWarning: PySoundFile failed. Trying audioread instead.
  audio, sr = librosa.load(src, sr=SAMPLE_RATE, mono=True)
/workspace/26Dacon_DeepVoice/.venv/lib/python3.11/site-packages/librosa/core/audio.py:184: FutureWarning: librosa.core.audio.__audioread_load
	Deprecated as of librosa version 0.10.0.
	It will be removed in librosa version 1.0.
  y, sr_native = __audioread_load(path, offset, duration, dtype)
/workspace/26Dacon_DeepVoice/data_pipeline/download_real_clips.py:78: UserWarning: PySoundFile failed. Trying audioread instead.
  audio, sr = librosa.load(src, sr=SAMPLE_RATE, mono=True)
/workspace/26Dacon_DeepVoice/.venv/lib/python3.11/site-packages/librosa/core/audio.py:184: FutureWarning: librosa.core.audio.__audioread_load
	Deprecated as of librosa version 0.10.0.
	It will be removed in librosa version 1.0.
  y, sr_native = __audioread_load(path, offset, duration, dtype)
[ok] real_43098 (train=165 valid=21)
[ok] real_19974 (train=166 valid=21)
/workspace/26Dacon_DeepVoice/data_pipeline/download_real_clips.py:78: UserWarning: PySoundFile failed. Trying audioread instead.
  audio, sr = librosa.load(src, sr=SAMPLE_RATE, mono=True)
/workspace/26Dacon_DeepVoice/.venv/lib/python3.11/site-packages/librosa/core/audio.py:184: FutureWarning: librosa.core.audio.__audioread_load
	Deprecated as of librosa version 0.10.0.
	It will be removed in librosa version 1.0.
  y, sr_native = __audioread_load(path, offset, duration, dtype)
/workspace/26Dacon_DeepVoice/data_pipeline/download_real_clips.py:78: UserWarning: PySoundFile failed. Trying audioread instead.
  audio, sr = librosa.load(src, sr=SAMPLE_RATE, mono=True)
/workspace/26Dacon_DeepVoice/.venv/lib/python3.11/site-packages/librosa/core/audio.py:184: FutureWarning: librosa.core.audio.__audioread_load
	Deprecated as of librosa version 0.10.0.
	It will be removed in librosa version 1.0.
  y, sr_native = __audioread_load(path, offset, duration, dtype)
[ok] real_20819 (train=167 valid=21)
[ok] real_44880 (train=168 valid=21)
[ok] real_33954 (train=169 valid=21)
/workspace/26Dacon_DeepVoice/data_pipeline/download_real_clips.py:78: UserWarning: PySoundFile failed. Trying audioread instead.
  audio, sr = librosa.load(src, sr=SAMPLE_RATE, mono=True)
/workspace/26Dacon_DeepVoice/.venv/lib/python3.11/site-packages/librosa/core/audio.py:184: FutureWarning: librosa.core.audio.__audioread_load
	Deprecated as of librosa version 0.10.0.
	It will be removed in librosa version 1.0.
  y, sr_native = __audioread_load(path, offset, duration, dtype)
/workspace/26Dacon_DeepVoice/data_pipeline/download_real_clips.py:78: UserWarning: PySoundFile failed. Trying audioread instead.
  audio, sr = librosa.load(src, sr=SAMPLE_RATE, mono=True)
/workspace/26Dacon_DeepVoice/.venv/lib/python3.11/site-packages/librosa/core/audio.py:184: FutureWarning: librosa.core.audio.__audioread_load
	Deprecated as of librosa version 0.10.0.
	It will be removed in librosa version 1.0.
  y, sr_native = __audioread_load(path, offset, duration, dtype)
[ok] real_42771 (train=170 valid=21)
[ok] real_44316 (train=171 valid=21)
ERROR: [youtube] PKMF2N0SHzs: Video unavailable
[fail] real_22911 (PKMF2N0SHzs): ERROR: [youtube] PKMF2N0SHzs: Video unavailable
/workspace/26Dacon_DeepVoice/data_pipeline/download_real_clips.py:78: UserWarning: PySoundFile failed. Trying audioread instead.
  audio, sr = librosa.load(src, sr=SAMPLE_RATE, mono=True)
/workspace/26Dacon_DeepVoice/.venv/lib/python3.11/site-packages/librosa/core/audio.py:184: FutureWarning: librosa.core.audio.__audioread_load
	Deprecated as of librosa version 0.10.0.
	It will be removed in librosa version 1.0.
  y, sr_native = __audioread_load(path, offset, duration, dtype)
/workspace/26Dacon_DeepVoice/data_pipeline/download_real_clips.py:78: UserWarning: PySoundFile failed. Trying audioread instead.
  audio, sr = librosa.load(src, sr=SAMPLE_RATE, mono=True)
/workspace/26Dacon_DeepVoice/.venv/lib/python3.11/site-packages/librosa/core/audio.py:184: FutureWarning: librosa.core.audio.__audioread_load
	Deprecated as of librosa version 0.10.0.
	It will be removed in librosa version 1.0.
  y, sr_native = __audioread_load(path, offset, duration, dtype)
[ok] real_46784 (train=172 valid=21)
/workspace/26Dacon_DeepVoice/data_pipeline/download_real_clips.py:78: UserWarning: PySoundFile failed. Trying audioread instead.
  audio, sr = librosa.load(src, sr=SAMPLE_RATE, mono=True)
/workspace/26Dacon_DeepVoice/.venv/lib/python3.11/site-packages/librosa/core/audio.py:184: FutureWarning: librosa.core.audio.__audioread_load
	Deprecated as of librosa version 0.10.0.
	It will be removed in librosa version 1.0.
  y, sr_native = __audioread_load(path, offset, duration, dtype)
[ok] real_11330 (train=173 valid=21)
[ok] real_33004 (train=174 valid=21)
/workspace/26Dacon_DeepVoice/data_pipeline/download_real_clips.py:78: UserWarning: PySoundFile failed. Trying audioread instead.
  audio, sr = librosa.load(src, sr=SAMPLE_RATE, mono=True)
/workspace/26Dacon_DeepVoice/.venv/lib/python3.11/site-packages/librosa/core/audio.py:184: FutureWarning: librosa.core.audio.__audioread_load
	Deprecated as of librosa version 0.10.0.
	It will be removed in librosa version 1.0.
  y, sr_native = __audioread_load(path, offset, duration, dtype)
[ok] real_16137 (train=175 valid=21)
/workspace/26Dacon_DeepVoice/data_pipeline/download_real_clips.py:78: UserWarning: PySoundFile failed. Trying audioread instead.
  audio, sr = librosa.load(src, sr=SAMPLE_RATE, mono=True)
/workspace/26Dacon_DeepVoice/.venv/lib/python3.11/site-packages/librosa/core/audio.py:184: FutureWarning: librosa.core.audio.__audioread_load
	Deprecated as of librosa version 0.10.0.
	It will be removed in librosa version 1.0.
  y, sr_native = __audioread_load(path, offset, duration, dtype)
[ok] real_35839 (train=176 valid=21)
/workspace/26Dacon_DeepVoice/data_pipeline/download_real_clips.py:78: UserWarning: PySoundFile failed. Trying audioread instead.
  audio, sr = librosa.load(src, sr=SAMPLE_RATE, mono=True)
/workspace/26Dacon_DeepVoice/.venv/lib/python3.11/site-packages/librosa/core/audio.py:184: FutureWarning: librosa.core.audio.__audioread_load
	Deprecated as of librosa version 0.10.0.
	It will be removed in librosa version 1.0.
  y, sr_native = __audioread_load(path, offset, duration, dtype)
/workspace/26Dacon_DeepVoice/data_pipeline/download_real_clips.py:78: UserWarning: PySoundFile failed. Trying audioread instead.
  audio, sr = librosa.load(src, sr=SAMPLE_RATE, mono=True)
/workspace/26Dacon_DeepVoice/.venv/lib/python3.11/site-packages/librosa/core/audio.py:184: FutureWarning: librosa.core.audio.__audioread_load
	Deprecated as of librosa version 0.10.0.
	It will be removed in librosa version 1.0.
  y, sr_native = __audioread_load(path, offset, duration, dtype)
[ok] real_26394 (train=177 valid=21)
[ok] real_35132 (train=178 valid=21)
/workspace/26Dacon_DeepVoice/data_pipeline/download_real_clips.py:78: UserWarning: PySoundFile failed. Trying audioread instead.
  audio, sr = librosa.load(src, sr=SAMPLE_RATE, mono=True)
/workspace/26Dacon_DeepVoice/.venv/lib/python3.11/site-packages/librosa/core/audio.py:184: FutureWarning: librosa.core.audio.__audioread_load
	Deprecated as of librosa version 0.10.0.
	It will be removed in librosa version 1.0.
  y, sr_native = __audioread_load(path, offset, duration, dtype)
/workspace/26Dacon_DeepVoice/data_pipeline/download_real_clips.py:78: UserWarning: PySoundFile failed. Trying audioread instead.
  audio, sr = librosa.load(src, sr=SAMPLE_RATE, mono=True)
/workspace/26Dacon_DeepVoice/.venv/lib/python3.11/site-packages/librosa/core/audio.py:184: FutureWarning: librosa.core.audio.__audioread_load
	Deprecated as of librosa version 0.10.0.
	It will be removed in librosa version 1.0.
  y, sr_native = __audioread_load(path, offset, duration, dtype)
/workspace/26Dacon_DeepVoice/data_pipeline/download_real_clips.py:78: UserWarning: PySoundFile failed. Trying audioread instead.
  audio, sr = librosa.load(src, sr=SAMPLE_RATE, mono=True)
/workspace/26Dacon_DeepVoice/.venv/lib/python3.11/site-packages/librosa/core/audio.py:184: FutureWarning: librosa.core.audio.__audioread_load
	Deprecated as of librosa version 0.10.0.
	It will be removed in librosa version 1.0.
  y, sr_native = __audioread_load(path, offset, duration, dtype)
[ok] real_48379 (train=179 valid=21)
[ok] real_38871 (train=180 valid=21)
/workspace/26Dacon_DeepVoice/data_pipeline/download_real_clips.py:78: UserWarning: PySoundFile failed. Trying audioread instead.
  audio, sr = librosa.load(src, sr=SAMPLE_RATE, mono=True)
/workspace/26Dacon_DeepVoice/.venv/lib/python3.11/site-packages/librosa/core/audio.py:184: FutureWarning: librosa.core.audio.__audioread_load
	Deprecated as of librosa version 0.10.0.
	It will be removed in librosa version 1.0.
  y, sr_native = __audioread_load(path, offset, duration, dtype)
[ok] real_21199 (train=181 valid=21)
[ok] real_48547 (train=182 valid=21)
ERROR: [youtube] umv4RVKS5gg: Video unavailable
[fail] real_31730 (umv4RVKS5gg): ERROR: [youtube] umv4RVKS5gg: Video unavailable
/workspace/26Dacon_DeepVoice/data_pipeline/download_real_clips.py:78: UserWarning: PySoundFile failed. Trying audioread instead.
  audio, sr = librosa.load(src, sr=SAMPLE_RATE, mono=True)
/workspace/26Dacon_DeepVoice/.venv/lib/python3.11/site-packages/librosa/core/audio.py:184: FutureWarning: librosa.core.audio.__audioread_load
	Deprecated as of librosa version 0.10.0.
	It will be removed in librosa version 1.0.
  y, sr_native = __audioread_load(path, offset, duration, dtype)
ERROR: [youtube] ulxfir0EAWo: Video unavailable
[fail] real_17104 (ulxfir0EAWo): ERROR: [youtube] ulxfir0EAWo: Video unavailable
/workspace/26Dacon_DeepVoice/data_pipeline/download_real_clips.py:78: UserWarning: PySoundFile failed. Trying audioread instead.
  audio, sr = librosa.load(src, sr=SAMPLE_RATE, mono=True)
/workspace/26Dacon_DeepVoice/.venv/lib/python3.11/site-packages/librosa/core/audio.py:184: FutureWarning: librosa.core.audio.__audioread_load
	Deprecated as of librosa version 0.10.0.
	It will be removed in librosa version 1.0.
  y, sr_native = __audioread_load(path, offset, duration, dtype)
[ok] real_49133 (train=183 valid=21)
[ok] real_39019 (train=183 valid=22)
/workspace/26Dacon_DeepVoice/data_pipeline/download_real_clips.py:78: UserWarning: PySoundFile failed. Trying audioread instead.
  audio, sr = librosa.load(src, sr=SAMPLE_RATE, mono=True)
/workspace/26Dacon_DeepVoice/.venv/lib/python3.11/site-packages/librosa/core/audio.py:184: FutureWarning: librosa.core.audio.__audioread_load
	Deprecated as of librosa version 0.10.0.
	It will be removed in librosa version 1.0.
  y, sr_native = __audioread_load(path, offset, duration, dtype)
[ok] real_14753 (train=184 valid=22)
/workspace/26Dacon_DeepVoice/data_pipeline/download_real_clips.py:78: UserWarning: PySoundFile failed. Trying audioread instead.
  audio, sr = librosa.load(src, sr=SAMPLE_RATE, mono=True)
/workspace/26Dacon_DeepVoice/.venv/lib/python3.11/site-packages/librosa/core/audio.py:184: FutureWarning: librosa.core.audio.__audioread_load
	Deprecated as of librosa version 0.10.0.
	It will be removed in librosa version 1.0.
  y, sr_native = __audioread_load(path, offset, duration, dtype)
[ok] real_00304 (train=185 valid=22)
/workspace/26Dacon_DeepVoice/data_pipeline/download_real_clips.py:78: UserWarning: PySoundFile failed. Trying audioread instead.
  audio, sr = librosa.load(src, sr=SAMPLE_RATE, mono=True)
/workspace/26Dacon_DeepVoice/.venv/lib/python3.11/site-packages/librosa/core/audio.py:184: FutureWarning: librosa.core.audio.__audioread_load
	Deprecated as of librosa version 0.10.0.
	It will be removed in librosa version 1.0.
  y, sr_native = __audioread_load(path, offset, duration, dtype)
[ok] real_26076 (train=186 valid=22)
/workspace/26Dacon_DeepVoice/data_pipeline/download_real_clips.py:78: UserWarning: PySoundFile failed. Trying audioread instead.
  audio, sr = librosa.load(src, sr=SAMPLE_RATE, mono=True)
/workspace/26Dacon_DeepVoice/.venv/lib/python3.11/site-packages/librosa/core/audio.py:184: FutureWarning: librosa.core.audio.__audioread_load
	Deprecated as of librosa version 0.10.0.
	It will be removed in librosa version 1.0.
  y, sr_native = __audioread_load(path, offset, duration, dtype)
[ok] real_02822 (train=187 valid=22)
/workspace/26Dacon_DeepVoice/data_pipeline/download_real_clips.py:78: UserWarning: PySoundFile failed. Trying audioread instead.
  audio, sr = librosa.load(src, sr=SAMPLE_RATE, mono=True)
/workspace/26Dacon_DeepVoice/.venv/lib/python3.11/site-packages/librosa/core/audio.py:184: FutureWarning: librosa.core.audio.__audioread_load
	Deprecated as of librosa version 0.10.0.
	It will be removed in librosa version 1.0.
  y, sr_native = __audioread_load(path, offset, duration, dtype)
/workspace/26Dacon_DeepVoice/data_pipeline/download_real_clips.py:78: UserWarning: PySoundFile failed. Trying audioread instead.
  audio, sr = librosa.load(src, sr=SAMPLE_RATE, mono=True)
/workspace/26Dacon_DeepVoice/.venv/lib/python3.11/site-packages/librosa/core/audio.py:184: FutureWarning: librosa.core.audio.__audioread_load
	Deprecated as of librosa version 0.10.0.
	It will be removed in librosa version 1.0.
  y, sr_native = __audioread_load(path, offset, duration, dtype)
[ok] real_07921 (train=188 valid=22)
[ok] real_34127 (train=189 valid=22)
/workspace/26Dacon_DeepVoice/data_pipeline/download_real_clips.py:78: UserWarning: PySoundFile failed. Trying audioread instead.
  audio, sr = librosa.load(src, sr=SAMPLE_RATE, mono=True)
/workspace/26Dacon_DeepVoice/.venv/lib/python3.11/site-packages/librosa/core/audio.py:184: FutureWarning: librosa.core.audio.__audioread_load
	Deprecated as of librosa version 0.10.0.
	It will be removed in librosa version 1.0.
  y, sr_native = __audioread_load(path, offset, duration, dtype)
[ok] real_39325 (train=190 valid=22)
/workspace/26Dacon_DeepVoice/data_pipeline/download_real_clips.py:78: UserWarning: PySoundFile failed. Trying audioread instead.
  audio, sr = librosa.load(src, sr=SAMPLE_RATE, mono=True)
/workspace/26Dacon_DeepVoice/.venv/lib/python3.11/site-packages/librosa/core/audio.py:184: FutureWarning: librosa.core.audio.__audioread_load
	Deprecated as of librosa version 0.10.0.
	It will be removed in librosa version 1.0.
  y, sr_native = __audioread_load(path, offset, duration, dtype)
/workspace/26Dacon_DeepVoice/data_pipeline/download_real_clips.py:78: UserWarning: PySoundFile failed. Trying audioread instead.
  audio, sr = librosa.load(src, sr=SAMPLE_RATE, mono=True)
/workspace/26Dacon_DeepVoice/.venv/lib/python3.11/site-packages/librosa/core/audio.py:184: FutureWarning: librosa.core.audio.__audioread_load
	Deprecated as of librosa version 0.10.0.
	It will be removed in librosa version 1.0.
  y, sr_native = __audioread_load(path, offset, duration, dtype)
[ok] real_03341 (train=191 valid=22)
[ok] real_46299 (train=192 valid=22)
/workspace/26Dacon_DeepVoice/data_pipeline/download_real_clips.py:78: UserWarning: PySoundFile failed. Trying audioread instead.
  audio, sr = librosa.load(src, sr=SAMPLE_RATE, mono=True)
/workspace/26Dacon_DeepVoice/.venv/lib/python3.11/site-packages/librosa/core/audio.py:184: FutureWarning: librosa.core.audio.__audioread_load
	Deprecated as of librosa version 0.10.0.
	It will be removed in librosa version 1.0.
  y, sr_native = __audioread_load(path, offset, duration, dtype)
ERROR: [youtube] rukrffvMuCo: Video unavailable
[fail] real_28805 (rukrffvMuCo): ERROR: [youtube] rukrffvMuCo: Video unavailable
[ok] real_03574 (train=193 valid=22)
/workspace/26Dacon_DeepVoice/data_pipeline/download_real_clips.py:78: UserWarning: PySoundFile failed. Trying audioread instead.
  audio, sr = librosa.load(src, sr=SAMPLE_RATE, mono=True)
/workspace/26Dacon_DeepVoice/.venv/lib/python3.11/site-packages/librosa/core/audio.py:184: FutureWarning: librosa.core.audio.__audioread_load
	Deprecated as of librosa version 0.10.0.
	It will be removed in librosa version 1.0.
  y, sr_native = __audioread_load(path, offset, duration, dtype)
[ok] real_31224 (train=194 valid=22)
/workspace/26Dacon_DeepVoice/data_pipeline/download_real_clips.py:78: UserWarning: PySoundFile failed. Trying audioread instead.
  audio, sr = librosa.load(src, sr=SAMPLE_RATE, mono=True)
/workspace/26Dacon_DeepVoice/.venv/lib/python3.11/site-packages/librosa/core/audio.py:184: FutureWarning: librosa.core.audio.__audioread_load
	Deprecated as of librosa version 0.10.0.
	It will be removed in librosa version 1.0.
  y, sr_native = __audioread_load(path, offset, duration, dtype)
[ok] real_03746 (train=195 valid=22)
/workspace/26Dacon_DeepVoice/data_pipeline/download_real_clips.py:78: UserWarning: PySoundFile failed. Trying audioread instead.
  audio, sr = librosa.load(src, sr=SAMPLE_RATE, mono=True)
/workspace/26Dacon_DeepVoice/.venv/lib/python3.11/site-packages/librosa/core/audio.py:184: FutureWarning: librosa.core.audio.__audioread_load
	Deprecated as of librosa version 0.10.0.
	It will be removed in librosa version 1.0.
  y, sr_native = __audioread_load(path, offset, duration, dtype)
[ok] real_29871 (train=196 valid=22)
/workspace/26Dacon_DeepVoice/data_pipeline/download_real_clips.py:78: UserWarning: PySoundFile failed. Trying audioread instead.
  audio, sr = librosa.load(src, sr=SAMPLE_RATE, mono=True)
/workspace/26Dacon_DeepVoice/.venv/lib/python3.11/site-packages/librosa/core/audio.py:184: FutureWarning: librosa.core.audio.__audioread_load
	Deprecated as of librosa version 0.10.0.
	It will be removed in librosa version 1.0.
  y, sr_native = __audioread_load(path, offset, duration, dtype)
[ok] real_18614 (train=197 valid=22)
/workspace/26Dacon_DeepVoice/data_pipeline/download_real_clips.py:78: UserWarning: PySoundFile failed. Trying audioread instead.
  audio, sr = librosa.load(src, sr=SAMPLE_RATE, mono=True)
/workspace/26Dacon_DeepVoice/.venv/lib/python3.11/site-packages/librosa/core/audio.py:184: FutureWarning: librosa.core.audio.__audioread_load
	Deprecated as of librosa version 0.10.0.
	It will be removed in librosa version 1.0.
  y, sr_native = __audioread_load(path, offset, duration, dtype)
/workspace/26Dacon_DeepVoice/data_pipeline/download_real_clips.py:78: UserWarning: PySoundFile failed. Trying audioread instead.
  audio, sr = librosa.load(src, sr=SAMPLE_RATE, mono=True)
/workspace/26Dacon_DeepVoice/.venv/lib/python3.11/site-packages/librosa/core/audio.py:184: FutureWarning: librosa.core.audio.__audioread_load
	Deprecated as of librosa version 0.10.0.
	It will be removed in librosa version 1.0.
  y, sr_native = __audioread_load(path, offset, duration, dtype)
[ok] real_29049 (train=198 valid=22)
/workspace/26Dacon_DeepVoice/data_pipeline/download_real_clips.py:78: UserWarning: PySoundFile failed. Trying audioread instead.
  audio, sr = librosa.load(src, sr=SAMPLE_RATE, mono=True)
/workspace/26Dacon_DeepVoice/.venv/lib/python3.11/site-packages/librosa/core/audio.py:184: FutureWarning: librosa.core.audio.__audioread_load
	Deprecated as of librosa version 0.10.0.
	It will be removed in librosa version 1.0.
  y, sr_native = __audioread_load(path, offset, duration, dtype)
[ok] real_46142 (train=199 valid=22)
[ok] real_48262 (train=200 valid=22)
/workspace/26Dacon_DeepVoice/data_pipeline/download_real_clips.py:78: UserWarning: PySoundFile failed. Trying audioread instead.
  audio, sr = librosa.load(src, sr=SAMPLE_RATE, mono=True)
/workspace/26Dacon_DeepVoice/.venv/lib/python3.11/site-packages/librosa/core/audio.py:184: FutureWarning: librosa.core.audio.__audioread_load
	Deprecated as of librosa version 0.10.0.
	It will be removed in librosa version 1.0.
  y, sr_native = __audioread_load(path, offset, duration, dtype)
[ok] real_48550 (train=201 valid=22)
/workspace/26Dacon_DeepVoice/data_pipeline/download_real_clips.py:78: UserWarning: PySoundFile failed. Trying audioread instead.
  audio, sr = librosa.load(src, sr=SAMPLE_RATE, mono=True)
/workspace/26Dacon_DeepVoice/.venv/lib/python3.11/site-packages/librosa/core/audio.py:184: FutureWarning: librosa.core.audio.__audioread_load
	Deprecated as of librosa version 0.10.0.
	It will be removed in librosa version 1.0.
  y, sr_native = __audioread_load(path, offset, duration, dtype)
/workspace/26Dacon_DeepVoice/data_pipeline/download_real_clips.py:78: UserWarning: PySoundFile failed. Trying audioread instead.
  audio, sr = librosa.load(src, sr=SAMPLE_RATE, mono=True)
/workspace/26Dacon_DeepVoice/.venv/lib/python3.11/site-packages/librosa/core/audio.py:184: FutureWarning: librosa.core.audio.__audioread_load
	Deprecated as of librosa version 0.10.0.
	It will be removed in librosa version 1.0.
  y, sr_native = __audioread_load(path, offset, duration, dtype)
[ok] real_32200 (train=202 valid=22)
[ok] real_37038 (train=203 valid=22)
/workspace/26Dacon_DeepVoice/data_pipeline/download_real_clips.py:78: UserWarning: PySoundFile failed. Trying audioread instead.
  audio, sr = librosa.load(src, sr=SAMPLE_RATE, mono=True)
/workspace/26Dacon_DeepVoice/.venv/lib/python3.11/site-packages/librosa/core/audio.py:184: FutureWarning: librosa.core.audio.__audioread_load
	Deprecated as of librosa version 0.10.0.
	It will be removed in librosa version 1.0.
  y, sr_native = __audioread_load(path, offset, duration, dtype)
[ok] real_49905 (train=204 valid=22)
/workspace/26Dacon_DeepVoice/data_pipeline/download_real_clips.py:78: UserWarning: PySoundFile failed. Trying audioread instead.
  audio, sr = librosa.load(src, sr=SAMPLE_RATE, mono=True)
/workspace/26Dacon_DeepVoice/.venv/lib/python3.11/site-packages/librosa/core/audio.py:184: FutureWarning: librosa.core.audio.__audioread_load
	Deprecated as of librosa version 0.10.0.
	It will be removed in librosa version 1.0.
  y, sr_native = __audioread_load(path, offset, duration, dtype)
/workspace/26Dacon_DeepVoice/data_pipeline/download_real_clips.py:78: UserWarning: PySoundFile failed. Trying audioread instead.
  audio, sr = librosa.load(src, sr=SAMPLE_RATE, mono=True)
/workspace/26Dacon_DeepVoice/.venv/lib/python3.11/site-packages/librosa/core/audio.py:184: FutureWarning: librosa.core.audio.__audioread_load
	Deprecated as of librosa version 0.10.0.
	It will be removed in librosa version 1.0.
  y, sr_native = __audioread_load(path, offset, duration, dtype)
[ok] real_06406 (train=205 valid=22)
/workspace/26Dacon_DeepVoice/data_pipeline/download_real_clips.py:78: UserWarning: PySoundFile failed. Trying audioread instead.
  audio, sr = librosa.load(src, sr=SAMPLE_RATE, mono=True)
/workspace/26Dacon_DeepVoice/.venv/lib/python3.11/site-packages/librosa/core/audio.py:184: FutureWarning: librosa.core.audio.__audioread_load
	Deprecated as of librosa version 0.10.0.
	It will be removed in librosa version 1.0.
  y, sr_native = __audioread_load(path, offset, duration, dtype)
[ok] real_00726 (train=206 valid=22)
[ok] real_39815 (train=207 valid=22)
/workspace/26Dacon_DeepVoice/data_pipeline/download_real_clips.py:78: UserWarning: PySoundFile failed. Trying audioread instead.
  audio, sr = librosa.load(src, sr=SAMPLE_RATE, mono=True)
/workspace/26Dacon_DeepVoice/.venv/lib/python3.11/site-packages/librosa/core/audio.py:184: FutureWarning: librosa.core.audio.__audioread_load
	Deprecated as of librosa version 0.10.0.
	It will be removed in librosa version 1.0.
  y, sr_native = __audioread_load(path, offset, duration, dtype)
ERROR: [youtube] zoB8hdOaMy8: Video unavailable
[fail] real_16351 (zoB8hdOaMy8): ERROR: [youtube] zoB8hdOaMy8: Video unavailable
[ok] real_52571 (train=208 valid=22)
/workspace/26Dacon_DeepVoice/data_pipeline/download_real_clips.py:78: UserWarning: PySoundFile failed. Trying audioread instead.
  audio, sr = librosa.load(src, sr=SAMPLE_RATE, mono=True)
/workspace/26Dacon_DeepVoice/.venv/lib/python3.11/site-packages/librosa/core/audio.py:184: FutureWarning: librosa.core.audio.__audioread_load
	Deprecated as of librosa version 0.10.0.
	It will be removed in librosa version 1.0.
  y, sr_native = __audioread_load(path, offset, duration, dtype)
[ok] real_43091 (train=209 valid=22)
ERROR: [youtube] E1ygYzHULyc: Video unavailable
[fail] real_38934 (E1ygYzHULyc): ERROR: [youtube] E1ygYzHULyc: Video unavailable
/workspace/26Dacon_DeepVoice/data_pipeline/download_real_clips.py:78: UserWarning: PySoundFile failed. Trying audioread instead.
  audio, sr = librosa.load(src, sr=SAMPLE_RATE, mono=True)
/workspace/26Dacon_DeepVoice/.venv/lib/python3.11/site-packages/librosa/core/audio.py:184: FutureWarning: librosa.core.audio.__audioread_load
	Deprecated as of librosa version 0.10.0.
	It will be removed in librosa version 1.0.
  y, sr_native = __audioread_load(path, offset, duration, dtype)
[ok] real_19579 (train=210 valid=22)
/workspace/26Dacon_DeepVoice/data_pipeline/download_real_clips.py:78: UserWarning: PySoundFile failed. Trying audioread instead.
  audio, sr = librosa.load(src, sr=SAMPLE_RATE, mono=True)
/workspace/26Dacon_DeepVoice/.venv/lib/python3.11/site-packages/librosa/core/audio.py:184: FutureWarning: librosa.core.audio.__audioread_load
	Deprecated as of librosa version 0.10.0.
	It will be removed in librosa version 1.0.
  y, sr_native = __audioread_load(path, offset, duration, dtype)
/workspace/26Dacon_DeepVoice/data_pipeline/download_real_clips.py:78: UserWarning: PySoundFile failed. Trying audioread instead.
  audio, sr = librosa.load(src, sr=SAMPLE_RATE, mono=True)
/workspace/26Dacon_DeepVoice/.venv/lib/python3.11/site-packages/librosa/core/audio.py:184: FutureWarning: librosa.core.audio.__audioread_load
	Deprecated as of librosa version 0.10.0.
	It will be removed in librosa version 1.0.
  y, sr_native = __audioread_load(path, offset, duration, dtype)
/workspace/26Dacon_DeepVoice/data_pipeline/download_real_clips.py:78: UserWarning: PySoundFile failed. Trying audioread instead.
  audio, sr = librosa.load(src, sr=SAMPLE_RATE, mono=True)
/workspace/26Dacon_DeepVoice/.venv/lib/python3.11/site-packages/librosa/core/audio.py:184: FutureWarning: librosa.core.audio.__audioread_load
	Deprecated as of librosa version 0.10.0.
	It will be removed in librosa version 1.0.
  y, sr_native = __audioread_load(path, offset, duration, dtype)
/workspace/26Dacon_DeepVoice/data_pipeline/download_real_clips.py:78: UserWarning: PySoundFile failed. Trying audioread instead.
  audio, sr = librosa.load(src, sr=SAMPLE_RATE, mono=True)
/workspace/26Dacon_DeepVoice/.venv/lib/python3.11/site-packages/librosa/core/audio.py:184: FutureWarning: librosa.core.audio.__audioread_load
	Deprecated as of librosa version 0.10.0.
	It will be removed in librosa version 1.0.
  y, sr_native = __audioread_load(path, offset, duration, dtype)
[ok] real_00743 (train=211 valid=22)
[ok] real_10197 (train=212 valid=22)
[ok] real_44948 (train=212 valid=23)
/workspace/26Dacon_DeepVoice/data_pipeline/download_real_clips.py:78: UserWarning: PySoundFile failed. Trying audioread instead.
  audio, sr = librosa.load(src, sr=SAMPLE_RATE, mono=True)
/workspace/26Dacon_DeepVoice/.venv/lib/python3.11/site-packages/librosa/core/audio.py:184: FutureWarning: librosa.core.audio.__audioread_load
	Deprecated as of librosa version 0.10.0.
	It will be removed in librosa version 1.0.
  y, sr_native = __audioread_load(path, offset, duration, dtype)
[ok] real_22567 (train=213 valid=23)
[ok] real_37500 (train=214 valid=23)
/workspace/26Dacon_DeepVoice/data_pipeline/download_real_clips.py:78: UserWarning: PySoundFile failed. Trying audioread instead.
  audio, sr = librosa.load(src, sr=SAMPLE_RATE, mono=True)
/workspace/26Dacon_DeepVoice/.venv/lib/python3.11/site-packages/librosa/core/audio.py:184: FutureWarning: librosa.core.audio.__audioread_load
	Deprecated as of librosa version 0.10.0.
	It will be removed in librosa version 1.0.
  y, sr_native = __audioread_load(path, offset, duration, dtype)
[ok] real_16612 (train=215 valid=23)
/workspace/26Dacon_DeepVoice/data_pipeline/download_real_clips.py:78: UserWarning: PySoundFile failed. Trying audioread instead.
  audio, sr = librosa.load(src, sr=SAMPLE_RATE, mono=True)
/workspace/26Dacon_DeepVoice/.venv/lib/python3.11/site-packages/librosa/core/audio.py:184: FutureWarning: librosa.core.audio.__audioread_load
	Deprecated as of librosa version 0.10.0.
	It will be removed in librosa version 1.0.
  y, sr_native = __audioread_load(path, offset, duration, dtype)
/workspace/26Dacon_DeepVoice/data_pipeline/download_real_clips.py:78: UserWarning: PySoundFile failed. Trying audioread instead.
  audio, sr = librosa.load(src, sr=SAMPLE_RATE, mono=True)
/workspace/26Dacon_DeepVoice/.venv/lib/python3.11/site-packages/librosa/core/audio.py:184: FutureWarning: librosa.core.audio.__audioread_load
	Deprecated as of librosa version 0.10.0.
	It will be removed in librosa version 1.0.
  y, sr_native = __audioread_load(path, offset, duration, dtype)
[ok] real_05957 (train=216 valid=23)
/workspace/26Dacon_DeepVoice/data_pipeline/download_real_clips.py:78: UserWarning: PySoundFile failed. Trying audioread instead.
  audio, sr = librosa.load(src, sr=SAMPLE_RATE, mono=True)
/workspace/26Dacon_DeepVoice/.venv/lib/python3.11/site-packages/librosa/core/audio.py:184: FutureWarning: librosa.core.audio.__audioread_load
	Deprecated as of librosa version 0.10.0.
	It will be removed in librosa version 1.0.
  y, sr_native = __audioread_load(path, offset, duration, dtype)
[ok] real_19044 (train=217 valid=23)
/workspace/26Dacon_DeepVoice/data_pipeline/download_real_clips.py:78: UserWarning: PySoundFile failed. Trying audioread instead.
  audio, sr = librosa.load(src, sr=SAMPLE_RATE, mono=True)
/workspace/26Dacon_DeepVoice/.venv/lib/python3.11/site-packages/librosa/core/audio.py:184: FutureWarning: librosa.core.audio.__audioread_load
	Deprecated as of librosa version 0.10.0.
	It will be removed in librosa version 1.0.
  y, sr_native = __audioread_load(path, offset, duration, dtype)
[ok] real_03591 (train=218 valid=23)
[ok] real_24216 (train=219 valid=23)
/workspace/26Dacon_DeepVoice/data_pipeline/download_real_clips.py:78: UserWarning: PySoundFile failed. Trying audioread instead.
  audio, sr = librosa.load(src, sr=SAMPLE_RATE, mono=True)
/workspace/26Dacon_DeepVoice/.venv/lib/python3.11/site-packages/librosa/core/audio.py:184: FutureWarning: librosa.core.audio.__audioread_load
	Deprecated as of librosa version 0.10.0.
	It will be removed in librosa version 1.0.
  y, sr_native = __audioread_load(path, offset, duration, dtype)
[ok] real_50840 (train=219 valid=24)
/workspace/26Dacon_DeepVoice/data_pipeline/download_real_clips.py:78: UserWarning: PySoundFile failed. Trying audioread instead.
  audio, sr = librosa.load(src, sr=SAMPLE_RATE, mono=True)
/workspace/26Dacon_DeepVoice/.venv/lib/python3.11/site-packages/librosa/core/audio.py:184: FutureWarning: librosa.core.audio.__audioread_load
	Deprecated as of librosa version 0.10.0.
	It will be removed in librosa version 1.0.
  y, sr_native = __audioread_load(path, offset, duration, dtype)
ERROR: [youtube] 3N5_Uxdfx_I: Video unavailable
[fail] real_39329 (3N5_Uxdfx_I): ERROR: [youtube] 3N5_Uxdfx_I: Video unavailable
/workspace/26Dacon_DeepVoice/data_pipeline/download_real_clips.py:78: UserWarning: PySoundFile failed. Trying audioread instead.
  audio, sr = librosa.load(src, sr=SAMPLE_RATE, mono=True)
/workspace/26Dacon_DeepVoice/.venv/lib/python3.11/site-packages/librosa/core/audio.py:184: FutureWarning: librosa.core.audio.__audioread_load
	Deprecated as of librosa version 0.10.0.
	It will be removed in librosa version 1.0.
  y, sr_native = __audioread_load(path, offset, duration, dtype)
[ok] real_46257 (train=220 valid=24)
[ok] real_21190 (train=221 valid=24)
/workspace/26Dacon_DeepVoice/data_pipeline/download_real_clips.py:78: UserWarning: PySoundFile failed. Trying audioread instead.
  audio, sr = librosa.load(src, sr=SAMPLE_RATE, mono=True)
/workspace/26Dacon_DeepVoice/.venv/lib/python3.11/site-packages/librosa/core/audio.py:184: FutureWarning: librosa.core.audio.__audioread_load
	Deprecated as of librosa version 0.10.0.
	It will be removed in librosa version 1.0.
  y, sr_native = __audioread_load(path, offset, duration, dtype)
[ok] real_12383 (train=222 valid=24)
/workspace/26Dacon_DeepVoice/data_pipeline/download_real_clips.py:78: UserWarning: PySoundFile failed. Trying audioread instead.
  audio, sr = librosa.load(src, sr=SAMPLE_RATE, mono=True)
/workspace/26Dacon_DeepVoice/.venv/lib/python3.11/site-packages/librosa/core/audio.py:184: FutureWarning: librosa.core.audio.__audioread_load
	Deprecated as of librosa version 0.10.0.
	It will be removed in librosa version 1.0.
  y, sr_native = __audioread_load(path, offset, duration, dtype)
/workspace/26Dacon_DeepVoice/data_pipeline/download_real_clips.py:78: UserWarning: PySoundFile failed. Trying audioread instead.
  audio, sr = librosa.load(src, sr=SAMPLE_RATE, mono=True)
/workspace/26Dacon_DeepVoice/.venv/lib/python3.11/site-packages/librosa/core/audio.py:184: FutureWarning: librosa.core.audio.__audioread_load
	Deprecated as of librosa version 0.10.0.
	It will be removed in librosa version 1.0.
  y, sr_native = __audioread_load(path, offset, duration, dtype)
[ok] real_35665 (train=223 valid=24)
[ok] real_47521 (train=224 valid=24)
/workspace/26Dacon_DeepVoice/data_pipeline/download_real_clips.py:78: UserWarning: PySoundFile failed. Trying audioread instead.
  audio, sr = librosa.load(src, sr=SAMPLE_RATE, mono=True)
/workspace/26Dacon_DeepVoice/.venv/lib/python3.11/site-packages/librosa/core/audio.py:184: FutureWarning: librosa.core.audio.__audioread_load
	Deprecated as of librosa version 0.10.0.
	It will be removed in librosa version 1.0.
  y, sr_native = __audioread_load(path, offset, duration, dtype)
/workspace/26Dacon_DeepVoice/data_pipeline/download_real_clips.py:78: UserWarning: PySoundFile failed. Trying audioread instead.
  audio, sr = librosa.load(src, sr=SAMPLE_RATE, mono=True)
/workspace/26Dacon_DeepVoice/.venv/lib/python3.11/site-packages/librosa/core/audio.py:184: FutureWarning: librosa.core.audio.__audioread_load
	Deprecated as of librosa version 0.10.0.
	It will be removed in librosa version 1.0.
  y, sr_native = __audioread_load(path, offset, duration, dtype)
[ok] real_23449 (train=225 valid=24)
[ok] real_16334 (train=226 valid=24)
/workspace/26Dacon_DeepVoice/data_pipeline/download_real_clips.py:78: UserWarning: PySoundFile failed. Trying audioread instead.
  audio, sr = librosa.load(src, sr=SAMPLE_RATE, mono=True)
/workspace/26Dacon_DeepVoice/.venv/lib/python3.11/site-packages/librosa/core/audio.py:184: FutureWarning: librosa.core.audio.__audioread_load
	Deprecated as of librosa version 0.10.0.
	It will be removed in librosa version 1.0.
  y, sr_native = __audioread_load(path, offset, duration, dtype)
/workspace/26Dacon_DeepVoice/data_pipeline/download_real_clips.py:78: UserWarning: PySoundFile failed. Trying audioread instead.
  audio, sr = librosa.load(src, sr=SAMPLE_RATE, mono=True)
/workspace/26Dacon_DeepVoice/.venv/lib/python3.11/site-packages/librosa/core/audio.py:184: FutureWarning: librosa.core.audio.__audioread_load
	Deprecated as of librosa version 0.10.0.
	It will be removed in librosa version 1.0.
  y, sr_native = __audioread_load(path, offset, duration, dtype)
[ok] real_45052 (train=227 valid=24)
[ok] real_35881 (train=228 valid=24)
/workspace/26Dacon_DeepVoice/data_pipeline/download_real_clips.py:78: UserWarning: PySoundFile failed. Trying audioread instead.
  audio, sr = librosa.load(src, sr=SAMPLE_RATE, mono=True)
/workspace/26Dacon_DeepVoice/.venv/lib/python3.11/site-packages/librosa/core/audio.py:184: FutureWarning: librosa.core.audio.__audioread_load
	Deprecated as of librosa version 0.10.0.
	It will be removed in librosa version 1.0.
  y, sr_native = __audioread_load(path, offset, duration, dtype)
/workspace/26Dacon_DeepVoice/data_pipeline/download_real_clips.py:78: UserWarning: PySoundFile failed. Trying audioread instead.
  audio, sr = librosa.load(src, sr=SAMPLE_RATE, mono=True)
/workspace/26Dacon_DeepVoice/.venv/lib/python3.11/site-packages/librosa/core/audio.py:184: FutureWarning: librosa.core.audio.__audioread_load
	Deprecated as of librosa version 0.10.0.
	It will be removed in librosa version 1.0.
  y, sr_native = __audioread_load(path, offset, duration, dtype)
[ok] real_35239 (train=229 valid=24)
ERROR: [youtube] awWdMKnoH4w: Video unavailable
[fail] real_17599 (awWdMKnoH4w): ERROR: [youtube] awWdMKnoH4w: Video unavailable
[ok] real_24175 (train=230 valid=24)
ERROR: [youtube] IqNiIVKzXgc: Video unavailable
[fail] real_46287 (IqNiIVKzXgc): ERROR: [youtube] IqNiIVKzXgc: Video unavailable
/workspace/26Dacon_DeepVoice/data_pipeline/download_real_clips.py:78: UserWarning: PySoundFile failed. Trying audioread instead.
  audio, sr = librosa.load(src, sr=SAMPLE_RATE, mono=True)
/workspace/26Dacon_DeepVoice/.venv/lib/python3.11/site-packages/librosa/core/audio.py:184: FutureWarning: librosa.core.audio.__audioread_load
	Deprecated as of librosa version 0.10.0.
	It will be removed in librosa version 1.0.
  y, sr_native = __audioread_load(path, offset, duration, dtype)
[ok] real_09482 (train=231 valid=24)
/workspace/26Dacon_DeepVoice/data_pipeline/download_real_clips.py:78: UserWarning: PySoundFile failed. Trying audioread instead.
  audio, sr = librosa.load(src, sr=SAMPLE_RATE, mono=True)
/workspace/26Dacon_DeepVoice/.venv/lib/python3.11/site-packages/librosa/core/audio.py:184: FutureWarning: librosa.core.audio.__audioread_load
	Deprecated as of librosa version 0.10.0.
	It will be removed in librosa version 1.0.
  y, sr_native = __audioread_load(path, offset, duration, dtype)
[ok] real_15777 (train=232 valid=24)
/workspace/26Dacon_DeepVoice/data_pipeline/download_real_clips.py:78: UserWarning: PySoundFile failed. Trying audioread instead.
  audio, sr = librosa.load(src, sr=SAMPLE_RATE, mono=True)
/workspace/26Dacon_DeepVoice/.venv/lib/python3.11/site-packages/librosa/core/audio.py:184: FutureWarning: librosa.core.audio.__audioread_load
	Deprecated as of librosa version 0.10.0.
	It will be removed in librosa version 1.0.
  y, sr_native = __audioread_load(path, offset, duration, dtype)
/workspace/26Dacon_DeepVoice/data_pipeline/download_real_clips.py:78: UserWarning: PySoundFile failed. Trying audioread instead.
  audio, sr = librosa.load(src, sr=SAMPLE_RATE, mono=True)
/workspace/26Dacon_DeepVoice/.venv/lib/python3.11/site-packages/librosa/core/audio.py:184: FutureWarning: librosa.core.audio.__audioread_load
	Deprecated as of librosa version 0.10.0.
	It will be removed in librosa version 1.0.
  y, sr_native = __audioread_load(path, offset, duration, dtype)
/workspace/26Dacon_DeepVoice/data_pipeline/download_real_clips.py:78: UserWarning: PySoundFile failed. Trying audioread instead.
  audio, sr = librosa.load(src, sr=SAMPLE_RATE, mono=True)
/workspace/26Dacon_DeepVoice/.venv/lib/python3.11/site-packages/librosa/core/audio.py:184: FutureWarning: librosa.core.audio.__audioread_load
	Deprecated as of librosa version 0.10.0.
	It will be removed in librosa version 1.0.
  y, sr_native = __audioread_load(path, offset, duration, dtype)
[ok] real_09206 (train=233 valid=24)
[ok] real_35400 (train=234 valid=24)
[ok] real_07278 (train=235 valid=24)
[ok] real_30480 (train=236 valid=24)
/workspace/26Dacon_DeepVoice/data_pipeline/download_real_clips.py:78: UserWarning: PySoundFile failed. Trying audioread instead.
  audio, sr = librosa.load(src, sr=SAMPLE_RATE, mono=True)
/workspace/26Dacon_DeepVoice/.venv/lib/python3.11/site-packages/librosa/core/audio.py:184: FutureWarning: librosa.core.audio.__audioread_load
	Deprecated as of librosa version 0.10.0.
	It will be removed in librosa version 1.0.
  y, sr_native = __audioread_load(path, offset, duration, dtype)
[ok] real_17308 (train=237 valid=24)
/workspace/26Dacon_DeepVoice/data_pipeline/download_real_clips.py:78: UserWarning: PySoundFile failed. Trying audioread instead.
  audio, sr = librosa.load(src, sr=SAMPLE_RATE, mono=True)
/workspace/26Dacon_DeepVoice/.venv/lib/python3.11/site-packages/librosa/core/audio.py:184: FutureWarning: librosa.core.audio.__audioread_load
	Deprecated as of librosa version 0.10.0.
	It will be removed in librosa version 1.0.
  y, sr_native = __audioread_load(path, offset, duration, dtype)
/workspace/26Dacon_DeepVoice/data_pipeline/download_real_clips.py:78: UserWarning: PySoundFile failed. Trying audioread instead.
  audio, sr = librosa.load(src, sr=SAMPLE_RATE, mono=True)
/workspace/26Dacon_DeepVoice/.venv/lib/python3.11/site-packages/librosa/core/audio.py:184: FutureWarning: librosa.core.audio.__audioread_load
	Deprecated as of librosa version 0.10.0.
	It will be removed in librosa version 1.0.
  y, sr_native = __audioread_load(path, offset, duration, dtype)
[ok] real_25316 (train=238 valid=24)
[ok] real_42710 (train=239 valid=24)
/workspace/26Dacon_DeepVoice/data_pipeline/download_real_clips.py:78: UserWarning: PySoundFile failed. Trying audioread instead.
  audio, sr = librosa.load(src, sr=SAMPLE_RATE, mono=True)
/workspace/26Dacon_DeepVoice/.venv/lib/python3.11/site-packages/librosa/core/audio.py:184: FutureWarning: librosa.core.audio.__audioread_load
	Deprecated as of librosa version 0.10.0.
	It will be removed in librosa version 1.0.
  y, sr_native = __audioread_load(path, offset, duration, dtype)
/workspace/26Dacon_DeepVoice/data_pipeline/download_real_clips.py:78: UserWarning: PySoundFile failed. Trying audioread instead.
  audio, sr = librosa.load(src, sr=SAMPLE_RATE, mono=True)
/workspace/26Dacon_DeepVoice/.venv/lib/python3.11/site-packages/librosa/core/audio.py:184: FutureWarning: librosa.core.audio.__audioread_load
	Deprecated as of librosa version 0.10.0.
	It will be removed in librosa version 1.0.
  y, sr_native = __audioread_load(path, offset, duration, dtype)
[ok] real_12063 (train=240 valid=24)
[ok] real_43804 (train=241 valid=24)
ERROR: [youtube] NbbIz7gtzO8: Video unavailable
[fail] real_25814 (NbbIz7gtzO8): ERROR: [youtube] NbbIz7gtzO8: Video unavailable
/workspace/26Dacon_DeepVoice/data_pipeline/download_real_clips.py:78: UserWarning: PySoundFile failed. Trying audioread instead.
  audio, sr = librosa.load(src, sr=SAMPLE_RATE, mono=True)
/workspace/26Dacon_DeepVoice/.venv/lib/python3.11/site-packages/librosa/core/audio.py:184: FutureWarning: librosa.core.audio.__audioread_load
	Deprecated as of librosa version 0.10.0.
	It will be removed in librosa version 1.0.
  y, sr_native = __audioread_load(path, offset, duration, dtype)
/workspace/26Dacon_DeepVoice/data_pipeline/download_real_clips.py:78: UserWarning: PySoundFile failed. Trying audioread instead.
  audio, sr = librosa.load(src, sr=SAMPLE_RATE, mono=True)
/workspace/26Dacon_DeepVoice/.venv/lib/python3.11/site-packages/librosa/core/audio.py:184: FutureWarning: librosa.core.audio.__audioread_load
	Deprecated as of librosa version 0.10.0.
	It will be removed in librosa version 1.0.
  y, sr_native = __audioread_load(path, offset, duration, dtype)
[ok] real_16907 (train=242 valid=24)
[ok] real_20674 (train=243 valid=24)
/workspace/26Dacon_DeepVoice/data_pipeline/download_real_clips.py:78: UserWarning: PySoundFile failed. Trying audioread instead.
  audio, sr = librosa.load(src, sr=SAMPLE_RATE, mono=True)
/workspace/26Dacon_DeepVoice/.venv/lib/python3.11/site-packages/librosa/core/audio.py:184: FutureWarning: librosa.core.audio.__audioread_load
	Deprecated as of librosa version 0.10.0.
	It will be removed in librosa version 1.0.
  y, sr_native = __audioread_load(path, offset, duration, dtype)
/workspace/26Dacon_DeepVoice/data_pipeline/download_real_clips.py:78: UserWarning: PySoundFile failed. Trying audioread instead.
  audio, sr = librosa.load(src, sr=SAMPLE_RATE, mono=True)
/workspace/26Dacon_DeepVoice/.venv/lib/python3.11/site-packages/librosa/core/audio.py:184: FutureWarning: librosa.core.audio.__audioread_load
	Deprecated as of librosa version 0.10.0.
	It will be removed in librosa version 1.0.
  y, sr_native = __audioread_load(path, offset, duration, dtype)
[ok] real_42140 (train=244 valid=24)
[ok] real_44856 (train=244 valid=25)
/workspace/26Dacon_DeepVoice/data_pipeline/download_real_clips.py:78: UserWarning: PySoundFile failed. Trying audioread instead.
  audio, sr = librosa.load(src, sr=SAMPLE_RATE, mono=True)
/workspace/26Dacon_DeepVoice/.venv/lib/python3.11/site-packages/librosa/core/audio.py:184: FutureWarning: librosa.core.audio.__audioread_load
	Deprecated as of librosa version 0.10.0.
	It will be removed in librosa version 1.0.
  y, sr_native = __audioread_load(path, offset, duration, dtype)
[ok] real_17658 (train=244 valid=26)
/workspace/26Dacon_DeepVoice/data_pipeline/download_real_clips.py:78: UserWarning: PySoundFile failed. Trying audioread instead.
  audio, sr = librosa.load(src, sr=SAMPLE_RATE, mono=True)
/workspace/26Dacon_DeepVoice/.venv/lib/python3.11/site-packages/librosa/core/audio.py:184: FutureWarning: librosa.core.audio.__audioread_load
	Deprecated as of librosa version 0.10.0.
	It will be removed in librosa version 1.0.
  y, sr_native = __audioread_load(path, offset, duration, dtype)
/workspace/26Dacon_DeepVoice/data_pipeline/download_real_clips.py:78: UserWarning: PySoundFile failed. Trying audioread instead.
  audio, sr = librosa.load(src, sr=SAMPLE_RATE, mono=True)
/workspace/26Dacon_DeepVoice/.venv/lib/python3.11/site-packages/librosa/core/audio.py:184: FutureWarning: librosa.core.audio.__audioread_load
	Deprecated as of librosa version 0.10.0.
	It will be removed in librosa version 1.0.
  y, sr_native = __audioread_load(path, offset, duration, dtype)
[ok] real_09153 (train=244 valid=27)
[ok] real_32611 (train=245 valid=27)
/workspace/26Dacon_DeepVoice/data_pipeline/download_real_clips.py:78: UserWarning: PySoundFile failed. Trying audioread instead.
  audio, sr = librosa.load(src, sr=SAMPLE_RATE, mono=True)
/workspace/26Dacon_DeepVoice/.venv/lib/python3.11/site-packages/librosa/core/audio.py:184: FutureWarning: librosa.core.audio.__audioread_load
	Deprecated as of librosa version 0.10.0.
	It will be removed in librosa version 1.0.
  y, sr_native = __audioread_load(path, offset, duration, dtype)
[ok] real_51818 (train=246 valid=27)
/workspace/26Dacon_DeepVoice/data_pipeline/download_real_clips.py:78: UserWarning: PySoundFile failed. Trying audioread instead.
  audio, sr = librosa.load(src, sr=SAMPLE_RATE, mono=True)
/workspace/26Dacon_DeepVoice/.venv/lib/python3.11/site-packages/librosa/core/audio.py:184: FutureWarning: librosa.core.audio.__audioread_load
	Deprecated as of librosa version 0.10.0.
	It will be removed in librosa version 1.0.
  y, sr_native = __audioread_load(path, offset, duration, dtype)
/workspace/26Dacon_DeepVoice/data_pipeline/download_real_clips.py:78: UserWarning: PySoundFile failed. Trying audioread instead.
  audio, sr = librosa.load(src, sr=SAMPLE_RATE, mono=True)
/workspace/26Dacon_DeepVoice/.venv/lib/python3.11/site-packages/librosa/core/audio.py:184: FutureWarning: librosa.core.audio.__audioread_load
	Deprecated as of librosa version 0.10.0.
	It will be removed in librosa version 1.0.
  y, sr_native = __audioread_load(path, offset, duration, dtype)
[ok] real_07767 (train=247 valid=27)
[ok] real_41655 (train=248 valid=27)
/workspace/26Dacon_DeepVoice/data_pipeline/download_real_clips.py:78: UserWarning: PySoundFile failed. Trying audioread instead.
  audio, sr = librosa.load(src, sr=SAMPLE_RATE, mono=True)
/workspace/26Dacon_DeepVoice/.venv/lib/python3.11/site-packages/librosa/core/audio.py:184: FutureWarning: librosa.core.audio.__audioread_load
	Deprecated as of librosa version 0.10.0.
	It will be removed in librosa version 1.0.
  y, sr_native = __audioread_load(path, offset, duration, dtype)
[ok] real_32142 (train=249 valid=27)
/workspace/26Dacon_DeepVoice/data_pipeline/download_real_clips.py:78: UserWarning: PySoundFile failed. Trying audioread instead.
  audio, sr = librosa.load(src, sr=SAMPLE_RATE, mono=True)
/workspace/26Dacon_DeepVoice/.venv/lib/python3.11/site-packages/librosa/core/audio.py:184: FutureWarning: librosa.core.audio.__audioread_load
	Deprecated as of librosa version 0.10.0.
	It will be removed in librosa version 1.0.
  y, sr_native = __audioread_load(path, offset, duration, dtype)
/workspace/26Dacon_DeepVoice/data_pipeline/download_real_clips.py:78: UserWarning: PySoundFile failed. Trying audioread instead.
  audio, sr = librosa.load(src, sr=SAMPLE_RATE, mono=True)
/workspace/26Dacon_DeepVoice/.venv/lib/python3.11/site-packages/librosa/core/audio.py:184: FutureWarning: librosa.core.audio.__audioread_load
	Deprecated as of librosa version 0.10.0.
	It will be removed in librosa version 1.0.
  y, sr_native = __audioread_load(path, offset, duration, dtype)
[ok] real_07014 (train=250 valid=27)
[ok] real_36174 (train=251 valid=27)
/workspace/26Dacon_DeepVoice/data_pipeline/download_real_clips.py:78: UserWarning: PySoundFile failed. Trying audioread instead.
  audio, sr = librosa.load(src, sr=SAMPLE_RATE, mono=True)
/workspace/26Dacon_DeepVoice/.venv/lib/python3.11/site-packages/librosa/core/audio.py:184: FutureWarning: librosa.core.audio.__audioread_load
	Deprecated as of librosa version 0.10.0.
	It will be removed in librosa version 1.0.
  y, sr_native = __audioread_load(path, offset, duration, dtype)
/workspace/26Dacon_DeepVoice/data_pipeline/download_real_clips.py:78: UserWarning: PySoundFile failed. Trying audioread instead.
  audio, sr = librosa.load(src, sr=SAMPLE_RATE, mono=True)
/workspace/26Dacon_DeepVoice/.venv/lib/python3.11/site-packages/librosa/core/audio.py:184: FutureWarning: librosa.core.audio.__audioread_load
	Deprecated as of librosa version 0.10.0.
	It will be removed in librosa version 1.0.
  y, sr_native = __audioread_load(path, offset, duration, dtype)
[ok] real_33966 (train=252 valid=27)
[ok] real_17083 (train=253 valid=27)
/workspace/26Dacon_DeepVoice/data_pipeline/download_real_clips.py:78: UserWarning: PySoundFile failed. Trying audioread instead.
  audio, sr = librosa.load(src, sr=SAMPLE_RATE, mono=True)
/workspace/26Dacon_DeepVoice/.venv/lib/python3.11/site-packages/librosa/core/audio.py:184: FutureWarning: librosa.core.audio.__audioread_load
	Deprecated as of librosa version 0.10.0.
	It will be removed in librosa version 1.0.
  y, sr_native = __audioread_load(path, offset, duration, dtype)
/workspace/26Dacon_DeepVoice/data_pipeline/download_real_clips.py:78: UserWarning: PySoundFile failed. Trying audioread instead.
  audio, sr = librosa.load(src, sr=SAMPLE_RATE, mono=True)
/workspace/26Dacon_DeepVoice/.venv/lib/python3.11/site-packages/librosa/core/audio.py:184: FutureWarning: librosa.core.audio.__audioread_load
	Deprecated as of librosa version 0.10.0.
	It will be removed in librosa version 1.0.
  y, sr_native = __audioread_load(path, offset, duration, dtype)
[ok] real_14466 (train=254 valid=27)
[ok] real_11150 (train=254 valid=28)
/workspace/26Dacon_DeepVoice/data_pipeline/download_real_clips.py:78: UserWarning: PySoundFile failed. Trying audioread instead.
  audio, sr = librosa.load(src, sr=SAMPLE_RATE, mono=True)
/workspace/26Dacon_DeepVoice/.venv/lib/python3.11/site-packages/librosa/core/audio.py:184: FutureWarning: librosa.core.audio.__audioread_load
	Deprecated as of librosa version 0.10.0.
	It will be removed in librosa version 1.0.
  y, sr_native = __audioread_load(path, offset, duration, dtype)
[ok] real_15800 (train=255 valid=28)
/workspace/26Dacon_DeepVoice/data_pipeline/download_real_clips.py:78: UserWarning: PySoundFile failed. Trying audioread instead.
  audio, sr = librosa.load(src, sr=SAMPLE_RATE, mono=True)
/workspace/26Dacon_DeepVoice/.venv/lib/python3.11/site-packages/librosa/core/audio.py:184: FutureWarning: librosa.core.audio.__audioread_load
	Deprecated as of librosa version 0.10.0.
	It will be removed in librosa version 1.0.
  y, sr_native = __audioread_load(path, offset, duration, dtype)
/workspace/26Dacon_DeepVoice/data_pipeline/download_real_clips.py:78: UserWarning: PySoundFile failed. Trying audioread instead.
  audio, sr = librosa.load(src, sr=SAMPLE_RATE, mono=True)
/workspace/26Dacon_DeepVoice/.venv/lib/python3.11/site-packages/librosa/core/audio.py:184: FutureWarning: librosa.core.audio.__audioread_load
	Deprecated as of librosa version 0.10.0.
	It will be removed in librosa version 1.0.
  y, sr_native = __audioread_load(path, offset, duration, dtype)
[ok] real_52212 (train=256 valid=28)
[ok] real_35240 (train=257 valid=28)
/workspace/26Dacon_DeepVoice/data_pipeline/download_real_clips.py:78: UserWarning: PySoundFile failed. Trying audioread instead.
  audio, sr = librosa.load(src, sr=SAMPLE_RATE, mono=True)
/workspace/26Dacon_DeepVoice/.venv/lib/python3.11/site-packages/librosa/core/audio.py:184: FutureWarning: librosa.core.audio.__audioread_load
	Deprecated as of librosa version 0.10.0.
	It will be removed in librosa version 1.0.
  y, sr_native = __audioread_load(path, offset, duration, dtype)
ERROR: [youtube] v7-hJhrjNmU: Video unavailable
[fail] real_43944 (v7-hJhrjNmU): ERROR: [youtube] v7-hJhrjNmU: Video unavailable
[ok] real_10294 (train=258 valid=28)
ERROR: [youtube] WfBJGgoUB-U: Video unavailable
[fail] real_35087 (WfBJGgoUB-U): ERROR: [youtube] WfBJGgoUB-U: Video unavailable
ERROR: [youtube] pCK2rIvarXw: Video unavailable
[fail] real_14567 (pCK2rIvarXw): ERROR: [youtube] pCK2rIvarXw: Video unavailable
/workspace/26Dacon_DeepVoice/data_pipeline/download_real_clips.py:78: UserWarning: PySoundFile failed. Trying audioread instead.
  audio, sr = librosa.load(src, sr=SAMPLE_RATE, mono=True)
/workspace/26Dacon_DeepVoice/.venv/lib/python3.11/site-packages/librosa/core/audio.py:184: FutureWarning: librosa.core.audio.__audioread_load
	Deprecated as of librosa version 0.10.0.
	It will be removed in librosa version 1.0.
  y, sr_native = __audioread_load(path, offset, duration, dtype)
[ok] real_28238 (train=258 valid=29)
ERROR: [youtube] R2LOipVpWcA: This video is not available
[fail] real_43200 (R2LOipVpWcA): ERROR: [youtube] R2LOipVpWcA: This video is not available
/workspace/26Dacon_DeepVoice/data_pipeline/download_real_clips.py:78: UserWarning: PySoundFile failed. Trying audioread instead.
  audio, sr = librosa.load(src, sr=SAMPLE_RATE, mono=True)
/workspace/26Dacon_DeepVoice/.venv/lib/python3.11/site-packages/librosa/core/audio.py:184: FutureWarning: librosa.core.audio.__audioread_load
	Deprecated as of librosa version 0.10.0.
	It will be removed in librosa version 1.0.
  y, sr_native = __audioread_load(path, offset, duration, dtype)
[ok] real_51330 (train=259 valid=29)
/workspace/26Dacon_DeepVoice/data_pipeline/download_real_clips.py:78: UserWarning: PySoundFile failed. Trying audioread instead.
  audio, sr = librosa.load(src, sr=SAMPLE_RATE, mono=True)
/workspace/26Dacon_DeepVoice/.venv/lib/python3.11/site-packages/librosa/core/audio.py:184: FutureWarning: librosa.core.audio.__audioread_load
	Deprecated as of librosa version 0.10.0.
	It will be removed in librosa version 1.0.
  y, sr_native = __audioread_load(path, offset, duration, dtype)
[ok] real_44400 (train=260 valid=29)
/workspace/26Dacon_DeepVoice/data_pipeline/download_real_clips.py:78: UserWarning: PySoundFile failed. Trying audioread instead.
  audio, sr = librosa.load(src, sr=SAMPLE_RATE, mono=True)
/workspace/26Dacon_DeepVoice/.venv/lib/python3.11/site-packages/librosa/core/audio.py:184: FutureWarning: librosa.core.audio.__audioread_load
	Deprecated as of librosa version 0.10.0.
	It will be removed in librosa version 1.0.
  y, sr_native = __audioread_load(path, offset, duration, dtype)
[ok] real_33355 (train=261 valid=29)
/workspace/26Dacon_DeepVoice/data_pipeline/download_real_clips.py:78: UserWarning: PySoundFile failed. Trying audioread instead.
  audio, sr = librosa.load(src, sr=SAMPLE_RATE, mono=True)
/workspace/26Dacon_DeepVoice/.venv/lib/python3.11/site-packages/librosa/core/audio.py:184: FutureWarning: librosa.core.audio.__audioread_load
	Deprecated as of librosa version 0.10.0.
	It will be removed in librosa version 1.0.
  y, sr_native = __audioread_load(path, offset, duration, dtype)
/workspace/26Dacon_DeepVoice/data_pipeline/download_real_clips.py:78: UserWarning: PySoundFile failed. Trying audioread instead.
  audio, sr = librosa.load(src, sr=SAMPLE_RATE, mono=True)
/workspace/26Dacon_DeepVoice/.venv/lib/python3.11/site-packages/librosa/core/audio.py:184: FutureWarning: librosa.core.audio.__audioread_load
	Deprecated as of librosa version 0.10.0.
	It will be removed in librosa version 1.0.
  y, sr_native = __audioread_load(path, offset, duration, dtype)
[ok] real_18821 (train=262 valid=29)
[ok] real_37367 (train=263 valid=29)
/workspace/26Dacon_DeepVoice/data_pipeline/download_real_clips.py:78: UserWarning: PySoundFile failed. Trying audioread instead.
  audio, sr = librosa.load(src, sr=SAMPLE_RATE, mono=True)
/workspace/26Dacon_DeepVoice/.venv/lib/python3.11/site-packages/librosa/core/audio.py:184: FutureWarning: librosa.core.audio.__audioread_load
	Deprecated as of librosa version 0.10.0.
	It will be removed in librosa version 1.0.
  y, sr_native = __audioread_load(path, offset, duration, dtype)
[ok] real_14448 (train=264 valid=29)
/workspace/26Dacon_DeepVoice/data_pipeline/download_real_clips.py:78: UserWarning: PySoundFile failed. Trying audioread instead.
  audio, sr = librosa.load(src, sr=SAMPLE_RATE, mono=True)
/workspace/26Dacon_DeepVoice/.venv/lib/python3.11/site-packages/librosa/core/audio.py:184: FutureWarning: librosa.core.audio.__audioread_load
	Deprecated as of librosa version 0.10.0.
	It will be removed in librosa version 1.0.
  y, sr_native = __audioread_load(path, offset, duration, dtype)
[ok] real_28191 (train=265 valid=29)
/workspace/26Dacon_DeepVoice/data_pipeline/download_real_clips.py:78: UserWarning: PySoundFile failed. Trying audioread instead.
  audio, sr = librosa.load(src, sr=SAMPLE_RATE, mono=True)
/workspace/26Dacon_DeepVoice/.venv/lib/python3.11/site-packages/librosa/core/audio.py:184: FutureWarning: librosa.core.audio.__audioread_load
	Deprecated as of librosa version 0.10.0.
	It will be removed in librosa version 1.0.
  y, sr_native = __audioread_load(path, offset, duration, dtype)
/workspace/26Dacon_DeepVoice/data_pipeline/download_real_clips.py:78: UserWarning: PySoundFile failed. Trying audioread instead.
  audio, sr = librosa.load(src, sr=SAMPLE_RATE, mono=True)
/workspace/26Dacon_DeepVoice/.venv/lib/python3.11/site-packages/librosa/core/audio.py:184: FutureWarning: librosa.core.audio.__audioread_load
	Deprecated as of librosa version 0.10.0.
	It will be removed in librosa version 1.0.
  y, sr_native = __audioread_load(path, offset, duration, dtype)
[ok] real_30140 (train=266 valid=29)
[ok] real_32931 (train=267 valid=29)
/workspace/26Dacon_DeepVoice/data_pipeline/download_real_clips.py:78: UserWarning: PySoundFile failed. Trying audioread instead.
  audio, sr = librosa.load(src, sr=SAMPLE_RATE, mono=True)
/workspace/26Dacon_DeepVoice/.venv/lib/python3.11/site-packages/librosa/core/audio.py:184: FutureWarning: librosa.core.audio.__audioread_load
	Deprecated as of librosa version 0.10.0.
	It will be removed in librosa version 1.0.
  y, sr_native = __audioread_load(path, offset, duration, dtype)
[ok] real_42241 (train=267 valid=30)
/workspace/26Dacon_DeepVoice/data_pipeline/download_real_clips.py:78: UserWarning: PySoundFile failed. Trying audioread instead.
  audio, sr = librosa.load(src, sr=SAMPLE_RATE, mono=True)
/workspace/26Dacon_DeepVoice/.venv/lib/python3.11/site-packages/librosa/core/audio.py:184: FutureWarning: librosa.core.audio.__audioread_load
	Deprecated as of librosa version 0.10.0.
	It will be removed in librosa version 1.0.
  y, sr_native = __audioread_load(path, offset, duration, dtype)
[ok] real_45662 (train=268 valid=30)
/workspace/26Dacon_DeepVoice/data_pipeline/download_real_clips.py:78: UserWarning: PySoundFile failed. Trying audioread instead.
  audio, sr = librosa.load(src, sr=SAMPLE_RATE, mono=True)
/workspace/26Dacon_DeepVoice/.venv/lib/python3.11/site-packages/librosa/core/audio.py:184: FutureWarning: librosa.core.audio.__audioread_load
	Deprecated as of librosa version 0.10.0.
	It will be removed in librosa version 1.0.
  y, sr_native = __audioread_load(path, offset, duration, dtype)
[ok] real_24585 (train=269 valid=30)
/workspace/26Dacon_DeepVoice/data_pipeline/download_real_clips.py:78: UserWarning: PySoundFile failed. Trying audioread instead.
  audio, sr = librosa.load(src, sr=SAMPLE_RATE, mono=True)
/workspace/26Dacon_DeepVoice/.venv/lib/python3.11/site-packages/librosa/core/audio.py:184: FutureWarning: librosa.core.audio.__audioread_load
	Deprecated as of librosa version 0.10.0.
	It will be removed in librosa version 1.0.
  y, sr_native = __audioread_load(path, offset, duration, dtype)
/workspace/26Dacon_DeepVoice/data_pipeline/download_real_clips.py:78: UserWarning: PySoundFile failed. Trying audioread instead.
  audio, sr = librosa.load(src, sr=SAMPLE_RATE, mono=True)
/workspace/26Dacon_DeepVoice/.venv/lib/python3.11/site-packages/librosa/core/audio.py:184: FutureWarning: librosa.core.audio.__audioread_load
	Deprecated as of librosa version 0.10.0.
	It will be removed in librosa version 1.0.
  y, sr_native = __audioread_load(path, offset, duration, dtype)
[ok] real_50092 (train=270 valid=30)
/workspace/26Dacon_DeepVoice/data_pipeline/download_real_clips.py:78: UserWarning: PySoundFile failed. Trying audioread instead.
  audio, sr = librosa.load(src, sr=SAMPLE_RATE, mono=True)
/workspace/26Dacon_DeepVoice/.venv/lib/python3.11/site-packages/librosa/core/audio.py:184: FutureWarning: librosa.core.audio.__audioread_load
	Deprecated as of librosa version 0.10.0.
	It will be removed in librosa version 1.0.
  y, sr_native = __audioread_load(path, offset, duration, dtype)
[ok] real_49867 (train=271 valid=30)
[ok] real_52608 (train=272 valid=30)
/workspace/26Dacon_DeepVoice/data_pipeline/download_real_clips.py:78: UserWarning: PySoundFile failed. Trying audioread instead.
  audio, sr = librosa.load(src, sr=SAMPLE_RATE, mono=True)
/workspace/26Dacon_DeepVoice/.venv/lib/python3.11/site-packages/librosa/core/audio.py:184: FutureWarning: librosa.core.audio.__audioread_load
	Deprecated as of librosa version 0.10.0.
	It will be removed in librosa version 1.0.
  y, sr_native = __audioread_load(path, offset, duration, dtype)
/workspace/26Dacon_DeepVoice/data_pipeline/download_real_clips.py:78: UserWarning: PySoundFile failed. Trying audioread instead.
  audio, sr = librosa.load(src, sr=SAMPLE_RATE, mono=True)
/workspace/26Dacon_DeepVoice/.venv/lib/python3.11/site-packages/librosa/core/audio.py:184: FutureWarning: librosa.core.audio.__audioread_load
	Deprecated as of librosa version 0.10.0.
	It will be removed in librosa version 1.0.
  y, sr_native = __audioread_load(path, offset, duration, dtype)
[ok] real_40832 (train=273 valid=30)
[ok] real_51610 (train=273 valid=31)
/workspace/26Dacon_DeepVoice/data_pipeline/download_real_clips.py:78: UserWarning: PySoundFile failed. Trying audioread instead.
  audio, sr = librosa.load(src, sr=SAMPLE_RATE, mono=True)
/workspace/26Dacon_DeepVoice/.venv/lib/python3.11/site-packages/librosa/core/audio.py:184: FutureWarning: librosa.core.audio.__audioread_load
	Deprecated as of librosa version 0.10.0.
	It will be removed in librosa version 1.0.
  y, sr_native = __audioread_load(path, offset, duration, dtype)
/workspace/26Dacon_DeepVoice/data_pipeline/download_real_clips.py:78: UserWarning: PySoundFile failed. Trying audioread instead.
  audio, sr = librosa.load(src, sr=SAMPLE_RATE, mono=True)
/workspace/26Dacon_DeepVoice/.venv/lib/python3.11/site-packages/librosa/core/audio.py:184: FutureWarning: librosa.core.audio.__audioread_load
	Deprecated as of librosa version 0.10.0.
	It will be removed in librosa version 1.0.
  y, sr_native = __audioread_load(path, offset, duration, dtype)
[ok] real_36167 (train=274 valid=31)
/workspace/26Dacon_DeepVoice/data_pipeline/download_real_clips.py:78: UserWarning: PySoundFile failed. Trying audioread instead.
  audio, sr = librosa.load(src, sr=SAMPLE_RATE, mono=True)
/workspace/26Dacon_DeepVoice/.venv/lib/python3.11/site-packages/librosa/core/audio.py:184: FutureWarning: librosa.core.audio.__audioread_load
	Deprecated as of librosa version 0.10.0.
	It will be removed in librosa version 1.0.
  y, sr_native = __audioread_load(path, offset, duration, dtype)
[ok] real_04011 (train=275 valid=31)
[ok] real_36682 (train=276 valid=31)
/workspace/26Dacon_DeepVoice/data_pipeline/download_real_clips.py:78: UserWarning: PySoundFile failed. Trying audioread instead.
  audio, sr = librosa.load(src, sr=SAMPLE_RATE, mono=True)
/workspace/26Dacon_DeepVoice/.venv/lib/python3.11/site-packages/librosa/core/audio.py:184: FutureWarning: librosa.core.audio.__audioread_load
	Deprecated as of librosa version 0.10.0.
	It will be removed in librosa version 1.0.
  y, sr_native = __audioread_load(path, offset, duration, dtype)
/workspace/26Dacon_DeepVoice/data_pipeline/download_real_clips.py:78: UserWarning: PySoundFile failed. Trying audioread instead.
  audio, sr = librosa.load(src, sr=SAMPLE_RATE, mono=True)
/workspace/26Dacon_DeepVoice/.venv/lib/python3.11/site-packages/librosa/core/audio.py:184: FutureWarning: librosa.core.audio.__audioread_load
	Deprecated as of librosa version 0.10.0.
	It will be removed in librosa version 1.0.
  y, sr_native = __audioread_load(path, offset, duration, dtype)
/workspace/26Dacon_DeepVoice/data_pipeline/download_real_clips.py:78: UserWarning: PySoundFile failed. Trying audioread instead.
  audio, sr = librosa.load(src, sr=SAMPLE_RATE, mono=True)
/workspace/26Dacon_DeepVoice/.venv/lib/python3.11/site-packages/librosa/core/audio.py:184: FutureWarning: librosa.core.audio.__audioread_load
	Deprecated as of librosa version 0.10.0.
	It will be removed in librosa version 1.0.
  y, sr_native = __audioread_load(path, offset, duration, dtype)
[ok] real_03839 (train=277 valid=31)
/workspace/26Dacon_DeepVoice/data_pipeline/download_real_clips.py:78: UserWarning: PySoundFile failed. Trying audioread instead.
  audio, sr = librosa.load(src, sr=SAMPLE_RATE, mono=True)
/workspace/26Dacon_DeepVoice/.venv/lib/python3.11/site-packages/librosa/core/audio.py:184: FutureWarning: librosa.core.audio.__audioread_load
	Deprecated as of librosa version 0.10.0.
	It will be removed in librosa version 1.0.
  y, sr_native = __audioread_load(path, offset, duration, dtype)
[ok] real_17576 (train=278 valid=31)
[ok] real_42874 (train=279 valid=31)
/workspace/26Dacon_DeepVoice/data_pipeline/download_real_clips.py:78: UserWarning: PySoundFile failed. Trying audioread instead.
  audio, sr = librosa.load(src, sr=SAMPLE_RATE, mono=True)
/workspace/26Dacon_DeepVoice/.venv/lib/python3.11/site-packages/librosa/core/audio.py:184: FutureWarning: librosa.core.audio.__audioread_load
	Deprecated as of librosa version 0.10.0.
	It will be removed in librosa version 1.0.
  y, sr_native = __audioread_load(path, offset, duration, dtype)
[ok] real_42922 (train=280 valid=31)
[ok] real_16250 (train=281 valid=31)
/workspace/26Dacon_DeepVoice/data_pipeline/download_real_clips.py:78: UserWarning: PySoundFile failed. Trying audioread instead.
  audio, sr = librosa.load(src, sr=SAMPLE_RATE, mono=True)
/workspace/26Dacon_DeepVoice/.venv/lib/python3.11/site-packages/librosa/core/audio.py:184: FutureWarning: librosa.core.audio.__audioread_load
	Deprecated as of librosa version 0.10.0.
	It will be removed in librosa version 1.0.
  y, sr_native = __audioread_load(path, offset, duration, dtype)
[ok] real_49391 (train=282 valid=31)
/workspace/26Dacon_DeepVoice/data_pipeline/download_real_clips.py:78: UserWarning: PySoundFile failed. Trying audioread instead.
  audio, sr = librosa.load(src, sr=SAMPLE_RATE, mono=True)
/workspace/26Dacon_DeepVoice/.venv/lib/python3.11/site-packages/librosa/core/audio.py:184: FutureWarning: librosa.core.audio.__audioread_load
	Deprecated as of librosa version 0.10.0.
	It will be removed in librosa version 1.0.
  y, sr_native = __audioread_load(path, offset, duration, dtype)
[ok] real_22861 (train=283 valid=31)
/workspace/26Dacon_DeepVoice/data_pipeline/download_real_clips.py:78: UserWarning: PySoundFile failed. Trying audioread instead.
  audio, sr = librosa.load(src, sr=SAMPLE_RATE, mono=True)
/workspace/26Dacon_DeepVoice/.venv/lib/python3.11/site-packages/librosa/core/audio.py:184: FutureWarning: librosa.core.audio.__audioread_load
	Deprecated as of librosa version 0.10.0.
	It will be removed in librosa version 1.0.
  y, sr_native = __audioread_load(path, offset, duration, dtype)
[ok] real_32087 (train=284 valid=31)
/workspace/26Dacon_DeepVoice/data_pipeline/download_real_clips.py:78: UserWarning: PySoundFile failed. Trying audioread instead.
  audio, sr = librosa.load(src, sr=SAMPLE_RATE, mono=True)
/workspace/26Dacon_DeepVoice/.venv/lib/python3.11/site-packages/librosa/core/audio.py:184: FutureWarning: librosa.core.audio.__audioread_load
	Deprecated as of librosa version 0.10.0.
	It will be removed in librosa version 1.0.
  y, sr_native = __audioread_load(path, offset, duration, dtype)
[ok] real_04563 (train=285 valid=31)
/workspace/26Dacon_DeepVoice/data_pipeline/download_real_clips.py:78: UserWarning: PySoundFile failed. Trying audioread instead.
  audio, sr = librosa.load(src, sr=SAMPLE_RATE, mono=True)
/workspace/26Dacon_DeepVoice/.venv/lib/python3.11/site-packages/librosa/core/audio.py:184: FutureWarning: librosa.core.audio.__audioread_load
	Deprecated as of librosa version 0.10.0.
	It will be removed in librosa version 1.0.
  y, sr_native = __audioread_load(path, offset, duration, dtype)
/workspace/26Dacon_DeepVoice/data_pipeline/download_real_clips.py:78: UserWarning: PySoundFile failed. Trying audioread instead.
  audio, sr = librosa.load(src, sr=SAMPLE_RATE, mono=True)
/workspace/26Dacon_DeepVoice/.venv/lib/python3.11/site-packages/librosa/core/audio.py:184: FutureWarning: librosa.core.audio.__audioread_load
	Deprecated as of librosa version 0.10.0.
	It will be removed in librosa version 1.0.
  y, sr_native = __audioread_load(path, offset, duration, dtype)
[ok] real_51074 (train=286 valid=31)
/workspace/26Dacon_DeepVoice/data_pipeline/download_real_clips.py:78: UserWarning: PySoundFile failed. Trying audioread instead.
  audio, sr = librosa.load(src, sr=SAMPLE_RATE, mono=True)
/workspace/26Dacon_DeepVoice/.venv/lib/python3.11/site-packages/librosa/core/audio.py:184: FutureWarning: librosa.core.audio.__audioread_load
	Deprecated as of librosa version 0.10.0.
	It will be removed in librosa version 1.0.
  y, sr_native = __audioread_load(path, offset, duration, dtype)
[ok] real_23387 (train=287 valid=31)
[ok] real_33762 (train=288 valid=31)
/workspace/26Dacon_DeepVoice/data_pipeline/download_real_clips.py:78: UserWarning: PySoundFile failed. Trying audioread instead.
  audio, sr = librosa.load(src, sr=SAMPLE_RATE, mono=True)
/workspace/26Dacon_DeepVoice/.venv/lib/python3.11/site-packages/librosa/core/audio.py:184: FutureWarning: librosa.core.audio.__audioread_load
	Deprecated as of librosa version 0.10.0.
	It will be removed in librosa version 1.0.
  y, sr_native = __audioread_load(path, offset, duration, dtype)
/workspace/26Dacon_DeepVoice/data_pipeline/download_real_clips.py:78: UserWarning: PySoundFile failed. Trying audioread instead.
  audio, sr = librosa.load(src, sr=SAMPLE_RATE, mono=True)
/workspace/26Dacon_DeepVoice/.venv/lib/python3.11/site-packages/librosa/core/audio.py:184: FutureWarning: librosa.core.audio.__audioread_load
	Deprecated as of librosa version 0.10.0.
	It will be removed in librosa version 1.0.
  y, sr_native = __audioread_load(path, offset, duration, dtype)
[ok] real_01276 (train=289 valid=31)
[ok] real_24485 (train=290 valid=31)
/workspace/26Dacon_DeepVoice/data_pipeline/download_real_clips.py:78: UserWarning: PySoundFile failed. Trying audioread instead.
  audio, sr = librosa.load(src, sr=SAMPLE_RATE, mono=True)
/workspace/26Dacon_DeepVoice/.venv/lib/python3.11/site-packages/librosa/core/audio.py:184: FutureWarning: librosa.core.audio.__audioread_load
	Deprecated as of librosa version 0.10.0.
	It will be removed in librosa version 1.0.
  y, sr_native = __audioread_load(path, offset, duration, dtype)
[ok] real_38066 (train=291 valid=31)
ERROR: [youtube] 80j62Ac9LXA: Sign in to confirm your age. Use --cookies-from-browser or --cookies for the authentication. See  https://github.com/yt-dlp/yt-dlp/wiki/FAQ#how-do-i-pass-cookies-to-yt-dlp  for how to manually pass cookies. Also see  https://github.com/yt-dlp/yt-dlp/wiki/Extractors#exporting-youtube-cookies  for tips on effectively exporting YouTube cookies
[fail] real_21340 (80j62Ac9LXA): ERROR: [youtube] 80j62Ac9LXA: Sign in to confirm your age. Use --cookies-from-browser or --cookies for the authentication. See  https://github.com/yt-dlp/yt-dlp/wiki/FAQ#how-do-i-pass-cookies-to-yt-dlp  for how to manually pass cookies. Also see  https://github.com/yt-dlp/yt-dlp/wiki/Extractors#exporting-youtube-cookies  for tips on effectively exporting YouTube cookies
/workspace/26Dacon_DeepVoice/data_pipeline/download_real_clips.py:78: UserWarning: PySoundFile failed. Trying audioread instead.
  audio, sr = librosa.load(src, sr=SAMPLE_RATE, mono=True)
/workspace/26Dacon_DeepVoice/.venv/lib/python3.11/site-packages/librosa/core/audio.py:184: FutureWarning: librosa.core.audio.__audioread_load
	Deprecated as of librosa version 0.10.0.
	It will be removed in librosa version 1.0.
  y, sr_native = __audioread_load(path, offset, duration, dtype)
[ok] real_26138 (train=292 valid=31)
/workspace/26Dacon_DeepVoice/data_pipeline/download_real_clips.py:78: UserWarning: PySoundFile failed. Trying audioread instead.
  audio, sr = librosa.load(src, sr=SAMPLE_RATE, mono=True)
/workspace/26Dacon_DeepVoice/.venv/lib/python3.11/site-packages/librosa/core/audio.py:184: FutureWarning: librosa.core.audio.__audioread_load
	Deprecated as of librosa version 0.10.0.
	It will be removed in librosa version 1.0.
  y, sr_native = __audioread_load(path, offset, duration, dtype)
[ok] real_39591 (train=293 valid=31)
/workspace/26Dacon_DeepVoice/data_pipeline/download_real_clips.py:78: UserWarning: PySoundFile failed. Trying audioread instead.
  audio, sr = librosa.load(src, sr=SAMPLE_RATE, mono=True)
/workspace/26Dacon_DeepVoice/.venv/lib/python3.11/site-packages/librosa/core/audio.py:184: FutureWarning: librosa.core.audio.__audioread_load
	Deprecated as of librosa version 0.10.0.
	It will be removed in librosa version 1.0.
  y, sr_native = __audioread_load(path, offset, duration, dtype)
/workspace/26Dacon_DeepVoice/data_pipeline/download_real_clips.py:78: UserWarning: PySoundFile failed. Trying audioread instead.
  audio, sr = librosa.load(src, sr=SAMPLE_RATE, mono=True)
/workspace/26Dacon_DeepVoice/.venv/lib/python3.11/site-packages/librosa/core/audio.py:184: FutureWarning: librosa.core.audio.__audioread_load
	Deprecated as of librosa version 0.10.0.
	It will be removed in librosa version 1.0.
  y, sr_native = __audioread_load(path, offset, duration, dtype)
[ok] real_41149 (train=294 valid=31)
/workspace/26Dacon_DeepVoice/data_pipeline/download_real_clips.py:78: UserWarning: PySoundFile failed. Trying audioread instead.
  audio, sr = librosa.load(src, sr=SAMPLE_RATE, mono=True)
/workspace/26Dacon_DeepVoice/.venv/lib/python3.11/site-packages/librosa/core/audio.py:184: FutureWarning: librosa.core.audio.__audioread_load
	Deprecated as of librosa version 0.10.0.
	It will be removed in librosa version 1.0.
  y, sr_native = __audioread_load(path, offset, duration, dtype)
/workspace/26Dacon_DeepVoice/data_pipeline/download_real_clips.py:78: UserWarning: PySoundFile failed. Trying audioread instead.
  audio, sr = librosa.load(src, sr=SAMPLE_RATE, mono=True)
/workspace/26Dacon_DeepVoice/.venv/lib/python3.11/site-packages/librosa/core/audio.py:184: FutureWarning: librosa.core.audio.__audioread_load
	Deprecated as of librosa version 0.10.0.
	It will be removed in librosa version 1.0.
  y, sr_native = __audioread_load(path, offset, duration, dtype)
[ok] real_36970 (train=294 valid=32)
[ok] real_02108 (train=295 valid=32)
[ok] real_45835 (train=296 valid=32)
/workspace/26Dacon_DeepVoice/data_pipeline/download_real_clips.py:78: UserWarning: PySoundFile failed. Trying audioread instead.
  audio, sr = librosa.load(src, sr=SAMPLE_RATE, mono=True)
/workspace/26Dacon_DeepVoice/.venv/lib/python3.11/site-packages/librosa/core/audio.py:184: FutureWarning: librosa.core.audio.__audioread_load
	Deprecated as of librosa version 0.10.0.
	It will be removed in librosa version 1.0.
  y, sr_native = __audioread_load(path, offset, duration, dtype)
ERROR: [youtube] e_04ZrNroTo: This video is not available
[fail] real_06967 (e_04ZrNroTo): ERROR: [youtube] e_04ZrNroTo: This video is not available
[ok] real_09174 (train=297 valid=32)
/workspace/26Dacon_DeepVoice/data_pipeline/download_real_clips.py:78: UserWarning: PySoundFile failed. Trying audioread instead.
  audio, sr = librosa.load(src, sr=SAMPLE_RATE, mono=True)
/workspace/26Dacon_DeepVoice/.venv/lib/python3.11/site-packages/librosa/core/audio.py:184: FutureWarning: librosa.core.audio.__audioread_load
	Deprecated as of librosa version 0.10.0.
	It will be removed in librosa version 1.0.
  y, sr_native = __audioread_load(path, offset, duration, dtype)
[ok] real_11608 (train=298 valid=32)
/workspace/26Dacon_DeepVoice/data_pipeline/download_real_clips.py:78: UserWarning: PySoundFile failed. Trying audioread instead.
  audio, sr = librosa.load(src, sr=SAMPLE_RATE, mono=True)
/workspace/26Dacon_DeepVoice/.venv/lib/python3.11/site-packages/librosa/core/audio.py:184: FutureWarning: librosa.core.audio.__audioread_load
	Deprecated as of librosa version 0.10.0.
	It will be removed in librosa version 1.0.
  y, sr_native = __audioread_load(path, offset, duration, dtype)
[ok] real_36449 (train=299 valid=32)
/workspace/26Dacon_DeepVoice/data_pipeline/download_real_clips.py:78: UserWarning: PySoundFile failed. Trying audioread instead.
  audio, sr = librosa.load(src, sr=SAMPLE_RATE, mono=True)
/workspace/26Dacon_DeepVoice/.venv/lib/python3.11/site-packages/librosa/core/audio.py:184: FutureWarning: librosa.core.audio.__audioread_load
	Deprecated as of librosa version 0.10.0.
	It will be removed in librosa version 1.0.
  y, sr_native = __audioread_load(path, offset, duration, dtype)
[ok] real_06382 (train=300 valid=32)
/workspace/26Dacon_DeepVoice/data_pipeline/download_real_clips.py:78: UserWarning: PySoundFile failed. Trying audioread instead.
  audio, sr = librosa.load(src, sr=SAMPLE_RATE, mono=True)
/workspace/26Dacon_DeepVoice/.venv/lib/python3.11/site-packages/librosa/core/audio.py:184: FutureWarning: librosa.core.audio.__audioread_load
	Deprecated as of librosa version 0.10.0.
	It will be removed in librosa version 1.0.
  y, sr_native = __audioread_load(path, offset, duration, dtype)
/workspace/26Dacon_DeepVoice/data_pipeline/download_real_clips.py:78: UserWarning: PySoundFile failed. Trying audioread instead.
  audio, sr = librosa.load(src, sr=SAMPLE_RATE, mono=True)
/workspace/26Dacon_DeepVoice/.venv/lib/python3.11/site-packages/librosa/core/audio.py:184: FutureWarning: librosa.core.audio.__audioread_load
	Deprecated as of librosa version 0.10.0.
	It will be removed in librosa version 1.0.
  y, sr_native = __audioread_load(path, offset, duration, dtype)
[ok] real_09218 (train=300 valid=33)
[ok] real_35435 (train=301 valid=33)
/workspace/26Dacon_DeepVoice/data_pipeline/download_real_clips.py:78: UserWarning: PySoundFile failed. Trying audioread instead.
  audio, sr = librosa.load(src, sr=SAMPLE_RATE, mono=True)
/workspace/26Dacon_DeepVoice/.venv/lib/python3.11/site-packages/librosa/core/audio.py:184: FutureWarning: librosa.core.audio.__audioread_load
	Deprecated as of librosa version 0.10.0.
	It will be removed in librosa version 1.0.
  y, sr_native = __audioread_load(path, offset, duration, dtype)
[ok] real_44305 (train=302 valid=33)
/workspace/26Dacon_DeepVoice/data_pipeline/download_real_clips.py:78: UserWarning: PySoundFile failed. Trying audioread instead.
  audio, sr = librosa.load(src, sr=SAMPLE_RATE, mono=True)
/workspace/26Dacon_DeepVoice/.venv/lib/python3.11/site-packages/librosa/core/audio.py:184: FutureWarning: librosa.core.audio.__audioread_load
	Deprecated as of librosa version 0.10.0.
	It will be removed in librosa version 1.0.
  y, sr_native = __audioread_load(path, offset, duration, dtype)
[ok] real_44563 (train=303 valid=33)
/workspace/26Dacon_DeepVoice/data_pipeline/download_real_clips.py:78: UserWarning: PySoundFile failed. Trying audioread instead.
  audio, sr = librosa.load(src, sr=SAMPLE_RATE, mono=True)
/workspace/26Dacon_DeepVoice/.venv/lib/python3.11/site-packages/librosa/core/audio.py:184: FutureWarning: librosa.core.audio.__audioread_load
	Deprecated as of librosa version 0.10.0.
	It will be removed in librosa version 1.0.
  y, sr_native = __audioread_load(path, offset, duration, dtype)
/workspace/26Dacon_DeepVoice/data_pipeline/download_real_clips.py:78: UserWarning: PySoundFile failed. Trying audioread instead.
  audio, sr = librosa.load(src, sr=SAMPLE_RATE, mono=True)
/workspace/26Dacon_DeepVoice/.venv/lib/python3.11/site-packages/librosa/core/audio.py:184: FutureWarning: librosa.core.audio.__audioread_load
	Deprecated as of librosa version 0.10.0.
	It will be removed in librosa version 1.0.
  y, sr_native = __audioread_load(path, offset, duration, dtype)
[ok] real_05730 (train=304 valid=33)
/workspace/26Dacon_DeepVoice/data_pipeline/download_real_clips.py:78: UserWarning: PySoundFile failed. Trying audioread instead.
  audio, sr = librosa.load(src, sr=SAMPLE_RATE, mono=True)
/workspace/26Dacon_DeepVoice/.venv/lib/python3.11/site-packages/librosa/core/audio.py:184: FutureWarning: librosa.core.audio.__audioread_load
	Deprecated as of librosa version 0.10.0.
	It will be removed in librosa version 1.0.
  y, sr_native = __audioread_load(path, offset, duration, dtype)
[ok] real_39425 (train=305 valid=33)
[ok] real_40382 (train=306 valid=33)
/workspace/26Dacon_DeepVoice/data_pipeline/download_real_clips.py:78: UserWarning: PySoundFile failed. Trying audioread instead.
  audio, sr = librosa.load(src, sr=SAMPLE_RATE, mono=True)
/workspace/26Dacon_DeepVoice/.venv/lib/python3.11/site-packages/librosa/core/audio.py:184: FutureWarning: librosa.core.audio.__audioread_load
	Deprecated as of librosa version 0.10.0.
	It will be removed in librosa version 1.0.
  y, sr_native = __audioread_load(path, offset, duration, dtype)
[ok] real_38024 (train=307 valid=33)
/workspace/26Dacon_DeepVoice/data_pipeline/download_real_clips.py:78: UserWarning: PySoundFile failed. Trying audioread instead.
  audio, sr = librosa.load(src, sr=SAMPLE_RATE, mono=True)
/workspace/26Dacon_DeepVoice/.venv/lib/python3.11/site-packages/librosa/core/audio.py:184: FutureWarning: librosa.core.audio.__audioread_load
	Deprecated as of librosa version 0.10.0.
	It will be removed in librosa version 1.0.
  y, sr_native = __audioread_load(path, offset, duration, dtype)
/workspace/26Dacon_DeepVoice/data_pipeline/download_real_clips.py:78: UserWarning: PySoundFile failed. Trying audioread instead.
  audio, sr = librosa.load(src, sr=SAMPLE_RATE, mono=True)
/workspace/26Dacon_DeepVoice/.venv/lib/python3.11/site-packages/librosa/core/audio.py:184: FutureWarning: librosa.core.audio.__audioread_load
	Deprecated as of librosa version 0.10.0.
	It will be removed in librosa version 1.0.
  y, sr_native = __audioread_load(path, offset, duration, dtype)
/workspace/26Dacon_DeepVoice/data_pipeline/download_real_clips.py:78: UserWarning: PySoundFile failed. Trying audioread instead.
  audio, sr = librosa.load(src, sr=SAMPLE_RATE, mono=True)
/workspace/26Dacon_DeepVoice/.venv/lib/python3.11/site-packages/librosa/core/audio.py:184: FutureWarning: librosa.core.audio.__audioread_load
	Deprecated as of librosa version 0.10.0.
	It will be removed in librosa version 1.0.
  y, sr_native = __audioread_load(path, offset, duration, dtype)
[ok] real_52426 (train=308 valid=33)
/workspace/26Dacon_DeepVoice/data_pipeline/download_real_clips.py:78: UserWarning: PySoundFile failed. Trying audioread instead.
  audio, sr = librosa.load(src, sr=SAMPLE_RATE, mono=True)
/workspace/26Dacon_DeepVoice/.venv/lib/python3.11/site-packages/librosa/core/audio.py:184: FutureWarning: librosa.core.audio.__audioread_load
	Deprecated as of librosa version 0.10.0.
	It will be removed in librosa version 1.0.
  y, sr_native = __audioread_load(path, offset, duration, dtype)
[ok] real_50801 (train=309 valid=33)
[ok] real_34270 (train=310 valid=33)
[ok] real_40454 (train=311 valid=33)
/workspace/26Dacon_DeepVoice/data_pipeline/download_real_clips.py:78: UserWarning: PySoundFile failed. Trying audioread instead.
  audio, sr = librosa.load(src, sr=SAMPLE_RATE, mono=True)
/workspace/26Dacon_DeepVoice/.venv/lib/python3.11/site-packages/librosa/core/audio.py:184: FutureWarning: librosa.core.audio.__audioread_load
	Deprecated as of librosa version 0.10.0.
	It will be removed in librosa version 1.0.
  y, sr_native = __audioread_load(path, offset, duration, dtype)
[ok] real_24388 (train=312 valid=33)
/workspace/26Dacon_DeepVoice/data_pipeline/download_real_clips.py:78: UserWarning: PySoundFile failed. Trying audioread instead.
  audio, sr = librosa.load(src, sr=SAMPLE_RATE, mono=True)
/workspace/26Dacon_DeepVoice/.venv/lib/python3.11/site-packages/librosa/core/audio.py:184: FutureWarning: librosa.core.audio.__audioread_load
	Deprecated as of librosa version 0.10.0.
	It will be removed in librosa version 1.0.
  y, sr_native = __audioread_load(path, offset, duration, dtype)
[ok] real_06148 (train=313 valid=33)
/workspace/26Dacon_DeepVoice/data_pipeline/download_real_clips.py:78: UserWarning: PySoundFile failed. Trying audioread instead.
  audio, sr = librosa.load(src, sr=SAMPLE_RATE, mono=True)
/workspace/26Dacon_DeepVoice/.venv/lib/python3.11/site-packages/librosa/core/audio.py:184: FutureWarning: librosa.core.audio.__audioread_load
	Deprecated as of librosa version 0.10.0.
	It will be removed in librosa version 1.0.
  y, sr_native = __audioread_load(path, offset, duration, dtype)
[ok] real_31751 (train=314 valid=33)
/workspace/26Dacon_DeepVoice/data_pipeline/download_real_clips.py:78: UserWarning: PySoundFile failed. Trying audioread instead.
  audio, sr = librosa.load(src, sr=SAMPLE_RATE, mono=True)
/workspace/26Dacon_DeepVoice/.venv/lib/python3.11/site-packages/librosa/core/audio.py:184: FutureWarning: librosa.core.audio.__audioread_load
	Deprecated as of librosa version 0.10.0.
	It will be removed in librosa version 1.0.
  y, sr_native = __audioread_load(path, offset, duration, dtype)
/workspace/26Dacon_DeepVoice/data_pipeline/download_real_clips.py:78: UserWarning: PySoundFile failed. Trying audioread instead.
  audio, sr = librosa.load(src, sr=SAMPLE_RATE, mono=True)
/workspace/26Dacon_DeepVoice/.venv/lib/python3.11/site-packages/librosa/core/audio.py:184: FutureWarning: librosa.core.audio.__audioread_load
	Deprecated as of librosa version 0.10.0.
	It will be removed in librosa version 1.0.
  y, sr_native = __audioread_load(path, offset, duration, dtype)
/workspace/26Dacon_DeepVoice/data_pipeline/download_real_clips.py:78: UserWarning: PySoundFile failed. Trying audioread instead.
  audio, sr = librosa.load(src, sr=SAMPLE_RATE, mono=True)
/workspace/26Dacon_DeepVoice/.venv/lib/python3.11/site-packages/librosa/core/audio.py:184: FutureWarning: librosa.core.audio.__audioread_load
	Deprecated as of librosa version 0.10.0.
	It will be removed in librosa version 1.0.
  y, sr_native = __audioread_load(path, offset, duration, dtype)
[ok] real_36531 (train=315 valid=33)
[ok] real_00933 (train=316 valid=33)
[ok] real_11521 (train=317 valid=33)
/workspace/26Dacon_DeepVoice/data_pipeline/download_real_clips.py:78: UserWarning: PySoundFile failed. Trying audioread instead.
  audio, sr = librosa.load(src, sr=SAMPLE_RATE, mono=True)
/workspace/26Dacon_DeepVoice/.venv/lib/python3.11/site-packages/librosa/core/audio.py:184: FutureWarning: librosa.core.audio.__audioread_load
	Deprecated as of librosa version 0.10.0.
	It will be removed in librosa version 1.0.
  y, sr_native = __audioread_load(path, offset, duration, dtype)
/workspace/26Dacon_DeepVoice/data_pipeline/download_real_clips.py:78: UserWarning: PySoundFile failed. Trying audioread instead.
  audio, sr = librosa.load(src, sr=SAMPLE_RATE, mono=True)
/workspace/26Dacon_DeepVoice/.venv/lib/python3.11/site-packages/librosa/core/audio.py:184: FutureWarning: librosa.core.audio.__audioread_load
	Deprecated as of librosa version 0.10.0.
	It will be removed in librosa version 1.0.
  y, sr_native = __audioread_load(path, offset, duration, dtype)
[ok] real_06491 (train=318 valid=33)
[ok] real_33904 (train=319 valid=33)
/workspace/26Dacon_DeepVoice/data_pipeline/download_real_clips.py:78: UserWarning: PySoundFile failed. Trying audioread instead.
  audio, sr = librosa.load(src, sr=SAMPLE_RATE, mono=True)
/workspace/26Dacon_DeepVoice/.venv/lib/python3.11/site-packages/librosa/core/audio.py:184: FutureWarning: librosa.core.audio.__audioread_load
	Deprecated as of librosa version 0.10.0.
	It will be removed in librosa version 1.0.
  y, sr_native = __audioread_load(path, offset, duration, dtype)
[ok] real_41510 (train=320 valid=33)
/workspace/26Dacon_DeepVoice/data_pipeline/download_real_clips.py:78: UserWarning: PySoundFile failed. Trying audioread instead.
  audio, sr = librosa.load(src, sr=SAMPLE_RATE, mono=True)
/workspace/26Dacon_DeepVoice/.venv/lib/python3.11/site-packages/librosa/core/audio.py:184: FutureWarning: librosa.core.audio.__audioread_load
	Deprecated as of librosa version 0.10.0.
	It will be removed in librosa version 1.0.
  y, sr_native = __audioread_load(path, offset, duration, dtype)
/workspace/26Dacon_DeepVoice/data_pipeline/download_real_clips.py:78: UserWarning: PySoundFile failed. Trying audioread instead.
  audio, sr = librosa.load(src, sr=SAMPLE_RATE, mono=True)
/workspace/26Dacon_DeepVoice/.venv/lib/python3.11/site-packages/librosa/core/audio.py:184: FutureWarning: librosa.core.audio.__audioread_load
	Deprecated as of librosa version 0.10.0.
	It will be removed in librosa version 1.0.
  y, sr_native = __audioread_load(path, offset, duration, dtype)
[ok] real_08286 (train=321 valid=33)
[ok] real_32026 (train=322 valid=33)
ERROR: [youtube] XJm0L1gynPg: Video unavailable
[fail] real_04829 (XJm0L1gynPg): ERROR: [youtube] XJm0L1gynPg: Video unavailable
/workspace/26Dacon_DeepVoice/data_pipeline/download_real_clips.py:78: UserWarning: PySoundFile failed. Trying audioread instead.
  audio, sr = librosa.load(src, sr=SAMPLE_RATE, mono=True)
/workspace/26Dacon_DeepVoice/.venv/lib/python3.11/site-packages/librosa/core/audio.py:184: FutureWarning: librosa.core.audio.__audioread_load
	Deprecated as of librosa version 0.10.0.
	It will be removed in librosa version 1.0.
  y, sr_native = __audioread_load(path, offset, duration, dtype)
[ok] real_32774 (train=322 valid=34)
/workspace/26Dacon_DeepVoice/data_pipeline/download_real_clips.py:78: UserWarning: PySoundFile failed. Trying audioread instead.
  audio, sr = librosa.load(src, sr=SAMPLE_RATE, mono=True)
/workspace/26Dacon_DeepVoice/.venv/lib/python3.11/site-packages/librosa/core/audio.py:184: FutureWarning: librosa.core.audio.__audioread_load
	Deprecated as of librosa version 0.10.0.
	It will be removed in librosa version 1.0.
  y, sr_native = __audioread_load(path, offset, duration, dtype)
[ok] real_46296 (train=323 valid=34)
/workspace/26Dacon_DeepVoice/data_pipeline/download_real_clips.py:78: UserWarning: PySoundFile failed. Trying audioread instead.
  audio, sr = librosa.load(src, sr=SAMPLE_RATE, mono=True)
/workspace/26Dacon_DeepVoice/.venv/lib/python3.11/site-packages/librosa/core/audio.py:184: FutureWarning: librosa.core.audio.__audioread_load
	Deprecated as of librosa version 0.10.0.
	It will be removed in librosa version 1.0.
  y, sr_native = __audioread_load(path, offset, duration, dtype)
[ok] real_03004 (train=324 valid=34)
/workspace/26Dacon_DeepVoice/data_pipeline/download_real_clips.py:78: UserWarning: PySoundFile failed. Trying audioread instead.
  audio, sr = librosa.load(src, sr=SAMPLE_RATE, mono=True)
/workspace/26Dacon_DeepVoice/.venv/lib/python3.11/site-packages/librosa/core/audio.py:184: FutureWarning: librosa.core.audio.__audioread_load
	Deprecated as of librosa version 0.10.0.
	It will be removed in librosa version 1.0.
  y, sr_native = __audioread_load(path, offset, duration, dtype)
[ok] real_00687 (train=325 valid=34)
/workspace/26Dacon_DeepVoice/data_pipeline/download_real_clips.py:78: UserWarning: PySoundFile failed. Trying audioread instead.
  audio, sr = librosa.load(src, sr=SAMPLE_RATE, mono=True)
/workspace/26Dacon_DeepVoice/.venv/lib/python3.11/site-packages/librosa/core/audio.py:184: FutureWarning: librosa.core.audio.__audioread_load
	Deprecated as of librosa version 0.10.0.
	It will be removed in librosa version 1.0.
  y, sr_native = __audioread_load(path, offset, duration, dtype)
/workspace/26Dacon_DeepVoice/data_pipeline/download_real_clips.py:78: UserWarning: PySoundFile failed. Trying audioread instead.
  audio, sr = librosa.load(src, sr=SAMPLE_RATE, mono=True)
/workspace/26Dacon_DeepVoice/.venv/lib/python3.11/site-packages/librosa/core/audio.py:184: FutureWarning: librosa.core.audio.__audioread_load
	Deprecated as of librosa version 0.10.0.
	It will be removed in librosa version 1.0.
  y, sr_native = __audioread_load(path, offset, duration, dtype)
[ok] real_28053 (train=326 valid=34)
/workspace/26Dacon_DeepVoice/data_pipeline/download_real_clips.py:78: UserWarning: PySoundFile failed. Trying audioread instead.
  audio, sr = librosa.load(src, sr=SAMPLE_RATE, mono=True)
/workspace/26Dacon_DeepVoice/.venv/lib/python3.11/site-packages/librosa/core/audio.py:184: FutureWarning: librosa.core.audio.__audioread_load
	Deprecated as of librosa version 0.10.0.
	It will be removed in librosa version 1.0.
  y, sr_native = __audioread_load(path, offset, duration, dtype)
/workspace/26Dacon_DeepVoice/data_pipeline/download_real_clips.py:78: UserWarning: PySoundFile failed. Trying audioread instead.
  audio, sr = librosa.load(src, sr=SAMPLE_RATE, mono=True)
/workspace/26Dacon_DeepVoice/.venv/lib/python3.11/site-packages/librosa/core/audio.py:184: FutureWarning: librosa.core.audio.__audioread_load
	Deprecated as of librosa version 0.10.0.
	It will be removed in librosa version 1.0.
  y, sr_native = __audioread_load(path, offset, duration, dtype)
[ok] real_17805 (train=327 valid=34)
[ok] real_19086 (train=328 valid=34)
/workspace/26Dacon_DeepVoice/data_pipeline/download_real_clips.py:78: UserWarning: PySoundFile failed. Trying audioread instead.
  audio, sr = librosa.load(src, sr=SAMPLE_RATE, mono=True)
/workspace/26Dacon_DeepVoice/.venv/lib/python3.11/site-packages/librosa/core/audio.py:184: FutureWarning: librosa.core.audio.__audioread_load
	Deprecated as of librosa version 0.10.0.
	It will be removed in librosa version 1.0.
  y, sr_native = __audioread_load(path, offset, duration, dtype)
[ok] real_04582 (train=329 valid=34)
[ok] real_32581 (train=330 valid=34)
/workspace/26Dacon_DeepVoice/data_pipeline/download_real_clips.py:78: UserWarning: PySoundFile failed. Trying audioread instead.
  audio, sr = librosa.load(src, sr=SAMPLE_RATE, mono=True)
/workspace/26Dacon_DeepVoice/.venv/lib/python3.11/site-packages/librosa/core/audio.py:184: FutureWarning: librosa.core.audio.__audioread_load
	Deprecated as of librosa version 0.10.0.
	It will be removed in librosa version 1.0.
  y, sr_native = __audioread_load(path, offset, duration, dtype)
/workspace/26Dacon_DeepVoice/data_pipeline/download_real_clips.py:78: UserWarning: PySoundFile failed. Trying audioread instead.
  audio, sr = librosa.load(src, sr=SAMPLE_RATE, mono=True)
/workspace/26Dacon_DeepVoice/.venv/lib/python3.11/site-packages/librosa/core/audio.py:184: FutureWarning: librosa.core.audio.__audioread_load
	Deprecated as of librosa version 0.10.0.
	It will be removed in librosa version 1.0.
  y, sr_native = __audioread_load(path, offset, duration, dtype)
[ok] real_01673 (train=331 valid=34)
/workspace/26Dacon_DeepVoice/data_pipeline/download_real_clips.py:78: UserWarning: PySoundFile failed. Trying audioread instead.
  audio, sr = librosa.load(src, sr=SAMPLE_RATE, mono=True)
/workspace/26Dacon_DeepVoice/.venv/lib/python3.11/site-packages/librosa/core/audio.py:184: FutureWarning: librosa.core.audio.__audioread_load
	Deprecated as of librosa version 0.10.0.
	It will be removed in librosa version 1.0.
  y, sr_native = __audioread_load(path, offset, duration, dtype)
/workspace/26Dacon_DeepVoice/data_pipeline/download_real_clips.py:78: UserWarning: PySoundFile failed. Trying audioread instead.
  audio, sr = librosa.load(src, sr=SAMPLE_RATE, mono=True)
/workspace/26Dacon_DeepVoice/.venv/lib/python3.11/site-packages/librosa/core/audio.py:184: FutureWarning: librosa.core.audio.__audioread_load
	Deprecated as of librosa version 0.10.0.
	It will be removed in librosa version 1.0.
  y, sr_native = __audioread_load(path, offset, duration, dtype)
/workspace/26Dacon_DeepVoice/data_pipeline/download_real_clips.py:78: UserWarning: PySoundFile failed. Trying audioread instead.
  audio, sr = librosa.load(src, sr=SAMPLE_RATE, mono=True)
/workspace/26Dacon_DeepVoice/.venv/lib/python3.11/site-packages/librosa/core/audio.py:184: FutureWarning: librosa.core.audio.__audioread_load
	Deprecated as of librosa version 0.10.0.
	It will be removed in librosa version 1.0.
  y, sr_native = __audioread_load(path, offset, duration, dtype)
[ok] real_11581 (train=332 valid=34)
[ok] real_36134 (train=333 valid=34)
[ok] real_52441 (train=334 valid=34)
[ok] real_40760 (train=334 valid=35)
/workspace/26Dacon_DeepVoice/data_pipeline/download_real_clips.py:78: UserWarning: PySoundFile failed. Trying audioread instead.
  audio, sr = librosa.load(src, sr=SAMPLE_RATE, mono=True)
/workspace/26Dacon_DeepVoice/.venv/lib/python3.11/site-packages/librosa/core/audio.py:184: FutureWarning: librosa.core.audio.__audioread_load
	Deprecated as of librosa version 0.10.0.
	It will be removed in librosa version 1.0.
  y, sr_native = __audioread_load(path, offset, duration, dtype)
/workspace/26Dacon_DeepVoice/data_pipeline/download_real_clips.py:78: UserWarning: PySoundFile failed. Trying audioread instead.
  audio, sr = librosa.load(src, sr=SAMPLE_RATE, mono=True)
/workspace/26Dacon_DeepVoice/.venv/lib/python3.11/site-packages/librosa/core/audio.py:184: FutureWarning: librosa.core.audio.__audioread_load
	Deprecated as of librosa version 0.10.0.
	It will be removed in librosa version 1.0.
  y, sr_native = __audioread_load(path, offset, duration, dtype)
[ok] real_25510 (train=335 valid=35)
[ok] real_09152 (train=336 valid=35)
ERROR: [youtube] xOvsQ54ufwY: Video unavailable
[fail] real_05646 (xOvsQ54ufwY): ERROR: [youtube] xOvsQ54ufwY: Video unavailable
/workspace/26Dacon_DeepVoice/data_pipeline/download_real_clips.py:78: UserWarning: PySoundFile failed. Trying audioread instead.
  audio, sr = librosa.load(src, sr=SAMPLE_RATE, mono=True)
/workspace/26Dacon_DeepVoice/.venv/lib/python3.11/site-packages/librosa/core/audio.py:184: FutureWarning: librosa.core.audio.__audioread_load
	Deprecated as of librosa version 0.10.0.
	It will be removed in librosa version 1.0.
  y, sr_native = __audioread_load(path, offset, duration, dtype)
/workspace/26Dacon_DeepVoice/data_pipeline/download_real_clips.py:78: UserWarning: PySoundFile failed. Trying audioread instead.
  audio, sr = librosa.load(src, sr=SAMPLE_RATE, mono=True)
/workspace/26Dacon_DeepVoice/.venv/lib/python3.11/site-packages/librosa/core/audio.py:184: FutureWarning: librosa.core.audio.__audioread_load
	Deprecated as of librosa version 0.10.0.
	It will be removed in librosa version 1.0.
  y, sr_native = __audioread_load(path, offset, duration, dtype)
/workspace/26Dacon_DeepVoice/data_pipeline/download_real_clips.py:78: UserWarning: PySoundFile failed. Trying audioread instead.
  audio, sr = librosa.load(src, sr=SAMPLE_RATE, mono=True)
/workspace/26Dacon_DeepVoice/.venv/lib/python3.11/site-packages/librosa/core/audio.py:184: FutureWarning: librosa.core.audio.__audioread_load
	Deprecated as of librosa version 0.10.0.
	It will be removed in librosa version 1.0.
  y, sr_native = __audioread_load(path, offset, duration, dtype)
[ok] real_43530 (train=337 valid=35)
[ok] real_11764 (train=338 valid=35)
/workspace/26Dacon_DeepVoice/data_pipeline/download_real_clips.py:78: UserWarning: PySoundFile failed. Trying audioread instead.
  audio, sr = librosa.load(src, sr=SAMPLE_RATE, mono=True)
/workspace/26Dacon_DeepVoice/.venv/lib/python3.11/site-packages/librosa/core/audio.py:184: FutureWarning: librosa.core.audio.__audioread_load
	Deprecated as of librosa version 0.10.0.
	It will be removed in librosa version 1.0.
  y, sr_native = __audioread_load(path, offset, duration, dtype)
/workspace/26Dacon_DeepVoice/data_pipeline/download_real_clips.py:78: UserWarning: PySoundFile failed. Trying audioread instead.
  audio, sr = librosa.load(src, sr=SAMPLE_RATE, mono=True)
/workspace/26Dacon_DeepVoice/.venv/lib/python3.11/site-packages/librosa/core/audio.py:184: FutureWarning: librosa.core.audio.__audioread_load
	Deprecated as of librosa version 0.10.0.
	It will be removed in librosa version 1.0.
  y, sr_native = __audioread_load(path, offset, duration, dtype)
[ok] real_24077 (train=339 valid=35)
[ok] real_33853 (train=340 valid=35)
[ok] real_44100 (train=341 valid=35)
/workspace/26Dacon_DeepVoice/data_pipeline/download_real_clips.py:78: UserWarning: PySoundFile failed. Trying audioread instead.
  audio, sr = librosa.load(src, sr=SAMPLE_RATE, mono=True)
/workspace/26Dacon_DeepVoice/.venv/lib/python3.11/site-packages/librosa/core/audio.py:184: FutureWarning: librosa.core.audio.__audioread_load
	Deprecated as of librosa version 0.10.0.
	It will be removed in librosa version 1.0.
  y, sr_native = __audioread_load(path, offset, duration, dtype)
[ok] real_48958 (train=342 valid=35)
/workspace/26Dacon_DeepVoice/data_pipeline/download_real_clips.py:78: UserWarning: PySoundFile failed. Trying audioread instead.
  audio, sr = librosa.load(src, sr=SAMPLE_RATE, mono=True)
/workspace/26Dacon_DeepVoice/.venv/lib/python3.11/site-packages/librosa/core/audio.py:184: FutureWarning: librosa.core.audio.__audioread_load
	Deprecated as of librosa version 0.10.0.
	It will be removed in librosa version 1.0.
  y, sr_native = __audioread_load(path, offset, duration, dtype)
/workspace/26Dacon_DeepVoice/data_pipeline/download_real_clips.py:78: UserWarning: PySoundFile failed. Trying audioread instead.
  audio, sr = librosa.load(src, sr=SAMPLE_RATE, mono=True)
/workspace/26Dacon_DeepVoice/.venv/lib/python3.11/site-packages/librosa/core/audio.py:184: FutureWarning: librosa.core.audio.__audioread_load
	Deprecated as of librosa version 0.10.0.
	It will be removed in librosa version 1.0.
  y, sr_native = __audioread_load(path, offset, duration, dtype)
[ok] real_23505 (train=343 valid=35)
/workspace/26Dacon_DeepVoice/data_pipeline/download_real_clips.py:78: UserWarning: PySoundFile failed. Trying audioread instead.
  audio, sr = librosa.load(src, sr=SAMPLE_RATE, mono=True)
/workspace/26Dacon_DeepVoice/.venv/lib/python3.11/site-packages/librosa/core/audio.py:184: FutureWarning: librosa.core.audio.__audioread_load
	Deprecated as of librosa version 0.10.0.
	It will be removed in librosa version 1.0.
  y, sr_native = __audioread_load(path, offset, duration, dtype)
[ok] real_05133 (train=344 valid=35)
[ok] real_35280 (train=345 valid=35)
/workspace/26Dacon_DeepVoice/data_pipeline/download_real_clips.py:78: UserWarning: PySoundFile failed. Trying audioread instead.
  audio, sr = librosa.load(src, sr=SAMPLE_RATE, mono=True)
/workspace/26Dacon_DeepVoice/.venv/lib/python3.11/site-packages/librosa/core/audio.py:184: FutureWarning: librosa.core.audio.__audioread_load
	Deprecated as of librosa version 0.10.0.
	It will be removed in librosa version 1.0.
  y, sr_native = __audioread_load(path, offset, duration, dtype)
[ok] real_32847 (train=346 valid=35)
/workspace/26Dacon_DeepVoice/data_pipeline/download_real_clips.py:78: UserWarning: PySoundFile failed. Trying audioread instead.
  audio, sr = librosa.load(src, sr=SAMPLE_RATE, mono=True)
/workspace/26Dacon_DeepVoice/.venv/lib/python3.11/site-packages/librosa/core/audio.py:184: FutureWarning: librosa.core.audio.__audioread_load
	Deprecated as of librosa version 0.10.0.
	It will be removed in librosa version 1.0.
  y, sr_native = __audioread_load(path, offset, duration, dtype)
[ok] real_35306 (train=347 valid=35)
/workspace/26Dacon_DeepVoice/data_pipeline/download_real_clips.py:78: UserWarning: PySoundFile failed. Trying audioread instead.
  audio, sr = librosa.load(src, sr=SAMPLE_RATE, mono=True)
/workspace/26Dacon_DeepVoice/.venv/lib/python3.11/site-packages/librosa/core/audio.py:184: FutureWarning: librosa.core.audio.__audioread_load
	Deprecated as of librosa version 0.10.0.
	It will be removed in librosa version 1.0.
  y, sr_native = __audioread_load(path, offset, duration, dtype)
[ok] real_42308 (train=348 valid=35)
ERROR: [youtube] O1HjpJ1BHso: Sign in to confirm your age. Use --cookies-from-browser or --cookies for the authentication. See  https://github.com/yt-dlp/yt-dlp/wiki/FAQ#how-do-i-pass-cookies-to-yt-dlp  for how to manually pass cookies. Also see  https://github.com/yt-dlp/yt-dlp/wiki/Extractors#exporting-youtube-cookies  for tips on effectively exporting YouTube cookies
[fail] real_17617 (O1HjpJ1BHso): ERROR: [youtube] O1HjpJ1BHso: Sign in to confirm your age. Use --cookies-from-browser or --cookies for the authentication. See  https://github.com/yt-dlp/yt-dlp/wiki/FAQ#how-do-i-pass-cookies-to-yt-dlp  for how to manually pass cookies. Also see  https://github.com/yt-dlp/yt-dlp/wiki/Extractors#exporting-youtube-cookies  for tips on effectively exporting YouTube cookies
/workspace/26Dacon_DeepVoice/data_pipeline/download_real_clips.py:78: UserWarning: PySoundFile failed. Trying audioread instead.
  audio, sr = librosa.load(src, sr=SAMPLE_RATE, mono=True)
/workspace/26Dacon_DeepVoice/.venv/lib/python3.11/site-packages/librosa/core/audio.py:184: FutureWarning: librosa.core.audio.__audioread_load
	Deprecated as of librosa version 0.10.0.
	It will be removed in librosa version 1.0.
  y, sr_native = __audioread_load(path, offset, duration, dtype)
/workspace/26Dacon_DeepVoice/data_pipeline/download_real_clips.py:78: UserWarning: PySoundFile failed. Trying audioread instead.
  audio, sr = librosa.load(src, sr=SAMPLE_RATE, mono=True)
/workspace/26Dacon_DeepVoice/.venv/lib/python3.11/site-packages/librosa/core/audio.py:184: FutureWarning: librosa.core.audio.__audioread_load
	Deprecated as of librosa version 0.10.0.
	It will be removed in librosa version 1.0.
  y, sr_native = __audioread_load(path, offset, duration, dtype)
/workspace/26Dacon_DeepVoice/data_pipeline/download_real_clips.py:78: UserWarning: PySoundFile failed. Trying audioread instead.
  audio, sr = librosa.load(src, sr=SAMPLE_RATE, mono=True)
/workspace/26Dacon_DeepVoice/.venv/lib/python3.11/site-packages/librosa/core/audio.py:184: FutureWarning: librosa.core.audio.__audioread_load
	Deprecated as of librosa version 0.10.0.
	It will be removed in librosa version 1.0.
  y, sr_native = __audioread_load(path, offset, duration, dtype)
[ok] real_46624 (train=349 valid=35)
[ok] real_31897 (train=350 valid=35)
[ok] real_34384 (train=351 valid=35)
/workspace/26Dacon_DeepVoice/data_pipeline/download_real_clips.py:78: UserWarning: PySoundFile failed. Trying audioread instead.
  audio, sr = librosa.load(src, sr=SAMPLE_RATE, mono=True)
/workspace/26Dacon_DeepVoice/.venv/lib/python3.11/site-packages/librosa/core/audio.py:184: FutureWarning: librosa.core.audio.__audioread_load
	Deprecated as of librosa version 0.10.0.
	It will be removed in librosa version 1.0.
  y, sr_native = __audioread_load(path, offset, duration, dtype)
[ok] real_07459 (train=352 valid=35)
/workspace/26Dacon_DeepVoice/data_pipeline/download_real_clips.py:78: UserWarning: PySoundFile failed. Trying audioread instead.
  audio, sr = librosa.load(src, sr=SAMPLE_RATE, mono=True)
/workspace/26Dacon_DeepVoice/.venv/lib/python3.11/site-packages/librosa/core/audio.py:184: FutureWarning: librosa.core.audio.__audioread_load
	Deprecated as of librosa version 0.10.0.
	It will be removed in librosa version 1.0.
  y, sr_native = __audioread_load(path, offset, duration, dtype)
[ok] real_14316 (train=353 valid=35)
/workspace/26Dacon_DeepVoice/data_pipeline/download_real_clips.py:78: UserWarning: PySoundFile failed. Trying audioread instead.
  audio, sr = librosa.load(src, sr=SAMPLE_RATE, mono=True)
/workspace/26Dacon_DeepVoice/.venv/lib/python3.11/site-packages/librosa/core/audio.py:184: FutureWarning: librosa.core.audio.__audioread_load
	Deprecated as of librosa version 0.10.0.
	It will be removed in librosa version 1.0.
  y, sr_native = __audioread_load(path, offset, duration, dtype)
[ok] real_13241 (train=354 valid=35)
/workspace/26Dacon_DeepVoice/data_pipeline/download_real_clips.py:78: UserWarning: PySoundFile failed. Trying audioread instead.
  audio, sr = librosa.load(src, sr=SAMPLE_RATE, mono=True)
/workspace/26Dacon_DeepVoice/.venv/lib/python3.11/site-packages/librosa/core/audio.py:184: FutureWarning: librosa.core.audio.__audioread_load
	Deprecated as of librosa version 0.10.0.
	It will be removed in librosa version 1.0.
  y, sr_native = __audioread_load(path, offset, duration, dtype)
[ok] real_02737 (train=355 valid=35)
/workspace/26Dacon_DeepVoice/data_pipeline/download_real_clips.py:78: UserWarning: PySoundFile failed. Trying audioread instead.
  audio, sr = librosa.load(src, sr=SAMPLE_RATE, mono=True)
/workspace/26Dacon_DeepVoice/.venv/lib/python3.11/site-packages/librosa/core/audio.py:184: FutureWarning: librosa.core.audio.__audioread_load
	Deprecated as of librosa version 0.10.0.
	It will be removed in librosa version 1.0.
  y, sr_native = __audioread_load(path, offset, duration, dtype)
[ok] real_03404 (train=356 valid=35)
/workspace/26Dacon_DeepVoice/data_pipeline/download_real_clips.py:78: UserWarning: PySoundFile failed. Trying audioread instead.
  audio, sr = librosa.load(src, sr=SAMPLE_RATE, mono=True)
/workspace/26Dacon_DeepVoice/.venv/lib/python3.11/site-packages/librosa/core/audio.py:184: FutureWarning: librosa.core.audio.__audioread_load
	Deprecated as of librosa version 0.10.0.
	It will be removed in librosa version 1.0.
  y, sr_native = __audioread_load(path, offset, duration, dtype)
[ok] real_49527 (train=357 valid=35)
/workspace/26Dacon_DeepVoice/data_pipeline/download_real_clips.py:78: UserWarning: PySoundFile failed. Trying audioread instead.
  audio, sr = librosa.load(src, sr=SAMPLE_RATE, mono=True)
/workspace/26Dacon_DeepVoice/.venv/lib/python3.11/site-packages/librosa/core/audio.py:184: FutureWarning: librosa.core.audio.__audioread_load
	Deprecated as of librosa version 0.10.0.
	It will be removed in librosa version 1.0.
  y, sr_native = __audioread_load(path, offset, duration, dtype)
[ok] real_52544 (train=358 valid=35)
/workspace/26Dacon_DeepVoice/data_pipeline/download_real_clips.py:78: UserWarning: PySoundFile failed. Trying audioread instead.
  audio, sr = librosa.load(src, sr=SAMPLE_RATE, mono=True)
/workspace/26Dacon_DeepVoice/.venv/lib/python3.11/site-packages/librosa/core/audio.py:184: FutureWarning: librosa.core.audio.__audioread_load
	Deprecated as of librosa version 0.10.0.
	It will be removed in librosa version 1.0.
  y, sr_native = __audioread_load(path, offset, duration, dtype)
/workspace/26Dacon_DeepVoice/data_pipeline/download_real_clips.py:78: UserWarning: PySoundFile failed. Trying audioread instead.
  audio, sr = librosa.load(src, sr=SAMPLE_RATE, mono=True)
/workspace/26Dacon_DeepVoice/.venv/lib/python3.11/site-packages/librosa/core/audio.py:184: FutureWarning: librosa.core.audio.__audioread_load
	Deprecated as of librosa version 0.10.0.
	It will be removed in librosa version 1.0.
  y, sr_native = __audioread_load(path, offset, duration, dtype)
[ok] real_41760 (train=359 valid=35)
/workspace/26Dacon_DeepVoice/data_pipeline/download_real_clips.py:78: UserWarning: PySoundFile failed. Trying audioread instead.
  audio, sr = librosa.load(src, sr=SAMPLE_RATE, mono=True)
/workspace/26Dacon_DeepVoice/.venv/lib/python3.11/site-packages/librosa/core/audio.py:184: FutureWarning: librosa.core.audio.__audioread_load
	Deprecated as of librosa version 0.10.0.
	It will be removed in librosa version 1.0.
  y, sr_native = __audioread_load(path, offset, duration, dtype)
[ok] real_38554 (train=360 valid=35)
/workspace/26Dacon_DeepVoice/data_pipeline/download_real_clips.py:78: UserWarning: PySoundFile failed. Trying audioread instead.
  audio, sr = librosa.load(src, sr=SAMPLE_RATE, mono=True)
/workspace/26Dacon_DeepVoice/.venv/lib/python3.11/site-packages/librosa/core/audio.py:184: FutureWarning: librosa.core.audio.__audioread_load
	Deprecated as of librosa version 0.10.0.
	It will be removed in librosa version 1.0.
  y, sr_native = __audioread_load(path, offset, duration, dtype)
[ok] real_43451 (train=361 valid=35)
/workspace/26Dacon_DeepVoice/data_pipeline/download_real_clips.py:78: UserWarning: PySoundFile failed. Trying audioread instead.
  audio, sr = librosa.load(src, sr=SAMPLE_RATE, mono=True)
/workspace/26Dacon_DeepVoice/.venv/lib/python3.11/site-packages/librosa/core/audio.py:184: FutureWarning: librosa.core.audio.__audioread_load
	Deprecated as of librosa version 0.10.0.
	It will be removed in librosa version 1.0.
  y, sr_native = __audioread_load(path, offset, duration, dtype)
[ok] real_45278 (train=362 valid=35)
[ok] real_53013 (train=363 valid=35)
/workspace/26Dacon_DeepVoice/data_pipeline/download_real_clips.py:78: UserWarning: PySoundFile failed. Trying audioread instead.
  audio, sr = librosa.load(src, sr=SAMPLE_RATE, mono=True)
/workspace/26Dacon_DeepVoice/.venv/lib/python3.11/site-packages/librosa/core/audio.py:184: FutureWarning: librosa.core.audio.__audioread_load
	Deprecated as of librosa version 0.10.0.
	It will be removed in librosa version 1.0.
  y, sr_native = __audioread_load(path, offset, duration, dtype)
[ok] real_48035 (train=363 valid=36)
/workspace/26Dacon_DeepVoice/data_pipeline/download_real_clips.py:78: UserWarning: PySoundFile failed. Trying audioread instead.
  audio, sr = librosa.load(src, sr=SAMPLE_RATE, mono=True)
/workspace/26Dacon_DeepVoice/.venv/lib/python3.11/site-packages/librosa/core/audio.py:184: FutureWarning: librosa.core.audio.__audioread_load
	Deprecated as of librosa version 0.10.0.
	It will be removed in librosa version 1.0.
  y, sr_native = __audioread_load(path, offset, duration, dtype)
[ok] real_35673 (train=363 valid=37)
/workspace/26Dacon_DeepVoice/data_pipeline/download_real_clips.py:78: UserWarning: PySoundFile failed. Trying audioread instead.
  audio, sr = librosa.load(src, sr=SAMPLE_RATE, mono=True)
/workspace/26Dacon_DeepVoice/.venv/lib/python3.11/site-packages/librosa/core/audio.py:184: FutureWarning: librosa.core.audio.__audioread_load
	Deprecated as of librosa version 0.10.0.
	It will be removed in librosa version 1.0.
  y, sr_native = __audioread_load(path, offset, duration, dtype)
/workspace/26Dacon_DeepVoice/data_pipeline/download_real_clips.py:78: UserWarning: PySoundFile failed. Trying audioread instead.
  audio, sr = librosa.load(src, sr=SAMPLE_RATE, mono=True)
/workspace/26Dacon_DeepVoice/.venv/lib/python3.11/site-packages/librosa/core/audio.py:184: FutureWarning: librosa.core.audio.__audioread_load
	Deprecated as of librosa version 0.10.0.
	It will be removed in librosa version 1.0.
  y, sr_native = __audioread_load(path, offset, duration, dtype)
[ok] real_07750 (train=364 valid=37)
[ok] real_39419 (train=365 valid=37)
/workspace/26Dacon_DeepVoice/data_pipeline/download_real_clips.py:78: UserWarning: PySoundFile failed. Trying audioread instead.
  audio, sr = librosa.load(src, sr=SAMPLE_RATE, mono=True)
/workspace/26Dacon_DeepVoice/.venv/lib/python3.11/site-packages/librosa/core/audio.py:184: FutureWarning: librosa.core.audio.__audioread_load
	Deprecated as of librosa version 0.10.0.
	It will be removed in librosa version 1.0.
  y, sr_native = __audioread_load(path, offset, duration, dtype)
/workspace/26Dacon_DeepVoice/data_pipeline/download_real_clips.py:78: UserWarning: PySoundFile failed. Trying audioread instead.
  audio, sr = librosa.load(src, sr=SAMPLE_RATE, mono=True)
/workspace/26Dacon_DeepVoice/.venv/lib/python3.11/site-packages/librosa/core/audio.py:184: FutureWarning: librosa.core.audio.__audioread_load
	Deprecated as of librosa version 0.10.0.
	It will be removed in librosa version 1.0.
  y, sr_native = __audioread_load(path, offset, duration, dtype)
/workspace/26Dacon_DeepVoice/data_pipeline/download_real_clips.py:78: UserWarning: PySoundFile failed. Trying audioread instead.
  audio, sr = librosa.load(src, sr=SAMPLE_RATE, mono=True)
/workspace/26Dacon_DeepVoice/.venv/lib/python3.11/site-packages/librosa/core/audio.py:184: FutureWarning: librosa.core.audio.__audioread_load
	Deprecated as of librosa version 0.10.0.
	It will be removed in librosa version 1.0.
  y, sr_native = __audioread_load(path, offset, duration, dtype)
[ok] real_07196 (train=366 valid=37)
[ok] real_33807 (train=367 valid=37)
/workspace/26Dacon_DeepVoice/data_pipeline/download_real_clips.py:78: UserWarning: PySoundFile failed. Trying audioread instead.
  audio, sr = librosa.load(src, sr=SAMPLE_RATE, mono=True)
/workspace/26Dacon_DeepVoice/.venv/lib/python3.11/site-packages/librosa/core/audio.py:184: FutureWarning: librosa.core.audio.__audioread_load
	Deprecated as of librosa version 0.10.0.
	It will be removed in librosa version 1.0.
  y, sr_native = __audioread_load(path, offset, duration, dtype)
[ok] real_09157 (train=368 valid=37)
[ok] real_20630 (train=369 valid=37)
/workspace/26Dacon_DeepVoice/data_pipeline/download_real_clips.py:78: UserWarning: PySoundFile failed. Trying audioread instead.
  audio, sr = librosa.load(src, sr=SAMPLE_RATE, mono=True)
/workspace/26Dacon_DeepVoice/.venv/lib/python3.11/site-packages/librosa/core/audio.py:184: FutureWarning: librosa.core.audio.__audioread_load
	Deprecated as of librosa version 0.10.0.
	It will be removed in librosa version 1.0.
  y, sr_native = __audioread_load(path, offset, duration, dtype)
ERROR: [youtube] 7n8WYYbBm9Q: Video unavailable
[fail] real_49006 (7n8WYYbBm9Q): ERROR: [youtube] 7n8WYYbBm9Q: Video unavailable
/workspace/26Dacon_DeepVoice/data_pipeline/download_real_clips.py:78: UserWarning: PySoundFile failed. Trying audioread instead.
  audio, sr = librosa.load(src, sr=SAMPLE_RATE, mono=True)
/workspace/26Dacon_DeepVoice/.venv/lib/python3.11/site-packages/librosa/core/audio.py:184: FutureWarning: librosa.core.audio.__audioread_load
	Deprecated as of librosa version 0.10.0.
	It will be removed in librosa version 1.0.
  y, sr_native = __audioread_load(path, offset, duration, dtype)
/workspace/26Dacon_DeepVoice/data_pipeline/download_real_clips.py:78: UserWarning: PySoundFile failed. Trying audioread instead.
  audio, sr = librosa.load(src, sr=SAMPLE_RATE, mono=True)
/workspace/26Dacon_DeepVoice/.venv/lib/python3.11/site-packages/librosa/core/audio.py:184: FutureWarning: librosa.core.audio.__audioread_load
	Deprecated as of librosa version 0.10.0.
	It will be removed in librosa version 1.0.
  y, sr_native = __audioread_load(path, offset, duration, dtype)
[ok] real_02548 (train=370 valid=37)
[ok] real_21476 (train=371 valid=37)
[ok] real_47409 (train=372 valid=37)
/workspace/26Dacon_DeepVoice/data_pipeline/download_real_clips.py:78: UserWarning: PySoundFile failed. Trying audioread instead.
  audio, sr = librosa.load(src, sr=SAMPLE_RATE, mono=True)
/workspace/26Dacon_DeepVoice/.venv/lib/python3.11/site-packages/librosa/core/audio.py:184: FutureWarning: librosa.core.audio.__audioread_load
	Deprecated as of librosa version 0.10.0.
	It will be removed in librosa version 1.0.
  y, sr_native = __audioread_load(path, offset, duration, dtype)
[ok] real_44485 (train=373 valid=37)
/workspace/26Dacon_DeepVoice/data_pipeline/download_real_clips.py:78: UserWarning: PySoundFile failed. Trying audioread instead.
  audio, sr = librosa.load(src, sr=SAMPLE_RATE, mono=True)
/workspace/26Dacon_DeepVoice/.venv/lib/python3.11/site-packages/librosa/core/audio.py:184: FutureWarning: librosa.core.audio.__audioread_load
	Deprecated as of librosa version 0.10.0.
	It will be removed in librosa version 1.0.
  y, sr_native = __audioread_load(path, offset, duration, dtype)
[ok] real_23309 (train=374 valid=37)
/workspace/26Dacon_DeepVoice/data_pipeline/download_real_clips.py:78: UserWarning: PySoundFile failed. Trying audioread instead.
  audio, sr = librosa.load(src, sr=SAMPLE_RATE, mono=True)
/workspace/26Dacon_DeepVoice/.venv/lib/python3.11/site-packages/librosa/core/audio.py:184: FutureWarning: librosa.core.audio.__audioread_load
	Deprecated as of librosa version 0.10.0.
	It will be removed in librosa version 1.0.
  y, sr_native = __audioread_load(path, offset, duration, dtype)
[ok] real_10531 (train=375 valid=37)
/workspace/26Dacon_DeepVoice/data_pipeline/download_real_clips.py:78: UserWarning: PySoundFile failed. Trying audioread instead.
  audio, sr = librosa.load(src, sr=SAMPLE_RATE, mono=True)
/workspace/26Dacon_DeepVoice/.venv/lib/python3.11/site-packages/librosa/core/audio.py:184: FutureWarning: librosa.core.audio.__audioread_load
	Deprecated as of librosa version 0.10.0.
	It will be removed in librosa version 1.0.
  y, sr_native = __audioread_load(path, offset, duration, dtype)
ERROR: [youtube] SyhBNjNRZd0: Video unavailable
[fail] real_27680 (SyhBNjNRZd0): ERROR: [youtube] SyhBNjNRZd0: Video unavailable
/workspace/26Dacon_DeepVoice/data_pipeline/download_real_clips.py:78: UserWarning: PySoundFile failed. Trying audioread instead.
  audio, sr = librosa.load(src, sr=SAMPLE_RATE, mono=True)
/workspace/26Dacon_DeepVoice/.venv/lib/python3.11/site-packages/librosa/core/audio.py:184: FutureWarning: librosa.core.audio.__audioread_load
	Deprecated as of librosa version 0.10.0.
	It will be removed in librosa version 1.0.
  y, sr_native = __audioread_load(path, offset, duration, dtype)
[ok] real_17573 (train=376 valid=37)
[ok] real_17382 (train=377 valid=37)
/workspace/26Dacon_DeepVoice/data_pipeline/download_real_clips.py:78: UserWarning: PySoundFile failed. Trying audioread instead.
  audio, sr = librosa.load(src, sr=SAMPLE_RATE, mono=True)
/workspace/26Dacon_DeepVoice/.venv/lib/python3.11/site-packages/librosa/core/audio.py:184: FutureWarning: librosa.core.audio.__audioread_load
	Deprecated as of librosa version 0.10.0.
	It will be removed in librosa version 1.0.
  y, sr_native = __audioread_load(path, offset, duration, dtype)
/workspace/26Dacon_DeepVoice/data_pipeline/download_real_clips.py:78: UserWarning: PySoundFile failed. Trying audioread instead.
  audio, sr = librosa.load(src, sr=SAMPLE_RATE, mono=True)
/workspace/26Dacon_DeepVoice/.venv/lib/python3.11/site-packages/librosa/core/audio.py:184: FutureWarning: librosa.core.audio.__audioread_load
	Deprecated as of librosa version 0.10.0.
	It will be removed in librosa version 1.0.
  y, sr_native = __audioread_load(path, offset, duration, dtype)
[ok] real_37924 (train=378 valid=37)
[ok] real_36443 (train=379 valid=37)
/workspace/26Dacon_DeepVoice/data_pipeline/download_real_clips.py:78: UserWarning: PySoundFile failed. Trying audioread instead.
  audio, sr = librosa.load(src, sr=SAMPLE_RATE, mono=True)
/workspace/26Dacon_DeepVoice/.venv/lib/python3.11/site-packages/librosa/core/audio.py:184: FutureWarning: librosa.core.audio.__audioread_load
	Deprecated as of librosa version 0.10.0.
	It will be removed in librosa version 1.0.
  y, sr_native = __audioread_load(path, offset, duration, dtype)
[ok] real_36580 (train=380 valid=37)
/workspace/26Dacon_DeepVoice/data_pipeline/download_real_clips.py:78: UserWarning: PySoundFile failed. Trying audioread instead.
  audio, sr = librosa.load(src, sr=SAMPLE_RATE, mono=True)
/workspace/26Dacon_DeepVoice/.venv/lib/python3.11/site-packages/librosa/core/audio.py:184: FutureWarning: librosa.core.audio.__audioread_load
	Deprecated as of librosa version 0.10.0.
	It will be removed in librosa version 1.0.
  y, sr_native = __audioread_load(path, offset, duration, dtype)
/workspace/26Dacon_DeepVoice/data_pipeline/download_real_clips.py:78: UserWarning: PySoundFile failed. Trying audioread instead.
  audio, sr = librosa.load(src, sr=SAMPLE_RATE, mono=True)
/workspace/26Dacon_DeepVoice/.venv/lib/python3.11/site-packages/librosa/core/audio.py:184: FutureWarning: librosa.core.audio.__audioread_load
	Deprecated as of librosa version 0.10.0.
	It will be removed in librosa version 1.0.
  y, sr_native = __audioread_load(path, offset, duration, dtype)
[ok] real_16780 (train=381 valid=37)
[ok] real_27940 (train=382 valid=37)
/workspace/26Dacon_DeepVoice/data_pipeline/download_real_clips.py:78: UserWarning: PySoundFile failed. Trying audioread instead.
  audio, sr = librosa.load(src, sr=SAMPLE_RATE, mono=True)
/workspace/26Dacon_DeepVoice/.venv/lib/python3.11/site-packages/librosa/core/audio.py:184: FutureWarning: librosa.core.audio.__audioread_load
	Deprecated as of librosa version 0.10.0.
	It will be removed in librosa version 1.0.
  y, sr_native = __audioread_load(path, offset, duration, dtype)
ERROR: [youtube] 4VTOyywz-Zw: Video unavailable
[fail] real_45293 (4VTOyywz-Zw): ERROR: [youtube] 4VTOyywz-Zw: Video unavailable
/workspace/26Dacon_DeepVoice/data_pipeline/download_real_clips.py:78: UserWarning: PySoundFile failed. Trying audioread instead.
  audio, sr = librosa.load(src, sr=SAMPLE_RATE, mono=True)
/workspace/26Dacon_DeepVoice/.venv/lib/python3.11/site-packages/librosa/core/audio.py:184: FutureWarning: librosa.core.audio.__audioread_load
	Deprecated as of librosa version 0.10.0.
	It will be removed in librosa version 1.0.
  y, sr_native = __audioread_load(path, offset, duration, dtype)
[ok] real_18833 (train=382 valid=38)
[ok] real_10340 (train=383 valid=38)
/workspace/26Dacon_DeepVoice/data_pipeline/download_real_clips.py:78: UserWarning: PySoundFile failed. Trying audioread instead.
  audio, sr = librosa.load(src, sr=SAMPLE_RATE, mono=True)
/workspace/26Dacon_DeepVoice/.venv/lib/python3.11/site-packages/librosa/core/audio.py:184: FutureWarning: librosa.core.audio.__audioread_load
	Deprecated as of librosa version 0.10.0.
	It will be removed in librosa version 1.0.
  y, sr_native = __audioread_load(path, offset, duration, dtype)
/workspace/26Dacon_DeepVoice/data_pipeline/download_real_clips.py:78: UserWarning: PySoundFile failed. Trying audioread instead.
  audio, sr = librosa.load(src, sr=SAMPLE_RATE, mono=True)
/workspace/26Dacon_DeepVoice/.venv/lib/python3.11/site-packages/librosa/core/audio.py:184: FutureWarning: librosa.core.audio.__audioread_load
	Deprecated as of librosa version 0.10.0.
	It will be removed in librosa version 1.0.
  y, sr_native = __audioread_load(path, offset, duration, dtype)
[ok] real_04393 (train=384 valid=38)
[ok] real_50864 (train=384 valid=39)
/workspace/26Dacon_DeepVoice/data_pipeline/download_real_clips.py:78: UserWarning: PySoundFile failed. Trying audioread instead.
  audio, sr = librosa.load(src, sr=SAMPLE_RATE, mono=True)
/workspace/26Dacon_DeepVoice/.venv/lib/python3.11/site-packages/librosa/core/audio.py:184: FutureWarning: librosa.core.audio.__audioread_load
	Deprecated as of librosa version 0.10.0.
	It will be removed in librosa version 1.0.
  y, sr_native = __audioread_load(path, offset, duration, dtype)
[ok] real_21765 (train=385 valid=39)
/workspace/26Dacon_DeepVoice/data_pipeline/download_real_clips.py:78: UserWarning: PySoundFile failed. Trying audioread instead.
  audio, sr = librosa.load(src, sr=SAMPLE_RATE, mono=True)
/workspace/26Dacon_DeepVoice/.venv/lib/python3.11/site-packages/librosa/core/audio.py:184: FutureWarning: librosa.core.audio.__audioread_load
	Deprecated as of librosa version 0.10.0.
	It will be removed in librosa version 1.0.
  y, sr_native = __audioread_load(path, offset, duration, dtype)
[ok] real_02732 (train=386 valid=39)
/workspace/26Dacon_DeepVoice/data_pipeline/download_real_clips.py:78: UserWarning: PySoundFile failed. Trying audioread instead.
  audio, sr = librosa.load(src, sr=SAMPLE_RATE, mono=True)
/workspace/26Dacon_DeepVoice/.venv/lib/python3.11/site-packages/librosa/core/audio.py:184: FutureWarning: librosa.core.audio.__audioread_load
	Deprecated as of librosa version 0.10.0.
	It will be removed in librosa version 1.0.
  y, sr_native = __audioread_load(path, offset, duration, dtype)
/workspace/26Dacon_DeepVoice/data_pipeline/download_real_clips.py:78: UserWarning: PySoundFile failed. Trying audioread instead.
  audio, sr = librosa.load(src, sr=SAMPLE_RATE, mono=True)
/workspace/26Dacon_DeepVoice/.venv/lib/python3.11/site-packages/librosa/core/audio.py:184: FutureWarning: librosa.core.audio.__audioread_load
	Deprecated as of librosa version 0.10.0.
	It will be removed in librosa version 1.0.
  y, sr_native = __audioread_load(path, offset, duration, dtype)
[ok] real_27293 (train=386 valid=40)
[ok] real_43914 (train=387 valid=40)
/workspace/26Dacon_DeepVoice/data_pipeline/download_real_clips.py:78: UserWarning: PySoundFile failed. Trying audioread instead.
  audio, sr = librosa.load(src, sr=SAMPLE_RATE, mono=True)
/workspace/26Dacon_DeepVoice/.venv/lib/python3.11/site-packages/librosa/core/audio.py:184: FutureWarning: librosa.core.audio.__audioread_load
	Deprecated as of librosa version 0.10.0.
	It will be removed in librosa version 1.0.
  y, sr_native = __audioread_load(path, offset, duration, dtype)
[ok] real_25244 (train=388 valid=40)
/workspace/26Dacon_DeepVoice/data_pipeline/download_real_clips.py:78: UserWarning: PySoundFile failed. Trying audioread instead.
  audio, sr = librosa.load(src, sr=SAMPLE_RATE, mono=True)
/workspace/26Dacon_DeepVoice/.venv/lib/python3.11/site-packages/librosa/core/audio.py:184: FutureWarning: librosa.core.audio.__audioread_load
	Deprecated as of librosa version 0.10.0.
	It will be removed in librosa version 1.0.
  y, sr_native = __audioread_load(path, offset, duration, dtype)
[ok] real_36036 (train=389 valid=40)
/workspace/26Dacon_DeepVoice/data_pipeline/download_real_clips.py:78: UserWarning: PySoundFile failed. Trying audioread instead.
  audio, sr = librosa.load(src, sr=SAMPLE_RATE, mono=True)
/workspace/26Dacon_DeepVoice/.venv/lib/python3.11/site-packages/librosa/core/audio.py:184: FutureWarning: librosa.core.audio.__audioread_load
	Deprecated as of librosa version 0.10.0.
	It will be removed in librosa version 1.0.
  y, sr_native = __audioread_load(path, offset, duration, dtype)
/workspace/26Dacon_DeepVoice/data_pipeline/download_real_clips.py:78: UserWarning: PySoundFile failed. Trying audioread instead.
  audio, sr = librosa.load(src, sr=SAMPLE_RATE, mono=True)
/workspace/26Dacon_DeepVoice/.venv/lib/python3.11/site-packages/librosa/core/audio.py:184: FutureWarning: librosa.core.audio.__audioread_load
	Deprecated as of librosa version 0.10.0.
	It will be removed in librosa version 1.0.
  y, sr_native = __audioread_load(path, offset, duration, dtype)
[ok] real_08653 (train=390 valid=40)
[ok] real_26694 (train=390 valid=41)
/workspace/26Dacon_DeepVoice/data_pipeline/download_real_clips.py:78: UserWarning: PySoundFile failed. Trying audioread instead.
  audio, sr = librosa.load(src, sr=SAMPLE_RATE, mono=True)
/workspace/26Dacon_DeepVoice/.venv/lib/python3.11/site-packages/librosa/core/audio.py:184: FutureWarning: librosa.core.audio.__audioread_load
	Deprecated as of librosa version 0.10.0.
	It will be removed in librosa version 1.0.
  y, sr_native = __audioread_load(path, offset, duration, dtype)
/workspace/26Dacon_DeepVoice/data_pipeline/download_real_clips.py:78: UserWarning: PySoundFile failed. Trying audioread instead.
  audio, sr = librosa.load(src, sr=SAMPLE_RATE, mono=True)
/workspace/26Dacon_DeepVoice/.venv/lib/python3.11/site-packages/librosa/core/audio.py:184: FutureWarning: librosa.core.audio.__audioread_load
	Deprecated as of librosa version 0.10.0.
	It will be removed in librosa version 1.0.
  y, sr_native = __audioread_load(path, offset, duration, dtype)
[ok] real_22695 (train=391 valid=41)
[ok] real_35621 (train=392 valid=41)
/workspace/26Dacon_DeepVoice/data_pipeline/download_real_clips.py:78: UserWarning: PySoundFile failed. Trying audioread instead.
  audio, sr = librosa.load(src, sr=SAMPLE_RATE, mono=True)
/workspace/26Dacon_DeepVoice/.venv/lib/python3.11/site-packages/librosa/core/audio.py:184: FutureWarning: librosa.core.audio.__audioread_load
	Deprecated as of librosa version 0.10.0.
	It will be removed in librosa version 1.0.
  y, sr_native = __audioread_load(path, offset, duration, dtype)
[ok] real_19653 (train=393 valid=41)
ERROR: [download] Got error: (<HTTPSConnection(host='rr3---sn-ab02a0nfpgxapox-bh2sd.googlevideo.com', port=443) at 0x7f5ed1cb8c90>, 'Connection to rr3---sn-ab02a0nfpgxapox-bh2sd.googlevideo.com timed out. (connect timeout=20.0)'). Giving up after 1 retries
ERROR: [download] Got error: (<HTTPSConnection(host='rr7---sn-ab02a0nfpgxapox-bh2zs.googlevideo.com', port=443) at 0x7f5f39c5f7d0>, 'Connection to rr7---sn-ab02a0nfpgxapox-bh2zs.googlevideo.com timed out. (connect timeout=20.0)'). Giving up after 1 retries
ERROR: [download] Got error: (<HTTPSConnection(host='rr1---sn-ab02a0nfpgxapox-bh2lr.googlevideo.com', port=443) at 0x7f5f29534990>, 'Connection to rr1---sn-ab02a0nfpgxapox-bh2lr.googlevideo.com timed out. (connect timeout=20.0)'). Giving up after 1 retries
ERROR: [download] Got error: (<HTTPSConnection(host='rr8---sn-ab02a0nfpgxapox-bh26d.googlevideo.com', port=443) at 0x7f5ed2ca2f10>, 'Connection to rr8---sn-ab02a0nfpgxapox-bh26d.googlevideo.com timed out. (connect timeout=20.0)'). Giving up after 1 retries
/workspace/26Dacon_DeepVoice/data_pipeline/download_real_clips.py:78: UserWarning: PySoundFile failed. Trying audioread instead.
  audio, sr = librosa.load(src, sr=SAMPLE_RATE, mono=True)
/workspace/26Dacon_DeepVoice/.venv/lib/python3.11/site-packages/librosa/core/audio.py:184: FutureWarning: librosa.core.audio.__audioread_load
	Deprecated as of librosa version 0.10.0.
	It will be removed in librosa version 1.0.
  y, sr_native = __audioread_load(path, offset, duration, dtype)
ERROR: [download] Got error: (<HTTPSConnection(host='rr1---sn-ab02a0nfpgxapox-bh26z.googlevideo.com', port=443) at 0x7f5ed2ca3e10>, 'Connection to rr1---sn-ab02a0nfpgxapox-bh26z.googlevideo.com timed out. (connect timeout=20.0)'). Giving up after 1 retries
ERROR: [download] Got error: (<HTTPSConnection(host='rr5---sn-ab02a0nfpgxapox-jwwy.googlevideo.com', port=443) at 0x7f5ed2bf8910>, 'Connection to rr5---sn-ab02a0nfpgxapox-jwwy.googlevideo.com timed out. (connect timeout=20.0)'). Giving up after 1 retries
ERROR: [download] Got error: (<HTTPSConnection(host='rr3---sn-ab02a0nfpgxapox-bh266.googlevideo.com', port=443) at 0x7f5ed1cbab10>, 'Connection to rr3---sn-ab02a0nfpgxapox-bh266.googlevideo.com timed out. (connect timeout=20.0)'). Giving up after 1 retries
[ok] real_05917 (train=394 valid=41)
/workspace/26Dacon_DeepVoice/data_pipeline/download_real_clips.py:78: UserWarning: PySoundFile failed. Trying audioread instead.
  audio, sr = librosa.load(src, sr=SAMPLE_RATE, mono=True)
/workspace/26Dacon_DeepVoice/.venv/lib/python3.11/site-packages/librosa/core/audio.py:184: FutureWarning: librosa.core.audio.__audioread_load
	Deprecated as of librosa version 0.10.0.
	It will be removed in librosa version 1.0.
  y, sr_native = __audioread_load(path, offset, duration, dtype)
/workspace/26Dacon_DeepVoice/data_pipeline/download_real_clips.py:78: UserWarning: PySoundFile failed. Trying audioread instead.
  audio, sr = librosa.load(src, sr=SAMPLE_RATE, mono=True)
/workspace/26Dacon_DeepVoice/.venv/lib/python3.11/site-packages/librosa/core/audio.py:184: FutureWarning: librosa.core.audio.__audioread_load
	Deprecated as of librosa version 0.10.0.
	It will be removed in librosa version 1.0.
  y, sr_native = __audioread_load(path, offset, duration, dtype)
/workspace/26Dacon_DeepVoice/data_pipeline/download_real_clips.py:78: UserWarning: PySoundFile failed. Trying audioread instead.
  audio, sr = librosa.load(src, sr=SAMPLE_RATE, mono=True)
/workspace/26Dacon_DeepVoice/.venv/lib/python3.11/site-packages/librosa/core/audio.py:184: FutureWarning: librosa.core.audio.__audioread_load
	Deprecated as of librosa version 0.10.0.
	It will be removed in librosa version 1.0.
  y, sr_native = __audioread_load(path, offset, duration, dtype)
/workspace/26Dacon_DeepVoice/data_pipeline/download_real_clips.py:78: UserWarning: PySoundFile failed. Trying audioread instead.
  audio, sr = librosa.load(src, sr=SAMPLE_RATE, mono=True)
/workspace/26Dacon_DeepVoice/.venv/lib/python3.11/site-packages/librosa/core/audio.py:184: FutureWarning: librosa.core.audio.__audioread_load
	Deprecated as of librosa version 0.10.0.
	It will be removed in librosa version 1.0.
  y, sr_native = __audioread_load(path, offset, duration, dtype)
/workspace/26Dacon_DeepVoice/data_pipeline/download_real_clips.py:78: UserWarning: PySoundFile failed. Trying audioread instead.
  audio, sr = librosa.load(src, sr=SAMPLE_RATE, mono=True)
/workspace/26Dacon_DeepVoice/.venv/lib/python3.11/site-packages/librosa/core/audio.py:184: FutureWarning: librosa.core.audio.__audioread_load
	Deprecated as of librosa version 0.10.0.
	It will be removed in librosa version 1.0.
  y, sr_native = __audioread_load(path, offset, duration, dtype)
[ok] real_50732 (train=395 valid=41)
/workspace/26Dacon_DeepVoice/data_pipeline/download_real_clips.py:78: UserWarning: PySoundFile failed. Trying audioread instead.
  audio, sr = librosa.load(src, sr=SAMPLE_RATE, mono=True)
/workspace/26Dacon_DeepVoice/.venv/lib/python3.11/site-packages/librosa/core/audio.py:184: FutureWarning: librosa.core.audio.__audioread_load
	Deprecated as of librosa version 0.10.0.
	It will be removed in librosa version 1.0.
  y, sr_native = __audioread_load(path, offset, duration, dtype)
[ok] real_49499 (train=395 valid=42)
[fail] real_47424 (UAIWpsN1Rgk): clip too short (15852 samples)
[ok] real_39086 (train=396 valid=42)
[ok] real_36054 (train=397 valid=42)
[ok] real_42123 (train=398 valid=42)
/workspace/26Dacon_DeepVoice/data_pipeline/download_real_clips.py:78: UserWarning: PySoundFile failed. Trying audioread instead.
  audio, sr = librosa.load(src, sr=SAMPLE_RATE, mono=True)
/workspace/26Dacon_DeepVoice/.venv/lib/python3.11/site-packages/librosa/core/audio.py:184: FutureWarning: librosa.core.audio.__audioread_load
	Deprecated as of librosa version 0.10.0.
	It will be removed in librosa version 1.0.
  y, sr_native = __audioread_load(path, offset, duration, dtype)
/workspace/26Dacon_DeepVoice/data_pipeline/download_real_clips.py:78: UserWarning: PySoundFile failed. Trying audioread instead.
  audio, sr = librosa.load(src, sr=SAMPLE_RATE, mono=True)
/workspace/26Dacon_DeepVoice/.venv/lib/python3.11/site-packages/librosa/core/audio.py:184: FutureWarning: librosa.core.audio.__audioread_load
	Deprecated as of librosa version 0.10.0.
	It will be removed in librosa version 1.0.
  y, sr_native = __audioread_load(path, offset, duration, dtype)
[ok] real_00517 (train=399 valid=42)
[ok] real_31843 (train=400 valid=42)
/workspace/26Dacon_DeepVoice/data_pipeline/download_real_clips.py:78: UserWarning: PySoundFile failed. Trying audioread instead.
  audio, sr = librosa.load(src, sr=SAMPLE_RATE, mono=True)
/workspace/26Dacon_DeepVoice/.venv/lib/python3.11/site-packages/librosa/core/audio.py:184: FutureWarning: librosa.core.audio.__audioread_load
	Deprecated as of librosa version 0.10.0.
	It will be removed in librosa version 1.0.
  y, sr_native = __audioread_load(path, offset, duration, dtype)
[ok] real_52537 (train=401 valid=42)
/workspace/26Dacon_DeepVoice/data_pipeline/download_real_clips.py:78: UserWarning: PySoundFile failed. Trying audioread instead.
  audio, sr = librosa.load(src, sr=SAMPLE_RATE, mono=True)
/workspace/26Dacon_DeepVoice/.venv/lib/python3.11/site-packages/librosa/core/audio.py:184: FutureWarning: librosa.core.audio.__audioread_load
	Deprecated as of librosa version 0.10.0.
	It will be removed in librosa version 1.0.
  y, sr_native = __audioread_load(path, offset, duration, dtype)
[ok] real_19588 (train=402 valid=42)
/workspace/26Dacon_DeepVoice/data_pipeline/download_real_clips.py:78: UserWarning: PySoundFile failed. Trying audioread instead.
  audio, sr = librosa.load(src, sr=SAMPLE_RATE, mono=True)
/workspace/26Dacon_DeepVoice/.venv/lib/python3.11/site-packages/librosa/core/audio.py:184: FutureWarning: librosa.core.audio.__audioread_load
	Deprecated as of librosa version 0.10.0.
	It will be removed in librosa version 1.0.
  y, sr_native = __audioread_load(path, offset, duration, dtype)
/workspace/26Dacon_DeepVoice/data_pipeline/download_real_clips.py:78: UserWarning: PySoundFile failed. Trying audioread instead.
  audio, sr = librosa.load(src, sr=SAMPLE_RATE, mono=True)
/workspace/26Dacon_DeepVoice/.venv/lib/python3.11/site-packages/librosa/core/audio.py:184: FutureWarning: librosa.core.audio.__audioread_load
	Deprecated as of librosa version 0.10.0.
	It will be removed in librosa version 1.0.
  y, sr_native = __audioread_load(path, offset, duration, dtype)
[ok] real_48629 (train=403 valid=42)
[ok] real_01946 (train=404 valid=42)
/workspace/26Dacon_DeepVoice/data_pipeline/download_real_clips.py:78: UserWarning: PySoundFile failed. Trying audioread instead.
  audio, sr = librosa.load(src, sr=SAMPLE_RATE, mono=True)
/workspace/26Dacon_DeepVoice/.venv/lib/python3.11/site-packages/librosa/core/audio.py:184: FutureWarning: librosa.core.audio.__audioread_load
	Deprecated as of librosa version 0.10.0.
	It will be removed in librosa version 1.0.
  y, sr_native = __audioread_load(path, offset, duration, dtype)
[ok] real_16693 (train=405 valid=42)
ERROR: [download] Got error: (<HTTPSConnection(host='rr6---sn-ab02a0nfpgxapox-bh2lr.googlevideo.com', port=443) at 0x7f5f297e9490>, 'Connection to rr6---sn-ab02a0nfpgxapox-bh2lr.googlevideo.com timed out. (connect timeout=20.0)'). Giving up after 1 retries
ERROR: [download] Got error: (<HTTPSConnection(host='rr8---sn-ab02a0nfpgxapox-bh266.googlevideo.com', port=443) at 0x7f5f297eac50>, 'Connection to rr8---sn-ab02a0nfpgxapox-bh266.googlevideo.com timed out. (connect timeout=20.0)'). Giving up after 1 retries
ERROR: [download] Got error: (<HTTPSConnection(host='rr3---sn-ab02a0nfpgxapox-bh2es.googlevideo.com', port=443) at 0x7f5ed2949490>, 'Connection to rr3---sn-ab02a0nfpgxapox-bh2es.googlevideo.com timed out. (connect timeout=20.0)'). Giving up after 1 retries
ERROR: [download] Got error: (<HTTPSConnection(host='rr2---sn-ab02a0nfpgxapox-bh2s6.googlevideo.com', port=443) at 0x7f5f38155b50>, 'Connection to rr2---sn-ab02a0nfpgxapox-bh2s6.googlevideo.com timed out. (connect timeout=20.0)'). Giving up after 1 retries
/workspace/26Dacon_DeepVoice/data_pipeline/download_real_clips.py:78: UserWarning: PySoundFile failed. Trying audioread instead.
  audio, sr = librosa.load(src, sr=SAMPLE_RATE, mono=True)
/workspace/26Dacon_DeepVoice/.venv/lib/python3.11/site-packages/librosa/core/audio.py:184: FutureWarning: librosa.core.audio.__audioread_load
	Deprecated as of librosa version 0.10.0.
	It will be removed in librosa version 1.0.
  y, sr_native = __audioread_load(path, offset, duration, dtype)
ERROR: [download] Got error: (<HTTPSConnection(host='rr6---sn-ab02a0nfpgxapox-bh26d.googlevideo.com', port=443) at 0x7f5ed294aa50>, 'Connection to rr6---sn-ab02a0nfpgxapox-bh26d.googlevideo.com timed out. (connect timeout=20.0)'). Giving up after 1 retries
[ok] real_47685 (train=406 valid=42)
ERROR: [youtube] 812eX1tgoQY: Video unavailable
[fail] real_14124 (812eX1tgoQY): ERROR: [youtube] 812eX1tgoQY: Video unavailable
/workspace/26Dacon_DeepVoice/data_pipeline/download_real_clips.py:78: UserWarning: PySoundFile failed. Trying audioread instead.
  audio, sr = librosa.load(src, sr=SAMPLE_RATE, mono=True)
/workspace/26Dacon_DeepVoice/.venv/lib/python3.11/site-packages/librosa/core/audio.py:184: FutureWarning: librosa.core.audio.__audioread_load
	Deprecated as of librosa version 0.10.0.
	It will be removed in librosa version 1.0.
  y, sr_native = __audioread_load(path, offset, duration, dtype)
/workspace/26Dacon_DeepVoice/data_pipeline/download_real_clips.py:78: UserWarning: PySoundFile failed. Trying audioread instead.
  audio, sr = librosa.load(src, sr=SAMPLE_RATE, mono=True)
/workspace/26Dacon_DeepVoice/.venv/lib/python3.11/site-packages/librosa/core/audio.py:184: FutureWarning: librosa.core.audio.__audioread_load
	Deprecated as of librosa version 0.10.0.
	It will be removed in librosa version 1.0.
  y, sr_native = __audioread_load(path, offset, duration, dtype)
ERROR: [youtube] 1QzJi58c1Xw: Video unavailable
[fail] real_02019 (1QzJi58c1Xw): ERROR: [youtube] 1QzJi58c1Xw: Video unavailable
[ok] real_20243 (train=407 valid=42)
[ok] real_32406 (train=408 valid=42)
ERROR: [youtube] fFpgglvBGws: Video unavailable
[fail] real_40882 (fFpgglvBGws): ERROR: [youtube] fFpgglvBGws: Video unavailable
/workspace/26Dacon_DeepVoice/data_pipeline/download_real_clips.py:78: UserWarning: PySoundFile failed. Trying audioread instead.
  audio, sr = librosa.load(src, sr=SAMPLE_RATE, mono=True)
/workspace/26Dacon_DeepVoice/.venv/lib/python3.11/site-packages/librosa/core/audio.py:184: FutureWarning: librosa.core.audio.__audioread_load
	Deprecated as of librosa version 0.10.0.
	It will be removed in librosa version 1.0.
  y, sr_native = __audioread_load(path, offset, duration, dtype)
/workspace/26Dacon_DeepVoice/data_pipeline/download_real_clips.py:78: UserWarning: PySoundFile failed. Trying audioread instead.
  audio, sr = librosa.load(src, sr=SAMPLE_RATE, mono=True)
/workspace/26Dacon_DeepVoice/.venv/lib/python3.11/site-packages/librosa/core/audio.py:184: FutureWarning: librosa.core.audio.__audioread_load
	Deprecated as of librosa version 0.10.0.
	It will be removed in librosa version 1.0.
  y, sr_native = __audioread_load(path, offset, duration, dtype)
[ok] real_16898 (train=408 valid=43)
[ok] real_39336 (train=409 valid=43)
/workspace/26Dacon_DeepVoice/data_pipeline/download_real_clips.py:78: UserWarning: PySoundFile failed. Trying audioread instead.
  audio, sr = librosa.load(src, sr=SAMPLE_RATE, mono=True)
/workspace/26Dacon_DeepVoice/.venv/lib/python3.11/site-packages/librosa/core/audio.py:184: FutureWarning: librosa.core.audio.__audioread_load
	Deprecated as of librosa version 0.10.0.
	It will be removed in librosa version 1.0.
  y, sr_native = __audioread_load(path, offset, duration, dtype)
[ok] real_22337 (train=410 valid=43)
/workspace/26Dacon_DeepVoice/data_pipeline/download_real_clips.py:78: UserWarning: PySoundFile failed. Trying audioread instead.
  audio, sr = librosa.load(src, sr=SAMPLE_RATE, mono=True)
/workspace/26Dacon_DeepVoice/.venv/lib/python3.11/site-packages/librosa/core/audio.py:184: FutureWarning: librosa.core.audio.__audioread_load
	Deprecated as of librosa version 0.10.0.
	It will be removed in librosa version 1.0.
  y, sr_native = __audioread_load(path, offset, duration, dtype)
[ok] real_11662 (train=411 valid=43)
/workspace/26Dacon_DeepVoice/data_pipeline/download_real_clips.py:78: UserWarning: PySoundFile failed. Trying audioread instead.
  audio, sr = librosa.load(src, sr=SAMPLE_RATE, mono=True)
/workspace/26Dacon_DeepVoice/.venv/lib/python3.11/site-packages/librosa/core/audio.py:184: FutureWarning: librosa.core.audio.__audioread_load
	Deprecated as of librosa version 0.10.0.
	It will be removed in librosa version 1.0.
  y, sr_native = __audioread_load(path, offset, duration, dtype)
/workspace/26Dacon_DeepVoice/data_pipeline/download_real_clips.py:78: UserWarning: PySoundFile failed. Trying audioread instead.
  audio, sr = librosa.load(src, sr=SAMPLE_RATE, mono=True)
/workspace/26Dacon_DeepVoice/.venv/lib/python3.11/site-packages/librosa/core/audio.py:184: FutureWarning: librosa.core.audio.__audioread_load
	Deprecated as of librosa version 0.10.0.
	It will be removed in librosa version 1.0.
  y, sr_native = __audioread_load(path, offset, duration, dtype)
[ok] real_09189 (train=412 valid=43)
[ok] real_04781 (train=413 valid=43)
/workspace/26Dacon_DeepVoice/data_pipeline/download_real_clips.py:78: UserWarning: PySoundFile failed. Trying audioread instead.
  audio, sr = librosa.load(src, sr=SAMPLE_RATE, mono=True)
/workspace/26Dacon_DeepVoice/.venv/lib/python3.11/site-packages/librosa/core/audio.py:184: FutureWarning: librosa.core.audio.__audioread_load
	Deprecated as of librosa version 0.10.0.
	It will be removed in librosa version 1.0.
  y, sr_native = __audioread_load(path, offset, duration, dtype)
[ok] real_02529 (train=414 valid=43)
/workspace/26Dacon_DeepVoice/data_pipeline/download_real_clips.py:78: UserWarning: PySoundFile failed. Trying audioread instead.
  audio, sr = librosa.load(src, sr=SAMPLE_RATE, mono=True)
/workspace/26Dacon_DeepVoice/.venv/lib/python3.11/site-packages/librosa/core/audio.py:184: FutureWarning: librosa.core.audio.__audioread_load
	Deprecated as of librosa version 0.10.0.
	It will be removed in librosa version 1.0.
  y, sr_native = __audioread_load(path, offset, duration, dtype)
/workspace/26Dacon_DeepVoice/data_pipeline/download_real_clips.py:78: UserWarning: PySoundFile failed. Trying audioread instead.
  audio, sr = librosa.load(src, sr=SAMPLE_RATE, mono=True)
/workspace/26Dacon_DeepVoice/.venv/lib/python3.11/site-packages/librosa/core/audio.py:184: FutureWarning: librosa.core.audio.__audioread_load
	Deprecated as of librosa version 0.10.0.
	It will be removed in librosa version 1.0.
  y, sr_native = __audioread_load(path, offset, duration, dtype)
[ok] real_05959 (train=415 valid=43)
[ok] real_40412 (train=416 valid=43)
/workspace/26Dacon_DeepVoice/data_pipeline/download_real_clips.py:78: UserWarning: PySoundFile failed. Trying audioread instead.
  audio, sr = librosa.load(src, sr=SAMPLE_RATE, mono=True)
/workspace/26Dacon_DeepVoice/.venv/lib/python3.11/site-packages/librosa/core/audio.py:184: FutureWarning: librosa.core.audio.__audioread_load
	Deprecated as of librosa version 0.10.0.
	It will be removed in librosa version 1.0.
  y, sr_native = __audioread_load(path, offset, duration, dtype)
[ok] real_48920 (train=417 valid=43)
ERROR: [youtube] pTOkt4Ldqh0: Video unavailable
[fail] real_48460 (pTOkt4Ldqh0): ERROR: [youtube] pTOkt4Ldqh0: Video unavailable
/workspace/26Dacon_DeepVoice/data_pipeline/download_real_clips.py:78: UserWarning: PySoundFile failed. Trying audioread instead.
  audio, sr = librosa.load(src, sr=SAMPLE_RATE, mono=True)
/workspace/26Dacon_DeepVoice/.venv/lib/python3.11/site-packages/librosa/core/audio.py:184: FutureWarning: librosa.core.audio.__audioread_load
	Deprecated as of librosa version 0.10.0.
	It will be removed in librosa version 1.0.
  y, sr_native = __audioread_load(path, offset, duration, dtype)
[ok] real_16844 (train=418 valid=43)
/workspace/26Dacon_DeepVoice/data_pipeline/download_real_clips.py:78: UserWarning: PySoundFile failed. Trying audioread instead.
  audio, sr = librosa.load(src, sr=SAMPLE_RATE, mono=True)
/workspace/26Dacon_DeepVoice/.venv/lib/python3.11/site-packages/librosa/core/audio.py:184: FutureWarning: librosa.core.audio.__audioread_load
	Deprecated as of librosa version 0.10.0.
	It will be removed in librosa version 1.0.
  y, sr_native = __audioread_load(path, offset, duration, dtype)
[ok] real_09839 (train=419 valid=43)
/workspace/26Dacon_DeepVoice/data_pipeline/download_real_clips.py:78: UserWarning: PySoundFile failed. Trying audioread instead.
  audio, sr = librosa.load(src, sr=SAMPLE_RATE, mono=True)
/workspace/26Dacon_DeepVoice/.venv/lib/python3.11/site-packages/librosa/core/audio.py:184: FutureWarning: librosa.core.audio.__audioread_load
	Deprecated as of librosa version 0.10.0.
	It will be removed in librosa version 1.0.
  y, sr_native = __audioread_load(path, offset, duration, dtype)
[ok] real_15740 (train=420 valid=43)
/workspace/26Dacon_DeepVoice/data_pipeline/download_real_clips.py:78: UserWarning: PySoundFile failed. Trying audioread instead.
  audio, sr = librosa.load(src, sr=SAMPLE_RATE, mono=True)
/workspace/26Dacon_DeepVoice/.venv/lib/python3.11/site-packages/librosa/core/audio.py:184: FutureWarning: librosa.core.audio.__audioread_load
	Deprecated as of librosa version 0.10.0.
	It will be removed in librosa version 1.0.
  y, sr_native = __audioread_load(path, offset, duration, dtype)
[ok] real_29575 (train=421 valid=43)
/workspace/26Dacon_DeepVoice/data_pipeline/download_real_clips.py:78: UserWarning: PySoundFile failed. Trying audioread instead.
  audio, sr = librosa.load(src, sr=SAMPLE_RATE, mono=True)
/workspace/26Dacon_DeepVoice/.venv/lib/python3.11/site-packages/librosa/core/audio.py:184: FutureWarning: librosa.core.audio.__audioread_load
	Deprecated as of librosa version 0.10.0.
	It will be removed in librosa version 1.0.
  y, sr_native = __audioread_load(path, offset, duration, dtype)
/workspace/26Dacon_DeepVoice/data_pipeline/download_real_clips.py:78: UserWarning: PySoundFile failed. Trying audioread instead.
  audio, sr = librosa.load(src, sr=SAMPLE_RATE, mono=True)
/workspace/26Dacon_DeepVoice/.venv/lib/python3.11/site-packages/librosa/core/audio.py:184: FutureWarning: librosa.core.audio.__audioread_load
	Deprecated as of librosa version 0.10.0.
	It will be removed in librosa version 1.0.
  y, sr_native = __audioread_load(path, offset, duration, dtype)
[ok] real_43385 (train=422 valid=43)
[ok] real_19406 (train=423 valid=43)
/workspace/26Dacon_DeepVoice/data_pipeline/download_real_clips.py:78: UserWarning: PySoundFile failed. Trying audioread instead.
  audio, sr = librosa.load(src, sr=SAMPLE_RATE, mono=True)
/workspace/26Dacon_DeepVoice/.venv/lib/python3.11/site-packages/librosa/core/audio.py:184: FutureWarning: librosa.core.audio.__audioread_load
	Deprecated as of librosa version 0.10.0.
	It will be removed in librosa version 1.0.
  y, sr_native = __audioread_load(path, offset, duration, dtype)
/workspace/26Dacon_DeepVoice/data_pipeline/download_real_clips.py:78: UserWarning: PySoundFile failed. Trying audioread instead.
  audio, sr = librosa.load(src, sr=SAMPLE_RATE, mono=True)
/workspace/26Dacon_DeepVoice/.venv/lib/python3.11/site-packages/librosa/core/audio.py:184: FutureWarning: librosa.core.audio.__audioread_load
	Deprecated as of librosa version 0.10.0.
	It will be removed in librosa version 1.0.
  y, sr_native = __audioread_load(path, offset, duration, dtype)
[ok] real_26909 (train=424 valid=43)
[ok] real_19775 (train=425 valid=43)
ERROR: [youtube] vd6XFBv5zUY: Private video
[fail] real_16599 (vd6XFBv5zUY): ERROR: [youtube] vd6XFBv5zUY: Private video
/workspace/26Dacon_DeepVoice/data_pipeline/download_real_clips.py:78: UserWarning: PySoundFile failed. Trying audioread instead.
  audio, sr = librosa.load(src, sr=SAMPLE_RATE, mono=True)
/workspace/26Dacon_DeepVoice/.venv/lib/python3.11/site-packages/librosa/core/audio.py:184: FutureWarning: librosa.core.audio.__audioread_load
	Deprecated as of librosa version 0.10.0.
	It will be removed in librosa version 1.0.
  y, sr_native = __audioread_load(path, offset, duration, dtype)
ERROR: [youtube] 8CyRQiOSnRo: Video unavailable
[fail] real_46767 (8CyRQiOSnRo): ERROR: [youtube] 8CyRQiOSnRo: Video unavailable
[ok] real_20196 (train=426 valid=43)
/workspace/26Dacon_DeepVoice/data_pipeline/download_real_clips.py:78: UserWarning: PySoundFile failed. Trying audioread instead.
  audio, sr = librosa.load(src, sr=SAMPLE_RATE, mono=True)
/workspace/26Dacon_DeepVoice/.venv/lib/python3.11/site-packages/librosa/core/audio.py:184: FutureWarning: librosa.core.audio.__audioread_load
	Deprecated as of librosa version 0.10.0.
	It will be removed in librosa version 1.0.
  y, sr_native = __audioread_load(path, offset, duration, dtype)
/workspace/26Dacon_DeepVoice/data_pipeline/download_real_clips.py:78: UserWarning: PySoundFile failed. Trying audioread instead.
  audio, sr = librosa.load(src, sr=SAMPLE_RATE, mono=True)
/workspace/26Dacon_DeepVoice/.venv/lib/python3.11/site-packages/librosa/core/audio.py:184: FutureWarning: librosa.core.audio.__audioread_load
	Deprecated as of librosa version 0.10.0.
	It will be removed in librosa version 1.0.
  y, sr_native = __audioread_load(path, offset, duration, dtype)
[ok] real_41339 (train=427 valid=43)
[ok] real_30083 (train=428 valid=43)
ERROR: [download] Got error: (<HTTPSConnection(host='rr7---sn-ab02a0nfpgxapox-bh2es.googlevideo.com', port=443) at 0x7f5ed1ca4690>, 'Connection to rr7---sn-ab02a0nfpgxapox-bh2es.googlevideo.com timed out. (connect timeout=20.0)'). Giving up after 1 retries
ERROR: [download] Got error: (<HTTPSConnection(host='rr8---sn-ab02a0nfpgxapox-bh26d.googlevideo.com', port=443) at 0x7f5ed2b23f50>, 'Connection to rr8---sn-ab02a0nfpgxapox-bh26d.googlevideo.com timed out. (connect timeout=20.0)'). Giving up after 1 retries
ERROR: [download] Got error: (<HTTPSConnection(host='rr5---sn-ab02a0nfpgxapox-bh2zk.googlevideo.com', port=443) at 0x7f5ed26a1f50>, 'Connection to rr5---sn-ab02a0nfpgxapox-bh2zk.googlevideo.com timed out. (connect timeout=20.0)'). Giving up after 1 retries
ERROR: [download] Got error: (<HTTPSConnection(host='rr5---sn-ab02a0nfpgxapox-bh2lk.googlevideo.com', port=443) at 0x7f5ed2d44e10>, 'Connection to rr5---sn-ab02a0nfpgxapox-bh2lk.googlevideo.com timed out. (connect timeout=20.0)'). Giving up after 1 retries
ERROR: [download] Got error: (<HTTPSConnection(host='rr1---sn-ab02a0nfpgxapox-jwwe7.googlevideo.com', port=443) at 0x7f5ed2b21490>, 'Connection to rr1---sn-ab02a0nfpgxapox-jwwe7.googlevideo.com timed out. (connect timeout=20.0)'). Giving up after 1 retries
ERROR: [download] Got error: (<HTTPSConnection(host='rr4---sn-ab02a0nfpgxapox-bh2zk.googlevideo.com', port=443) at 0x7f5ed1ca4b90>, 'Connection to rr4---sn-ab02a0nfpgxapox-bh2zk.googlevideo.com timed out. (connect timeout=20.0)'). Giving up after 1 retries
/workspace/26Dacon_DeepVoice/data_pipeline/download_real_clips.py:78: UserWarning: PySoundFile failed. Trying audioread instead.
  audio, sr = librosa.load(src, sr=SAMPLE_RATE, mono=True)
/workspace/26Dacon_DeepVoice/.venv/lib/python3.11/site-packages/librosa/core/audio.py:184: FutureWarning: librosa.core.audio.__audioread_load
	Deprecated as of librosa version 0.10.0.
	It will be removed in librosa version 1.0.
  y, sr_native = __audioread_load(path, offset, duration, dtype)
/workspace/26Dacon_DeepVoice/data_pipeline/download_real_clips.py:78: UserWarning: PySoundFile failed. Trying audioread instead.
  audio, sr = librosa.load(src, sr=SAMPLE_RATE, mono=True)
/workspace/26Dacon_DeepVoice/.venv/lib/python3.11/site-packages/librosa/core/audio.py:184: FutureWarning: librosa.core.audio.__audioread_load
	Deprecated as of librosa version 0.10.0.
	It will be removed in librosa version 1.0.
  y, sr_native = __audioread_load(path, offset, duration, dtype)
/workspace/26Dacon_DeepVoice/data_pipeline/download_real_clips.py:78: UserWarning: PySoundFile failed. Trying audioread instead.
  audio, sr = librosa.load(src, sr=SAMPLE_RATE, mono=True)
/workspace/26Dacon_DeepVoice/.venv/lib/python3.11/site-packages/librosa/core/audio.py:184: FutureWarning: librosa.core.audio.__audioread_load
	Deprecated as of librosa version 0.10.0.
	It will be removed in librosa version 1.0.
  y, sr_native = __audioread_load(path, offset, duration, dtype)
/workspace/26Dacon_DeepVoice/data_pipeline/download_real_clips.py:78: UserWarning: PySoundFile failed. Trying audioread instead.
  audio, sr = librosa.load(src, sr=SAMPLE_RATE, mono=True)
/workspace/26Dacon_DeepVoice/.venv/lib/python3.11/site-packages/librosa/core/audio.py:184: FutureWarning: librosa.core.audio.__audioread_load
	Deprecated as of librosa version 0.10.0.
	It will be removed in librosa version 1.0.
  y, sr_native = __audioread_load(path, offset, duration, dtype)
/workspace/26Dacon_DeepVoice/data_pipeline/download_real_clips.py:78: UserWarning: PySoundFile failed. Trying audioread instead.
  audio, sr = librosa.load(src, sr=SAMPLE_RATE, mono=True)
/workspace/26Dacon_DeepVoice/.venv/lib/python3.11/site-packages/librosa/core/audio.py:184: FutureWarning: librosa.core.audio.__audioread_load
	Deprecated as of librosa version 0.10.0.
	It will be removed in librosa version 1.0.
  y, sr_native = __audioread_load(path, offset, duration, dtype)
[ok] real_33420 (train=429 valid=43)
/workspace/26Dacon_DeepVoice/data_pipeline/download_real_clips.py:78: UserWarning: PySoundFile failed. Trying audioread instead.
  audio, sr = librosa.load(src, sr=SAMPLE_RATE, mono=True)
/workspace/26Dacon_DeepVoice/.venv/lib/python3.11/site-packages/librosa/core/audio.py:184: FutureWarning: librosa.core.audio.__audioread_load
	Deprecated as of librosa version 0.10.0.
	It will be removed in librosa version 1.0.
  y, sr_native = __audioread_load(path, offset, duration, dtype)
[ok] real_47757 (train=430 valid=43)
[ok] real_31469 (train=431 valid=43)
/workspace/26Dacon_DeepVoice/data_pipeline/download_real_clips.py:78: UserWarning: PySoundFile failed. Trying audioread instead.
  audio, sr = librosa.load(src, sr=SAMPLE_RATE, mono=True)
/workspace/26Dacon_DeepVoice/.venv/lib/python3.11/site-packages/librosa/core/audio.py:184: FutureWarning: librosa.core.audio.__audioread_load
	Deprecated as of librosa version 0.10.0.
	It will be removed in librosa version 1.0.
  y, sr_native = __audioread_load(path, offset, duration, dtype)
[ok] real_27452 (train=432 valid=43)
[ok] real_37851 (train=433 valid=43)
[ok] real_38947 (train=434 valid=43)
[ok] real_02033 (train=435 valid=43)
/workspace/26Dacon_DeepVoice/data_pipeline/download_real_clips.py:78: UserWarning: PySoundFile failed. Trying audioread instead.
  audio, sr = librosa.load(src, sr=SAMPLE_RATE, mono=True)
/workspace/26Dacon_DeepVoice/.venv/lib/python3.11/site-packages/librosa/core/audio.py:184: FutureWarning: librosa.core.audio.__audioread_load
	Deprecated as of librosa version 0.10.0.
	It will be removed in librosa version 1.0.
  y, sr_native = __audioread_load(path, offset, duration, dtype)
[ok] real_04384 (train=436 valid=43)
/workspace/26Dacon_DeepVoice/data_pipeline/download_real_clips.py:78: UserWarning: PySoundFile failed. Trying audioread instead.
  audio, sr = librosa.load(src, sr=SAMPLE_RATE, mono=True)
/workspace/26Dacon_DeepVoice/.venv/lib/python3.11/site-packages/librosa/core/audio.py:184: FutureWarning: librosa.core.audio.__audioread_load
	Deprecated as of librosa version 0.10.0.
	It will be removed in librosa version 1.0.
  y, sr_native = __audioread_load(path, offset, duration, dtype)
[ok] real_27632 (train=437 valid=43)
/workspace/26Dacon_DeepVoice/data_pipeline/download_real_clips.py:78: UserWarning: PySoundFile failed. Trying audioread instead.
  audio, sr = librosa.load(src, sr=SAMPLE_RATE, mono=True)
/workspace/26Dacon_DeepVoice/.venv/lib/python3.11/site-packages/librosa/core/audio.py:184: FutureWarning: librosa.core.audio.__audioread_load
	Deprecated as of librosa version 0.10.0.
	It will be removed in librosa version 1.0.
  y, sr_native = __audioread_load(path, offset, duration, dtype)
/workspace/26Dacon_DeepVoice/data_pipeline/download_real_clips.py:78: UserWarning: PySoundFile failed. Trying audioread instead.
  audio, sr = librosa.load(src, sr=SAMPLE_RATE, mono=True)
/workspace/26Dacon_DeepVoice/.venv/lib/python3.11/site-packages/librosa/core/audio.py:184: FutureWarning: librosa.core.audio.__audioread_load
	Deprecated as of librosa version 0.10.0.
	It will be removed in librosa version 1.0.
  y, sr_native = __audioread_load(path, offset, duration, dtype)
[ok] real_40634 (train=438 valid=43)
/workspace/26Dacon_DeepVoice/data_pipeline/download_real_clips.py:78: UserWarning: PySoundFile failed. Trying audioread instead.
  audio, sr = librosa.load(src, sr=SAMPLE_RATE, mono=True)
/workspace/26Dacon_DeepVoice/.venv/lib/python3.11/site-packages/librosa/core/audio.py:184: FutureWarning: librosa.core.audio.__audioread_load
	Deprecated as of librosa version 0.10.0.
	It will be removed in librosa version 1.0.
  y, sr_native = __audioread_load(path, offset, duration, dtype)
[ok] real_15243 (train=439 valid=43)
/workspace/26Dacon_DeepVoice/data_pipeline/download_real_clips.py:78: UserWarning: PySoundFile failed. Trying audioread instead.
  audio, sr = librosa.load(src, sr=SAMPLE_RATE, mono=True)
/workspace/26Dacon_DeepVoice/.venv/lib/python3.11/site-packages/librosa/core/audio.py:184: FutureWarning: librosa.core.audio.__audioread_load
	Deprecated as of librosa version 0.10.0.
	It will be removed in librosa version 1.0.
  y, sr_native = __audioread_load(path, offset, duration, dtype)
/workspace/26Dacon_DeepVoice/data_pipeline/download_real_clips.py:78: UserWarning: PySoundFile failed. Trying audioread instead.
  audio, sr = librosa.load(src, sr=SAMPLE_RATE, mono=True)
/workspace/26Dacon_DeepVoice/.venv/lib/python3.11/site-packages/librosa/core/audio.py:184: FutureWarning: librosa.core.audio.__audioread_load
	Deprecated as of librosa version 0.10.0.
	It will be removed in librosa version 1.0.
  y, sr_native = __audioread_load(path, offset, duration, dtype)
[ok] real_46229 (train=440 valid=43)
[ok] real_15734 (train=440 valid=44)
[ok] real_35050 (train=441 valid=44)
/workspace/26Dacon_DeepVoice/data_pipeline/download_real_clips.py:78: UserWarning: PySoundFile failed. Trying audioread instead.
  audio, sr = librosa.load(src, sr=SAMPLE_RATE, mono=True)
/workspace/26Dacon_DeepVoice/.venv/lib/python3.11/site-packages/librosa/core/audio.py:184: FutureWarning: librosa.core.audio.__audioread_load
	Deprecated as of librosa version 0.10.0.
	It will be removed in librosa version 1.0.
  y, sr_native = __audioread_load(path, offset, duration, dtype)
[ok] real_27596 (train=442 valid=44)
/workspace/26Dacon_DeepVoice/data_pipeline/download_real_clips.py:78: UserWarning: PySoundFile failed. Trying audioread instead.
  audio, sr = librosa.load(src, sr=SAMPLE_RATE, mono=True)
/workspace/26Dacon_DeepVoice/.venv/lib/python3.11/site-packages/librosa/core/audio.py:184: FutureWarning: librosa.core.audio.__audioread_load
	Deprecated as of librosa version 0.10.0.
	It will be removed in librosa version 1.0.
  y, sr_native = __audioread_load(path, offset, duration, dtype)
[ok] real_22760 (train=443 valid=44)
/workspace/26Dacon_DeepVoice/data_pipeline/download_real_clips.py:78: UserWarning: PySoundFile failed. Trying audioread instead.
  audio, sr = librosa.load(src, sr=SAMPLE_RATE, mono=True)
/workspace/26Dacon_DeepVoice/.venv/lib/python3.11/site-packages/librosa/core/audio.py:184: FutureWarning: librosa.core.audio.__audioread_load
	Deprecated as of librosa version 0.10.0.
	It will be removed in librosa version 1.0.
  y, sr_native = __audioread_load(path, offset, duration, dtype)
/workspace/26Dacon_DeepVoice/data_pipeline/download_real_clips.py:78: UserWarning: PySoundFile failed. Trying audioread instead.
  audio, sr = librosa.load(src, sr=SAMPLE_RATE, mono=True)
/workspace/26Dacon_DeepVoice/.venv/lib/python3.11/site-packages/librosa/core/audio.py:184: FutureWarning: librosa.core.audio.__audioread_load
	Deprecated as of librosa version 0.10.0.
	It will be removed in librosa version 1.0.
  y, sr_native = __audioread_load(path, offset, duration, dtype)
/workspace/26Dacon_DeepVoice/data_pipeline/download_real_clips.py:78: UserWarning: PySoundFile failed. Trying audioread instead.
  audio, sr = librosa.load(src, sr=SAMPLE_RATE, mono=True)
/workspace/26Dacon_DeepVoice/.venv/lib/python3.11/site-packages/librosa/core/audio.py:184: FutureWarning: librosa.core.audio.__audioread_load
	Deprecated as of librosa version 0.10.0.
	It will be removed in librosa version 1.0.
  y, sr_native = __audioread_load(path, offset, duration, dtype)
[ok] real_35081 (train=444 valid=44)
[ok] real_16162 (train=445 valid=44)
/workspace/26Dacon_DeepVoice/data_pipeline/download_real_clips.py:78: UserWarning: PySoundFile failed. Trying audioread instead.
  audio, sr = librosa.load(src, sr=SAMPLE_RATE, mono=True)
/workspace/26Dacon_DeepVoice/.venv/lib/python3.11/site-packages/librosa/core/audio.py:184: FutureWarning: librosa.core.audio.__audioread_load
	Deprecated as of librosa version 0.10.0.
	It will be removed in librosa version 1.0.
  y, sr_native = __audioread_load(path, offset, duration, dtype)
[ok] real_29268 (train=446 valid=44)
/workspace/26Dacon_DeepVoice/data_pipeline/download_real_clips.py:78: UserWarning: PySoundFile failed. Trying audioread instead.
  audio, sr = librosa.load(src, sr=SAMPLE_RATE, mono=True)
/workspace/26Dacon_DeepVoice/.venv/lib/python3.11/site-packages/librosa/core/audio.py:184: FutureWarning: librosa.core.audio.__audioread_load
	Deprecated as of librosa version 0.10.0.
	It will be removed in librosa version 1.0.
  y, sr_native = __audioread_load(path, offset, duration, dtype)
[ok] real_10633 (train=447 valid=44)
[ok] real_10764 (train=448 valid=44)
/workspace/26Dacon_DeepVoice/data_pipeline/download_real_clips.py:78: UserWarning: PySoundFile failed. Trying audioread instead.
  audio, sr = librosa.load(src, sr=SAMPLE_RATE, mono=True)
/workspace/26Dacon_DeepVoice/.venv/lib/python3.11/site-packages/librosa/core/audio.py:184: FutureWarning: librosa.core.audio.__audioread_load
	Deprecated as of librosa version 0.10.0.
	It will be removed in librosa version 1.0.
  y, sr_native = __audioread_load(path, offset, duration, dtype)
/workspace/26Dacon_DeepVoice/data_pipeline/download_real_clips.py:78: UserWarning: PySoundFile failed. Trying audioread instead.
  audio, sr = librosa.load(src, sr=SAMPLE_RATE, mono=True)
/workspace/26Dacon_DeepVoice/.venv/lib/python3.11/site-packages/librosa/core/audio.py:184: FutureWarning: librosa.core.audio.__audioread_load
	Deprecated as of librosa version 0.10.0.
	It will be removed in librosa version 1.0.
  y, sr_native = __audioread_load(path, offset, duration, dtype)
[ok] real_29230 (train=449 valid=44)
[ok] real_05567 (train=450 valid=44)
[ok] real_47421 (train=450 valid=45)
/workspace/26Dacon_DeepVoice/data_pipeline/download_real_clips.py:78: UserWarning: PySoundFile failed. Trying audioread instead.
  audio, sr = librosa.load(src, sr=SAMPLE_RATE, mono=True)
/workspace/26Dacon_DeepVoice/.venv/lib/python3.11/site-packages/librosa/core/audio.py:184: FutureWarning: librosa.core.audio.__audioread_load
	Deprecated as of librosa version 0.10.0.
	It will be removed in librosa version 1.0.
  y, sr_native = __audioread_load(path, offset, duration, dtype)
[ok] real_48108 (train=451 valid=45)
/workspace/26Dacon_DeepVoice/data_pipeline/download_real_clips.py:78: UserWarning: PySoundFile failed. Trying audioread instead.
  audio, sr = librosa.load(src, sr=SAMPLE_RATE, mono=True)
/workspace/26Dacon_DeepVoice/.venv/lib/python3.11/site-packages/librosa/core/audio.py:184: FutureWarning: librosa.core.audio.__audioread_load
	Deprecated as of librosa version 0.10.0.
	It will be removed in librosa version 1.0.
  y, sr_native = __audioread_load(path, offset, duration, dtype)
/workspace/26Dacon_DeepVoice/data_pipeline/download_real_clips.py:78: UserWarning: PySoundFile failed. Trying audioread instead.
  audio, sr = librosa.load(src, sr=SAMPLE_RATE, mono=True)
/workspace/26Dacon_DeepVoice/.venv/lib/python3.11/site-packages/librosa/core/audio.py:184: FutureWarning: librosa.core.audio.__audioread_load
	Deprecated as of librosa version 0.10.0.
	It will be removed in librosa version 1.0.
  y, sr_native = __audioread_load(path, offset, duration, dtype)
[ok] real_07327 (train=452 valid=45)
/workspace/26Dacon_DeepVoice/data_pipeline/download_real_clips.py:78: UserWarning: PySoundFile failed. Trying audioread instead.
  audio, sr = librosa.load(src, sr=SAMPLE_RATE, mono=True)
/workspace/26Dacon_DeepVoice/.venv/lib/python3.11/site-packages/librosa/core/audio.py:184: FutureWarning: librosa.core.audio.__audioread_load
	Deprecated as of librosa version 0.10.0.
	It will be removed in librosa version 1.0.
  y, sr_native = __audioread_load(path, offset, duration, dtype)
[ok] real_07535 (train=453 valid=45)
[ok] real_17070 (train=454 valid=45)
/workspace/26Dacon_DeepVoice/data_pipeline/download_real_clips.py:78: UserWarning: PySoundFile failed. Trying audioread instead.
  audio, sr = librosa.load(src, sr=SAMPLE_RATE, mono=True)
/workspace/26Dacon_DeepVoice/.venv/lib/python3.11/site-packages/librosa/core/audio.py:184: FutureWarning: librosa.core.audio.__audioread_load
	Deprecated as of librosa version 0.10.0.
	It will be removed in librosa version 1.0.
  y, sr_native = __audioread_load(path, offset, duration, dtype)
ERROR: [youtube] 66YfScGKdqw: Video unavailable
[fail] real_32297 (66YfScGKdqw): ERROR: [youtube] 66YfScGKdqw: Video unavailable
ERROR: [youtube] R5JXkUEEBtc: Sign in to confirm your age. Use --cookies-from-browser or --cookies for the authentication. See  https://github.com/yt-dlp/yt-dlp/wiki/FAQ#how-do-i-pass-cookies-to-yt-dlp  for how to manually pass cookies. Also see  https://github.com/yt-dlp/yt-dlp/wiki/Extractors#exporting-youtube-cookies  for tips on effectively exporting YouTube cookies
[fail] real_35915 (R5JXkUEEBtc): ERROR: [youtube] R5JXkUEEBtc: Sign in to confirm your age. Use --cookies-from-browser or --cookies for the authentication. See  https://github.com/yt-dlp/yt-dlp/wiki/FAQ#how-do-i-pass-cookies-to-yt-dlp  for how to manually pass cookies. Also see  https://github.com/yt-dlp/yt-dlp/wiki/Extractors#exporting-youtube-cookies  for tips on effectively exporting YouTube cookies
[ok] real_22582 (train=455 valid=45)
/workspace/26Dacon_DeepVoice/data_pipeline/download_real_clips.py:78: UserWarning: PySoundFile failed. Trying audioread instead.
  audio, sr = librosa.load(src, sr=SAMPLE_RATE, mono=True)
/workspace/26Dacon_DeepVoice/.venv/lib/python3.11/site-packages/librosa/core/audio.py:184: FutureWarning: librosa.core.audio.__audioread_load
	Deprecated as of librosa version 0.10.0.
	It will be removed in librosa version 1.0.
  y, sr_native = __audioread_load(path, offset, duration, dtype)
[ok] real_13954 (train=455 valid=46)
/workspace/26Dacon_DeepVoice/data_pipeline/download_real_clips.py:78: UserWarning: PySoundFile failed. Trying audioread instead.
  audio, sr = librosa.load(src, sr=SAMPLE_RATE, mono=True)
/workspace/26Dacon_DeepVoice/.venv/lib/python3.11/site-packages/librosa/core/audio.py:184: FutureWarning: librosa.core.audio.__audioread_load
	Deprecated as of librosa version 0.10.0.
	It will be removed in librosa version 1.0.
  y, sr_native = __audioread_load(path, offset, duration, dtype)
/workspace/26Dacon_DeepVoice/data_pipeline/download_real_clips.py:78: UserWarning: PySoundFile failed. Trying audioread instead.
  audio, sr = librosa.load(src, sr=SAMPLE_RATE, mono=True)
/workspace/26Dacon_DeepVoice/.venv/lib/python3.11/site-packages/librosa/core/audio.py:184: FutureWarning: librosa.core.audio.__audioread_load
	Deprecated as of librosa version 0.10.0.
	It will be removed in librosa version 1.0.
  y, sr_native = __audioread_load(path, offset, duration, dtype)
/workspace/26Dacon_DeepVoice/data_pipeline/download_real_clips.py:78: UserWarning: PySoundFile failed. Trying audioread instead.
  audio, sr = librosa.load(src, sr=SAMPLE_RATE, mono=True)
/workspace/26Dacon_DeepVoice/.venv/lib/python3.11/site-packages/librosa/core/audio.py:184: FutureWarning: librosa.core.audio.__audioread_load
	Deprecated as of librosa version 0.10.0.
	It will be removed in librosa version 1.0.
  y, sr_native = __audioread_load(path, offset, duration, dtype)
/workspace/26Dacon_DeepVoice/data_pipeline/download_real_clips.py:78: UserWarning: PySoundFile failed. Trying audioread instead.
  audio, sr = librosa.load(src, sr=SAMPLE_RATE, mono=True)
/workspace/26Dacon_DeepVoice/.venv/lib/python3.11/site-packages/librosa/core/audio.py:184: FutureWarning: librosa.core.audio.__audioread_load
	Deprecated as of librosa version 0.10.0.
	It will be removed in librosa version 1.0.
  y, sr_native = __audioread_load(path, offset, duration, dtype)
[ok] real_17651 (train=456 valid=46)
[ok] real_07074 (train=457 valid=46)
[ok] real_16591 (train=458 valid=46)
[ok] real_03870 (train=459 valid=46)
/workspace/26Dacon_DeepVoice/data_pipeline/download_real_clips.py:78: UserWarning: PySoundFile failed. Trying audioread instead.
  audio, sr = librosa.load(src, sr=SAMPLE_RATE, mono=True)
/workspace/26Dacon_DeepVoice/.venv/lib/python3.11/site-packages/librosa/core/audio.py:184: FutureWarning: librosa.core.audio.__audioread_load
	Deprecated as of librosa version 0.10.0.
	It will be removed in librosa version 1.0.
  y, sr_native = __audioread_load(path, offset, duration, dtype)
[ok] real_23742 (train=460 valid=46)
/workspace/26Dacon_DeepVoice/data_pipeline/download_real_clips.py:78: UserWarning: PySoundFile failed. Trying audioread instead.
  audio, sr = librosa.load(src, sr=SAMPLE_RATE, mono=True)
/workspace/26Dacon_DeepVoice/.venv/lib/python3.11/site-packages/librosa/core/audio.py:184: FutureWarning: librosa.core.audio.__audioread_load
	Deprecated as of librosa version 0.10.0.
	It will be removed in librosa version 1.0.
  y, sr_native = __audioread_load(path, offset, duration, dtype)
[ok] real_31116 (train=460 valid=47)
/workspace/26Dacon_DeepVoice/data_pipeline/download_real_clips.py:78: UserWarning: PySoundFile failed. Trying audioread instead.
  audio, sr = librosa.load(src, sr=SAMPLE_RATE, mono=True)
/workspace/26Dacon_DeepVoice/.venv/lib/python3.11/site-packages/librosa/core/audio.py:184: FutureWarning: librosa.core.audio.__audioread_load
	Deprecated as of librosa version 0.10.0.
	It will be removed in librosa version 1.0.
  y, sr_native = __audioread_load(path, offset, duration, dtype)
[ok] real_00312 (train=461 valid=47)
ERROR: unable to download video data: HTTPSConnectionPool(host='manifest.googlevideo.com', port=443): Read timed out. (read timeout=20.0)
[fail] real_02006 (R8YwnQMQuJI): ERROR: unable to download video data: HTTPSConnectionPool(host='manifest.googlevideo.com', port=443): Read timed out. (read timeout=20.0)
ERROR: [download] Got error: (<HTTPSConnection(host='rr5---sn-ab02a0nfpgxapox-bh266.googlevideo.com', port=443) at 0x7f5f29537710>, 'Connection to rr5---sn-ab02a0nfpgxapox-bh266.googlevideo.com timed out. (connect timeout=20.0)'). Giving up after 1 retries
ERROR: [download] Got error: (<HTTPSConnection(host='rr10---sn-ab02a0nfpgxapox-bh2lk.googlevideo.com', port=443) at 0x7f5ed2711990>, 'Connection to rr10---sn-ab02a0nfpgxapox-bh2lk.googlevideo.com timed out. (connect timeout=20.0)'). Giving up after 1 retries
ERROR: [download] Got error: (<HTTPSConnection(host='rr2---sn-ab02a0nfpgxapox-bh2sd.googlevideo.com', port=443) at 0x7f5f29216550>, 'Connection to rr2---sn-ab02a0nfpgxapox-bh2sd.googlevideo.com timed out. (connect timeout=20.0)'). Giving up after 1 retries
ERROR: [download] Got error: (<HTTPSConnection(host='rr3---sn-ab02a0nfpgxapox-bh2zr.googlevideo.com', port=443) at 0x7f5ed2b370d0>, 'Connection to rr3---sn-ab02a0nfpgxapox-bh2zr.googlevideo.com timed out. (connect timeout=20.0)'). Giving up after 1 retries
ERROR: [download] Got error: (<HTTPSConnection(host='rr9---sn-ab02a0nfpgxapox-bh266.googlevideo.com', port=443) at 0x7f5f297e9810>, 'Connection to rr9---sn-ab02a0nfpgxapox-bh266.googlevideo.com timed out. (connect timeout=20.0)'). Giving up after 1 retries
/workspace/26Dacon_DeepVoice/data_pipeline/download_real_clips.py:78: UserWarning: PySoundFile failed. Trying audioread instead.
  audio, sr = librosa.load(src, sr=SAMPLE_RATE, mono=True)
/workspace/26Dacon_DeepVoice/.venv/lib/python3.11/site-packages/librosa/core/audio.py:184: FutureWarning: librosa.core.audio.__audioread_load
	Deprecated as of librosa version 0.10.0.
	It will be removed in librosa version 1.0.
  y, sr_native = __audioread_load(path, offset, duration, dtype)
/workspace/26Dacon_DeepVoice/data_pipeline/download_real_clips.py:78: UserWarning: PySoundFile failed. Trying audioread instead.
  audio, sr = librosa.load(src, sr=SAMPLE_RATE, mono=True)
/workspace/26Dacon_DeepVoice/.venv/lib/python3.11/site-packages/librosa/core/audio.py:184: FutureWarning: librosa.core.audio.__audioread_load
	Deprecated as of librosa version 0.10.0.
	It will be removed in librosa version 1.0.
  y, sr_native = __audioread_load(path, offset, duration, dtype)
[ok] real_39118 (train=462 valid=47)
/workspace/26Dacon_DeepVoice/data_pipeline/download_real_clips.py:78: UserWarning: PySoundFile failed. Trying audioread instead.
  audio, sr = librosa.load(src, sr=SAMPLE_RATE, mono=True)
/workspace/26Dacon_DeepVoice/.venv/lib/python3.11/site-packages/librosa/core/audio.py:184: FutureWarning: librosa.core.audio.__audioread_load
	Deprecated as of librosa version 0.10.0.
	It will be removed in librosa version 1.0.
  y, sr_native = __audioread_load(path, offset, duration, dtype)
[ok] real_22711 (train=463 valid=47)
[ok] real_48207 (train=464 valid=47)
/workspace/26Dacon_DeepVoice/data_pipeline/download_real_clips.py:78: UserWarning: PySoundFile failed. Trying audioread instead.
  audio, sr = librosa.load(src, sr=SAMPLE_RATE, mono=True)
/workspace/26Dacon_DeepVoice/.venv/lib/python3.11/site-packages/librosa/core/audio.py:184: FutureWarning: librosa.core.audio.__audioread_load
	Deprecated as of librosa version 0.10.0.
	It will be removed in librosa version 1.0.
  y, sr_native = __audioread_load(path, offset, duration, dtype)
[ok] real_47833 (train=465 valid=47)
ERROR: [youtube] dzMMTeNEqB4: Video unavailable
[fail] real_37247 (dzMMTeNEqB4): ERROR: [youtube] dzMMTeNEqB4: Video unavailable
/workspace/26Dacon_DeepVoice/data_pipeline/download_real_clips.py:78: UserWarning: PySoundFile failed. Trying audioread instead.
  audio, sr = librosa.load(src, sr=SAMPLE_RATE, mono=True)
/workspace/26Dacon_DeepVoice/.venv/lib/python3.11/site-packages/librosa/core/audio.py:184: FutureWarning: librosa.core.audio.__audioread_load
	Deprecated as of librosa version 0.10.0.
	It will be removed in librosa version 1.0.
  y, sr_native = __audioread_load(path, offset, duration, dtype)
[ok] real_32832 (train=466 valid=47)
/workspace/26Dacon_DeepVoice/data_pipeline/download_real_clips.py:78: UserWarning: PySoundFile failed. Trying audioread instead.
  audio, sr = librosa.load(src, sr=SAMPLE_RATE, mono=True)
/workspace/26Dacon_DeepVoice/.venv/lib/python3.11/site-packages/librosa/core/audio.py:184: FutureWarning: librosa.core.audio.__audioread_load
	Deprecated as of librosa version 0.10.0.
	It will be removed in librosa version 1.0.
  y, sr_native = __audioread_load(path, offset, duration, dtype)
/workspace/26Dacon_DeepVoice/data_pipeline/download_real_clips.py:78: UserWarning: PySoundFile failed. Trying audioread instead.
  audio, sr = librosa.load(src, sr=SAMPLE_RATE, mono=True)
/workspace/26Dacon_DeepVoice/.venv/lib/python3.11/site-packages/librosa/core/audio.py:184: FutureWarning: librosa.core.audio.__audioread_load
	Deprecated as of librosa version 0.10.0.
	It will be removed in librosa version 1.0.
  y, sr_native = __audioread_load(path, offset, duration, dtype)
[ok] real_24393 (train=467 valid=47)
[ok] real_20673 (train=468 valid=47)
[ok] real_29157 (train=469 valid=47)
/workspace/26Dacon_DeepVoice/data_pipeline/download_real_clips.py:78: UserWarning: PySoundFile failed. Trying audioread instead.
  audio, sr = librosa.load(src, sr=SAMPLE_RATE, mono=True)
/workspace/26Dacon_DeepVoice/.venv/lib/python3.11/site-packages/librosa/core/audio.py:184: FutureWarning: librosa.core.audio.__audioread_load
	Deprecated as of librosa version 0.10.0.
	It will be removed in librosa version 1.0.
  y, sr_native = __audioread_load(path, offset, duration, dtype)
[ok] real_26665 (train=470 valid=47)
/workspace/26Dacon_DeepVoice/data_pipeline/download_real_clips.py:78: UserWarning: PySoundFile failed. Trying audioread instead.
  audio, sr = librosa.load(src, sr=SAMPLE_RATE, mono=True)
/workspace/26Dacon_DeepVoice/.venv/lib/python3.11/site-packages/librosa/core/audio.py:184: FutureWarning: librosa.core.audio.__audioread_load
	Deprecated as of librosa version 0.10.0.
	It will be removed in librosa version 1.0.
  y, sr_native = __audioread_load(path, offset, duration, dtype)
[ok] real_50146 (train=471 valid=47)
/workspace/26Dacon_DeepVoice/data_pipeline/download_real_clips.py:78: UserWarning: PySoundFile failed. Trying audioread instead.
  audio, sr = librosa.load(src, sr=SAMPLE_RATE, mono=True)
/workspace/26Dacon_DeepVoice/.venv/lib/python3.11/site-packages/librosa/core/audio.py:184: FutureWarning: librosa.core.audio.__audioread_load
	Deprecated as of librosa version 0.10.0.
	It will be removed in librosa version 1.0.
  y, sr_native = __audioread_load(path, offset, duration, dtype)
[ok] real_37221 (train=472 valid=47)
/workspace/26Dacon_DeepVoice/data_pipeline/download_real_clips.py:78: UserWarning: PySoundFile failed. Trying audioread instead.
  audio, sr = librosa.load(src, sr=SAMPLE_RATE, mono=True)
/workspace/26Dacon_DeepVoice/.venv/lib/python3.11/site-packages/librosa/core/audio.py:184: FutureWarning: librosa.core.audio.__audioread_load
	Deprecated as of librosa version 0.10.0.
	It will be removed in librosa version 1.0.
  y, sr_native = __audioread_load(path, offset, duration, dtype)
[ok] real_06558 (train=473 valid=47)
/workspace/26Dacon_DeepVoice/data_pipeline/download_real_clips.py:78: UserWarning: PySoundFile failed. Trying audioread instead.
  audio, sr = librosa.load(src, sr=SAMPLE_RATE, mono=True)
/workspace/26Dacon_DeepVoice/.venv/lib/python3.11/site-packages/librosa/core/audio.py:184: FutureWarning: librosa.core.audio.__audioread_load
	Deprecated as of librosa version 0.10.0.
	It will be removed in librosa version 1.0.
  y, sr_native = __audioread_load(path, offset, duration, dtype)
/workspace/26Dacon_DeepVoice/data_pipeline/download_real_clips.py:78: UserWarning: PySoundFile failed. Trying audioread instead.
  audio, sr = librosa.load(src, sr=SAMPLE_RATE, mono=True)
/workspace/26Dacon_DeepVoice/.venv/lib/python3.11/site-packages/librosa/core/audio.py:184: FutureWarning: librosa.core.audio.__audioread_load
	Deprecated as of librosa version 0.10.0.
	It will be removed in librosa version 1.0.
  y, sr_native = __audioread_load(path, offset, duration, dtype)
[ok] real_04531 (train=474 valid=47)
[ok] real_37307 (train=474 valid=48)
/workspace/26Dacon_DeepVoice/data_pipeline/download_real_clips.py:78: UserWarning: PySoundFile failed. Trying audioread instead.
  audio, sr = librosa.load(src, sr=SAMPLE_RATE, mono=True)
/workspace/26Dacon_DeepVoice/.venv/lib/python3.11/site-packages/librosa/core/audio.py:184: FutureWarning: librosa.core.audio.__audioread_load
	Deprecated as of librosa version 0.10.0.
	It will be removed in librosa version 1.0.
  y, sr_native = __audioread_load(path, offset, duration, dtype)
[ok] real_17145 (train=475 valid=48)
/workspace/26Dacon_DeepVoice/data_pipeline/download_real_clips.py:78: UserWarning: PySoundFile failed. Trying audioread instead.
  audio, sr = librosa.load(src, sr=SAMPLE_RATE, mono=True)
/workspace/26Dacon_DeepVoice/.venv/lib/python3.11/site-packages/librosa/core/audio.py:184: FutureWarning: librosa.core.audio.__audioread_load
	Deprecated as of librosa version 0.10.0.
	It will be removed in librosa version 1.0.
  y, sr_native = __audioread_load(path, offset, duration, dtype)
[ok] real_50487 (train=476 valid=48)
/workspace/26Dacon_DeepVoice/data_pipeline/download_real_clips.py:78: UserWarning: PySoundFile failed. Trying audioread instead.
  audio, sr = librosa.load(src, sr=SAMPLE_RATE, mono=True)
/workspace/26Dacon_DeepVoice/.venv/lib/python3.11/site-packages/librosa/core/audio.py:184: FutureWarning: librosa.core.audio.__audioread_load
	Deprecated as of librosa version 0.10.0.
	It will be removed in librosa version 1.0.
  y, sr_native = __audioread_load(path, offset, duration, dtype)
[ok] real_26101 (train=477 valid=48)
/workspace/26Dacon_DeepVoice/data_pipeline/download_real_clips.py:78: UserWarning: PySoundFile failed. Trying audioread instead.
  audio, sr = librosa.load(src, sr=SAMPLE_RATE, mono=True)
/workspace/26Dacon_DeepVoice/.venv/lib/python3.11/site-packages/librosa/core/audio.py:184: FutureWarning: librosa.core.audio.__audioread_load
	Deprecated as of librosa version 0.10.0.
	It will be removed in librosa version 1.0.
  y, sr_native = __audioread_load(path, offset, duration, dtype)
/workspace/26Dacon_DeepVoice/data_pipeline/download_real_clips.py:78: UserWarning: PySoundFile failed. Trying audioread instead.
  audio, sr = librosa.load(src, sr=SAMPLE_RATE, mono=True)
/workspace/26Dacon_DeepVoice/.venv/lib/python3.11/site-packages/librosa/core/audio.py:184: FutureWarning: librosa.core.audio.__audioread_load
	Deprecated as of librosa version 0.10.0.
	It will be removed in librosa version 1.0.
  y, sr_native = __audioread_load(path, offset, duration, dtype)
[ok] real_10845 (train=477 valid=49)
/workspace/26Dacon_DeepVoice/data_pipeline/download_real_clips.py:78: UserWarning: PySoundFile failed. Trying audioread instead.
  audio, sr = librosa.load(src, sr=SAMPLE_RATE, mono=True)
/workspace/26Dacon_DeepVoice/.venv/lib/python3.11/site-packages/librosa/core/audio.py:184: FutureWarning: librosa.core.audio.__audioread_load
	Deprecated as of librosa version 0.10.0.
	It will be removed in librosa version 1.0.
  y, sr_native = __audioread_load(path, offset, duration, dtype)
/workspace/26Dacon_DeepVoice/data_pipeline/download_real_clips.py:78: UserWarning: PySoundFile failed. Trying audioread instead.
  audio, sr = librosa.load(src, sr=SAMPLE_RATE, mono=True)
/workspace/26Dacon_DeepVoice/.venv/lib/python3.11/site-packages/librosa/core/audio.py:184: FutureWarning: librosa.core.audio.__audioread_load
	Deprecated as of librosa version 0.10.0.
	It will be removed in librosa version 1.0.
  y, sr_native = __audioread_load(path, offset, duration, dtype)
[ok] real_36747 (train=477 valid=50)
/workspace/26Dacon_DeepVoice/data_pipeline/download_real_clips.py:78: UserWarning: PySoundFile failed. Trying audioread instead.
  audio, sr = librosa.load(src, sr=SAMPLE_RATE, mono=True)
/workspace/26Dacon_DeepVoice/.venv/lib/python3.11/site-packages/librosa/core/audio.py:184: FutureWarning: librosa.core.audio.__audioread_load
	Deprecated as of librosa version 0.10.0.
	It will be removed in librosa version 1.0.
  y, sr_native = __audioread_load(path, offset, duration, dtype)
[ok] real_32777 (train=478 valid=50)
[ok] real_18088 (train=478 valid=51)
[ok] real_39808 (train=479 valid=51)
ERROR: [youtube] X7_cMkFfXMQ: Video unavailable
[fail] real_49187 (X7_cMkFfXMQ): ERROR: [youtube] X7_cMkFfXMQ: Video unavailable
/workspace/26Dacon_DeepVoice/data_pipeline/download_real_clips.py:78: UserWarning: PySoundFile failed. Trying audioread instead.
  audio, sr = librosa.load(src, sr=SAMPLE_RATE, mono=True)
/workspace/26Dacon_DeepVoice/.venv/lib/python3.11/site-packages/librosa/core/audio.py:184: FutureWarning: librosa.core.audio.__audioread_load
	Deprecated as of librosa version 0.10.0.
	It will be removed in librosa version 1.0.
  y, sr_native = __audioread_load(path, offset, duration, dtype)
/workspace/26Dacon_DeepVoice/data_pipeline/download_real_clips.py:78: UserWarning: PySoundFile failed. Trying audioread instead.
  audio, sr = librosa.load(src, sr=SAMPLE_RATE, mono=True)
/workspace/26Dacon_DeepVoice/.venv/lib/python3.11/site-packages/librosa/core/audio.py:184: FutureWarning: librosa.core.audio.__audioread_load
	Deprecated as of librosa version 0.10.0.
	It will be removed in librosa version 1.0.
  y, sr_native = __audioread_load(path, offset, duration, dtype)
/workspace/26Dacon_DeepVoice/data_pipeline/download_real_clips.py:78: UserWarning: PySoundFile failed. Trying audioread instead.
  audio, sr = librosa.load(src, sr=SAMPLE_RATE, mono=True)
/workspace/26Dacon_DeepVoice/.venv/lib/python3.11/site-packages/librosa/core/audio.py:184: FutureWarning: librosa.core.audio.__audioread_load
	Deprecated as of librosa version 0.10.0.
	It will be removed in librosa version 1.0.
  y, sr_native = __audioread_load(path, offset, duration, dtype)
/workspace/26Dacon_DeepVoice/data_pipeline/download_real_clips.py:78: UserWarning: PySoundFile failed. Trying audioread instead.
  audio, sr = librosa.load(src, sr=SAMPLE_RATE, mono=True)
/workspace/26Dacon_DeepVoice/.venv/lib/python3.11/site-packages/librosa/core/audio.py:184: FutureWarning: librosa.core.audio.__audioread_load
	Deprecated as of librosa version 0.10.0.
	It will be removed in librosa version 1.0.
  y, sr_native = __audioread_load(path, offset, duration, dtype)
[ok] real_15986 (train=480 valid=51)
[ok] real_05328 (train=481 valid=51)
[ok] real_51919 (train=482 valid=51)
[ok] real_08910 (train=483 valid=51)
/workspace/26Dacon_DeepVoice/data_pipeline/download_real_clips.py:78: UserWarning: PySoundFile failed. Trying audioread instead.
  audio, sr = librosa.load(src, sr=SAMPLE_RATE, mono=True)
/workspace/26Dacon_DeepVoice/.venv/lib/python3.11/site-packages/librosa/core/audio.py:184: FutureWarning: librosa.core.audio.__audioread_load
	Deprecated as of librosa version 0.10.0.
	It will be removed in librosa version 1.0.
  y, sr_native = __audioread_load(path, offset, duration, dtype)
/workspace/26Dacon_DeepVoice/data_pipeline/download_real_clips.py:78: UserWarning: PySoundFile failed. Trying audioread instead.
  audio, sr = librosa.load(src, sr=SAMPLE_RATE, mono=True)
/workspace/26Dacon_DeepVoice/.venv/lib/python3.11/site-packages/librosa/core/audio.py:184: FutureWarning: librosa.core.audio.__audioread_load
	Deprecated as of librosa version 0.10.0.
	It will be removed in librosa version 1.0.
  y, sr_native = __audioread_load(path, offset, duration, dtype)
[ok] real_27690 (train=484 valid=51)
[ok] real_35490 (train=485 valid=51)
ERROR: [youtube] w64-IH47-5Q: Video unavailable
[fail] real_18566 (w64-IH47-5Q): ERROR: [youtube] w64-IH47-5Q: Video unavailable
/workspace/26Dacon_DeepVoice/data_pipeline/download_real_clips.py:78: UserWarning: PySoundFile failed. Trying audioread instead.
  audio, sr = librosa.load(src, sr=SAMPLE_RATE, mono=True)
/workspace/26Dacon_DeepVoice/.venv/lib/python3.11/site-packages/librosa/core/audio.py:184: FutureWarning: librosa.core.audio.__audioread_load
	Deprecated as of librosa version 0.10.0.
	It will be removed in librosa version 1.0.
  y, sr_native = __audioread_load(path, offset, duration, dtype)
/workspace/26Dacon_DeepVoice/data_pipeline/download_real_clips.py:78: UserWarning: PySoundFile failed. Trying audioread instead.
  audio, sr = librosa.load(src, sr=SAMPLE_RATE, mono=True)
/workspace/26Dacon_DeepVoice/.venv/lib/python3.11/site-packages/librosa/core/audio.py:184: FutureWarning: librosa.core.audio.__audioread_load
	Deprecated as of librosa version 0.10.0.
	It will be removed in librosa version 1.0.
  y, sr_native = __audioread_load(path, offset, duration, dtype)
[ok] real_09669 (train=486 valid=51)
/workspace/26Dacon_DeepVoice/data_pipeline/download_real_clips.py:78: UserWarning: PySoundFile failed. Trying audioread instead.
  audio, sr = librosa.load(src, sr=SAMPLE_RATE, mono=True)
/workspace/26Dacon_DeepVoice/.venv/lib/python3.11/site-packages/librosa/core/audio.py:184: FutureWarning: librosa.core.audio.__audioread_load
	Deprecated as of librosa version 0.10.0.
	It will be removed in librosa version 1.0.
  y, sr_native = __audioread_load(path, offset, duration, dtype)
[ok] real_04395 (train=487 valid=51)
/workspace/26Dacon_DeepVoice/data_pipeline/download_real_clips.py:78: UserWarning: PySoundFile failed. Trying audioread instead.
  audio, sr = librosa.load(src, sr=SAMPLE_RATE, mono=True)
/workspace/26Dacon_DeepVoice/.venv/lib/python3.11/site-packages/librosa/core/audio.py:184: FutureWarning: librosa.core.audio.__audioread_load
	Deprecated as of librosa version 0.10.0.
	It will be removed in librosa version 1.0.
  y, sr_native = __audioread_load(path, offset, duration, dtype)
[ok] real_15494 (train=488 valid=51)
[ok] real_37784 (train=488 valid=52)
/workspace/26Dacon_DeepVoice/data_pipeline/download_real_clips.py:78: UserWarning: PySoundFile failed. Trying audioread instead.
  audio, sr = librosa.load(src, sr=SAMPLE_RATE, mono=True)
/workspace/26Dacon_DeepVoice/.venv/lib/python3.11/site-packages/librosa/core/audio.py:184: FutureWarning: librosa.core.audio.__audioread_load
	Deprecated as of librosa version 0.10.0.
	It will be removed in librosa version 1.0.
  y, sr_native = __audioread_load(path, offset, duration, dtype)
[ok] real_00932 (train=489 valid=52)
/workspace/26Dacon_DeepVoice/data_pipeline/download_real_clips.py:78: UserWarning: PySoundFile failed. Trying audioread instead.
  audio, sr = librosa.load(src, sr=SAMPLE_RATE, mono=True)
/workspace/26Dacon_DeepVoice/.venv/lib/python3.11/site-packages/librosa/core/audio.py:184: FutureWarning: librosa.core.audio.__audioread_load
	Deprecated as of librosa version 0.10.0.
	It will be removed in librosa version 1.0.
  y, sr_native = __audioread_load(path, offset, duration, dtype)
ERROR: [youtube] HQfWZyMUcHw: Video unavailable
[fail] real_48339 (HQfWZyMUcHw): ERROR: [youtube] HQfWZyMUcHw: Video unavailable
[ok] real_01242 (train=490 valid=52)
/workspace/26Dacon_DeepVoice/data_pipeline/download_real_clips.py:78: UserWarning: PySoundFile failed. Trying audioread instead.
  audio, sr = librosa.load(src, sr=SAMPLE_RATE, mono=True)
/workspace/26Dacon_DeepVoice/.venv/lib/python3.11/site-packages/librosa/core/audio.py:184: FutureWarning: librosa.core.audio.__audioread_load
	Deprecated as of librosa version 0.10.0.
	It will be removed in librosa version 1.0.
  y, sr_native = __audioread_load(path, offset, duration, dtype)
/workspace/26Dacon_DeepVoice/data_pipeline/download_real_clips.py:78: UserWarning: PySoundFile failed. Trying audioread instead.
  audio, sr = librosa.load(src, sr=SAMPLE_RATE, mono=True)
/workspace/26Dacon_DeepVoice/.venv/lib/python3.11/site-packages/librosa/core/audio.py:184: FutureWarning: librosa.core.audio.__audioread_load
	Deprecated as of librosa version 0.10.0.
	It will be removed in librosa version 1.0.
  y, sr_native = __audioread_load(path, offset, duration, dtype)
/workspace/26Dacon_DeepVoice/data_pipeline/download_real_clips.py:78: UserWarning: PySoundFile failed. Trying audioread instead.
  audio, sr = librosa.load(src, sr=SAMPLE_RATE, mono=True)
/workspace/26Dacon_DeepVoice/.venv/lib/python3.11/site-packages/librosa/core/audio.py:184: FutureWarning: librosa.core.audio.__audioread_load
	Deprecated as of librosa version 0.10.0.
	It will be removed in librosa version 1.0.
  y, sr_native = __audioread_load(path, offset, duration, dtype)
[ok] real_31907 (train=491 valid=52)
/workspace/26Dacon_DeepVoice/data_pipeline/download_real_clips.py:78: UserWarning: PySoundFile failed. Trying audioread instead.
  audio, sr = librosa.load(src, sr=SAMPLE_RATE, mono=True)
/workspace/26Dacon_DeepVoice/.venv/lib/python3.11/site-packages/librosa/core/audio.py:184: FutureWarning: librosa.core.audio.__audioread_load
	Deprecated as of librosa version 0.10.0.
	It will be removed in librosa version 1.0.
  y, sr_native = __audioread_load(path, offset, duration, dtype)
[ok] real_48610 (train=492 valid=52)
[ok] real_16298 (train=493 valid=52)
[ok] real_50689 (train=494 valid=52)
ERROR: [youtube] 5IDbZdaNw2Y: Sign in to confirm your age. Use --cookies-from-browser or --cookies for the authentication. See  https://github.com/yt-dlp/yt-dlp/wiki/FAQ#how-do-i-pass-cookies-to-yt-dlp  for how to manually pass cookies. Also see  https://github.com/yt-dlp/yt-dlp/wiki/Extractors#exporting-youtube-cookies  for tips on effectively exporting YouTube cookies
[fail] real_02534 (5IDbZdaNw2Y): ERROR: [youtube] 5IDbZdaNw2Y: Sign in to confirm your age. Use --cookies-from-browser or --cookies for the authentication. See  https://github.com/yt-dlp/yt-dlp/wiki/FAQ#how-do-i-pass-cookies-to-yt-dlp  for how to manually pass cookies. Also see  https://github.com/yt-dlp/yt-dlp/wiki/Extractors#exporting-youtube-cookies  for tips on effectively exporting YouTube cookies
/workspace/26Dacon_DeepVoice/data_pipeline/download_real_clips.py:78: UserWarning: PySoundFile failed. Trying audioread instead.
  audio, sr = librosa.load(src, sr=SAMPLE_RATE, mono=True)
/workspace/26Dacon_DeepVoice/.venv/lib/python3.11/site-packages/librosa/core/audio.py:184: FutureWarning: librosa.core.audio.__audioread_load
	Deprecated as of librosa version 0.10.0.
	It will be removed in librosa version 1.0.
  y, sr_native = __audioread_load(path, offset, duration, dtype)
/workspace/26Dacon_DeepVoice/data_pipeline/download_real_clips.py:78: UserWarning: PySoundFile failed. Trying audioread instead.
  audio, sr = librosa.load(src, sr=SAMPLE_RATE, mono=True)
/workspace/26Dacon_DeepVoice/.venv/lib/python3.11/site-packages/librosa/core/audio.py:184: FutureWarning: librosa.core.audio.__audioread_load
	Deprecated as of librosa version 0.10.0.
	It will be removed in librosa version 1.0.
  y, sr_native = __audioread_load(path, offset, duration, dtype)
[ok] real_19126 (train=495 valid=52)
[ok] real_32819 (train=496 valid=52)
ERROR: [youtube] xSKjAC4sdT8: Video unavailable
[fail] real_50362 (xSKjAC4sdT8): ERROR: [youtube] xSKjAC4sdT8: Video unavailable
/workspace/26Dacon_DeepVoice/data_pipeline/download_real_clips.py:78: UserWarning: PySoundFile failed. Trying audioread instead.
  audio, sr = librosa.load(src, sr=SAMPLE_RATE, mono=True)
/workspace/26Dacon_DeepVoice/.venv/lib/python3.11/site-packages/librosa/core/audio.py:184: FutureWarning: librosa.core.audio.__audioread_load
	Deprecated as of librosa version 0.10.0.
	It will be removed in librosa version 1.0.
  y, sr_native = __audioread_load(path, offset, duration, dtype)
[ok] real_05949 (train=497 valid=52)
/workspace/26Dacon_DeepVoice/data_pipeline/download_real_clips.py:78: UserWarning: PySoundFile failed. Trying audioread instead.
  audio, sr = librosa.load(src, sr=SAMPLE_RATE, mono=True)
/workspace/26Dacon_DeepVoice/.venv/lib/python3.11/site-packages/librosa/core/audio.py:184: FutureWarning: librosa.core.audio.__audioread_load
	Deprecated as of librosa version 0.10.0.
	It will be removed in librosa version 1.0.
  y, sr_native = __audioread_load(path, offset, duration, dtype)
/workspace/26Dacon_DeepVoice/data_pipeline/download_real_clips.py:78: UserWarning: PySoundFile failed. Trying audioread instead.
  audio, sr = librosa.load(src, sr=SAMPLE_RATE, mono=True)
/workspace/26Dacon_DeepVoice/.venv/lib/python3.11/site-packages/librosa/core/audio.py:184: FutureWarning: librosa.core.audio.__audioread_load
	Deprecated as of librosa version 0.10.0.
	It will be removed in librosa version 1.0.
  y, sr_native = __audioread_load(path, offset, duration, dtype)
[ok] real_05461 (train=498 valid=52)
/workspace/26Dacon_DeepVoice/data_pipeline/download_real_clips.py:78: UserWarning: PySoundFile failed. Trying audioread instead.
  audio, sr = librosa.load(src, sr=SAMPLE_RATE, mono=True)
/workspace/26Dacon_DeepVoice/.venv/lib/python3.11/site-packages/librosa/core/audio.py:184: FutureWarning: librosa.core.audio.__audioread_load
	Deprecated as of librosa version 0.10.0.
	It will be removed in librosa version 1.0.
  y, sr_native = __audioread_load(path, offset, duration, dtype)
[ok] real_05643 (train=499 valid=52)
[ok] real_05323 (train=500 valid=52)
/workspace/26Dacon_DeepVoice/data_pipeline/download_real_clips.py:78: UserWarning: PySoundFile failed. Trying audioread instead.
  audio, sr = librosa.load(src, sr=SAMPLE_RATE, mono=True)
/workspace/26Dacon_DeepVoice/.venv/lib/python3.11/site-packages/librosa/core/audio.py:184: FutureWarning: librosa.core.audio.__audioread_load
	Deprecated as of librosa version 0.10.0.
	It will be removed in librosa version 1.0.
  y, sr_native = __audioread_load(path, offset, duration, dtype)
[ok] real_40496 (train=501 valid=52)
ERROR: [youtube] mngtcfcaVrI: Video unavailable
[fail] real_02205 (mngtcfcaVrI): ERROR: [youtube] mngtcfcaVrI: Video unavailable
/workspace/26Dacon_DeepVoice/data_pipeline/download_real_clips.py:78: UserWarning: PySoundFile failed. Trying audioread instead.
  audio, sr = librosa.load(src, sr=SAMPLE_RATE, mono=True)
/workspace/26Dacon_DeepVoice/.venv/lib/python3.11/site-packages/librosa/core/audio.py:184: FutureWarning: librosa.core.audio.__audioread_load
	Deprecated as of librosa version 0.10.0.
	It will be removed in librosa version 1.0.
  y, sr_native = __audioread_load(path, offset, duration, dtype)
/workspace/26Dacon_DeepVoice/data_pipeline/download_real_clips.py:78: UserWarning: PySoundFile failed. Trying audioread instead.
  audio, sr = librosa.load(src, sr=SAMPLE_RATE, mono=True)
/workspace/26Dacon_DeepVoice/.venv/lib/python3.11/site-packages/librosa/core/audio.py:184: FutureWarning: librosa.core.audio.__audioread_load
	Deprecated as of librosa version 0.10.0.
	It will be removed in librosa version 1.0.
  y, sr_native = __audioread_load(path, offset, duration, dtype)
/workspace/26Dacon_DeepVoice/data_pipeline/download_real_clips.py:78: UserWarning: PySoundFile failed. Trying audioread instead.
  audio, sr = librosa.load(src, sr=SAMPLE_RATE, mono=True)
/workspace/26Dacon_DeepVoice/.venv/lib/python3.11/site-packages/librosa/core/audio.py:184: FutureWarning: librosa.core.audio.__audioread_load
	Deprecated as of librosa version 0.10.0.
	It will be removed in librosa version 1.0.
  y, sr_native = __audioread_load(path, offset, duration, dtype)
/workspace/26Dacon_DeepVoice/data_pipeline/download_real_clips.py:78: UserWarning: PySoundFile failed. Trying audioread instead.
  audio, sr = librosa.load(src, sr=SAMPLE_RATE, mono=True)
/workspace/26Dacon_DeepVoice/.venv/lib/python3.11/site-packages/librosa/core/audio.py:184: FutureWarning: librosa.core.audio.__audioread_load
	Deprecated as of librosa version 0.10.0.
	It will be removed in librosa version 1.0.
  y, sr_native = __audioread_load(path, offset, duration, dtype)
[ok] real_34153 (train=502 valid=52)
/workspace/26Dacon_DeepVoice/data_pipeline/download_real_clips.py:78: UserWarning: PySoundFile failed. Trying audioread instead.
  audio, sr = librosa.load(src, sr=SAMPLE_RATE, mono=True)
/workspace/26Dacon_DeepVoice/.venv/lib/python3.11/site-packages/librosa/core/audio.py:184: FutureWarning: librosa.core.audio.__audioread_load
	Deprecated as of librosa version 0.10.0.
	It will be removed in librosa version 1.0.
  y, sr_native = __audioread_load(path, offset, duration, dtype)
[ok] real_08358 (train=503 valid=52)
[ok] real_46403 (train=503 valid=53)
[ok] real_17687 (train=504 valid=53)
[ok] real_12584 (train=505 valid=53)
ERROR: [youtube] DQJlEvdkOHU: Video unavailable
[fail] real_22926 (DQJlEvdkOHU): ERROR: [youtube] DQJlEvdkOHU: Video unavailable
/workspace/26Dacon_DeepVoice/data_pipeline/download_real_clips.py:78: UserWarning: PySoundFile failed. Trying audioread instead.
  audio, sr = librosa.load(src, sr=SAMPLE_RATE, mono=True)
/workspace/26Dacon_DeepVoice/.venv/lib/python3.11/site-packages/librosa/core/audio.py:184: FutureWarning: librosa.core.audio.__audioread_load
	Deprecated as of librosa version 0.10.0.
	It will be removed in librosa version 1.0.
  y, sr_native = __audioread_load(path, offset, duration, dtype)
[ok] real_29709 (train=505 valid=54)
ERROR: [youtube] xiYi7lXAfxM: Video unavailable
[fail] real_36373 (xiYi7lXAfxM): ERROR: [youtube] xiYi7lXAfxM: Video unavailable
/workspace/26Dacon_DeepVoice/data_pipeline/download_real_clips.py:78: UserWarning: PySoundFile failed. Trying audioread instead.
  audio, sr = librosa.load(src, sr=SAMPLE_RATE, mono=True)
/workspace/26Dacon_DeepVoice/.venv/lib/python3.11/site-packages/librosa/core/audio.py:184: FutureWarning: librosa.core.audio.__audioread_load
	Deprecated as of librosa version 0.10.0.
	It will be removed in librosa version 1.0.
  y, sr_native = __audioread_load(path, offset, duration, dtype)
[ok] real_38300 (train=506 valid=54)
ERROR: [youtube] F4OPeZ-dUq4: Video unavailable
[fail] real_34160 (F4OPeZ-dUq4): ERROR: [youtube] F4OPeZ-dUq4: Video unavailable
/workspace/26Dacon_DeepVoice/data_pipeline/download_real_clips.py:78: UserWarning: PySoundFile failed. Trying audioread instead.
  audio, sr = librosa.load(src, sr=SAMPLE_RATE, mono=True)
/workspace/26Dacon_DeepVoice/.venv/lib/python3.11/site-packages/librosa/core/audio.py:184: FutureWarning: librosa.core.audio.__audioread_load
	Deprecated as of librosa version 0.10.0.
	It will be removed in librosa version 1.0.
  y, sr_native = __audioread_load(path, offset, duration, dtype)
[ok] real_47721 (train=507 valid=54)
/workspace/26Dacon_DeepVoice/data_pipeline/download_real_clips.py:78: UserWarning: PySoundFile failed. Trying audioread instead.
  audio, sr = librosa.load(src, sr=SAMPLE_RATE, mono=True)
/workspace/26Dacon_DeepVoice/.venv/lib/python3.11/site-packages/librosa/core/audio.py:184: FutureWarning: librosa.core.audio.__audioread_load
	Deprecated as of librosa version 0.10.0.
	It will be removed in librosa version 1.0.
  y, sr_native = __audioread_load(path, offset, duration, dtype)
/workspace/26Dacon_DeepVoice/data_pipeline/download_real_clips.py:78: UserWarning: PySoundFile failed. Trying audioread instead.
  audio, sr = librosa.load(src, sr=SAMPLE_RATE, mono=True)
/workspace/26Dacon_DeepVoice/.venv/lib/python3.11/site-packages/librosa/core/audio.py:184: FutureWarning: librosa.core.audio.__audioread_load
	Deprecated as of librosa version 0.10.0.
	It will be removed in librosa version 1.0.
  y, sr_native = __audioread_load(path, offset, duration, dtype)
[ok] real_02466 (train=508 valid=54)
[ok] real_25119 (train=509 valid=54)
ERROR: [youtube] 3vOBCl2XKac: Video unavailable
[fail] real_53021 (3vOBCl2XKac): ERROR: [youtube] 3vOBCl2XKac: Video unavailable
/workspace/26Dacon_DeepVoice/data_pipeline/download_real_clips.py:78: UserWarning: PySoundFile failed. Trying audioread instead.
  audio, sr = librosa.load(src, sr=SAMPLE_RATE, mono=True)
/workspace/26Dacon_DeepVoice/.venv/lib/python3.11/site-packages/librosa/core/audio.py:184: FutureWarning: librosa.core.audio.__audioread_load
	Deprecated as of librosa version 0.10.0.
	It will be removed in librosa version 1.0.
  y, sr_native = __audioread_load(path, offset, duration, dtype)
[ok] real_37740 (train=509 valid=55)
/workspace/26Dacon_DeepVoice/data_pipeline/download_real_clips.py:78: UserWarning: PySoundFile failed. Trying audioread instead.
  audio, sr = librosa.load(src, sr=SAMPLE_RATE, mono=True)
/workspace/26Dacon_DeepVoice/.venv/lib/python3.11/site-packages/librosa/core/audio.py:184: FutureWarning: librosa.core.audio.__audioread_load
	Deprecated as of librosa version 0.10.0.
	It will be removed in librosa version 1.0.
  y, sr_native = __audioread_load(path, offset, duration, dtype)
[ok] real_25322 (train=510 valid=55)
/workspace/26Dacon_DeepVoice/data_pipeline/download_real_clips.py:78: UserWarning: PySoundFile failed. Trying audioread instead.
  audio, sr = librosa.load(src, sr=SAMPLE_RATE, mono=True)
/workspace/26Dacon_DeepVoice/.venv/lib/python3.11/site-packages/librosa/core/audio.py:184: FutureWarning: librosa.core.audio.__audioread_load
	Deprecated as of librosa version 0.10.0.
	It will be removed in librosa version 1.0.
  y, sr_native = __audioread_load(path, offset, duration, dtype)
[ok] real_12247 (train=511 valid=55)
/workspace/26Dacon_DeepVoice/data_pipeline/download_real_clips.py:78: UserWarning: PySoundFile failed. Trying audioread instead.
  audio, sr = librosa.load(src, sr=SAMPLE_RATE, mono=True)
/workspace/26Dacon_DeepVoice/.venv/lib/python3.11/site-packages/librosa/core/audio.py:184: FutureWarning: librosa.core.audio.__audioread_load
	Deprecated as of librosa version 0.10.0.
	It will be removed in librosa version 1.0.
  y, sr_native = __audioread_load(path, offset, duration, dtype)
[ok] real_51476 (train=511 valid=56)
ERROR: [youtube] pNMxHGvhlko: Video unavailable
[fail] real_51167 (pNMxHGvhlko): ERROR: [youtube] pNMxHGvhlko: Video unavailable
/workspace/26Dacon_DeepVoice/data_pipeline/download_real_clips.py:78: UserWarning: PySoundFile failed. Trying audioread instead.
  audio, sr = librosa.load(src, sr=SAMPLE_RATE, mono=True)
/workspace/26Dacon_DeepVoice/.venv/lib/python3.11/site-packages/librosa/core/audio.py:184: FutureWarning: librosa.core.audio.__audioread_load
	Deprecated as of librosa version 0.10.0.
	It will be removed in librosa version 1.0.
  y, sr_native = __audioread_load(path, offset, duration, dtype)
/workspace/26Dacon_DeepVoice/data_pipeline/download_real_clips.py:78: UserWarning: PySoundFile failed. Trying audioread instead.
  audio, sr = librosa.load(src, sr=SAMPLE_RATE, mono=True)
/workspace/26Dacon_DeepVoice/.venv/lib/python3.11/site-packages/librosa/core/audio.py:184: FutureWarning: librosa.core.audio.__audioread_load
	Deprecated as of librosa version 0.10.0.
	It will be removed in librosa version 1.0.
  y, sr_native = __audioread_load(path, offset, duration, dtype)
[ok] real_15224 (train=512 valid=56)
/workspace/26Dacon_DeepVoice/data_pipeline/download_real_clips.py:78: UserWarning: PySoundFile failed. Trying audioread instead.
  audio, sr = librosa.load(src, sr=SAMPLE_RATE, mono=True)
/workspace/26Dacon_DeepVoice/.venv/lib/python3.11/site-packages/librosa/core/audio.py:184: FutureWarning: librosa.core.audio.__audioread_load
	Deprecated as of librosa version 0.10.0.
	It will be removed in librosa version 1.0.
  y, sr_native = __audioread_load(path, offset, duration, dtype)
[ok] real_19702 (train=513 valid=56)
/workspace/26Dacon_DeepVoice/data_pipeline/download_real_clips.py:78: UserWarning: PySoundFile failed. Trying audioread instead.
  audio, sr = librosa.load(src, sr=SAMPLE_RATE, mono=True)
/workspace/26Dacon_DeepVoice/.venv/lib/python3.11/site-packages/librosa/core/audio.py:184: FutureWarning: librosa.core.audio.__audioread_load
	Deprecated as of librosa version 0.10.0.
	It will be removed in librosa version 1.0.
  y, sr_native = __audioread_load(path, offset, duration, dtype)
[ok] real_43350 (train=514 valid=56)
/workspace/26Dacon_DeepVoice/data_pipeline/download_real_clips.py:78: UserWarning: PySoundFile failed. Trying audioread instead.
  audio, sr = librosa.load(src, sr=SAMPLE_RATE, mono=True)
/workspace/26Dacon_DeepVoice/.venv/lib/python3.11/site-packages/librosa/core/audio.py:184: FutureWarning: librosa.core.audio.__audioread_load
	Deprecated as of librosa version 0.10.0.
	It will be removed in librosa version 1.0.
  y, sr_native = __audioread_load(path, offset, duration, dtype)
[ok] real_08460 (train=515 valid=56)
[ok] real_01348 (train=516 valid=56)
/workspace/26Dacon_DeepVoice/data_pipeline/download_real_clips.py:78: UserWarning: PySoundFile failed. Trying audioread instead.
  audio, sr = librosa.load(src, sr=SAMPLE_RATE, mono=True)
/workspace/26Dacon_DeepVoice/.venv/lib/python3.11/site-packages/librosa/core/audio.py:184: FutureWarning: librosa.core.audio.__audioread_load
	Deprecated as of librosa version 0.10.0.
	It will be removed in librosa version 1.0.
  y, sr_native = __audioread_load(path, offset, duration, dtype)
[ok] real_23638 (train=517 valid=56)
/workspace/26Dacon_DeepVoice/data_pipeline/download_real_clips.py:78: UserWarning: PySoundFile failed. Trying audioread instead.
  audio, sr = librosa.load(src, sr=SAMPLE_RATE, mono=True)
/workspace/26Dacon_DeepVoice/.venv/lib/python3.11/site-packages/librosa/core/audio.py:184: FutureWarning: librosa.core.audio.__audioread_load
	Deprecated as of librosa version 0.10.0.
	It will be removed in librosa version 1.0.
  y, sr_native = __audioread_load(path, offset, duration, dtype)
/workspace/26Dacon_DeepVoice/data_pipeline/download_real_clips.py:78: UserWarning: PySoundFile failed. Trying audioread instead.
  audio, sr = librosa.load(src, sr=SAMPLE_RATE, mono=True)
/workspace/26Dacon_DeepVoice/.venv/lib/python3.11/site-packages/librosa/core/audio.py:184: FutureWarning: librosa.core.audio.__audioread_load
	Deprecated as of librosa version 0.10.0.
	It will be removed in librosa version 1.0.
  y, sr_native = __audioread_load(path, offset, duration, dtype)
/workspace/26Dacon_DeepVoice/data_pipeline/download_real_clips.py:78: UserWarning: PySoundFile failed. Trying audioread instead.
  audio, sr = librosa.load(src, sr=SAMPLE_RATE, mono=True)
/workspace/26Dacon_DeepVoice/.venv/lib/python3.11/site-packages/librosa/core/audio.py:184: FutureWarning: librosa.core.audio.__audioread_load
	Deprecated as of librosa version 0.10.0.
	It will be removed in librosa version 1.0.
  y, sr_native = __audioread_load(path, offset, duration, dtype)
[ok] real_03517 (train=518 valid=56)
[ok] real_50722 (train=519 valid=56)
/workspace/26Dacon_DeepVoice/data_pipeline/download_real_clips.py:78: UserWarning: PySoundFile failed. Trying audioread instead.
  audio, sr = librosa.load(src, sr=SAMPLE_RATE, mono=True)
/workspace/26Dacon_DeepVoice/.venv/lib/python3.11/site-packages/librosa/core/audio.py:184: FutureWarning: librosa.core.audio.__audioread_load
	Deprecated as of librosa version 0.10.0.
	It will be removed in librosa version 1.0.
  y, sr_native = __audioread_load(path, offset, duration, dtype)
[ok] real_17987 (train=520 valid=56)
[ok] real_32533 (train=521 valid=56)
ERROR: [youtube] FHfs85wNIhA: Video unavailable
[fail] real_49835 (FHfs85wNIhA): ERROR: [youtube] FHfs85wNIhA: Video unavailable
/workspace/26Dacon_DeepVoice/data_pipeline/download_real_clips.py:78: UserWarning: PySoundFile failed. Trying audioread instead.
  audio, sr = librosa.load(src, sr=SAMPLE_RATE, mono=True)
/workspace/26Dacon_DeepVoice/.venv/lib/python3.11/site-packages/librosa/core/audio.py:184: FutureWarning: librosa.core.audio.__audioread_load
	Deprecated as of librosa version 0.10.0.
	It will be removed in librosa version 1.0.
  y, sr_native = __audioread_load(path, offset, duration, dtype)
/workspace/26Dacon_DeepVoice/data_pipeline/download_real_clips.py:78: UserWarning: PySoundFile failed. Trying audioread instead.
  audio, sr = librosa.load(src, sr=SAMPLE_RATE, mono=True)
/workspace/26Dacon_DeepVoice/.venv/lib/python3.11/site-packages/librosa/core/audio.py:184: FutureWarning: librosa.core.audio.__audioread_load
	Deprecated as of librosa version 0.10.0.
	It will be removed in librosa version 1.0.
  y, sr_native = __audioread_load(path, offset, duration, dtype)
ERROR: [youtube] DZhpxjAfSds: Video unavailable
[fail] real_51924 (DZhpxjAfSds): ERROR: [youtube] DZhpxjAfSds: Video unavailable
/workspace/26Dacon_DeepVoice/data_pipeline/download_real_clips.py:78: UserWarning: PySoundFile failed. Trying audioread instead.
  audio, sr = librosa.load(src, sr=SAMPLE_RATE, mono=True)
/workspace/26Dacon_DeepVoice/.venv/lib/python3.11/site-packages/librosa/core/audio.py:184: FutureWarning: librosa.core.audio.__audioread_load
	Deprecated as of librosa version 0.10.0.
	It will be removed in librosa version 1.0.
  y, sr_native = __audioread_load(path, offset, duration, dtype)
[ok] real_03317 (train=522 valid=56)
[ok] real_02333 (train=523 valid=56)
[ok] real_07965 (train=523 valid=57)
/workspace/26Dacon_DeepVoice/data_pipeline/download_real_clips.py:78: UserWarning: PySoundFile failed. Trying audioread instead.
  audio, sr = librosa.load(src, sr=SAMPLE_RATE, mono=True)
/workspace/26Dacon_DeepVoice/.venv/lib/python3.11/site-packages/librosa/core/audio.py:184: FutureWarning: librosa.core.audio.__audioread_load
	Deprecated as of librosa version 0.10.0.
	It will be removed in librosa version 1.0.
  y, sr_native = __audioread_load(path, offset, duration, dtype)
[ok] real_34019 (train=524 valid=57)
/workspace/26Dacon_DeepVoice/data_pipeline/download_real_clips.py:78: UserWarning: PySoundFile failed. Trying audioread instead.
  audio, sr = librosa.load(src, sr=SAMPLE_RATE, mono=True)
/workspace/26Dacon_DeepVoice/.venv/lib/python3.11/site-packages/librosa/core/audio.py:184: FutureWarning: librosa.core.audio.__audioread_load
	Deprecated as of librosa version 0.10.0.
	It will be removed in librosa version 1.0.
  y, sr_native = __audioread_load(path, offset, duration, dtype)
[ok] real_10441 (train=525 valid=57)
/workspace/26Dacon_DeepVoice/data_pipeline/download_real_clips.py:78: UserWarning: PySoundFile failed. Trying audioread instead.
  audio, sr = librosa.load(src, sr=SAMPLE_RATE, mono=True)
/workspace/26Dacon_DeepVoice/.venv/lib/python3.11/site-packages/librosa/core/audio.py:184: FutureWarning: librosa.core.audio.__audioread_load
	Deprecated as of librosa version 0.10.0.
	It will be removed in librosa version 1.0.
  y, sr_native = __audioread_load(path, offset, duration, dtype)
[ok] real_34654 (train=526 valid=57)
/workspace/26Dacon_DeepVoice/data_pipeline/download_real_clips.py:78: UserWarning: PySoundFile failed. Trying audioread instead.
  audio, sr = librosa.load(src, sr=SAMPLE_RATE, mono=True)
/workspace/26Dacon_DeepVoice/.venv/lib/python3.11/site-packages/librosa/core/audio.py:184: FutureWarning: librosa.core.audio.__audioread_load
	Deprecated as of librosa version 0.10.0.
	It will be removed in librosa version 1.0.
  y, sr_native = __audioread_load(path, offset, duration, dtype)
[ok] real_12930 (train=527 valid=57)
/workspace/26Dacon_DeepVoice/data_pipeline/download_real_clips.py:78: UserWarning: PySoundFile failed. Trying audioread instead.
  audio, sr = librosa.load(src, sr=SAMPLE_RATE, mono=True)
/workspace/26Dacon_DeepVoice/.venv/lib/python3.11/site-packages/librosa/core/audio.py:184: FutureWarning: librosa.core.audio.__audioread_load
	Deprecated as of librosa version 0.10.0.
	It will be removed in librosa version 1.0.
  y, sr_native = __audioread_load(path, offset, duration, dtype)
[ok] real_23644 (train=528 valid=57)
/workspace/26Dacon_DeepVoice/data_pipeline/download_real_clips.py:78: UserWarning: PySoundFile failed. Trying audioread instead.
  audio, sr = librosa.load(src, sr=SAMPLE_RATE, mono=True)
/workspace/26Dacon_DeepVoice/.venv/lib/python3.11/site-packages/librosa/core/audio.py:184: FutureWarning: librosa.core.audio.__audioread_load
	Deprecated as of librosa version 0.10.0.
	It will be removed in librosa version 1.0.
  y, sr_native = __audioread_load(path, offset, duration, dtype)
[ok] real_25491 (train=529 valid=57)
/workspace/26Dacon_DeepVoice/data_pipeline/download_real_clips.py:78: UserWarning: PySoundFile failed. Trying audioread instead.
  audio, sr = librosa.load(src, sr=SAMPLE_RATE, mono=True)
/workspace/26Dacon_DeepVoice/.venv/lib/python3.11/site-packages/librosa/core/audio.py:184: FutureWarning: librosa.core.audio.__audioread_load
	Deprecated as of librosa version 0.10.0.
	It will be removed in librosa version 1.0.
  y, sr_native = __audioread_load(path, offset, duration, dtype)
/workspace/26Dacon_DeepVoice/data_pipeline/download_real_clips.py:78: UserWarning: PySoundFile failed. Trying audioread instead.
  audio, sr = librosa.load(src, sr=SAMPLE_RATE, mono=True)
/workspace/26Dacon_DeepVoice/.venv/lib/python3.11/site-packages/librosa/core/audio.py:184: FutureWarning: librosa.core.audio.__audioread_load
	Deprecated as of librosa version 0.10.0.
	It will be removed in librosa version 1.0.
  y, sr_native = __audioread_load(path, offset, duration, dtype)
[ok] real_04045 (train=530 valid=57)
/workspace/26Dacon_DeepVoice/data_pipeline/download_real_clips.py:78: UserWarning: PySoundFile failed. Trying audioread instead.
  audio, sr = librosa.load(src, sr=SAMPLE_RATE, mono=True)
/workspace/26Dacon_DeepVoice/.venv/lib/python3.11/site-packages/librosa/core/audio.py:184: FutureWarning: librosa.core.audio.__audioread_load
	Deprecated as of librosa version 0.10.0.
	It will be removed in librosa version 1.0.
  y, sr_native = __audioread_load(path, offset, duration, dtype)
[ok] real_36331 (train=531 valid=57)
[ok] real_32209 (train=532 valid=57)
/workspace/26Dacon_DeepVoice/data_pipeline/download_real_clips.py:78: UserWarning: PySoundFile failed. Trying audioread instead.
  audio, sr = librosa.load(src, sr=SAMPLE_RATE, mono=True)
/workspace/26Dacon_DeepVoice/.venv/lib/python3.11/site-packages/librosa/core/audio.py:184: FutureWarning: librosa.core.audio.__audioread_load
	Deprecated as of librosa version 0.10.0.
	It will be removed in librosa version 1.0.
  y, sr_native = __audioread_load(path, offset, duration, dtype)
/workspace/26Dacon_DeepVoice/data_pipeline/download_real_clips.py:78: UserWarning: PySoundFile failed. Trying audioread instead.
  audio, sr = librosa.load(src, sr=SAMPLE_RATE, mono=True)
/workspace/26Dacon_DeepVoice/.venv/lib/python3.11/site-packages/librosa/core/audio.py:184: FutureWarning: librosa.core.audio.__audioread_load
	Deprecated as of librosa version 0.10.0.
	It will be removed in librosa version 1.0.
  y, sr_native = __audioread_load(path, offset, duration, dtype)
/workspace/26Dacon_DeepVoice/data_pipeline/download_real_clips.py:78: UserWarning: PySoundFile failed. Trying audioread instead.
  audio, sr = librosa.load(src, sr=SAMPLE_RATE, mono=True)
/workspace/26Dacon_DeepVoice/.venv/lib/python3.11/site-packages/librosa/core/audio.py:184: FutureWarning: librosa.core.audio.__audioread_load
	Deprecated as of librosa version 0.10.0.
	It will be removed in librosa version 1.0.
  y, sr_native = __audioread_load(path, offset, duration, dtype)
[ok] real_13082 (train=533 valid=57)
[ok] real_07487 (train=534 valid=57)
[ok] real_34206 (train=534 valid=58)
/workspace/26Dacon_DeepVoice/data_pipeline/download_real_clips.py:78: UserWarning: PySoundFile failed. Trying audioread instead.
  audio, sr = librosa.load(src, sr=SAMPLE_RATE, mono=True)
/workspace/26Dacon_DeepVoice/.venv/lib/python3.11/site-packages/librosa/core/audio.py:184: FutureWarning: librosa.core.audio.__audioread_load
	Deprecated as of librosa version 0.10.0.
	It will be removed in librosa version 1.0.
  y, sr_native = __audioread_load(path, offset, duration, dtype)
[ok] real_37496 (train=535 valid=58)
/workspace/26Dacon_DeepVoice/data_pipeline/download_real_clips.py:78: UserWarning: PySoundFile failed. Trying audioread instead.
  audio, sr = librosa.load(src, sr=SAMPLE_RATE, mono=True)
/workspace/26Dacon_DeepVoice/.venv/lib/python3.11/site-packages/librosa/core/audio.py:184: FutureWarning: librosa.core.audio.__audioread_load
	Deprecated as of librosa version 0.10.0.
	It will be removed in librosa version 1.0.
  y, sr_native = __audioread_load(path, offset, duration, dtype)
/workspace/26Dacon_DeepVoice/data_pipeline/download_real_clips.py:78: UserWarning: PySoundFile failed. Trying audioread instead.
  audio, sr = librosa.load(src, sr=SAMPLE_RATE, mono=True)
/workspace/26Dacon_DeepVoice/.venv/lib/python3.11/site-packages/librosa/core/audio.py:184: FutureWarning: librosa.core.audio.__audioread_load
	Deprecated as of librosa version 0.10.0.
	It will be removed in librosa version 1.0.
  y, sr_native = __audioread_load(path, offset, duration, dtype)
[ok] real_42265 (train=536 valid=58)
[ok] real_01543 (train=537 valid=58)
/workspace/26Dacon_DeepVoice/data_pipeline/download_real_clips.py:78: UserWarning: PySoundFile failed. Trying audioread instead.
  audio, sr = librosa.load(src, sr=SAMPLE_RATE, mono=True)
/workspace/26Dacon_DeepVoice/.venv/lib/python3.11/site-packages/librosa/core/audio.py:184: FutureWarning: librosa.core.audio.__audioread_load
	Deprecated as of librosa version 0.10.0.
	It will be removed in librosa version 1.0.
  y, sr_native = __audioread_load(path, offset, duration, dtype)
[ok] real_05714 (train=538 valid=58)
/workspace/26Dacon_DeepVoice/data_pipeline/download_real_clips.py:78: UserWarning: PySoundFile failed. Trying audioread instead.
  audio, sr = librosa.load(src, sr=SAMPLE_RATE, mono=True)
/workspace/26Dacon_DeepVoice/.venv/lib/python3.11/site-packages/librosa/core/audio.py:184: FutureWarning: librosa.core.audio.__audioread_load
	Deprecated as of librosa version 0.10.0.
	It will be removed in librosa version 1.0.
  y, sr_native = __audioread_load(path, offset, duration, dtype)
/workspace/26Dacon_DeepVoice/data_pipeline/download_real_clips.py:78: UserWarning: PySoundFile failed. Trying audioread instead.
  audio, sr = librosa.load(src, sr=SAMPLE_RATE, mono=True)
/workspace/26Dacon_DeepVoice/.venv/lib/python3.11/site-packages/librosa/core/audio.py:184: FutureWarning: librosa.core.audio.__audioread_load
	Deprecated as of librosa version 0.10.0.
	It will be removed in librosa version 1.0.
  y, sr_native = __audioread_load(path, offset, duration, dtype)
[ok] real_31548 (train=539 valid=58)
/workspace/26Dacon_DeepVoice/data_pipeline/download_real_clips.py:78: UserWarning: PySoundFile failed. Trying audioread instead.
  audio, sr = librosa.load(src, sr=SAMPLE_RATE, mono=True)
/workspace/26Dacon_DeepVoice/.venv/lib/python3.11/site-packages/librosa/core/audio.py:184: FutureWarning: librosa.core.audio.__audioread_load
	Deprecated as of librosa version 0.10.0.
	It will be removed in librosa version 1.0.
  y, sr_native = __audioread_load(path, offset, duration, dtype)
ERROR: [youtube] WRmSsP5EiNw: Video unavailable
[fail] real_18700 (WRmSsP5EiNw): ERROR: [youtube] WRmSsP5EiNw: Video unavailable
[ok] real_04985 (train=540 valid=58)
[ok] real_50481 (train=541 valid=58)
/workspace/26Dacon_DeepVoice/data_pipeline/download_real_clips.py:78: UserWarning: PySoundFile failed. Trying audioread instead.
  audio, sr = librosa.load(src, sr=SAMPLE_RATE, mono=True)
/workspace/26Dacon_DeepVoice/.venv/lib/python3.11/site-packages/librosa/core/audio.py:184: FutureWarning: librosa.core.audio.__audioread_load
	Deprecated as of librosa version 0.10.0.
	It will be removed in librosa version 1.0.
  y, sr_native = __audioread_load(path, offset, duration, dtype)
[ok] real_16598 (train=542 valid=58)
/workspace/26Dacon_DeepVoice/data_pipeline/download_real_clips.py:78: UserWarning: PySoundFile failed. Trying audioread instead.
  audio, sr = librosa.load(src, sr=SAMPLE_RATE, mono=True)
/workspace/26Dacon_DeepVoice/.venv/lib/python3.11/site-packages/librosa/core/audio.py:184: FutureWarning: librosa.core.audio.__audioread_load
	Deprecated as of librosa version 0.10.0.
	It will be removed in librosa version 1.0.
  y, sr_native = __audioread_load(path, offset, duration, dtype)
/workspace/26Dacon_DeepVoice/data_pipeline/download_real_clips.py:78: UserWarning: PySoundFile failed. Trying audioread instead.
  audio, sr = librosa.load(src, sr=SAMPLE_RATE, mono=True)
/workspace/26Dacon_DeepVoice/.venv/lib/python3.11/site-packages/librosa/core/audio.py:184: FutureWarning: librosa.core.audio.__audioread_load
	Deprecated as of librosa version 0.10.0.
	It will be removed in librosa version 1.0.
  y, sr_native = __audioread_load(path, offset, duration, dtype)
[ok] real_22059 (train=543 valid=58)
[ok] real_04413 (train=544 valid=58)
ERROR: [youtube] MTfZijDp4fg: Video unavailable
[fail] real_15005 (MTfZijDp4fg): ERROR: [youtube] MTfZijDp4fg: Video unavailable
/workspace/26Dacon_DeepVoice/data_pipeline/download_real_clips.py:78: UserWarning: PySoundFile failed. Trying audioread instead.
  audio, sr = librosa.load(src, sr=SAMPLE_RATE, mono=True)
/workspace/26Dacon_DeepVoice/.venv/lib/python3.11/site-packages/librosa/core/audio.py:184: FutureWarning: librosa.core.audio.__audioread_load
	Deprecated as of librosa version 0.10.0.
	It will be removed in librosa version 1.0.
  y, sr_native = __audioread_load(path, offset, duration, dtype)
/workspace/26Dacon_DeepVoice/data_pipeline/download_real_clips.py:78: UserWarning: PySoundFile failed. Trying audioread instead.
  audio, sr = librosa.load(src, sr=SAMPLE_RATE, mono=True)
/workspace/26Dacon_DeepVoice/.venv/lib/python3.11/site-packages/librosa/core/audio.py:184: FutureWarning: librosa.core.audio.__audioread_load
	Deprecated as of librosa version 0.10.0.
	It will be removed in librosa version 1.0.
  y, sr_native = __audioread_load(path, offset, duration, dtype)
[ok] real_39973 (train=544 valid=59)
[ok] real_14445 (train=545 valid=59)
ERROR: [download] Got error: (<HTTPSConnection(host='rr3---sn-ab02a0nfpgxapox-bh2zr.googlevideo.com', port=443) at 0x7f5ed2a36090>, 'Connection to rr3---sn-ab02a0nfpgxapox-bh2zr.googlevideo.com timed out. (connect timeout=20.0)'). Giving up after 1 retries
ERROR: [download] Got error: (<HTTPSConnection(host='rr7---sn-ab02a0nfpgxapox-bh2sd.googlevideo.com', port=443) at 0x7f5ed26b3690>, 'Connection to rr7---sn-ab02a0nfpgxapox-bh2sd.googlevideo.com timed out. (connect timeout=20.0)'). Giving up after 1 retries
ERROR: [download] Got error: (<HTTPSConnection(host='rr4---sn-ab02a0nfpgxapox-jwwez.googlevideo.com', port=443) at 0x7f5ed2b3d050>, 'Connection to rr4---sn-ab02a0nfpgxapox-jwwez.googlevideo.com timed out. (connect timeout=20.0)'). Giving up after 1 retries
ERROR: [download] Got error: (<HTTPSConnection(host='rr4---sn-ab02a0nfpgxapox-bh26d.googlevideo.com', port=443) at 0x7f5ed2d931d0>, 'Connection to rr4---sn-ab02a0nfpgxapox-bh26d.googlevideo.com timed out. (connect timeout=20.0)'). Giving up after 1 retries
ERROR: [download] Got error: (<HTTPSConnection(host='rr7---sn-ab02a0nfpgxapox-jwwr.googlevideo.com', port=443) at 0x7f5ed1cb6290>, 'Connection to rr7---sn-ab02a0nfpgxapox-jwwr.googlevideo.com timed out. (connect timeout=20.0)'). Giving up after 1 retries
ERROR: [download] Got error: (<HTTPSConnection(host='rr4---sn-ab02a0nfpgxapox-bh2zk.googlevideo.com', port=443) at 0x7f5ed1e60390>, 'Connection to rr4---sn-ab02a0nfpgxapox-bh2zk.googlevideo.com timed out. (connect timeout=20.0)'). Giving up after 1 retries
/workspace/26Dacon_DeepVoice/data_pipeline/download_real_clips.py:78: UserWarning: PySoundFile failed. Trying audioread instead.
  audio, sr = librosa.load(src, sr=SAMPLE_RATE, mono=True)
/workspace/26Dacon_DeepVoice/.venv/lib/python3.11/site-packages/librosa/core/audio.py:184: FutureWarning: librosa.core.audio.__audioread_load
	Deprecated as of librosa version 0.10.0.
	It will be removed in librosa version 1.0.
  y, sr_native = __audioread_load(path, offset, duration, dtype)
/workspace/26Dacon_DeepVoice/data_pipeline/download_real_clips.py:78: UserWarning: PySoundFile failed. Trying audioread instead.
  audio, sr = librosa.load(src, sr=SAMPLE_RATE, mono=True)
/workspace/26Dacon_DeepVoice/.venv/lib/python3.11/site-packages/librosa/core/audio.py:184: FutureWarning: librosa.core.audio.__audioread_load
	Deprecated as of librosa version 0.10.0.
	It will be removed in librosa version 1.0.
  y, sr_native = __audioread_load(path, offset, duration, dtype)
/workspace/26Dacon_DeepVoice/data_pipeline/download_real_clips.py:78: UserWarning: PySoundFile failed. Trying audioread instead.
  audio, sr = librosa.load(src, sr=SAMPLE_RATE, mono=True)
/workspace/26Dacon_DeepVoice/.venv/lib/python3.11/site-packages/librosa/core/audio.py:184: FutureWarning: librosa.core.audio.__audioread_load
	Deprecated as of librosa version 0.10.0.
	It will be removed in librosa version 1.0.
  y, sr_native = __audioread_load(path, offset, duration, dtype)
/workspace/26Dacon_DeepVoice/data_pipeline/download_real_clips.py:78: UserWarning: PySoundFile failed. Trying audioread instead.
  audio, sr = librosa.load(src, sr=SAMPLE_RATE, mono=True)
/workspace/26Dacon_DeepVoice/.venv/lib/python3.11/site-packages/librosa/core/audio.py:184: FutureWarning: librosa.core.audio.__audioread_load
	Deprecated as of librosa version 0.10.0.
	It will be removed in librosa version 1.0.
  y, sr_native = __audioread_load(path, offset, duration, dtype)
ERROR: [youtube] -nb2Ctk8rbI: Sign in to confirm your age. Use --cookies-from-browser or --cookies for the authentication. See  https://github.com/yt-dlp/yt-dlp/wiki/FAQ#how-do-i-pass-cookies-to-yt-dlp  for how to manually pass cookies. Also see  https://github.com/yt-dlp/yt-dlp/wiki/Extractors#exporting-youtube-cookies  for tips on effectively exporting YouTube cookies
[fail] real_41713 (-nb2Ctk8rbI): ERROR: [youtube] -nb2Ctk8rbI: Sign in to confirm your age. Use --cookies-from-browser or --cookies for the authentication. See  https://github.com/yt-dlp/yt-dlp/wiki/FAQ#how-do-i-pass-cookies-to-yt-dlp  for how to manually pass cookies. Also see  https://github.com/yt-dlp/yt-dlp/wiki/Extractors#exporting-youtube-cookies  for tips on effectively exporting YouTube cookies
/workspace/26Dacon_DeepVoice/data_pipeline/download_real_clips.py:78: UserWarning: PySoundFile failed. Trying audioread instead.
  audio, sr = librosa.load(src, sr=SAMPLE_RATE, mono=True)
/workspace/26Dacon_DeepVoice/.venv/lib/python3.11/site-packages/librosa/core/audio.py:184: FutureWarning: librosa.core.audio.__audioread_load
	Deprecated as of librosa version 0.10.0.
	It will be removed in librosa version 1.0.
  y, sr_native = __audioread_load(path, offset, duration, dtype)
[ok] real_30631 (train=545 valid=60)
[ok] real_42196 (train=546 valid=60)
/workspace/26Dacon_DeepVoice/data_pipeline/download_real_clips.py:78: UserWarning: PySoundFile failed. Trying audioread instead.
  audio, sr = librosa.load(src, sr=SAMPLE_RATE, mono=True)
/workspace/26Dacon_DeepVoice/.venv/lib/python3.11/site-packages/librosa/core/audio.py:184: FutureWarning: librosa.core.audio.__audioread_load
	Deprecated as of librosa version 0.10.0.
	It will be removed in librosa version 1.0.
  y, sr_native = __audioread_load(path, offset, duration, dtype)
[ok] real_04412 (train=547 valid=60)
[ok] real_00313 (train=548 valid=60)
[ok] real_32067 (train=549 valid=60)
[ok] real_36855 (train=550 valid=60)
/workspace/26Dacon_DeepVoice/data_pipeline/download_real_clips.py:78: UserWarning: PySoundFile failed. Trying audioread instead.
  audio, sr = librosa.load(src, sr=SAMPLE_RATE, mono=True)
/workspace/26Dacon_DeepVoice/.venv/lib/python3.11/site-packages/librosa/core/audio.py:184: FutureWarning: librosa.core.audio.__audioread_load
	Deprecated as of librosa version 0.10.0.
	It will be removed in librosa version 1.0.
  y, sr_native = __audioread_load(path, offset, duration, dtype)
[ok] real_05439 (train=551 valid=60)
/workspace/26Dacon_DeepVoice/data_pipeline/download_real_clips.py:78: UserWarning: PySoundFile failed. Trying audioread instead.
  audio, sr = librosa.load(src, sr=SAMPLE_RATE, mono=True)
/workspace/26Dacon_DeepVoice/.venv/lib/python3.11/site-packages/librosa/core/audio.py:184: FutureWarning: librosa.core.audio.__audioread_load
	Deprecated as of librosa version 0.10.0.
	It will be removed in librosa version 1.0.
  y, sr_native = __audioread_load(path, offset, duration, dtype)
/workspace/26Dacon_DeepVoice/data_pipeline/download_real_clips.py:78: UserWarning: PySoundFile failed. Trying audioread instead.
  audio, sr = librosa.load(src, sr=SAMPLE_RATE, mono=True)
/workspace/26Dacon_DeepVoice/.venv/lib/python3.11/site-packages/librosa/core/audio.py:184: FutureWarning: librosa.core.audio.__audioread_load
	Deprecated as of librosa version 0.10.0.
	It will be removed in librosa version 1.0.
  y, sr_native = __audioread_load(path, offset, duration, dtype)
[ok] real_18541 (train=552 valid=60)
/workspace/26Dacon_DeepVoice/data_pipeline/download_real_clips.py:78: UserWarning: PySoundFile failed. Trying audioread instead.
  audio, sr = librosa.load(src, sr=SAMPLE_RATE, mono=True)
/workspace/26Dacon_DeepVoice/.venv/lib/python3.11/site-packages/librosa/core/audio.py:184: FutureWarning: librosa.core.audio.__audioread_load
	Deprecated as of librosa version 0.10.0.
	It will be removed in librosa version 1.0.
  y, sr_native = __audioread_load(path, offset, duration, dtype)
[ok] real_11886 (train=553 valid=60)
[ok] real_01642 (train=554 valid=60)
/workspace/26Dacon_DeepVoice/data_pipeline/download_real_clips.py:78: UserWarning: PySoundFile failed. Trying audioread instead.
  audio, sr = librosa.load(src, sr=SAMPLE_RATE, mono=True)
/workspace/26Dacon_DeepVoice/.venv/lib/python3.11/site-packages/librosa/core/audio.py:184: FutureWarning: librosa.core.audio.__audioread_load
	Deprecated as of librosa version 0.10.0.
	It will be removed in librosa version 1.0.
  y, sr_native = __audioread_load(path, offset, duration, dtype)
/workspace/26Dacon_DeepVoice/data_pipeline/download_real_clips.py:78: UserWarning: PySoundFile failed. Trying audioread instead.
  audio, sr = librosa.load(src, sr=SAMPLE_RATE, mono=True)
/workspace/26Dacon_DeepVoice/.venv/lib/python3.11/site-packages/librosa/core/audio.py:184: FutureWarning: librosa.core.audio.__audioread_load
	Deprecated as of librosa version 0.10.0.
	It will be removed in librosa version 1.0.
  y, sr_native = __audioread_load(path, offset, duration, dtype)
[ok] real_20372 (train=554 valid=61)
[ok] real_33394 (train=555 valid=61)
/workspace/26Dacon_DeepVoice/data_pipeline/download_real_clips.py:78: UserWarning: PySoundFile failed. Trying audioread instead.
  audio, sr = librosa.load(src, sr=SAMPLE_RATE, mono=True)
/workspace/26Dacon_DeepVoice/.venv/lib/python3.11/site-packages/librosa/core/audio.py:184: FutureWarning: librosa.core.audio.__audioread_load
	Deprecated as of librosa version 0.10.0.
	It will be removed in librosa version 1.0.
  y, sr_native = __audioread_load(path, offset, duration, dtype)
[ok] real_14394 (train=556 valid=61)
/workspace/26Dacon_DeepVoice/data_pipeline/download_real_clips.py:78: UserWarning: PySoundFile failed. Trying audioread instead.
  audio, sr = librosa.load(src, sr=SAMPLE_RATE, mono=True)
/workspace/26Dacon_DeepVoice/.venv/lib/python3.11/site-packages/librosa/core/audio.py:184: FutureWarning: librosa.core.audio.__audioread_load
	Deprecated as of librosa version 0.10.0.
	It will be removed in librosa version 1.0.
  y, sr_native = __audioread_load(path, offset, duration, dtype)
/workspace/26Dacon_DeepVoice/data_pipeline/download_real_clips.py:78: UserWarning: PySoundFile failed. Trying audioread instead.
  audio, sr = librosa.load(src, sr=SAMPLE_RATE, mono=True)
/workspace/26Dacon_DeepVoice/.venv/lib/python3.11/site-packages/librosa/core/audio.py:184: FutureWarning: librosa.core.audio.__audioread_load
	Deprecated as of librosa version 0.10.0.
	It will be removed in librosa version 1.0.
  y, sr_native = __audioread_load(path, offset, duration, dtype)
[ok] real_40411 (train=557 valid=61)
[ok] real_30753 (train=558 valid=61)
/workspace/26Dacon_DeepVoice/data_pipeline/download_real_clips.py:78: UserWarning: PySoundFile failed. Trying audioread instead.
  audio, sr = librosa.load(src, sr=SAMPLE_RATE, mono=True)
/workspace/26Dacon_DeepVoice/.venv/lib/python3.11/site-packages/librosa/core/audio.py:184: FutureWarning: librosa.core.audio.__audioread_load
	Deprecated as of librosa version 0.10.0.
	It will be removed in librosa version 1.0.
  y, sr_native = __audioread_load(path, offset, duration, dtype)
/workspace/26Dacon_DeepVoice/data_pipeline/download_real_clips.py:78: UserWarning: PySoundFile failed. Trying audioread instead.
  audio, sr = librosa.load(src, sr=SAMPLE_RATE, mono=True)
/workspace/26Dacon_DeepVoice/.venv/lib/python3.11/site-packages/librosa/core/audio.py:184: FutureWarning: librosa.core.audio.__audioread_load
	Deprecated as of librosa version 0.10.0.
	It will be removed in librosa version 1.0.
  y, sr_native = __audioread_load(path, offset, duration, dtype)
[ok] real_05913 (train=559 valid=61)
[ok] real_43919 (train=560 valid=61)
[ok] real_10244 (train=561 valid=61)
/workspace/26Dacon_DeepVoice/data_pipeline/download_real_clips.py:78: UserWarning: PySoundFile failed. Trying audioread instead.
  audio, sr = librosa.load(src, sr=SAMPLE_RATE, mono=True)
/workspace/26Dacon_DeepVoice/.venv/lib/python3.11/site-packages/librosa/core/audio.py:184: FutureWarning: librosa.core.audio.__audioread_load
	Deprecated as of librosa version 0.10.0.
	It will be removed in librosa version 1.0.
  y, sr_native = __audioread_load(path, offset, duration, dtype)
[ok] real_16158 (train=562 valid=61)
/workspace/26Dacon_DeepVoice/data_pipeline/download_real_clips.py:78: UserWarning: PySoundFile failed. Trying audioread instead.
  audio, sr = librosa.load(src, sr=SAMPLE_RATE, mono=True)
/workspace/26Dacon_DeepVoice/.venv/lib/python3.11/site-packages/librosa/core/audio.py:184: FutureWarning: librosa.core.audio.__audioread_load
	Deprecated as of librosa version 0.10.0.
	It will be removed in librosa version 1.0.
  y, sr_native = __audioread_load(path, offset, duration, dtype)
/workspace/26Dacon_DeepVoice/data_pipeline/download_real_clips.py:78: UserWarning: PySoundFile failed. Trying audioread instead.
  audio, sr = librosa.load(src, sr=SAMPLE_RATE, mono=True)
/workspace/26Dacon_DeepVoice/.venv/lib/python3.11/site-packages/librosa/core/audio.py:184: FutureWarning: librosa.core.audio.__audioread_load
	Deprecated as of librosa version 0.10.0.
	It will be removed in librosa version 1.0.
  y, sr_native = __audioread_load(path, offset, duration, dtype)
[ok] real_09183 (train=563 valid=61)
[ok] real_23128 (train=564 valid=61)
/workspace/26Dacon_DeepVoice/data_pipeline/download_real_clips.py:78: UserWarning: PySoundFile failed. Trying audioread instead.
  audio, sr = librosa.load(src, sr=SAMPLE_RATE, mono=True)
/workspace/26Dacon_DeepVoice/.venv/lib/python3.11/site-packages/librosa/core/audio.py:184: FutureWarning: librosa.core.audio.__audioread_load
	Deprecated as of librosa version 0.10.0.
	It will be removed in librosa version 1.0.
  y, sr_native = __audioread_load(path, offset, duration, dtype)
/workspace/26Dacon_DeepVoice/data_pipeline/download_real_clips.py:78: UserWarning: PySoundFile failed. Trying audioread instead.
  audio, sr = librosa.load(src, sr=SAMPLE_RATE, mono=True)
/workspace/26Dacon_DeepVoice/.venv/lib/python3.11/site-packages/librosa/core/audio.py:184: FutureWarning: librosa.core.audio.__audioread_load
	Deprecated as of librosa version 0.10.0.
	It will be removed in librosa version 1.0.
  y, sr_native = __audioread_load(path, offset, duration, dtype)
/workspace/26Dacon_DeepVoice/data_pipeline/download_real_clips.py:78: UserWarning: PySoundFile failed. Trying audioread instead.
  audio, sr = librosa.load(src, sr=SAMPLE_RATE, mono=True)
/workspace/26Dacon_DeepVoice/.venv/lib/python3.11/site-packages/librosa/core/audio.py:184: FutureWarning: librosa.core.audio.__audioread_load
	Deprecated as of librosa version 0.10.0.
	It will be removed in librosa version 1.0.
  y, sr_native = __audioread_load(path, offset, duration, dtype)
/workspace/26Dacon_DeepVoice/data_pipeline/download_real_clips.py:78: UserWarning: PySoundFile failed. Trying audioread instead.
  audio, sr = librosa.load(src, sr=SAMPLE_RATE, mono=True)
/workspace/26Dacon_DeepVoice/.venv/lib/python3.11/site-packages/librosa/core/audio.py:184: FutureWarning: librosa.core.audio.__audioread_load
	Deprecated as of librosa version 0.10.0.
	It will be removed in librosa version 1.0.
  y, sr_native = __audioread_load(path, offset, duration, dtype)
[ok] real_30163 (train=565 valid=61)
[ok] real_49942 (train=566 valid=61)
[ok] real_48751 (train=567 valid=61)
[ok] real_52239 (train=568 valid=61)
ERROR: [youtube] _DTnvbR5Mos: Video unavailable
[fail] real_27873 (_DTnvbR5Mos): ERROR: [youtube] _DTnvbR5Mos: Video unavailable
/workspace/26Dacon_DeepVoice/data_pipeline/download_real_clips.py:78: UserWarning: PySoundFile failed. Trying audioread instead.
  audio, sr = librosa.load(src, sr=SAMPLE_RATE, mono=True)
/workspace/26Dacon_DeepVoice/.venv/lib/python3.11/site-packages/librosa/core/audio.py:184: FutureWarning: librosa.core.audio.__audioread_load
	Deprecated as of librosa version 0.10.0.
	It will be removed in librosa version 1.0.
  y, sr_native = __audioread_load(path, offset, duration, dtype)
[ok] real_14802 (train=569 valid=61)
/workspace/26Dacon_DeepVoice/data_pipeline/download_real_clips.py:78: UserWarning: PySoundFile failed. Trying audioread instead.
  audio, sr = librosa.load(src, sr=SAMPLE_RATE, mono=True)
/workspace/26Dacon_DeepVoice/.venv/lib/python3.11/site-packages/librosa/core/audio.py:184: FutureWarning: librosa.core.audio.__audioread_load
	Deprecated as of librosa version 0.10.0.
	It will be removed in librosa version 1.0.
  y, sr_native = __audioread_load(path, offset, duration, dtype)
/workspace/26Dacon_DeepVoice/data_pipeline/download_real_clips.py:78: UserWarning: PySoundFile failed. Trying audioread instead.
  audio, sr = librosa.load(src, sr=SAMPLE_RATE, mono=True)
/workspace/26Dacon_DeepVoice/.venv/lib/python3.11/site-packages/librosa/core/audio.py:184: FutureWarning: librosa.core.audio.__audioread_load
	Deprecated as of librosa version 0.10.0.
	It will be removed in librosa version 1.0.
  y, sr_native = __audioread_load(path, offset, duration, dtype)
[ok] real_20504 (train=570 valid=61)
/workspace/26Dacon_DeepVoice/data_pipeline/download_real_clips.py:78: UserWarning: PySoundFile failed. Trying audioread instead.
  audio, sr = librosa.load(src, sr=SAMPLE_RATE, mono=True)
/workspace/26Dacon_DeepVoice/.venv/lib/python3.11/site-packages/librosa/core/audio.py:184: FutureWarning: librosa.core.audio.__audioread_load
	Deprecated as of librosa version 0.10.0.
	It will be removed in librosa version 1.0.
  y, sr_native = __audioread_load(path, offset, duration, dtype)
[ok] real_47398 (train=571 valid=61)
ERROR: [youtube] bW92agO2NxY: Video unavailable
[fail] real_01413 (bW92agO2NxY): ERROR: [youtube] bW92agO2NxY: Video unavailable
/workspace/26Dacon_DeepVoice/data_pipeline/download_real_clips.py:78: UserWarning: PySoundFile failed. Trying audioread instead.
  audio, sr = librosa.load(src, sr=SAMPLE_RATE, mono=True)
/workspace/26Dacon_DeepVoice/.venv/lib/python3.11/site-packages/librosa/core/audio.py:184: FutureWarning: librosa.core.audio.__audioread_load
	Deprecated as of librosa version 0.10.0.
	It will be removed in librosa version 1.0.
  y, sr_native = __audioread_load(path, offset, duration, dtype)
[ok] real_15870 (train=572 valid=61)
/workspace/26Dacon_DeepVoice/data_pipeline/download_real_clips.py:78: UserWarning: PySoundFile failed. Trying audioread instead.
  audio, sr = librosa.load(src, sr=SAMPLE_RATE, mono=True)
/workspace/26Dacon_DeepVoice/.venv/lib/python3.11/site-packages/librosa/core/audio.py:184: FutureWarning: librosa.core.audio.__audioread_load
	Deprecated as of librosa version 0.10.0.
	It will be removed in librosa version 1.0.
  y, sr_native = __audioread_load(path, offset, duration, dtype)
[ok] real_22559 (train=573 valid=61)
[ok] real_11034 (train=574 valid=61)
/workspace/26Dacon_DeepVoice/data_pipeline/download_real_clips.py:78: UserWarning: PySoundFile failed. Trying audioread instead.
  audio, sr = librosa.load(src, sr=SAMPLE_RATE, mono=True)
/workspace/26Dacon_DeepVoice/.venv/lib/python3.11/site-packages/librosa/core/audio.py:184: FutureWarning: librosa.core.audio.__audioread_load
	Deprecated as of librosa version 0.10.0.
	It will be removed in librosa version 1.0.
  y, sr_native = __audioread_load(path, offset, duration, dtype)
[ok] real_23939 (train=574 valid=62)
/workspace/26Dacon_DeepVoice/data_pipeline/download_real_clips.py:78: UserWarning: PySoundFile failed. Trying audioread instead.
  audio, sr = librosa.load(src, sr=SAMPLE_RATE, mono=True)
/workspace/26Dacon_DeepVoice/.venv/lib/python3.11/site-packages/librosa/core/audio.py:184: FutureWarning: librosa.core.audio.__audioread_load
	Deprecated as of librosa version 0.10.0.
	It will be removed in librosa version 1.0.
  y, sr_native = __audioread_load(path, offset, duration, dtype)
/workspace/26Dacon_DeepVoice/data_pipeline/download_real_clips.py:78: UserWarning: PySoundFile failed. Trying audioread instead.
  audio, sr = librosa.load(src, sr=SAMPLE_RATE, mono=True)
/workspace/26Dacon_DeepVoice/.venv/lib/python3.11/site-packages/librosa/core/audio.py:184: FutureWarning: librosa.core.audio.__audioread_load
	Deprecated as of librosa version 0.10.0.
	It will be removed in librosa version 1.0.
  y, sr_native = __audioread_load(path, offset, duration, dtype)
[ok] real_50172 (train=574 valid=63)
[ok] real_38198 (train=575 valid=63)
/workspace/26Dacon_DeepVoice/data_pipeline/download_real_clips.py:78: UserWarning: PySoundFile failed. Trying audioread instead.
  audio, sr = librosa.load(src, sr=SAMPLE_RATE, mono=True)
/workspace/26Dacon_DeepVoice/.venv/lib/python3.11/site-packages/librosa/core/audio.py:184: FutureWarning: librosa.core.audio.__audioread_load
	Deprecated as of librosa version 0.10.0.
	It will be removed in librosa version 1.0.
  y, sr_native = __audioread_load(path, offset, duration, dtype)
[ok] real_31466 (train=575 valid=64)
/workspace/26Dacon_DeepVoice/data_pipeline/download_real_clips.py:78: UserWarning: PySoundFile failed. Trying audioread instead.
  audio, sr = librosa.load(src, sr=SAMPLE_RATE, mono=True)
/workspace/26Dacon_DeepVoice/.venv/lib/python3.11/site-packages/librosa/core/audio.py:184: FutureWarning: librosa.core.audio.__audioread_load
	Deprecated as of librosa version 0.10.0.
	It will be removed in librosa version 1.0.
  y, sr_native = __audioread_load(path, offset, duration, dtype)
/workspace/26Dacon_DeepVoice/data_pipeline/download_real_clips.py:78: UserWarning: PySoundFile failed. Trying audioread instead.
  audio, sr = librosa.load(src, sr=SAMPLE_RATE, mono=True)
/workspace/26Dacon_DeepVoice/.venv/lib/python3.11/site-packages/librosa/core/audio.py:184: FutureWarning: librosa.core.audio.__audioread_load
	Deprecated as of librosa version 0.10.0.
	It will be removed in librosa version 1.0.
  y, sr_native = __audioread_load(path, offset, duration, dtype)
[ok] real_52141 (train=576 valid=64)
[ok] real_08203 (train=577 valid=64)
/workspace/26Dacon_DeepVoice/data_pipeline/download_real_clips.py:78: UserWarning: PySoundFile failed. Trying audioread instead.
  audio, sr = librosa.load(src, sr=SAMPLE_RATE, mono=True)
/workspace/26Dacon_DeepVoice/.venv/lib/python3.11/site-packages/librosa/core/audio.py:184: FutureWarning: librosa.core.audio.__audioread_load
	Deprecated as of librosa version 0.10.0.
	It will be removed in librosa version 1.0.
  y, sr_native = __audioread_load(path, offset, duration, dtype)
/workspace/26Dacon_DeepVoice/data_pipeline/download_real_clips.py:78: UserWarning: PySoundFile failed. Trying audioread instead.
  audio, sr = librosa.load(src, sr=SAMPLE_RATE, mono=True)
/workspace/26Dacon_DeepVoice/.venv/lib/python3.11/site-packages/librosa/core/audio.py:184: FutureWarning: librosa.core.audio.__audioread_load
	Deprecated as of librosa version 0.10.0.
	It will be removed in librosa version 1.0.
  y, sr_native = __audioread_load(path, offset, duration, dtype)
[ok] real_19577 (train=578 valid=64)
/workspace/26Dacon_DeepVoice/data_pipeline/download_real_clips.py:78: UserWarning: PySoundFile failed. Trying audioread instead.
  audio, sr = librosa.load(src, sr=SAMPLE_RATE, mono=True)
/workspace/26Dacon_DeepVoice/.venv/lib/python3.11/site-packages/librosa/core/audio.py:184: FutureWarning: librosa.core.audio.__audioread_load
	Deprecated as of librosa version 0.10.0.
	It will be removed in librosa version 1.0.
  y, sr_native = __audioread_load(path, offset, duration, dtype)
[ok] real_32970 (train=579 valid=64)
/workspace/26Dacon_DeepVoice/data_pipeline/download_real_clips.py:78: UserWarning: PySoundFile failed. Trying audioread instead.
  audio, sr = librosa.load(src, sr=SAMPLE_RATE, mono=True)
/workspace/26Dacon_DeepVoice/.venv/lib/python3.11/site-packages/librosa/core/audio.py:184: FutureWarning: librosa.core.audio.__audioread_load
	Deprecated as of librosa version 0.10.0.
	It will be removed in librosa version 1.0.
  y, sr_native = __audioread_load(path, offset, duration, dtype)
[ok] real_26406 (train=580 valid=64)
/workspace/26Dacon_DeepVoice/data_pipeline/download_real_clips.py:78: UserWarning: PySoundFile failed. Trying audioread instead.
  audio, sr = librosa.load(src, sr=SAMPLE_RATE, mono=True)
/workspace/26Dacon_DeepVoice/.venv/lib/python3.11/site-packages/librosa/core/audio.py:184: FutureWarning: librosa.core.audio.__audioread_load
	Deprecated as of librosa version 0.10.0.
	It will be removed in librosa version 1.0.
  y, sr_native = __audioread_load(path, offset, duration, dtype)
[ok] real_35121 (train=581 valid=64)
[ok] real_46110 (train=582 valid=64)
/workspace/26Dacon_DeepVoice/data_pipeline/download_real_clips.py:78: UserWarning: PySoundFile failed. Trying audioread instead.
  audio, sr = librosa.load(src, sr=SAMPLE_RATE, mono=True)
/workspace/26Dacon_DeepVoice/.venv/lib/python3.11/site-packages/librosa/core/audio.py:184: FutureWarning: librosa.core.audio.__audioread_load
	Deprecated as of librosa version 0.10.0.
	It will be removed in librosa version 1.0.
  y, sr_native = __audioread_load(path, offset, duration, dtype)
[ok] real_38720 (train=582 valid=65)
/workspace/26Dacon_DeepVoice/data_pipeline/download_real_clips.py:78: UserWarning: PySoundFile failed. Trying audioread instead.
  audio, sr = librosa.load(src, sr=SAMPLE_RATE, mono=True)
/workspace/26Dacon_DeepVoice/.venv/lib/python3.11/site-packages/librosa/core/audio.py:184: FutureWarning: librosa.core.audio.__audioread_load
	Deprecated as of librosa version 0.10.0.
	It will be removed in librosa version 1.0.
  y, sr_native = __audioread_load(path, offset, duration, dtype)
[ok] real_42208 (train=582 valid=66)
/workspace/26Dacon_DeepVoice/data_pipeline/download_real_clips.py:78: UserWarning: PySoundFile failed. Trying audioread instead.
  audio, sr = librosa.load(src, sr=SAMPLE_RATE, mono=True)
/workspace/26Dacon_DeepVoice/.venv/lib/python3.11/site-packages/librosa/core/audio.py:184: FutureWarning: librosa.core.audio.__audioread_load
	Deprecated as of librosa version 0.10.0.
	It will be removed in librosa version 1.0.
  y, sr_native = __audioread_load(path, offset, duration, dtype)
/workspace/26Dacon_DeepVoice/data_pipeline/download_real_clips.py:78: UserWarning: PySoundFile failed. Trying audioread instead.
  audio, sr = librosa.load(src, sr=SAMPLE_RATE, mono=True)
/workspace/26Dacon_DeepVoice/.venv/lib/python3.11/site-packages/librosa/core/audio.py:184: FutureWarning: librosa.core.audio.__audioread_load
	Deprecated as of librosa version 0.10.0.
	It will be removed in librosa version 1.0.
  y, sr_native = __audioread_load(path, offset, duration, dtype)
[ok] real_38193 (train=582 valid=67)
[ok] real_10924 (train=583 valid=67)
/workspace/26Dacon_DeepVoice/data_pipeline/download_real_clips.py:78: UserWarning: PySoundFile failed. Trying audioread instead.
  audio, sr = librosa.load(src, sr=SAMPLE_RATE, mono=True)
/workspace/26Dacon_DeepVoice/.venv/lib/python3.11/site-packages/librosa/core/audio.py:184: FutureWarning: librosa.core.audio.__audioread_load
	Deprecated as of librosa version 0.10.0.
	It will be removed in librosa version 1.0.
  y, sr_native = __audioread_load(path, offset, duration, dtype)
/workspace/26Dacon_DeepVoice/data_pipeline/download_real_clips.py:78: UserWarning: PySoundFile failed. Trying audioread instead.
  audio, sr = librosa.load(src, sr=SAMPLE_RATE, mono=True)
/workspace/26Dacon_DeepVoice/.venv/lib/python3.11/site-packages/librosa/core/audio.py:184: FutureWarning: librosa.core.audio.__audioread_load
	Deprecated as of librosa version 0.10.0.
	It will be removed in librosa version 1.0.
  y, sr_native = __audioread_load(path, offset, duration, dtype)
[ok] real_13257 (train=584 valid=67)
/workspace/26Dacon_DeepVoice/data_pipeline/download_real_clips.py:78: UserWarning: PySoundFile failed. Trying audioread instead.
  audio, sr = librosa.load(src, sr=SAMPLE_RATE, mono=True)
/workspace/26Dacon_DeepVoice/.venv/lib/python3.11/site-packages/librosa/core/audio.py:184: FutureWarning: librosa.core.audio.__audioread_load
	Deprecated as of librosa version 0.10.0.
	It will be removed in librosa version 1.0.
  y, sr_native = __audioread_load(path, offset, duration, dtype)
[ok] real_09033 (train=585 valid=67)
ERROR: [youtube] 4LAn-dC9rxU: Video unavailable
[fail] real_51959 (4LAn-dC9rxU): ERROR: [youtube] 4LAn-dC9rxU: Video unavailable
/workspace/26Dacon_DeepVoice/data_pipeline/download_real_clips.py:78: UserWarning: PySoundFile failed. Trying audioread instead.
  audio, sr = librosa.load(src, sr=SAMPLE_RATE, mono=True)
/workspace/26Dacon_DeepVoice/.venv/lib/python3.11/site-packages/librosa/core/audio.py:184: FutureWarning: librosa.core.audio.__audioread_load
	Deprecated as of librosa version 0.10.0.
	It will be removed in librosa version 1.0.
  y, sr_native = __audioread_load(path, offset, duration, dtype)
[ok] real_37961 (train=585 valid=68)
[ok] real_05809 (train=586 valid=68)
/workspace/26Dacon_DeepVoice/data_pipeline/download_real_clips.py:78: UserWarning: PySoundFile failed. Trying audioread instead.
  audio, sr = librosa.load(src, sr=SAMPLE_RATE, mono=True)
/workspace/26Dacon_DeepVoice/.venv/lib/python3.11/site-packages/librosa/core/audio.py:184: FutureWarning: librosa.core.audio.__audioread_load
	Deprecated as of librosa version 0.10.0.
	It will be removed in librosa version 1.0.
  y, sr_native = __audioread_load(path, offset, duration, dtype)
/workspace/26Dacon_DeepVoice/data_pipeline/download_real_clips.py:78: UserWarning: PySoundFile failed. Trying audioread instead.
  audio, sr = librosa.load(src, sr=SAMPLE_RATE, mono=True)
/workspace/26Dacon_DeepVoice/.venv/lib/python3.11/site-packages/librosa/core/audio.py:184: FutureWarning: librosa.core.audio.__audioread_load
	Deprecated as of librosa version 0.10.0.
	It will be removed in librosa version 1.0.
  y, sr_native = __audioread_load(path, offset, duration, dtype)
/workspace/26Dacon_DeepVoice/data_pipeline/download_real_clips.py:78: UserWarning: PySoundFile failed. Trying audioread instead.
  audio, sr = librosa.load(src, sr=SAMPLE_RATE, mono=True)
/workspace/26Dacon_DeepVoice/.venv/lib/python3.11/site-packages/librosa/core/audio.py:184: FutureWarning: librosa.core.audio.__audioread_load
	Deprecated as of librosa version 0.10.0.
	It will be removed in librosa version 1.0.
  y, sr_native = __audioread_load(path, offset, duration, dtype)
[ok] real_14942 (train=587 valid=68)
[ok] real_50624 (train=588 valid=68)
[ok] real_44731 (train=589 valid=68)
/workspace/26Dacon_DeepVoice/data_pipeline/download_real_clips.py:78: UserWarning: PySoundFile failed. Trying audioread instead.
  audio, sr = librosa.load(src, sr=SAMPLE_RATE, mono=True)
/workspace/26Dacon_DeepVoice/.venv/lib/python3.11/site-packages/librosa/core/audio.py:184: FutureWarning: librosa.core.audio.__audioread_load
	Deprecated as of librosa version 0.10.0.
	It will be removed in librosa version 1.0.
  y, sr_native = __audioread_load(path, offset, duration, dtype)
[ok] real_15471 (train=590 valid=68)
/workspace/26Dacon_DeepVoice/data_pipeline/download_real_clips.py:78: UserWarning: PySoundFile failed. Trying audioread instead.
  audio, sr = librosa.load(src, sr=SAMPLE_RATE, mono=True)
/workspace/26Dacon_DeepVoice/.venv/lib/python3.11/site-packages/librosa/core/audio.py:184: FutureWarning: librosa.core.audio.__audioread_load
	Deprecated as of librosa version 0.10.0.
	It will be removed in librosa version 1.0.
  y, sr_native = __audioread_load(path, offset, duration, dtype)
[ok] real_12228 (train=591 valid=68)
/workspace/26Dacon_DeepVoice/data_pipeline/download_real_clips.py:78: UserWarning: PySoundFile failed. Trying audioread instead.
  audio, sr = librosa.load(src, sr=SAMPLE_RATE, mono=True)
/workspace/26Dacon_DeepVoice/.venv/lib/python3.11/site-packages/librosa/core/audio.py:184: FutureWarning: librosa.core.audio.__audioread_load
	Deprecated as of librosa version 0.10.0.
	It will be removed in librosa version 1.0.
  y, sr_native = __audioread_load(path, offset, duration, dtype)
/workspace/26Dacon_DeepVoice/data_pipeline/download_real_clips.py:78: UserWarning: PySoundFile failed. Trying audioread instead.
  audio, sr = librosa.load(src, sr=SAMPLE_RATE, mono=True)
/workspace/26Dacon_DeepVoice/.venv/lib/python3.11/site-packages/librosa/core/audio.py:184: FutureWarning: librosa.core.audio.__audioread_load
	Deprecated as of librosa version 0.10.0.
	It will be removed in librosa version 1.0.
  y, sr_native = __audioread_load(path, offset, duration, dtype)
[ok] real_52918 (train=592 valid=68)
[ok] real_15411 (train=593 valid=68)
/workspace/26Dacon_DeepVoice/data_pipeline/download_real_clips.py:78: UserWarning: PySoundFile failed. Trying audioread instead.
  audio, sr = librosa.load(src, sr=SAMPLE_RATE, mono=True)
/workspace/26Dacon_DeepVoice/.venv/lib/python3.11/site-packages/librosa/core/audio.py:184: FutureWarning: librosa.core.audio.__audioread_load
	Deprecated as of librosa version 0.10.0.
	It will be removed in librosa version 1.0.
  y, sr_native = __audioread_load(path, offset, duration, dtype)
/workspace/26Dacon_DeepVoice/data_pipeline/download_real_clips.py:78: UserWarning: PySoundFile failed. Trying audioread instead.
  audio, sr = librosa.load(src, sr=SAMPLE_RATE, mono=True)
/workspace/26Dacon_DeepVoice/.venv/lib/python3.11/site-packages/librosa/core/audio.py:184: FutureWarning: librosa.core.audio.__audioread_load
	Deprecated as of librosa version 0.10.0.
	It will be removed in librosa version 1.0.
  y, sr_native = __audioread_load(path, offset, duration, dtype)
[ok] real_31072 (train=594 valid=68)
[ok] real_42527 (train=595 valid=68)
/workspace/26Dacon_DeepVoice/data_pipeline/download_real_clips.py:78: UserWarning: PySoundFile failed. Trying audioread instead.
  audio, sr = librosa.load(src, sr=SAMPLE_RATE, mono=True)
/workspace/26Dacon_DeepVoice/.venv/lib/python3.11/site-packages/librosa/core/audio.py:184: FutureWarning: librosa.core.audio.__audioread_load
	Deprecated as of librosa version 0.10.0.
	It will be removed in librosa version 1.0.
  y, sr_native = __audioread_load(path, offset, duration, dtype)
/workspace/26Dacon_DeepVoice/data_pipeline/download_real_clips.py:78: UserWarning: PySoundFile failed. Trying audioread instead.
  audio, sr = librosa.load(src, sr=SAMPLE_RATE, mono=True)
/workspace/26Dacon_DeepVoice/.venv/lib/python3.11/site-packages/librosa/core/audio.py:184: FutureWarning: librosa.core.audio.__audioread_load
	Deprecated as of librosa version 0.10.0.
	It will be removed in librosa version 1.0.
  y, sr_native = __audioread_load(path, offset, duration, dtype)
[ok] real_07088 (train=596 valid=68)
[ok] real_00132 (train=597 valid=68)
/workspace/26Dacon_DeepVoice/data_pipeline/download_real_clips.py:78: UserWarning: PySoundFile failed. Trying audioread instead.
  audio, sr = librosa.load(src, sr=SAMPLE_RATE, mono=True)
/workspace/26Dacon_DeepVoice/.venv/lib/python3.11/site-packages/librosa/core/audio.py:184: FutureWarning: librosa.core.audio.__audioread_load
	Deprecated as of librosa version 0.10.0.
	It will be removed in librosa version 1.0.
  y, sr_native = __audioread_load(path, offset, duration, dtype)
ERROR: [youtube] G4ZdFp4qZ4U: Video unavailable
[fail] real_35763 (G4ZdFp4qZ4U): ERROR: [youtube] G4ZdFp4qZ4U: Video unavailable
[ok] real_48789 (train=597 valid=69)
/workspace/26Dacon_DeepVoice/data_pipeline/download_real_clips.py:78: UserWarning: PySoundFile failed. Trying audioread instead.
  audio, sr = librosa.load(src, sr=SAMPLE_RATE, mono=True)
/workspace/26Dacon_DeepVoice/.venv/lib/python3.11/site-packages/librosa/core/audio.py:184: FutureWarning: librosa.core.audio.__audioread_load
	Deprecated as of librosa version 0.10.0.
	It will be removed in librosa version 1.0.
  y, sr_native = __audioread_load(path, offset, duration, dtype)
[ok] real_40208 (train=598 valid=69)
ERROR: [youtube] WzNwppTq6N4: Video unavailable
[fail] real_22019 (WzNwppTq6N4): ERROR: [youtube] WzNwppTq6N4: Video unavailable
/workspace/26Dacon_DeepVoice/data_pipeline/download_real_clips.py:78: UserWarning: PySoundFile failed. Trying audioread instead.
  audio, sr = librosa.load(src, sr=SAMPLE_RATE, mono=True)
/workspace/26Dacon_DeepVoice/.venv/lib/python3.11/site-packages/librosa/core/audio.py:184: FutureWarning: librosa.core.audio.__audioread_load
	Deprecated as of librosa version 0.10.0.
	It will be removed in librosa version 1.0.
  y, sr_native = __audioread_load(path, offset, duration, dtype)
ERROR: [youtube] 94UmYrW5oto: Video unavailable
[fail] real_13484 (94UmYrW5oto): ERROR: [youtube] 94UmYrW5oto: Video unavailable
/workspace/26Dacon_DeepVoice/data_pipeline/download_real_clips.py:78: UserWarning: PySoundFile failed. Trying audioread instead.
  audio, sr = librosa.load(src, sr=SAMPLE_RATE, mono=True)
/workspace/26Dacon_DeepVoice/.venv/lib/python3.11/site-packages/librosa/core/audio.py:184: FutureWarning: librosa.core.audio.__audioread_load
	Deprecated as of librosa version 0.10.0.
	It will be removed in librosa version 1.0.
  y, sr_native = __audioread_load(path, offset, duration, dtype)
[ok] real_01867 (train=599 valid=69)
[ok] real_17830 (train=600 valid=69)
/workspace/26Dacon_DeepVoice/data_pipeline/download_real_clips.py:78: UserWarning: PySoundFile failed. Trying audioread instead.
  audio, sr = librosa.load(src, sr=SAMPLE_RATE, mono=True)
/workspace/26Dacon_DeepVoice/.venv/lib/python3.11/site-packages/librosa/core/audio.py:184: FutureWarning: librosa.core.audio.__audioread_load
	Deprecated as of librosa version 0.10.0.
	It will be removed in librosa version 1.0.
  y, sr_native = __audioread_load(path, offset, duration, dtype)
[ok] real_01687 (train=601 valid=69)
/workspace/26Dacon_DeepVoice/data_pipeline/download_real_clips.py:78: UserWarning: PySoundFile failed. Trying audioread instead.
  audio, sr = librosa.load(src, sr=SAMPLE_RATE, mono=True)
/workspace/26Dacon_DeepVoice/.venv/lib/python3.11/site-packages/librosa/core/audio.py:184: FutureWarning: librosa.core.audio.__audioread_load
	Deprecated as of librosa version 0.10.0.
	It will be removed in librosa version 1.0.
  y, sr_native = __audioread_load(path, offset, duration, dtype)
[ok] real_17383 (train=602 valid=69)
/workspace/26Dacon_DeepVoice/data_pipeline/download_real_clips.py:78: UserWarning: PySoundFile failed. Trying audioread instead.
  audio, sr = librosa.load(src, sr=SAMPLE_RATE, mono=True)
/workspace/26Dacon_DeepVoice/.venv/lib/python3.11/site-packages/librosa/core/audio.py:184: FutureWarning: librosa.core.audio.__audioread_load
	Deprecated as of librosa version 0.10.0.
	It will be removed in librosa version 1.0.
  y, sr_native = __audioread_load(path, offset, duration, dtype)
/workspace/26Dacon_DeepVoice/data_pipeline/download_real_clips.py:78: UserWarning: PySoundFile failed. Trying audioread instead.
  audio, sr = librosa.load(src, sr=SAMPLE_RATE, mono=True)
/workspace/26Dacon_DeepVoice/.venv/lib/python3.11/site-packages/librosa/core/audio.py:184: FutureWarning: librosa.core.audio.__audioread_load
	Deprecated as of librosa version 0.10.0.
	It will be removed in librosa version 1.0.
  y, sr_native = __audioread_load(path, offset, duration, dtype)
[ok] real_30129 (train=603 valid=69)
[ok] real_37449 (train=604 valid=69)
ERROR: unable to download video data: HTTPSConnectionPool(host='manifest.googlevideo.com', port=443): Read timed out. (read timeout=20.0)
[fail] real_19599 (D7agM5nWJJI): ERROR: unable to download video data: HTTPSConnectionPool(host='manifest.googlevideo.com', port=443): Read timed out. (read timeout=20.0)
ERROR: [download] Got error: (<HTTPSConnection(host='rr3---sn-ab02a0nfpgxapox-jwwr.googlevideo.com', port=443) at 0x7f5ed26b1ed0>, 'Connection to rr3---sn-ab02a0nfpgxapox-jwwr.googlevideo.com timed out. (connect timeout=20.0)'). Giving up after 1 retries
ERROR: [download] Got error: (<HTTPSConnection(host='rr1---sn-ab02a0nfpgxapox-bh2z6.googlevideo.com', port=443) at 0x7f5ed1e7c090>, 'Connection to rr1---sn-ab02a0nfpgxapox-bh2z6.googlevideo.com timed out. (connect timeout=20.0)'). Giving up after 1 retries
ERROR: [download] Got error: (<HTTPSConnection(host='rr8---sn-ab02a0nfpgxapox-jwwy.googlevideo.com', port=443) at 0x7f5ed1e7fd10>, 'Connection to rr8---sn-ab02a0nfpgxapox-jwwy.googlevideo.com timed out. (connect timeout=20.0)'). Giving up after 1 retries
ERROR: [download] Got error: (<HTTPSConnection(host='rr3---sn-ab02a0nfpgxapox-bh2s6.googlevideo.com', port=443) at 0x7f5ed2a1ee10>, 'Connection to rr3---sn-ab02a0nfpgxapox-bh2s6.googlevideo.com timed out. (connect timeout=20.0)'). Giving up after 1 retries
ERROR: [download] Got error: (<HTTPSConnection(host='rr1---sn-ab02a0nfpgxapox-jwwe7.googlevideo.com', port=443) at 0x7f5ed2c31750>, 'Connection to rr1---sn-ab02a0nfpgxapox-jwwe7.googlevideo.com timed out. (connect timeout=20.0)'). Giving up after 1 retries
/workspace/26Dacon_DeepVoice/data_pipeline/download_real_clips.py:78: UserWarning: PySoundFile failed. Trying audioread instead.
  audio, sr = librosa.load(src, sr=SAMPLE_RATE, mono=True)
/workspace/26Dacon_DeepVoice/.venv/lib/python3.11/site-packages/librosa/core/audio.py:184: FutureWarning: librosa.core.audio.__audioread_load
	Deprecated as of librosa version 0.10.0.
	It will be removed in librosa version 1.0.
  y, sr_native = __audioread_load(path, offset, duration, dtype)
/workspace/26Dacon_DeepVoice/data_pipeline/download_real_clips.py:78: UserWarning: PySoundFile failed. Trying audioread instead.
  audio, sr = librosa.load(src, sr=SAMPLE_RATE, mono=True)
/workspace/26Dacon_DeepVoice/.venv/lib/python3.11/site-packages/librosa/core/audio.py:184: FutureWarning: librosa.core.audio.__audioread_load
	Deprecated as of librosa version 0.10.0.
	It will be removed in librosa version 1.0.
  y, sr_native = __audioread_load(path, offset, duration, dtype)
[ok] real_26268 (train=604 valid=70)
[ok] real_33335 (train=605 valid=70)
/workspace/26Dacon_DeepVoice/data_pipeline/download_real_clips.py:78: UserWarning: PySoundFile failed. Trying audioread instead.
  audio, sr = librosa.load(src, sr=SAMPLE_RATE, mono=True)
/workspace/26Dacon_DeepVoice/.venv/lib/python3.11/site-packages/librosa/core/audio.py:184: FutureWarning: librosa.core.audio.__audioread_load
	Deprecated as of librosa version 0.10.0.
	It will be removed in librosa version 1.0.
  y, sr_native = __audioread_load(path, offset, duration, dtype)
[ok] real_04731 (train=606 valid=70)
/workspace/26Dacon_DeepVoice/data_pipeline/download_real_clips.py:78: UserWarning: PySoundFile failed. Trying audioread instead.
  audio, sr = librosa.load(src, sr=SAMPLE_RATE, mono=True)
/workspace/26Dacon_DeepVoice/.venv/lib/python3.11/site-packages/librosa/core/audio.py:184: FutureWarning: librosa.core.audio.__audioread_load
	Deprecated as of librosa version 0.10.0.
	It will be removed in librosa version 1.0.
  y, sr_native = __audioread_load(path, offset, duration, dtype)
/workspace/26Dacon_DeepVoice/data_pipeline/download_real_clips.py:78: UserWarning: PySoundFile failed. Trying audioread instead.
  audio, sr = librosa.load(src, sr=SAMPLE_RATE, mono=True)
/workspace/26Dacon_DeepVoice/.venv/lib/python3.11/site-packages/librosa/core/audio.py:184: FutureWarning: librosa.core.audio.__audioread_load
	Deprecated as of librosa version 0.10.0.
	It will be removed in librosa version 1.0.
  y, sr_native = __audioread_load(path, offset, duration, dtype)
/workspace/26Dacon_DeepVoice/data_pipeline/download_real_clips.py:78: UserWarning: PySoundFile failed. Trying audioread instead.
  audio, sr = librosa.load(src, sr=SAMPLE_RATE, mono=True)
/workspace/26Dacon_DeepVoice/.venv/lib/python3.11/site-packages/librosa/core/audio.py:184: FutureWarning: librosa.core.audio.__audioread_load
	Deprecated as of librosa version 0.10.0.
	It will be removed in librosa version 1.0.
  y, sr_native = __audioread_load(path, offset, duration, dtype)
[ok] real_02575 (train=607 valid=70)
[ok] real_06116 (train=608 valid=70)
[ok] real_19802 (train=609 valid=70)
/workspace/26Dacon_DeepVoice/data_pipeline/download_real_clips.py:78: UserWarning: PySoundFile failed. Trying audioread instead.
  audio, sr = librosa.load(src, sr=SAMPLE_RATE, mono=True)
/workspace/26Dacon_DeepVoice/.venv/lib/python3.11/site-packages/librosa/core/audio.py:184: FutureWarning: librosa.core.audio.__audioread_load
	Deprecated as of librosa version 0.10.0.
	It will be removed in librosa version 1.0.
  y, sr_native = __audioread_load(path, offset, duration, dtype)
[ok] real_06238 (train=610 valid=70)
ERROR: [download] Got error: (<HTTPSConnection(host='rr1---sn-ab02a0nfpgxapox-bh2sd.googlevideo.com', port=443) at 0x7f5ed2d6ca90>, 'Connection to rr1---sn-ab02a0nfpgxapox-bh2sd.googlevideo.com timed out. (connect timeout=20.0)'). Giving up after 1 retries
ERROR: [download] Got error: (<HTTPSConnection(host='rr4---sn-ab02a0nfpgxapox-bh26z.googlevideo.com', port=443) at 0x7f5ed1db0d90>, 'Connection to rr4---sn-ab02a0nfpgxapox-bh26z.googlevideo.com timed out. (connect timeout=20.0)'). Giving up after 1 retries
ERROR: [download] Got error: (<HTTPSConnection(host='rr5---sn-ab02a0nfpgxapox-bh2zs.googlevideo.com', port=443) at 0x7f5ebaed2ad0>, 'Connection to rr5---sn-ab02a0nfpgxapox-bh2zs.googlevideo.com timed out. (connect timeout=20.0)'). Giving up after 1 retries
ERROR: [download] Got error: (<HTTPSConnection(host='rr4---sn-ab02a0nfpgxapox-bh2sd.googlevideo.com', port=443) at 0x7f5ed2a99890>, 'Connection to rr4---sn-ab02a0nfpgxapox-bh2sd.googlevideo.com timed out. (connect timeout=20.0)'). Giving up after 1 retries
ERROR: [download] Got error: (<HTTPSConnection(host='rr5---sn-ab02a0nfpgxapox-bh2ed.googlevideo.com', port=443) at 0x7f5ed2c8d510>, 'Connection to rr5---sn-ab02a0nfpgxapox-bh2ed.googlevideo.com timed out. (connect timeout=20.0)'). Giving up after 1 retries
ERROR: [download] Got error: (<HTTPSConnection(host='rr7---sn-ab02a0nfpgxapox-bh2zz.googlevideo.com', port=443) at 0x7f5ed2e7ced0>, 'Connection to rr7---sn-ab02a0nfpgxapox-bh2zz.googlevideo.com timed out. (connect timeout=20.0)'). Giving up after 1 retries
ERROR: [download] Got error: (<HTTPSConnection(host='rr4---sn-ab02a0nfpgxapox-bh266.googlevideo.com', port=443) at 0x7f5ed2e0ec50>, 'Connection to rr4---sn-ab02a0nfpgxapox-bh266.googlevideo.com timed out. (connect timeout=20.0)'). Giving up after 1 retries
ERROR: [download] Got error: (<HTTPSConnection(host='rr8---sn-ab02a0nfpgxapox-bh2zs.googlevideo.com', port=443) at 0x7f5f297ea290>, 'Connection to rr8---sn-ab02a0nfpgxapox-bh2zs.googlevideo.com timed out. (connect timeout=20.0)'). Giving up after 1 retries
/workspace/26Dacon_DeepVoice/data_pipeline/download_real_clips.py:78: UserWarning: PySoundFile failed. Trying audioread instead.
  audio, sr = librosa.load(src, sr=SAMPLE_RATE, mono=True)
/workspace/26Dacon_DeepVoice/.venv/lib/python3.11/site-packages/librosa/core/audio.py:184: FutureWarning: librosa.core.audio.__audioread_load
	Deprecated as of librosa version 0.10.0.
	It will be removed in librosa version 1.0.
  y, sr_native = __audioread_load(path, offset, duration, dtype)
/workspace/26Dacon_DeepVoice/data_pipeline/download_real_clips.py:78: UserWarning: PySoundFile failed. Trying audioread instead.
  audio, sr = librosa.load(src, sr=SAMPLE_RATE, mono=True)
/workspace/26Dacon_DeepVoice/.venv/lib/python3.11/site-packages/librosa/core/audio.py:184: FutureWarning: librosa.core.audio.__audioread_load
	Deprecated as of librosa version 0.10.0.
	It will be removed in librosa version 1.0.
  y, sr_native = __audioread_load(path, offset, duration, dtype)
/workspace/26Dacon_DeepVoice/data_pipeline/download_real_clips.py:78: UserWarning: PySoundFile failed. Trying audioread instead.
  audio, sr = librosa.load(src, sr=SAMPLE_RATE, mono=True)
/workspace/26Dacon_DeepVoice/.venv/lib/python3.11/site-packages/librosa/core/audio.py:184: FutureWarning: librosa.core.audio.__audioread_load
	Deprecated as of librosa version 0.10.0.
	It will be removed in librosa version 1.0.
  y, sr_native = __audioread_load(path, offset, duration, dtype)
/workspace/26Dacon_DeepVoice/data_pipeline/download_real_clips.py:78: UserWarning: PySoundFile failed. Trying audioread instead.
  audio, sr = librosa.load(src, sr=SAMPLE_RATE, mono=True)
/workspace/26Dacon_DeepVoice/.venv/lib/python3.11/site-packages/librosa/core/audio.py:184: FutureWarning: librosa.core.audio.__audioread_load
	Deprecated as of librosa version 0.10.0.
	It will be removed in librosa version 1.0.
  y, sr_native = __audioread_load(path, offset, duration, dtype)
[ok] real_43399 (train=611 valid=70)
/workspace/26Dacon_DeepVoice/data_pipeline/download_real_clips.py:78: UserWarning: PySoundFile failed. Trying audioread instead.
  audio, sr = librosa.load(src, sr=SAMPLE_RATE, mono=True)
/workspace/26Dacon_DeepVoice/.venv/lib/python3.11/site-packages/librosa/core/audio.py:184: FutureWarning: librosa.core.audio.__audioread_load
	Deprecated as of librosa version 0.10.0.
	It will be removed in librosa version 1.0.
  y, sr_native = __audioread_load(path, offset, duration, dtype)
/workspace/26Dacon_DeepVoice/data_pipeline/download_real_clips.py:78: UserWarning: PySoundFile failed. Trying audioread instead.
  audio, sr = librosa.load(src, sr=SAMPLE_RATE, mono=True)
/workspace/26Dacon_DeepVoice/.venv/lib/python3.11/site-packages/librosa/core/audio.py:184: FutureWarning: librosa.core.audio.__audioread_load
	Deprecated as of librosa version 0.10.0.
	It will be removed in librosa version 1.0.
  y, sr_native = __audioread_load(path, offset, duration, dtype)
/workspace/26Dacon_DeepVoice/data_pipeline/download_real_clips.py:78: UserWarning: PySoundFile failed. Trying audioread instead.
  audio, sr = librosa.load(src, sr=SAMPLE_RATE, mono=True)
/workspace/26Dacon_DeepVoice/.venv/lib/python3.11/site-packages/librosa/core/audio.py:184: FutureWarning: librosa.core.audio.__audioread_load
	Deprecated as of librosa version 0.10.0.
	It will be removed in librosa version 1.0.
  y, sr_native = __audioread_load(path, offset, duration, dtype)
[ok] real_35122 (train=612 valid=70)
/workspace/26Dacon_DeepVoice/data_pipeline/download_real_clips.py:78: UserWarning: PySoundFile failed. Trying audioread instead.
  audio, sr = librosa.load(src, sr=SAMPLE_RATE, mono=True)
/workspace/26Dacon_DeepVoice/.venv/lib/python3.11/site-packages/librosa/core/audio.py:184: FutureWarning: librosa.core.audio.__audioread_load
	Deprecated as of librosa version 0.10.0.
	It will be removed in librosa version 1.0.
  y, sr_native = __audioread_load(path, offset, duration, dtype)
[ok] real_27466 (train=613 valid=70)
[ok] real_20152 (train=614 valid=70)
[ok] real_15884 (train=615 valid=70)
[ok] real_07666 (train=616 valid=70)
[ok] real_30541 (train=617 valid=70)
[ok] real_04102 (train=618 valid=70)
/workspace/26Dacon_DeepVoice/data_pipeline/download_real_clips.py:78: UserWarning: PySoundFile failed. Trying audioread instead.
  audio, sr = librosa.load(src, sr=SAMPLE_RATE, mono=True)
/workspace/26Dacon_DeepVoice/.venv/lib/python3.11/site-packages/librosa/core/audio.py:184: FutureWarning: librosa.core.audio.__audioread_load
	Deprecated as of librosa version 0.10.0.
	It will be removed in librosa version 1.0.
  y, sr_native = __audioread_load(path, offset, duration, dtype)
[ok] real_21774 (train=618 valid=71)
/workspace/26Dacon_DeepVoice/data_pipeline/download_real_clips.py:78: UserWarning: PySoundFile failed. Trying audioread instead.
  audio, sr = librosa.load(src, sr=SAMPLE_RATE, mono=True)
/workspace/26Dacon_DeepVoice/.venv/lib/python3.11/site-packages/librosa/core/audio.py:184: FutureWarning: librosa.core.audio.__audioread_load
	Deprecated as of librosa version 0.10.0.
	It will be removed in librosa version 1.0.
  y, sr_native = __audioread_load(path, offset, duration, dtype)
/workspace/26Dacon_DeepVoice/data_pipeline/download_real_clips.py:78: UserWarning: PySoundFile failed. Trying audioread instead.
  audio, sr = librosa.load(src, sr=SAMPLE_RATE, mono=True)
/workspace/26Dacon_DeepVoice/.venv/lib/python3.11/site-packages/librosa/core/audio.py:184: FutureWarning: librosa.core.audio.__audioread_load
	Deprecated as of librosa version 0.10.0.
	It will be removed in librosa version 1.0.
  y, sr_native = __audioread_load(path, offset, duration, dtype)
[ok] real_32769 (train=619 valid=71)
[ok] real_42905 (train=620 valid=71)
/workspace/26Dacon_DeepVoice/data_pipeline/download_real_clips.py:78: UserWarning: PySoundFile failed. Trying audioread instead.
  audio, sr = librosa.load(src, sr=SAMPLE_RATE, mono=True)
/workspace/26Dacon_DeepVoice/.venv/lib/python3.11/site-packages/librosa/core/audio.py:184: FutureWarning: librosa.core.audio.__audioread_load
	Deprecated as of librosa version 0.10.0.
	It will be removed in librosa version 1.0.
  y, sr_native = __audioread_load(path, offset, duration, dtype)
/workspace/26Dacon_DeepVoice/data_pipeline/download_real_clips.py:78: UserWarning: PySoundFile failed. Trying audioread instead.
  audio, sr = librosa.load(src, sr=SAMPLE_RATE, mono=True)
/workspace/26Dacon_DeepVoice/.venv/lib/python3.11/site-packages/librosa/core/audio.py:184: FutureWarning: librosa.core.audio.__audioread_load
	Deprecated as of librosa version 0.10.0.
	It will be removed in librosa version 1.0.
  y, sr_native = __audioread_load(path, offset, duration, dtype)
[ok] real_05090 (train=621 valid=71)
ERROR: [youtube] DW-q1d8vk4o: Video unavailable
[fail] real_20943 (DW-q1d8vk4o): ERROR: [youtube] DW-q1d8vk4o: Video unavailable
[ok] real_41620 (train=622 valid=71)
/workspace/26Dacon_DeepVoice/data_pipeline/download_real_clips.py:78: UserWarning: PySoundFile failed. Trying audioread instead.
  audio, sr = librosa.load(src, sr=SAMPLE_RATE, mono=True)
/workspace/26Dacon_DeepVoice/.venv/lib/python3.11/site-packages/librosa/core/audio.py:184: FutureWarning: librosa.core.audio.__audioread_load
	Deprecated as of librosa version 0.10.0.
	It will be removed in librosa version 1.0.
  y, sr_native = __audioread_load(path, offset, duration, dtype)
/workspace/26Dacon_DeepVoice/data_pipeline/download_real_clips.py:78: UserWarning: PySoundFile failed. Trying audioread instead.
  audio, sr = librosa.load(src, sr=SAMPLE_RATE, mono=True)
/workspace/26Dacon_DeepVoice/.venv/lib/python3.11/site-packages/librosa/core/audio.py:184: FutureWarning: librosa.core.audio.__audioread_load
	Deprecated as of librosa version 0.10.0.
	It will be removed in librosa version 1.0.
  y, sr_native = __audioread_load(path, offset, duration, dtype)
[ok] real_16626 (train=623 valid=71)
/workspace/26Dacon_DeepVoice/data_pipeline/download_real_clips.py:78: UserWarning: PySoundFile failed. Trying audioread instead.
  audio, sr = librosa.load(src, sr=SAMPLE_RATE, mono=True)
/workspace/26Dacon_DeepVoice/.venv/lib/python3.11/site-packages/librosa/core/audio.py:184: FutureWarning: librosa.core.audio.__audioread_load
	Deprecated as of librosa version 0.10.0.
	It will be removed in librosa version 1.0.
  y, sr_native = __audioread_load(path, offset, duration, dtype)
[ok] real_45532 (train=624 valid=71)
[ok] real_13044 (train=625 valid=71)
/workspace/26Dacon_DeepVoice/data_pipeline/download_real_clips.py:78: UserWarning: PySoundFile failed. Trying audioread instead.
  audio, sr = librosa.load(src, sr=SAMPLE_RATE, mono=True)
/workspace/26Dacon_DeepVoice/.venv/lib/python3.11/site-packages/librosa/core/audio.py:184: FutureWarning: librosa.core.audio.__audioread_load
	Deprecated as of librosa version 0.10.0.
	It will be removed in librosa version 1.0.
  y, sr_native = __audioread_load(path, offset, duration, dtype)
/workspace/26Dacon_DeepVoice/data_pipeline/download_real_clips.py:78: UserWarning: PySoundFile failed. Trying audioread instead.
  audio, sr = librosa.load(src, sr=SAMPLE_RATE, mono=True)
/workspace/26Dacon_DeepVoice/.venv/lib/python3.11/site-packages/librosa/core/audio.py:184: FutureWarning: librosa.core.audio.__audioread_load
	Deprecated as of librosa version 0.10.0.
	It will be removed in librosa version 1.0.
  y, sr_native = __audioread_load(path, offset, duration, dtype)
[ok] real_40066 (train=626 valid=71)
[ok] real_16064 (train=627 valid=71)
/workspace/26Dacon_DeepVoice/data_pipeline/download_real_clips.py:78: UserWarning: PySoundFile failed. Trying audioread instead.
  audio, sr = librosa.load(src, sr=SAMPLE_RATE, mono=True)
/workspace/26Dacon_DeepVoice/.venv/lib/python3.11/site-packages/librosa/core/audio.py:184: FutureWarning: librosa.core.audio.__audioread_load
	Deprecated as of librosa version 0.10.0.
	It will be removed in librosa version 1.0.
  y, sr_native = __audioread_load(path, offset, duration, dtype)
/workspace/26Dacon_DeepVoice/data_pipeline/download_real_clips.py:78: UserWarning: PySoundFile failed. Trying audioread instead.
  audio, sr = librosa.load(src, sr=SAMPLE_RATE, mono=True)
/workspace/26Dacon_DeepVoice/.venv/lib/python3.11/site-packages/librosa/core/audio.py:184: FutureWarning: librosa.core.audio.__audioread_load
	Deprecated as of librosa version 0.10.0.
	It will be removed in librosa version 1.0.
  y, sr_native = __audioread_load(path, offset, duration, dtype)
[ok] real_28141 (train=628 valid=71)
[ok] real_48225 (train=629 valid=71)
ERROR: [download] Got error: (<HTTPSConnection(host='rr6---sn-ab02a0nfpgxapox-bh26d.googlevideo.com', port=443) at 0x7f5ed2a25450>, 'Connection to rr6---sn-ab02a0nfpgxapox-bh26d.googlevideo.com timed out. (connect timeout=20.0)'). Giving up after 1 retries
ERROR: [download] Got error: (<HTTPSConnection(host='rr5---sn-ab02a0nfpgxapox-bh266.googlevideo.com', port=443) at 0x7f5ed2a253d0>, 'Connection to rr5---sn-ab02a0nfpgxapox-bh266.googlevideo.com timed out. (connect timeout=20.0)'). Giving up after 1 retries
ERROR: [download] Got error: (<HTTPSConnection(host='rr4---sn-ab02a0nfpgxapox-bh2zr.googlevideo.com', port=443) at 0x7f5ed1f6add0>, 'Connection to rr4---sn-ab02a0nfpgxapox-bh2zr.googlevideo.com timed out. (connect timeout=20.0)'). Giving up after 1 retries
ERROR: [download] Got error: (<HTTPSConnection(host='rr1---sn-ab02a0nfpgxapox-bh2zk.googlevideo.com', port=443) at 0x7f5ed2c8f1d0>, 'Connection to rr1---sn-ab02a0nfpgxapox-bh2zk.googlevideo.com timed out. (connect timeout=20.0)'). Giving up after 1 retries
ERROR: [download] Got error: (<HTTPSConnection(host='rr4---sn-ab02a0nfpgxapox-bh2zk.googlevideo.com', port=443) at 0x7f5f28b6d050>, 'Connection to rr4---sn-ab02a0nfpgxapox-bh2zk.googlevideo.com timed out. (connect timeout=20.0)'). Giving up after 1 retries
[fail] real_25799 (liZ2Wz6r9rg): ERROR: [download] Got error: (<HTTPSConnection(host='rr4---sn-ab02a0nfpgxapox-bh2zk.googlevideo.com', port=443) at 0x7f5f28b6d050>, 'Connection to rr4---sn-ab02a0nfpgxapox-bh2zk.googlevideo.com timed out. (connect timeout=20.0)'). Giving up after 1 retries
/workspace/26Dacon_DeepVoice/data_pipeline/download_real_clips.py:78: UserWarning: PySoundFile failed. Trying audioread instead.
  audio, sr = librosa.load(src, sr=SAMPLE_RATE, mono=True)
/workspace/26Dacon_DeepVoice/.venv/lib/python3.11/site-packages/librosa/core/audio.py:184: FutureWarning: librosa.core.audio.__audioread_load
	Deprecated as of librosa version 0.10.0.
	It will be removed in librosa version 1.0.
  y, sr_native = __audioread_load(path, offset, duration, dtype)
/workspace/26Dacon_DeepVoice/data_pipeline/download_real_clips.py:78: UserWarning: PySoundFile failed. Trying audioread instead.
  audio, sr = librosa.load(src, sr=SAMPLE_RATE, mono=True)
/workspace/26Dacon_DeepVoice/.venv/lib/python3.11/site-packages/librosa/core/audio.py:184: FutureWarning: librosa.core.audio.__audioread_load
	Deprecated as of librosa version 0.10.0.
	It will be removed in librosa version 1.0.
  y, sr_native = __audioread_load(path, offset, duration, dtype)
/workspace/26Dacon_DeepVoice/data_pipeline/download_real_clips.py:78: UserWarning: PySoundFile failed. Trying audioread instead.
  audio, sr = librosa.load(src, sr=SAMPLE_RATE, mono=True)
/workspace/26Dacon_DeepVoice/.venv/lib/python3.11/site-packages/librosa/core/audio.py:184: FutureWarning: librosa.core.audio.__audioread_load
	Deprecated as of librosa version 0.10.0.
	It will be removed in librosa version 1.0.
  y, sr_native = __audioread_load(path, offset, duration, dtype)
/workspace/26Dacon_DeepVoice/data_pipeline/download_real_clips.py:78: UserWarning: PySoundFile failed. Trying audioread instead.
  audio, sr = librosa.load(src, sr=SAMPLE_RATE, mono=True)
/workspace/26Dacon_DeepVoice/.venv/lib/python3.11/site-packages/librosa/core/audio.py:184: FutureWarning: librosa.core.audio.__audioread_load
	Deprecated as of librosa version 0.10.0.
	It will be removed in librosa version 1.0.
  y, sr_native = __audioread_load(path, offset, duration, dtype)
[ok] real_05496 (train=630 valid=71)
[ok] real_13756 (train=631 valid=71)
[ok] real_20090 (train=631 valid=72)
[ok] real_49842 (train=632 valid=72)
ERROR: [youtube] lwXynZewLyg: Video unavailable
[fail] real_07936 (lwXynZewLyg): ERROR: [youtube] lwXynZewLyg: Video unavailable
/workspace/26Dacon_DeepVoice/data_pipeline/download_real_clips.py:78: UserWarning: PySoundFile failed. Trying audioread instead.
  audio, sr = librosa.load(src, sr=SAMPLE_RATE, mono=True)
/workspace/26Dacon_DeepVoice/.venv/lib/python3.11/site-packages/librosa/core/audio.py:184: FutureWarning: librosa.core.audio.__audioread_load
	Deprecated as of librosa version 0.10.0.
	It will be removed in librosa version 1.0.
  y, sr_native = __audioread_load(path, offset, duration, dtype)
[ok] real_47184 (train=633 valid=72)
/workspace/26Dacon_DeepVoice/data_pipeline/download_real_clips.py:78: UserWarning: PySoundFile failed. Trying audioread instead.
  audio, sr = librosa.load(src, sr=SAMPLE_RATE, mono=True)
/workspace/26Dacon_DeepVoice/.venv/lib/python3.11/site-packages/librosa/core/audio.py:184: FutureWarning: librosa.core.audio.__audioread_load
	Deprecated as of librosa version 0.10.0.
	It will be removed in librosa version 1.0.
  y, sr_native = __audioread_load(path, offset, duration, dtype)
/workspace/26Dacon_DeepVoice/data_pipeline/download_real_clips.py:78: UserWarning: PySoundFile failed. Trying audioread instead.
  audio, sr = librosa.load(src, sr=SAMPLE_RATE, mono=True)
/workspace/26Dacon_DeepVoice/.venv/lib/python3.11/site-packages/librosa/core/audio.py:184: FutureWarning: librosa.core.audio.__audioread_load
	Deprecated as of librosa version 0.10.0.
	It will be removed in librosa version 1.0.
  y, sr_native = __audioread_load(path, offset, duration, dtype)
[ok] real_25667 (train=634 valid=72)
[ok] real_47327 (train=635 valid=72)
/workspace/26Dacon_DeepVoice/data_pipeline/download_real_clips.py:78: UserWarning: PySoundFile failed. Trying audioread instead.
  audio, sr = librosa.load(src, sr=SAMPLE_RATE, mono=True)
/workspace/26Dacon_DeepVoice/.venv/lib/python3.11/site-packages/librosa/core/audio.py:184: FutureWarning: librosa.core.audio.__audioread_load
	Deprecated as of librosa version 0.10.0.
	It will be removed in librosa version 1.0.
  y, sr_native = __audioread_load(path, offset, duration, dtype)
[ok] real_31740 (train=636 valid=72)
/workspace/26Dacon_DeepVoice/data_pipeline/download_real_clips.py:78: UserWarning: PySoundFile failed. Trying audioread instead.
  audio, sr = librosa.load(src, sr=SAMPLE_RATE, mono=True)
/workspace/26Dacon_DeepVoice/.venv/lib/python3.11/site-packages/librosa/core/audio.py:184: FutureWarning: librosa.core.audio.__audioread_load
	Deprecated as of librosa version 0.10.0.
	It will be removed in librosa version 1.0.
  y, sr_native = __audioread_load(path, offset, duration, dtype)
ERROR: [youtube] tLxtxXWCdSE: Video unavailable
[fail] real_39600 (tLxtxXWCdSE): ERROR: [youtube] tLxtxXWCdSE: Video unavailable
/workspace/26Dacon_DeepVoice/data_pipeline/download_real_clips.py:78: UserWarning: PySoundFile failed. Trying audioread instead.
  audio, sr = librosa.load(src, sr=SAMPLE_RATE, mono=True)
/workspace/26Dacon_DeepVoice/.venv/lib/python3.11/site-packages/librosa/core/audio.py:184: FutureWarning: librosa.core.audio.__audioread_load
	Deprecated as of librosa version 0.10.0.
	It will be removed in librosa version 1.0.
  y, sr_native = __audioread_load(path, offset, duration, dtype)
[ok] real_26386 (train=637 valid=72)
[ok] real_33471 (train=638 valid=72)
/workspace/26Dacon_DeepVoice/data_pipeline/download_real_clips.py:78: UserWarning: PySoundFile failed. Trying audioread instead.
  audio, sr = librosa.load(src, sr=SAMPLE_RATE, mono=True)
/workspace/26Dacon_DeepVoice/.venv/lib/python3.11/site-packages/librosa/core/audio.py:184: FutureWarning: librosa.core.audio.__audioread_load
	Deprecated as of librosa version 0.10.0.
	It will be removed in librosa version 1.0.
  y, sr_native = __audioread_load(path, offset, duration, dtype)
/workspace/26Dacon_DeepVoice/data_pipeline/download_real_clips.py:78: UserWarning: PySoundFile failed. Trying audioread instead.
  audio, sr = librosa.load(src, sr=SAMPLE_RATE, mono=True)
/workspace/26Dacon_DeepVoice/.venv/lib/python3.11/site-packages/librosa/core/audio.py:184: FutureWarning: librosa.core.audio.__audioread_load
	Deprecated as of librosa version 0.10.0.
	It will be removed in librosa version 1.0.
  y, sr_native = __audioread_load(path, offset, duration, dtype)
[ok] real_35164 (train=639 valid=72)
[ok] real_43191 (train=640 valid=72)
/workspace/26Dacon_DeepVoice/data_pipeline/download_real_clips.py:78: UserWarning: PySoundFile failed. Trying audioread instead.
  audio, sr = librosa.load(src, sr=SAMPLE_RATE, mono=True)
/workspace/26Dacon_DeepVoice/.venv/lib/python3.11/site-packages/librosa/core/audio.py:184: FutureWarning: librosa.core.audio.__audioread_load
	Deprecated as of librosa version 0.10.0.
	It will be removed in librosa version 1.0.
  y, sr_native = __audioread_load(path, offset, duration, dtype)
/workspace/26Dacon_DeepVoice/data_pipeline/download_real_clips.py:78: UserWarning: PySoundFile failed. Trying audioread instead.
  audio, sr = librosa.load(src, sr=SAMPLE_RATE, mono=True)
/workspace/26Dacon_DeepVoice/.venv/lib/python3.11/site-packages/librosa/core/audio.py:184: FutureWarning: librosa.core.audio.__audioread_load
	Deprecated as of librosa version 0.10.0.
	It will be removed in librosa version 1.0.
  y, sr_native = __audioread_load(path, offset, duration, dtype)
[ok] real_51685 (train=641 valid=72)
[ok] real_15150 (train=641 valid=73)
/workspace/26Dacon_DeepVoice/data_pipeline/download_real_clips.py:78: UserWarning: PySoundFile failed. Trying audioread instead.
  audio, sr = librosa.load(src, sr=SAMPLE_RATE, mono=True)
/workspace/26Dacon_DeepVoice/.venv/lib/python3.11/site-packages/librosa/core/audio.py:184: FutureWarning: librosa.core.audio.__audioread_load
	Deprecated as of librosa version 0.10.0.
	It will be removed in librosa version 1.0.
  y, sr_native = __audioread_load(path, offset, duration, dtype)
[ok] real_21685 (train=642 valid=73)
/workspace/26Dacon_DeepVoice/data_pipeline/download_real_clips.py:78: UserWarning: PySoundFile failed. Trying audioread instead.
  audio, sr = librosa.load(src, sr=SAMPLE_RATE, mono=True)
/workspace/26Dacon_DeepVoice/.venv/lib/python3.11/site-packages/librosa/core/audio.py:184: FutureWarning: librosa.core.audio.__audioread_load
	Deprecated as of librosa version 0.10.0.
	It will be removed in librosa version 1.0.
  y, sr_native = __audioread_load(path, offset, duration, dtype)
/workspace/26Dacon_DeepVoice/data_pipeline/download_real_clips.py:78: UserWarning: PySoundFile failed. Trying audioread instead.
  audio, sr = librosa.load(src, sr=SAMPLE_RATE, mono=True)
/workspace/26Dacon_DeepVoice/.venv/lib/python3.11/site-packages/librosa/core/audio.py:184: FutureWarning: librosa.core.audio.__audioread_load
	Deprecated as of librosa version 0.10.0.
	It will be removed in librosa version 1.0.
  y, sr_native = __audioread_load(path, offset, duration, dtype)
[ok] real_29521 (train=643 valid=73)
/workspace/26Dacon_DeepVoice/data_pipeline/download_real_clips.py:78: UserWarning: PySoundFile failed. Trying audioread instead.
  audio, sr = librosa.load(src, sr=SAMPLE_RATE, mono=True)
/workspace/26Dacon_DeepVoice/.venv/lib/python3.11/site-packages/librosa/core/audio.py:184: FutureWarning: librosa.core.audio.__audioread_load
	Deprecated as of librosa version 0.10.0.
	It will be removed in librosa version 1.0.
  y, sr_native = __audioread_load(path, offset, duration, dtype)
[ok] real_26983 (train=644 valid=73)
[ok] real_35537 (train=645 valid=73)
/workspace/26Dacon_DeepVoice/data_pipeline/download_real_clips.py:78: UserWarning: PySoundFile failed. Trying audioread instead.
  audio, sr = librosa.load(src, sr=SAMPLE_RATE, mono=True)
/workspace/26Dacon_DeepVoice/.venv/lib/python3.11/site-packages/librosa/core/audio.py:184: FutureWarning: librosa.core.audio.__audioread_load
	Deprecated as of librosa version 0.10.0.
	It will be removed in librosa version 1.0.
  y, sr_native = __audioread_load(path, offset, duration, dtype)
/workspace/26Dacon_DeepVoice/data_pipeline/download_real_clips.py:78: UserWarning: PySoundFile failed. Trying audioread instead.
  audio, sr = librosa.load(src, sr=SAMPLE_RATE, mono=True)
/workspace/26Dacon_DeepVoice/.venv/lib/python3.11/site-packages/librosa/core/audio.py:184: FutureWarning: librosa.core.audio.__audioread_load
	Deprecated as of librosa version 0.10.0.
	It will be removed in librosa version 1.0.
  y, sr_native = __audioread_load(path, offset, duration, dtype)
[ok] real_39885 (train=646 valid=73)
[ok] real_41910 (train=647 valid=73)
/workspace/26Dacon_DeepVoice/data_pipeline/download_real_clips.py:78: UserWarning: PySoundFile failed. Trying audioread instead.
  audio, sr = librosa.load(src, sr=SAMPLE_RATE, mono=True)
/workspace/26Dacon_DeepVoice/.venv/lib/python3.11/site-packages/librosa/core/audio.py:184: FutureWarning: librosa.core.audio.__audioread_load
	Deprecated as of librosa version 0.10.0.
	It will be removed in librosa version 1.0.
  y, sr_native = __audioread_load(path, offset, duration, dtype)
/workspace/26Dacon_DeepVoice/data_pipeline/download_real_clips.py:78: UserWarning: PySoundFile failed. Trying audioread instead.
  audio, sr = librosa.load(src, sr=SAMPLE_RATE, mono=True)
/workspace/26Dacon_DeepVoice/.venv/lib/python3.11/site-packages/librosa/core/audio.py:184: FutureWarning: librosa.core.audio.__audioread_load
	Deprecated as of librosa version 0.10.0.
	It will be removed in librosa version 1.0.
  y, sr_native = __audioread_load(path, offset, duration, dtype)
[ok] real_14602 (train=648 valid=73)
[ok] real_17278 (train=649 valid=73)
/workspace/26Dacon_DeepVoice/data_pipeline/download_real_clips.py:78: UserWarning: PySoundFile failed. Trying audioread instead.
  audio, sr = librosa.load(src, sr=SAMPLE_RATE, mono=True)
/workspace/26Dacon_DeepVoice/.venv/lib/python3.11/site-packages/librosa/core/audio.py:184: FutureWarning: librosa.core.audio.__audioread_load
	Deprecated as of librosa version 0.10.0.
	It will be removed in librosa version 1.0.
  y, sr_native = __audioread_load(path, offset, duration, dtype)
[ok] real_23372 (train=650 valid=73)
/workspace/26Dacon_DeepVoice/data_pipeline/download_real_clips.py:78: UserWarning: PySoundFile failed. Trying audioread instead.
  audio, sr = librosa.load(src, sr=SAMPLE_RATE, mono=True)
/workspace/26Dacon_DeepVoice/.venv/lib/python3.11/site-packages/librosa/core/audio.py:184: FutureWarning: librosa.core.audio.__audioread_load
	Deprecated as of librosa version 0.10.0.
	It will be removed in librosa version 1.0.
  y, sr_native = __audioread_load(path, offset, duration, dtype)
[ok] real_09955 (train=651 valid=73)
/workspace/26Dacon_DeepVoice/data_pipeline/download_real_clips.py:78: UserWarning: PySoundFile failed. Trying audioread instead.
  audio, sr = librosa.load(src, sr=SAMPLE_RATE, mono=True)
/workspace/26Dacon_DeepVoice/.venv/lib/python3.11/site-packages/librosa/core/audio.py:184: FutureWarning: librosa.core.audio.__audioread_load
	Deprecated as of librosa version 0.10.0.
	It will be removed in librosa version 1.0.
  y, sr_native = __audioread_load(path, offset, duration, dtype)
/workspace/26Dacon_DeepVoice/data_pipeline/download_real_clips.py:78: UserWarning: PySoundFile failed. Trying audioread instead.
  audio, sr = librosa.load(src, sr=SAMPLE_RATE, mono=True)
/workspace/26Dacon_DeepVoice/.venv/lib/python3.11/site-packages/librosa/core/audio.py:184: FutureWarning: librosa.core.audio.__audioread_load
	Deprecated as of librosa version 0.10.0.
	It will be removed in librosa version 1.0.
  y, sr_native = __audioread_load(path, offset, duration, dtype)
/workspace/26Dacon_DeepVoice/data_pipeline/download_real_clips.py:78: UserWarning: PySoundFile failed. Trying audioread instead.
  audio, sr = librosa.load(src, sr=SAMPLE_RATE, mono=True)
/workspace/26Dacon_DeepVoice/.venv/lib/python3.11/site-packages/librosa/core/audio.py:184: FutureWarning: librosa.core.audio.__audioread_load
	Deprecated as of librosa version 0.10.0.
	It will be removed in librosa version 1.0.
  y, sr_native = __audioread_load(path, offset, duration, dtype)
[ok] real_13976 (train=652 valid=73)
/workspace/26Dacon_DeepVoice/data_pipeline/download_real_clips.py:78: UserWarning: PySoundFile failed. Trying audioread instead.
  audio, sr = librosa.load(src, sr=SAMPLE_RATE, mono=True)
/workspace/26Dacon_DeepVoice/.venv/lib/python3.11/site-packages/librosa/core/audio.py:184: FutureWarning: librosa.core.audio.__audioread_load
	Deprecated as of librosa version 0.10.0.
	It will be removed in librosa version 1.0.
  y, sr_native = __audioread_load(path, offset, duration, dtype)
[ok] real_17901 (train=653 valid=73)
[ok] real_01142 (train=654 valid=73)
[ok] real_11233 (train=655 valid=73)
ERROR: [youtube] jw_M3od3sdA: Video unavailable
[fail] real_42713 (jw_M3od3sdA): ERROR: [youtube] jw_M3od3sdA: Video unavailable
/workspace/26Dacon_DeepVoice/data_pipeline/download_real_clips.py:78: UserWarning: PySoundFile failed. Trying audioread instead.
  audio, sr = librosa.load(src, sr=SAMPLE_RATE, mono=True)
/workspace/26Dacon_DeepVoice/.venv/lib/python3.11/site-packages/librosa/core/audio.py:184: FutureWarning: librosa.core.audio.__audioread_load
	Deprecated as of librosa version 0.10.0.
	It will be removed in librosa version 1.0.
  y, sr_native = __audioread_load(path, offset, duration, dtype)
[ok] real_12602 (train=656 valid=73)
/workspace/26Dacon_DeepVoice/data_pipeline/download_real_clips.py:78: UserWarning: PySoundFile failed. Trying audioread instead.
  audio, sr = librosa.load(src, sr=SAMPLE_RATE, mono=True)
/workspace/26Dacon_DeepVoice/.venv/lib/python3.11/site-packages/librosa/core/audio.py:184: FutureWarning: librosa.core.audio.__audioread_load
	Deprecated as of librosa version 0.10.0.
	It will be removed in librosa version 1.0.
  y, sr_native = __audioread_load(path, offset, duration, dtype)
[ok] real_28143 (train=656 valid=74)
/workspace/26Dacon_DeepVoice/data_pipeline/download_real_clips.py:78: UserWarning: PySoundFile failed. Trying audioread instead.
  audio, sr = librosa.load(src, sr=SAMPLE_RATE, mono=True)
/workspace/26Dacon_DeepVoice/.venv/lib/python3.11/site-packages/librosa/core/audio.py:184: FutureWarning: librosa.core.audio.__audioread_load
	Deprecated as of librosa version 0.10.0.
	It will be removed in librosa version 1.0.
  y, sr_native = __audioread_load(path, offset, duration, dtype)
/workspace/26Dacon_DeepVoice/data_pipeline/download_real_clips.py:78: UserWarning: PySoundFile failed. Trying audioread instead.
  audio, sr = librosa.load(src, sr=SAMPLE_RATE, mono=True)
/workspace/26Dacon_DeepVoice/.venv/lib/python3.11/site-packages/librosa/core/audio.py:184: FutureWarning: librosa.core.audio.__audioread_load
	Deprecated as of librosa version 0.10.0.
	It will be removed in librosa version 1.0.
  y, sr_native = __audioread_load(path, offset, duration, dtype)
[ok] real_42216 (train=657 valid=74)
[ok] real_07989 (train=658 valid=74)
/workspace/26Dacon_DeepVoice/data_pipeline/download_real_clips.py:78: UserWarning: PySoundFile failed. Trying audioread instead.
  audio, sr = librosa.load(src, sr=SAMPLE_RATE, mono=True)
/workspace/26Dacon_DeepVoice/.venv/lib/python3.11/site-packages/librosa/core/audio.py:184: FutureWarning: librosa.core.audio.__audioread_load
	Deprecated as of librosa version 0.10.0.
	It will be removed in librosa version 1.0.
  y, sr_native = __audioread_load(path, offset, duration, dtype)
/workspace/26Dacon_DeepVoice/data_pipeline/download_real_clips.py:78: UserWarning: PySoundFile failed. Trying audioread instead.
  audio, sr = librosa.load(src, sr=SAMPLE_RATE, mono=True)
/workspace/26Dacon_DeepVoice/.venv/lib/python3.11/site-packages/librosa/core/audio.py:184: FutureWarning: librosa.core.audio.__audioread_load
	Deprecated as of librosa version 0.10.0.
	It will be removed in librosa version 1.0.
  y, sr_native = __audioread_load(path, offset, duration, dtype)
[ok] real_38000 (train=659 valid=74)
[ok] real_42542 (train=660 valid=74)
/workspace/26Dacon_DeepVoice/data_pipeline/download_real_clips.py:78: UserWarning: PySoundFile failed. Trying audioread instead.
  audio, sr = librosa.load(src, sr=SAMPLE_RATE, mono=True)
/workspace/26Dacon_DeepVoice/.venv/lib/python3.11/site-packages/librosa/core/audio.py:184: FutureWarning: librosa.core.audio.__audioread_load
	Deprecated as of librosa version 0.10.0.
	It will be removed in librosa version 1.0.
  y, sr_native = __audioread_load(path, offset, duration, dtype)
/workspace/26Dacon_DeepVoice/data_pipeline/download_real_clips.py:78: UserWarning: PySoundFile failed. Trying audioread instead.
  audio, sr = librosa.load(src, sr=SAMPLE_RATE, mono=True)
/workspace/26Dacon_DeepVoice/.venv/lib/python3.11/site-packages/librosa/core/audio.py:184: FutureWarning: librosa.core.audio.__audioread_load
	Deprecated as of librosa version 0.10.0.
	It will be removed in librosa version 1.0.
  y, sr_native = __audioread_load(path, offset, duration, dtype)
[ok] real_13583 (train=661 valid=74)
[ok] real_30701 (train=662 valid=74)
[ok] real_30961 (train=663 valid=74)
ERROR: [youtube] eS_fl9IhbZU: Video unavailable
[fail] real_38803 (eS_fl9IhbZU): ERROR: [youtube] eS_fl9IhbZU: Video unavailable
ERROR: [youtube] NQPqh1A8q1I: Video unavailable
[fail] real_52241 (NQPqh1A8q1I): ERROR: [youtube] NQPqh1A8q1I: Video unavailable
/workspace/26Dacon_DeepVoice/data_pipeline/download_real_clips.py:78: UserWarning: PySoundFile failed. Trying audioread instead.
  audio, sr = librosa.load(src, sr=SAMPLE_RATE, mono=True)
/workspace/26Dacon_DeepVoice/.venv/lib/python3.11/site-packages/librosa/core/audio.py:184: FutureWarning: librosa.core.audio.__audioread_load
	Deprecated as of librosa version 0.10.0.
	It will be removed in librosa version 1.0.
  y, sr_native = __audioread_load(path, offset, duration, dtype)
/workspace/26Dacon_DeepVoice/data_pipeline/download_real_clips.py:78: UserWarning: PySoundFile failed. Trying audioread instead.
  audio, sr = librosa.load(src, sr=SAMPLE_RATE, mono=True)
/workspace/26Dacon_DeepVoice/.venv/lib/python3.11/site-packages/librosa/core/audio.py:184: FutureWarning: librosa.core.audio.__audioread_load
	Deprecated as of librosa version 0.10.0.
	It will be removed in librosa version 1.0.
  y, sr_native = __audioread_load(path, offset, duration, dtype)
[ok] real_45646 (train=664 valid=74)
[ok] real_20991 (train=665 valid=74)
/workspace/26Dacon_DeepVoice/data_pipeline/download_real_clips.py:78: UserWarning: PySoundFile failed. Trying audioread instead.
  audio, sr = librosa.load(src, sr=SAMPLE_RATE, mono=True)
/workspace/26Dacon_DeepVoice/.venv/lib/python3.11/site-packages/librosa/core/audio.py:184: FutureWarning: librosa.core.audio.__audioread_load
	Deprecated as of librosa version 0.10.0.
	It will be removed in librosa version 1.0.
  y, sr_native = __audioread_load(path, offset, duration, dtype)
/workspace/26Dacon_DeepVoice/data_pipeline/download_real_clips.py:78: UserWarning: PySoundFile failed. Trying audioread instead.
  audio, sr = librosa.load(src, sr=SAMPLE_RATE, mono=True)
/workspace/26Dacon_DeepVoice/.venv/lib/python3.11/site-packages/librosa/core/audio.py:184: FutureWarning: librosa.core.audio.__audioread_load
	Deprecated as of librosa version 0.10.0.
	It will be removed in librosa version 1.0.
  y, sr_native = __audioread_load(path, offset, duration, dtype)
[ok] real_33344 (train=666 valid=74)
[ok] real_39394 (train=667 valid=74)
/workspace/26Dacon_DeepVoice/data_pipeline/download_real_clips.py:78: UserWarning: PySoundFile failed. Trying audioread instead.
  audio, sr = librosa.load(src, sr=SAMPLE_RATE, mono=True)
/workspace/26Dacon_DeepVoice/.venv/lib/python3.11/site-packages/librosa/core/audio.py:184: FutureWarning: librosa.core.audio.__audioread_load
	Deprecated as of librosa version 0.10.0.
	It will be removed in librosa version 1.0.
  y, sr_native = __audioread_load(path, offset, duration, dtype)
ERROR: [youtube] ISFgLCwVXd0: Video unavailable
[fail] real_38790 (ISFgLCwVXd0): ERROR: [youtube] ISFgLCwVXd0: Video unavailable
[ok] real_19463 (train=668 valid=74)
ERROR: [youtube] rYYZntjDF1g: Video unavailable
[fail] real_27394 (rYYZntjDF1g): ERROR: [youtube] rYYZntjDF1g: Video unavailable
/workspace/26Dacon_DeepVoice/data_pipeline/download_real_clips.py:78: UserWarning: PySoundFile failed. Trying audioread instead.
  audio, sr = librosa.load(src, sr=SAMPLE_RATE, mono=True)
/workspace/26Dacon_DeepVoice/.venv/lib/python3.11/site-packages/librosa/core/audio.py:184: FutureWarning: librosa.core.audio.__audioread_load
	Deprecated as of librosa version 0.10.0.
	It will be removed in librosa version 1.0.
  y, sr_native = __audioread_load(path, offset, duration, dtype)
[ok] real_48128 (train=669 valid=74)
/workspace/26Dacon_DeepVoice/data_pipeline/download_real_clips.py:78: UserWarning: PySoundFile failed. Trying audioread instead.
  audio, sr = librosa.load(src, sr=SAMPLE_RATE, mono=True)
/workspace/26Dacon_DeepVoice/.venv/lib/python3.11/site-packages/librosa/core/audio.py:184: FutureWarning: librosa.core.audio.__audioread_load
	Deprecated as of librosa version 0.10.0.
	It will be removed in librosa version 1.0.
  y, sr_native = __audioread_load(path, offset, duration, dtype)
[ok] real_47311 (train=670 valid=74)
/workspace/26Dacon_DeepVoice/data_pipeline/download_real_clips.py:78: UserWarning: PySoundFile failed. Trying audioread instead.
  audio, sr = librosa.load(src, sr=SAMPLE_RATE, mono=True)
/workspace/26Dacon_DeepVoice/.venv/lib/python3.11/site-packages/librosa/core/audio.py:184: FutureWarning: librosa.core.audio.__audioread_load
	Deprecated as of librosa version 0.10.0.
	It will be removed in librosa version 1.0.
  y, sr_native = __audioread_load(path, offset, duration, dtype)
/workspace/26Dacon_DeepVoice/data_pipeline/download_real_clips.py:78: UserWarning: PySoundFile failed. Trying audioread instead.
  audio, sr = librosa.load(src, sr=SAMPLE_RATE, mono=True)
/workspace/26Dacon_DeepVoice/.venv/lib/python3.11/site-packages/librosa/core/audio.py:184: FutureWarning: librosa.core.audio.__audioread_load
	Deprecated as of librosa version 0.10.0.
	It will be removed in librosa version 1.0.
  y, sr_native = __audioread_load(path, offset, duration, dtype)
/workspace/26Dacon_DeepVoice/data_pipeline/download_real_clips.py:78: UserWarning: PySoundFile failed. Trying audioread instead.
  audio, sr = librosa.load(src, sr=SAMPLE_RATE, mono=True)
/workspace/26Dacon_DeepVoice/.venv/lib/python3.11/site-packages/librosa/core/audio.py:184: FutureWarning: librosa.core.audio.__audioread_load
	Deprecated as of librosa version 0.10.0.
	It will be removed in librosa version 1.0.
  y, sr_native = __audioread_load(path, offset, duration, dtype)
/workspace/26Dacon_DeepVoice/data_pipeline/download_real_clips.py:78: UserWarning: PySoundFile failed. Trying audioread instead.
  audio, sr = librosa.load(src, sr=SAMPLE_RATE, mono=True)
/workspace/26Dacon_DeepVoice/.venv/lib/python3.11/site-packages/librosa/core/audio.py:184: FutureWarning: librosa.core.audio.__audioread_load
	Deprecated as of librosa version 0.10.0.
	It will be removed in librosa version 1.0.
  y, sr_native = __audioread_load(path, offset, duration, dtype)
/workspace/26Dacon_DeepVoice/data_pipeline/download_real_clips.py:78: UserWarning: PySoundFile failed. Trying audioread instead.
  audio, sr = librosa.load(src, sr=SAMPLE_RATE, mono=True)
/workspace/26Dacon_DeepVoice/.venv/lib/python3.11/site-packages/librosa/core/audio.py:184: FutureWarning: librosa.core.audio.__audioread_load
	Deprecated as of librosa version 0.10.0.
	It will be removed in librosa version 1.0.
  y, sr_native = __audioread_load(path, offset, duration, dtype)
/workspace/26Dacon_DeepVoice/data_pipeline/download_real_clips.py:78: UserWarning: PySoundFile failed. Trying audioread instead.
  audio, sr = librosa.load(src, sr=SAMPLE_RATE, mono=True)
/workspace/26Dacon_DeepVoice/.venv/lib/python3.11/site-packages/librosa/core/audio.py:184: FutureWarning: librosa.core.audio.__audioread_load
	Deprecated as of librosa version 0.10.0.
	It will be removed in librosa version 1.0.
  y, sr_native = __audioread_load(path, offset, duration, dtype)
/workspace/26Dacon_DeepVoice/data_pipeline/download_real_clips.py:78: UserWarning: PySoundFile failed. Trying audioread instead.
  audio, sr = librosa.load(src, sr=SAMPLE_RATE, mono=True)
/workspace/26Dacon_DeepVoice/.venv/lib/python3.11/site-packages/librosa/core/audio.py:184: FutureWarning: librosa.core.audio.__audioread_load
	Deprecated as of librosa version 0.10.0.
	It will be removed in librosa version 1.0.
  y, sr_native = __audioread_load(path, offset, duration, dtype)
[ok] real_47387 (train=671 valid=74)
[ok] real_33327 (train=672 valid=74)
[ok] real_09766 (train=673 valid=74)
[ok] real_16056 (train=674 valid=74)
[ok] real_43187 (train=675 valid=74)
[ok] real_40593 (train=676 valid=74)
[ok] real_43093 (train=677 valid=74)
ERROR: [youtube] pAzFRfzwT-g: This video is not available
[fail] real_00736 (pAzFRfzwT-g): ERROR: [youtube] pAzFRfzwT-g: This video is not available
/workspace/26Dacon_DeepVoice/data_pipeline/download_real_clips.py:78: UserWarning: PySoundFile failed. Trying audioread instead.
  audio, sr = librosa.load(src, sr=SAMPLE_RATE, mono=True)
/workspace/26Dacon_DeepVoice/.venv/lib/python3.11/site-packages/librosa/core/audio.py:184: FutureWarning: librosa.core.audio.__audioread_load
	Deprecated as of librosa version 0.10.0.
	It will be removed in librosa version 1.0.
  y, sr_native = __audioread_load(path, offset, duration, dtype)
[ok] real_09809 (train=678 valid=74)
/workspace/26Dacon_DeepVoice/data_pipeline/download_real_clips.py:78: UserWarning: PySoundFile failed. Trying audioread instead.
  audio, sr = librosa.load(src, sr=SAMPLE_RATE, mono=True)
/workspace/26Dacon_DeepVoice/.venv/lib/python3.11/site-packages/librosa/core/audio.py:184: FutureWarning: librosa.core.audio.__audioread_load
	Deprecated as of librosa version 0.10.0.
	It will be removed in librosa version 1.0.
  y, sr_native = __audioread_load(path, offset, duration, dtype)
[ok] real_24633 (train=679 valid=74)
/workspace/26Dacon_DeepVoice/data_pipeline/download_real_clips.py:78: UserWarning: PySoundFile failed. Trying audioread instead.
  audio, sr = librosa.load(src, sr=SAMPLE_RATE, mono=True)
/workspace/26Dacon_DeepVoice/.venv/lib/python3.11/site-packages/librosa/core/audio.py:184: FutureWarning: librosa.core.audio.__audioread_load
	Deprecated as of librosa version 0.10.0.
	It will be removed in librosa version 1.0.
  y, sr_native = __audioread_load(path, offset, duration, dtype)
/workspace/26Dacon_DeepVoice/data_pipeline/download_real_clips.py:78: UserWarning: PySoundFile failed. Trying audioread instead.
  audio, sr = librosa.load(src, sr=SAMPLE_RATE, mono=True)
/workspace/26Dacon_DeepVoice/.venv/lib/python3.11/site-packages/librosa/core/audio.py:184: FutureWarning: librosa.core.audio.__audioread_load
	Deprecated as of librosa version 0.10.0.
	It will be removed in librosa version 1.0.
  y, sr_native = __audioread_load(path, offset, duration, dtype)
[ok] real_04679 (train=679 valid=75)
/workspace/26Dacon_DeepVoice/data_pipeline/download_real_clips.py:78: UserWarning: PySoundFile failed. Trying audioread instead.
  audio, sr = librosa.load(src, sr=SAMPLE_RATE, mono=True)
/workspace/26Dacon_DeepVoice/.venv/lib/python3.11/site-packages/librosa/core/audio.py:184: FutureWarning: librosa.core.audio.__audioread_load
	Deprecated as of librosa version 0.10.0.
	It will be removed in librosa version 1.0.
  y, sr_native = __audioread_load(path, offset, duration, dtype)
[ok] real_34693 (train=680 valid=75)
[ok] real_38031 (train=681 valid=75)
/workspace/26Dacon_DeepVoice/data_pipeline/download_real_clips.py:78: UserWarning: PySoundFile failed. Trying audioread instead.
  audio, sr = librosa.load(src, sr=SAMPLE_RATE, mono=True)
/workspace/26Dacon_DeepVoice/.venv/lib/python3.11/site-packages/librosa/core/audio.py:184: FutureWarning: librosa.core.audio.__audioread_load
	Deprecated as of librosa version 0.10.0.
	It will be removed in librosa version 1.0.
  y, sr_native = __audioread_load(path, offset, duration, dtype)
[ok] real_42942 (train=682 valid=75)
/workspace/26Dacon_DeepVoice/data_pipeline/download_real_clips.py:78: UserWarning: PySoundFile failed. Trying audioread instead.
  audio, sr = librosa.load(src, sr=SAMPLE_RATE, mono=True)
/workspace/26Dacon_DeepVoice/.venv/lib/python3.11/site-packages/librosa/core/audio.py:184: FutureWarning: librosa.core.audio.__audioread_load
	Deprecated as of librosa version 0.10.0.
	It will be removed in librosa version 1.0.
  y, sr_native = __audioread_load(path, offset, duration, dtype)
/workspace/26Dacon_DeepVoice/data_pipeline/download_real_clips.py:78: UserWarning: PySoundFile failed. Trying audioread instead.
  audio, sr = librosa.load(src, sr=SAMPLE_RATE, mono=True)
/workspace/26Dacon_DeepVoice/.venv/lib/python3.11/site-packages/librosa/core/audio.py:184: FutureWarning: librosa.core.audio.__audioread_load
	Deprecated as of librosa version 0.10.0.
	It will be removed in librosa version 1.0.
  y, sr_native = __audioread_load(path, offset, duration, dtype)
/workspace/26Dacon_DeepVoice/data_pipeline/download_real_clips.py:78: UserWarning: PySoundFile failed. Trying audioread instead.
  audio, sr = librosa.load(src, sr=SAMPLE_RATE, mono=True)
/workspace/26Dacon_DeepVoice/.venv/lib/python3.11/site-packages/librosa/core/audio.py:184: FutureWarning: librosa.core.audio.__audioread_load
	Deprecated as of librosa version 0.10.0.
	It will be removed in librosa version 1.0.
  y, sr_native = __audioread_load(path, offset, duration, dtype)
/workspace/26Dacon_DeepVoice/data_pipeline/download_real_clips.py:78: UserWarning: PySoundFile failed. Trying audioread instead.
  audio, sr = librosa.load(src, sr=SAMPLE_RATE, mono=True)
/workspace/26Dacon_DeepVoice/.venv/lib/python3.11/site-packages/librosa/core/audio.py:184: FutureWarning: librosa.core.audio.__audioread_load
	Deprecated as of librosa version 0.10.0.
	It will be removed in librosa version 1.0.
  y, sr_native = __audioread_load(path, offset, duration, dtype)
[ok] real_06317 (train=683 valid=75)
/workspace/26Dacon_DeepVoice/data_pipeline/download_real_clips.py:78: UserWarning: PySoundFile failed. Trying audioread instead.
  audio, sr = librosa.load(src, sr=SAMPLE_RATE, mono=True)
/workspace/26Dacon_DeepVoice/.venv/lib/python3.11/site-packages/librosa/core/audio.py:184: FutureWarning: librosa.core.audio.__audioread_load
	Deprecated as of librosa version 0.10.0.
	It will be removed in librosa version 1.0.
  y, sr_native = __audioread_load(path, offset, duration, dtype)
[ok] real_28983 (train=684 valid=75)
[ok] real_00868 (train=685 valid=75)
/workspace/26Dacon_DeepVoice/data_pipeline/download_real_clips.py:78: UserWarning: PySoundFile failed. Trying audioread instead.
  audio, sr = librosa.load(src, sr=SAMPLE_RATE, mono=True)
/workspace/26Dacon_DeepVoice/.venv/lib/python3.11/site-packages/librosa/core/audio.py:184: FutureWarning: librosa.core.audio.__audioread_load
	Deprecated as of librosa version 0.10.0.
	It will be removed in librosa version 1.0.
  y, sr_native = __audioread_load(path, offset, duration, dtype)
[ok] real_34538 (train=686 valid=75)
[ok] real_26739 (train=687 valid=75)
/workspace/26Dacon_DeepVoice/data_pipeline/download_real_clips.py:78: UserWarning: PySoundFile failed. Trying audioread instead.
  audio, sr = librosa.load(src, sr=SAMPLE_RATE, mono=True)
/workspace/26Dacon_DeepVoice/.venv/lib/python3.11/site-packages/librosa/core/audio.py:184: FutureWarning: librosa.core.audio.__audioread_load
	Deprecated as of librosa version 0.10.0.
	It will be removed in librosa version 1.0.
  y, sr_native = __audioread_load(path, offset, duration, dtype)
[ok] real_19858 (train=688 valid=75)
ERROR: [youtube] Vo6JirKKbFE: Video unavailable
[fail] real_14580 (Vo6JirKKbFE): ERROR: [youtube] Vo6JirKKbFE: Video unavailable
[ok] real_38208 (train=688 valid=76)
/workspace/26Dacon_DeepVoice/data_pipeline/download_real_clips.py:78: UserWarning: PySoundFile failed. Trying audioread instead.
  audio, sr = librosa.load(src, sr=SAMPLE_RATE, mono=True)
/workspace/26Dacon_DeepVoice/.venv/lib/python3.11/site-packages/librosa/core/audio.py:184: FutureWarning: librosa.core.audio.__audioread_load
	Deprecated as of librosa version 0.10.0.
	It will be removed in librosa version 1.0.
  y, sr_native = __audioread_load(path, offset, duration, dtype)
/workspace/26Dacon_DeepVoice/data_pipeline/download_real_clips.py:78: UserWarning: PySoundFile failed. Trying audioread instead.
  audio, sr = librosa.load(src, sr=SAMPLE_RATE, mono=True)
/workspace/26Dacon_DeepVoice/.venv/lib/python3.11/site-packages/librosa/core/audio.py:184: FutureWarning: librosa.core.audio.__audioread_load
	Deprecated as of librosa version 0.10.0.
	It will be removed in librosa version 1.0.
  y, sr_native = __audioread_load(path, offset, duration, dtype)
[ok] real_23276 (train=689 valid=76)
[ok] real_14606 (train=690 valid=76)
/workspace/26Dacon_DeepVoice/data_pipeline/download_real_clips.py:78: UserWarning: PySoundFile failed. Trying audioread instead.
  audio, sr = librosa.load(src, sr=SAMPLE_RATE, mono=True)
/workspace/26Dacon_DeepVoice/.venv/lib/python3.11/site-packages/librosa/core/audio.py:184: FutureWarning: librosa.core.audio.__audioread_load
	Deprecated as of librosa version 0.10.0.
	It will be removed in librosa version 1.0.
  y, sr_native = __audioread_load(path, offset, duration, dtype)
[ok] real_06298 (train=691 valid=76)
/workspace/26Dacon_DeepVoice/data_pipeline/download_real_clips.py:78: UserWarning: PySoundFile failed. Trying audioread instead.
  audio, sr = librosa.load(src, sr=SAMPLE_RATE, mono=True)
/workspace/26Dacon_DeepVoice/.venv/lib/python3.11/site-packages/librosa/core/audio.py:184: FutureWarning: librosa.core.audio.__audioread_load
	Deprecated as of librosa version 0.10.0.
	It will be removed in librosa version 1.0.
  y, sr_native = __audioread_load(path, offset, duration, dtype)
/workspace/26Dacon_DeepVoice/data_pipeline/download_real_clips.py:78: UserWarning: PySoundFile failed. Trying audioread instead.
  audio, sr = librosa.load(src, sr=SAMPLE_RATE, mono=True)
/workspace/26Dacon_DeepVoice/.venv/lib/python3.11/site-packages/librosa/core/audio.py:184: FutureWarning: librosa.core.audio.__audioread_load
	Deprecated as of librosa version 0.10.0.
	It will be removed in librosa version 1.0.
  y, sr_native = __audioread_load(path, offset, duration, dtype)
[ok] real_28275 (train=692 valid=76)
[ok] real_30021 (train=693 valid=76)
/workspace/26Dacon_DeepVoice/data_pipeline/download_real_clips.py:78: UserWarning: PySoundFile failed. Trying audioread instead.
  audio, sr = librosa.load(src, sr=SAMPLE_RATE, mono=True)
/workspace/26Dacon_DeepVoice/.venv/lib/python3.11/site-packages/librosa/core/audio.py:184: FutureWarning: librosa.core.audio.__audioread_load
	Deprecated as of librosa version 0.10.0.
	It will be removed in librosa version 1.0.
  y, sr_native = __audioread_load(path, offset, duration, dtype)
[ok] real_13644 (train=694 valid=76)
/workspace/26Dacon_DeepVoice/data_pipeline/download_real_clips.py:78: UserWarning: PySoundFile failed. Trying audioread instead.
  audio, sr = librosa.load(src, sr=SAMPLE_RATE, mono=True)
/workspace/26Dacon_DeepVoice/.venv/lib/python3.11/site-packages/librosa/core/audio.py:184: FutureWarning: librosa.core.audio.__audioread_load
	Deprecated as of librosa version 0.10.0.
	It will be removed in librosa version 1.0.
  y, sr_native = __audioread_load(path, offset, duration, dtype)
[ok] real_35894 (train=695 valid=76)
/workspace/26Dacon_DeepVoice/data_pipeline/download_real_clips.py:78: UserWarning: PySoundFile failed. Trying audioread instead.
  audio, sr = librosa.load(src, sr=SAMPLE_RATE, mono=True)
/workspace/26Dacon_DeepVoice/.venv/lib/python3.11/site-packages/librosa/core/audio.py:184: FutureWarning: librosa.core.audio.__audioread_load
	Deprecated as of librosa version 0.10.0.
	It will be removed in librosa version 1.0.
  y, sr_native = __audioread_load(path, offset, duration, dtype)
/workspace/26Dacon_DeepVoice/data_pipeline/download_real_clips.py:78: UserWarning: PySoundFile failed. Trying audioread instead.
  audio, sr = librosa.load(src, sr=SAMPLE_RATE, mono=True)
/workspace/26Dacon_DeepVoice/.venv/lib/python3.11/site-packages/librosa/core/audio.py:184: FutureWarning: librosa.core.audio.__audioread_load
	Deprecated as of librosa version 0.10.0.
	It will be removed in librosa version 1.0.
  y, sr_native = __audioread_load(path, offset, duration, dtype)
[ok] real_14411 (train=696 valid=76)
[ok] real_22974 (train=697 valid=76)
/workspace/26Dacon_DeepVoice/data_pipeline/download_real_clips.py:78: UserWarning: PySoundFile failed. Trying audioread instead.
  audio, sr = librosa.load(src, sr=SAMPLE_RATE, mono=True)
/workspace/26Dacon_DeepVoice/.venv/lib/python3.11/site-packages/librosa/core/audio.py:184: FutureWarning: librosa.core.audio.__audioread_load
	Deprecated as of librosa version 0.10.0.
	It will be removed in librosa version 1.0.
  y, sr_native = __audioread_load(path, offset, duration, dtype)
[ok] real_09247 (train=698 valid=76)
/workspace/26Dacon_DeepVoice/data_pipeline/download_real_clips.py:78: UserWarning: PySoundFile failed. Trying audioread instead.
  audio, sr = librosa.load(src, sr=SAMPLE_RATE, mono=True)
/workspace/26Dacon_DeepVoice/.venv/lib/python3.11/site-packages/librosa/core/audio.py:184: FutureWarning: librosa.core.audio.__audioread_load
	Deprecated as of librosa version 0.10.0.
	It will be removed in librosa version 1.0.
  y, sr_native = __audioread_load(path, offset, duration, dtype)
[ok] real_46348 (train=699 valid=76)
/workspace/26Dacon_DeepVoice/data_pipeline/download_real_clips.py:78: UserWarning: PySoundFile failed. Trying audioread instead.
  audio, sr = librosa.load(src, sr=SAMPLE_RATE, mono=True)
/workspace/26Dacon_DeepVoice/.venv/lib/python3.11/site-packages/librosa/core/audio.py:184: FutureWarning: librosa.core.audio.__audioread_load
	Deprecated as of librosa version 0.10.0.
	It will be removed in librosa version 1.0.
  y, sr_native = __audioread_load(path, offset, duration, dtype)
[ok] real_47423 (train=700 valid=76)
/workspace/26Dacon_DeepVoice/data_pipeline/download_real_clips.py:78: UserWarning: PySoundFile failed. Trying audioread instead.
  audio, sr = librosa.load(src, sr=SAMPLE_RATE, mono=True)
/workspace/26Dacon_DeepVoice/.venv/lib/python3.11/site-packages/librosa/core/audio.py:184: FutureWarning: librosa.core.audio.__audioread_load
	Deprecated as of librosa version 0.10.0.
	It will be removed in librosa version 1.0.
  y, sr_native = __audioread_load(path, offset, duration, dtype)
[ok] real_46796 (train=700 valid=77)
/workspace/26Dacon_DeepVoice/data_pipeline/download_real_clips.py:78: UserWarning: PySoundFile failed. Trying audioread instead.
  audio, sr = librosa.load(src, sr=SAMPLE_RATE, mono=True)
/workspace/26Dacon_DeepVoice/.venv/lib/python3.11/site-packages/librosa/core/audio.py:184: FutureWarning: librosa.core.audio.__audioread_load
	Deprecated as of librosa version 0.10.0.
	It will be removed in librosa version 1.0.
  y, sr_native = __audioread_load(path, offset, duration, dtype)
/workspace/26Dacon_DeepVoice/data_pipeline/download_real_clips.py:78: UserWarning: PySoundFile failed. Trying audioread instead.
  audio, sr = librosa.load(src, sr=SAMPLE_RATE, mono=True)
/workspace/26Dacon_DeepVoice/.venv/lib/python3.11/site-packages/librosa/core/audio.py:184: FutureWarning: librosa.core.audio.__audioread_load
	Deprecated as of librosa version 0.10.0.
	It will be removed in librosa version 1.0.
  y, sr_native = __audioread_load(path, offset, duration, dtype)
[ok] real_28382 (train=701 valid=77)
[ok] real_26873 (train=702 valid=77)
/workspace/26Dacon_DeepVoice/data_pipeline/download_real_clips.py:78: UserWarning: PySoundFile failed. Trying audioread instead.
  audio, sr = librosa.load(src, sr=SAMPLE_RATE, mono=True)
/workspace/26Dacon_DeepVoice/.venv/lib/python3.11/site-packages/librosa/core/audio.py:184: FutureWarning: librosa.core.audio.__audioread_load
	Deprecated as of librosa version 0.10.0.
	It will be removed in librosa version 1.0.
  y, sr_native = __audioread_load(path, offset, duration, dtype)
[ok] real_21799 (train=702 valid=78)
/workspace/26Dacon_DeepVoice/data_pipeline/download_real_clips.py:78: UserWarning: PySoundFile failed. Trying audioread instead.
  audio, sr = librosa.load(src, sr=SAMPLE_RATE, mono=True)
/workspace/26Dacon_DeepVoice/.venv/lib/python3.11/site-packages/librosa/core/audio.py:184: FutureWarning: librosa.core.audio.__audioread_load
	Deprecated as of librosa version 0.10.0.
	It will be removed in librosa version 1.0.
  y, sr_native = __audioread_load(path, offset, duration, dtype)
/workspace/26Dacon_DeepVoice/data_pipeline/download_real_clips.py:78: UserWarning: PySoundFile failed. Trying audioread instead.
  audio, sr = librosa.load(src, sr=SAMPLE_RATE, mono=True)
/workspace/26Dacon_DeepVoice/.venv/lib/python3.11/site-packages/librosa/core/audio.py:184: FutureWarning: librosa.core.audio.__audioread_load
	Deprecated as of librosa version 0.10.0.
	It will be removed in librosa version 1.0.
  y, sr_native = __audioread_load(path, offset, duration, dtype)
[ok] real_06832 (train=703 valid=78)
/workspace/26Dacon_DeepVoice/data_pipeline/download_real_clips.py:78: UserWarning: PySoundFile failed. Trying audioread instead.
  audio, sr = librosa.load(src, sr=SAMPLE_RATE, mono=True)
/workspace/26Dacon_DeepVoice/.venv/lib/python3.11/site-packages/librosa/core/audio.py:184: FutureWarning: librosa.core.audio.__audioread_load
	Deprecated as of librosa version 0.10.0.
	It will be removed in librosa version 1.0.
  y, sr_native = __audioread_load(path, offset, duration, dtype)
/workspace/26Dacon_DeepVoice/data_pipeline/download_real_clips.py:78: UserWarning: PySoundFile failed. Trying audioread instead.
  audio, sr = librosa.load(src, sr=SAMPLE_RATE, mono=True)
/workspace/26Dacon_DeepVoice/.venv/lib/python3.11/site-packages/librosa/core/audio.py:184: FutureWarning: librosa.core.audio.__audioread_load
	Deprecated as of librosa version 0.10.0.
	It will be removed in librosa version 1.0.
  y, sr_native = __audioread_load(path, offset, duration, dtype)
[ok] real_33902 (train=704 valid=78)
[ok] real_48989 (train=705 valid=78)
[ok] real_07408 (train=706 valid=78)
/workspace/26Dacon_DeepVoice/data_pipeline/download_real_clips.py:78: UserWarning: PySoundFile failed. Trying audioread instead.
  audio, sr = librosa.load(src, sr=SAMPLE_RATE, mono=True)
/workspace/26Dacon_DeepVoice/.venv/lib/python3.11/site-packages/librosa/core/audio.py:184: FutureWarning: librosa.core.audio.__audioread_load
	Deprecated as of librosa version 0.10.0.
	It will be removed in librosa version 1.0.
  y, sr_native = __audioread_load(path, offset, duration, dtype)
[ok] real_27421 (train=707 valid=78)
[ok] real_12294 (train=708 valid=78)
/workspace/26Dacon_DeepVoice/data_pipeline/download_real_clips.py:78: UserWarning: PySoundFile failed. Trying audioread instead.
  audio, sr = librosa.load(src, sr=SAMPLE_RATE, mono=True)
/workspace/26Dacon_DeepVoice/.venv/lib/python3.11/site-packages/librosa/core/audio.py:184: FutureWarning: librosa.core.audio.__audioread_load
	Deprecated as of librosa version 0.10.0.
	It will be removed in librosa version 1.0.
  y, sr_native = __audioread_load(path, offset, duration, dtype)
[ok] real_00114 (train=709 valid=78)
/workspace/26Dacon_DeepVoice/data_pipeline/download_real_clips.py:78: UserWarning: PySoundFile failed. Trying audioread instead.
  audio, sr = librosa.load(src, sr=SAMPLE_RATE, mono=True)
/workspace/26Dacon_DeepVoice/.venv/lib/python3.11/site-packages/librosa/core/audio.py:184: FutureWarning: librosa.core.audio.__audioread_load
	Deprecated as of librosa version 0.10.0.
	It will be removed in librosa version 1.0.
  y, sr_native = __audioread_load(path, offset, duration, dtype)
[ok] real_37363 (train=710 valid=78)
/workspace/26Dacon_DeepVoice/data_pipeline/download_real_clips.py:78: UserWarning: PySoundFile failed. Trying audioread instead.
  audio, sr = librosa.load(src, sr=SAMPLE_RATE, mono=True)
/workspace/26Dacon_DeepVoice/.venv/lib/python3.11/site-packages/librosa/core/audio.py:184: FutureWarning: librosa.core.audio.__audioread_load
	Deprecated as of librosa version 0.10.0.
	It will be removed in librosa version 1.0.
  y, sr_native = __audioread_load(path, offset, duration, dtype)
[ok] real_46543 (train=711 valid=78)
/workspace/26Dacon_DeepVoice/data_pipeline/download_real_clips.py:78: UserWarning: PySoundFile failed. Trying audioread instead.
  audio, sr = librosa.load(src, sr=SAMPLE_RATE, mono=True)
/workspace/26Dacon_DeepVoice/.venv/lib/python3.11/site-packages/librosa/core/audio.py:184: FutureWarning: librosa.core.audio.__audioread_load
	Deprecated as of librosa version 0.10.0.
	It will be removed in librosa version 1.0.
  y, sr_native = __audioread_load(path, offset, duration, dtype)
[ok] real_21864 (train=712 valid=78)
/workspace/26Dacon_DeepVoice/data_pipeline/download_real_clips.py:78: UserWarning: PySoundFile failed. Trying audioread instead.
  audio, sr = librosa.load(src, sr=SAMPLE_RATE, mono=True)
/workspace/26Dacon_DeepVoice/.venv/lib/python3.11/site-packages/librosa/core/audio.py:184: FutureWarning: librosa.core.audio.__audioread_load
	Deprecated as of librosa version 0.10.0.
	It will be removed in librosa version 1.0.
  y, sr_native = __audioread_load(path, offset, duration, dtype)
/workspace/26Dacon_DeepVoice/data_pipeline/download_real_clips.py:78: UserWarning: PySoundFile failed. Trying audioread instead.
  audio, sr = librosa.load(src, sr=SAMPLE_RATE, mono=True)
/workspace/26Dacon_DeepVoice/.venv/lib/python3.11/site-packages/librosa/core/audio.py:184: FutureWarning: librosa.core.audio.__audioread_load
	Deprecated as of librosa version 0.10.0.
	It will be removed in librosa version 1.0.
  y, sr_native = __audioread_load(path, offset, duration, dtype)
/workspace/26Dacon_DeepVoice/data_pipeline/download_real_clips.py:78: UserWarning: PySoundFile failed. Trying audioread instead.
  audio, sr = librosa.load(src, sr=SAMPLE_RATE, mono=True)
/workspace/26Dacon_DeepVoice/.venv/lib/python3.11/site-packages/librosa/core/audio.py:184: FutureWarning: librosa.core.audio.__audioread_load
	Deprecated as of librosa version 0.10.0.
	It will be removed in librosa version 1.0.
  y, sr_native = __audioread_load(path, offset, duration, dtype)
[ok] real_47019 (train=713 valid=78)
[ok] real_36945 (train=714 valid=78)
[ok] real_49296 (train=715 valid=78)
/workspace/26Dacon_DeepVoice/data_pipeline/download_real_clips.py:78: UserWarning: PySoundFile failed. Trying audioread instead.
  audio, sr = librosa.load(src, sr=SAMPLE_RATE, mono=True)
/workspace/26Dacon_DeepVoice/.venv/lib/python3.11/site-packages/librosa/core/audio.py:184: FutureWarning: librosa.core.audio.__audioread_load
	Deprecated as of librosa version 0.10.0.
	It will be removed in librosa version 1.0.
  y, sr_native = __audioread_load(path, offset, duration, dtype)
[ok] real_20984 (train=716 valid=78)
/workspace/26Dacon_DeepVoice/data_pipeline/download_real_clips.py:78: UserWarning: PySoundFile failed. Trying audioread instead.
  audio, sr = librosa.load(src, sr=SAMPLE_RATE, mono=True)
/workspace/26Dacon_DeepVoice/.venv/lib/python3.11/site-packages/librosa/core/audio.py:184: FutureWarning: librosa.core.audio.__audioread_load
	Deprecated as of librosa version 0.10.0.
	It will be removed in librosa version 1.0.
  y, sr_native = __audioread_load(path, offset, duration, dtype)
/workspace/26Dacon_DeepVoice/data_pipeline/download_real_clips.py:78: UserWarning: PySoundFile failed. Trying audioread instead.
  audio, sr = librosa.load(src, sr=SAMPLE_RATE, mono=True)
/workspace/26Dacon_DeepVoice/.venv/lib/python3.11/site-packages/librosa/core/audio.py:184: FutureWarning: librosa.core.audio.__audioread_load
	Deprecated as of librosa version 0.10.0.
	It will be removed in librosa version 1.0.
  y, sr_native = __audioread_load(path, offset, duration, dtype)
[ok] real_19304 (train=717 valid=78)
[ok] real_23282 (train=718 valid=78)
/workspace/26Dacon_DeepVoice/data_pipeline/download_real_clips.py:78: UserWarning: PySoundFile failed. Trying audioread instead.
  audio, sr = librosa.load(src, sr=SAMPLE_RATE, mono=True)
/workspace/26Dacon_DeepVoice/.venv/lib/python3.11/site-packages/librosa/core/audio.py:184: FutureWarning: librosa.core.audio.__audioread_load
	Deprecated as of librosa version 0.10.0.
	It will be removed in librosa version 1.0.
  y, sr_native = __audioread_load(path, offset, duration, dtype)
[ok] real_11399 (train=719 valid=78)
/workspace/26Dacon_DeepVoice/data_pipeline/download_real_clips.py:78: UserWarning: PySoundFile failed. Trying audioread instead.
  audio, sr = librosa.load(src, sr=SAMPLE_RATE, mono=True)
/workspace/26Dacon_DeepVoice/.venv/lib/python3.11/site-packages/librosa/core/audio.py:184: FutureWarning: librosa.core.audio.__audioread_load
	Deprecated as of librosa version 0.10.0.
	It will be removed in librosa version 1.0.
  y, sr_native = __audioread_load(path, offset, duration, dtype)
/workspace/26Dacon_DeepVoice/data_pipeline/download_real_clips.py:78: UserWarning: PySoundFile failed. Trying audioread instead.
  audio, sr = librosa.load(src, sr=SAMPLE_RATE, mono=True)
/workspace/26Dacon_DeepVoice/.venv/lib/python3.11/site-packages/librosa/core/audio.py:184: FutureWarning: librosa.core.audio.__audioread_load
	Deprecated as of librosa version 0.10.0.
	It will be removed in librosa version 1.0.
  y, sr_native = __audioread_load(path, offset, duration, dtype)
[ok] real_07344 (train=720 valid=78)
[ok] real_17882 (train=721 valid=78)
/workspace/26Dacon_DeepVoice/data_pipeline/download_real_clips.py:78: UserWarning: PySoundFile failed. Trying audioread instead.
  audio, sr = librosa.load(src, sr=SAMPLE_RATE, mono=True)
/workspace/26Dacon_DeepVoice/.venv/lib/python3.11/site-packages/librosa/core/audio.py:184: FutureWarning: librosa.core.audio.__audioread_load
	Deprecated as of librosa version 0.10.0.
	It will be removed in librosa version 1.0.
  y, sr_native = __audioread_load(path, offset, duration, dtype)
[ok] real_13279 (train=722 valid=78)
/workspace/26Dacon_DeepVoice/data_pipeline/download_real_clips.py:78: UserWarning: PySoundFile failed. Trying audioread instead.
  audio, sr = librosa.load(src, sr=SAMPLE_RATE, mono=True)
/workspace/26Dacon_DeepVoice/.venv/lib/python3.11/site-packages/librosa/core/audio.py:184: FutureWarning: librosa.core.audio.__audioread_load
	Deprecated as of librosa version 0.10.0.
	It will be removed in librosa version 1.0.
  y, sr_native = __audioread_load(path, offset, duration, dtype)
[ok] real_51942 (train=723 valid=78)
/workspace/26Dacon_DeepVoice/data_pipeline/download_real_clips.py:78: UserWarning: PySoundFile failed. Trying audioread instead.
  audio, sr = librosa.load(src, sr=SAMPLE_RATE, mono=True)
/workspace/26Dacon_DeepVoice/.venv/lib/python3.11/site-packages/librosa/core/audio.py:184: FutureWarning: librosa.core.audio.__audioread_load
	Deprecated as of librosa version 0.10.0.
	It will be removed in librosa version 1.0.
  y, sr_native = __audioread_load(path, offset, duration, dtype)
/workspace/26Dacon_DeepVoice/data_pipeline/download_real_clips.py:78: UserWarning: PySoundFile failed. Trying audioread instead.
  audio, sr = librosa.load(src, sr=SAMPLE_RATE, mono=True)
/workspace/26Dacon_DeepVoice/.venv/lib/python3.11/site-packages/librosa/core/audio.py:184: FutureWarning: librosa.core.audio.__audioread_load
	Deprecated as of librosa version 0.10.0.
	It will be removed in librosa version 1.0.
  y, sr_native = __audioread_load(path, offset, duration, dtype)
/workspace/26Dacon_DeepVoice/data_pipeline/download_real_clips.py:78: UserWarning: PySoundFile failed. Trying audioread instead.
  audio, sr = librosa.load(src, sr=SAMPLE_RATE, mono=True)
/workspace/26Dacon_DeepVoice/.venv/lib/python3.11/site-packages/librosa/core/audio.py:184: FutureWarning: librosa.core.audio.__audioread_load
	Deprecated as of librosa version 0.10.0.
	It will be removed in librosa version 1.0.
  y, sr_native = __audioread_load(path, offset, duration, dtype)
[ok] real_49738 (train=724 valid=78)
/workspace/26Dacon_DeepVoice/data_pipeline/download_real_clips.py:78: UserWarning: PySoundFile failed. Trying audioread instead.
  audio, sr = librosa.load(src, sr=SAMPLE_RATE, mono=True)
/workspace/26Dacon_DeepVoice/.venv/lib/python3.11/site-packages/librosa/core/audio.py:184: FutureWarning: librosa.core.audio.__audioread_load
	Deprecated as of librosa version 0.10.0.
	It will be removed in librosa version 1.0.
  y, sr_native = __audioread_load(path, offset, duration, dtype)
[ok] real_07475 (train=725 valid=78)
[ok] real_03140 (train=725 valid=79)
[ok] real_39081 (train=726 valid=79)
/workspace/26Dacon_DeepVoice/data_pipeline/download_real_clips.py:78: UserWarning: PySoundFile failed. Trying audioread instead.
  audio, sr = librosa.load(src, sr=SAMPLE_RATE, mono=True)
/workspace/26Dacon_DeepVoice/.venv/lib/python3.11/site-packages/librosa/core/audio.py:184: FutureWarning: librosa.core.audio.__audioread_load
	Deprecated as of librosa version 0.10.0.
	It will be removed in librosa version 1.0.
  y, sr_native = __audioread_load(path, offset, duration, dtype)
[ok] real_09851 (train=727 valid=79)
/workspace/26Dacon_DeepVoice/data_pipeline/download_real_clips.py:78: UserWarning: PySoundFile failed. Trying audioread instead.
  audio, sr = librosa.load(src, sr=SAMPLE_RATE, mono=True)
/workspace/26Dacon_DeepVoice/.venv/lib/python3.11/site-packages/librosa/core/audio.py:184: FutureWarning: librosa.core.audio.__audioread_load
	Deprecated as of librosa version 0.10.0.
	It will be removed in librosa version 1.0.
  y, sr_native = __audioread_load(path, offset, duration, dtype)
[ok] real_41261 (train=728 valid=79)
/workspace/26Dacon_DeepVoice/data_pipeline/download_real_clips.py:78: UserWarning: PySoundFile failed. Trying audioread instead.
  audio, sr = librosa.load(src, sr=SAMPLE_RATE, mono=True)
/workspace/26Dacon_DeepVoice/.venv/lib/python3.11/site-packages/librosa/core/audio.py:184: FutureWarning: librosa.core.audio.__audioread_load
	Deprecated as of librosa version 0.10.0.
	It will be removed in librosa version 1.0.
  y, sr_native = __audioread_load(path, offset, duration, dtype)
[ok] real_51486 (train=729 valid=79)
/workspace/26Dacon_DeepVoice/data_pipeline/download_real_clips.py:78: UserWarning: PySoundFile failed. Trying audioread instead.
  audio, sr = librosa.load(src, sr=SAMPLE_RATE, mono=True)
/workspace/26Dacon_DeepVoice/.venv/lib/python3.11/site-packages/librosa/core/audio.py:184: FutureWarning: librosa.core.audio.__audioread_load
	Deprecated as of librosa version 0.10.0.
	It will be removed in librosa version 1.0.
  y, sr_native = __audioread_load(path, offset, duration, dtype)
/workspace/26Dacon_DeepVoice/data_pipeline/download_real_clips.py:78: UserWarning: PySoundFile failed. Trying audioread instead.
  audio, sr = librosa.load(src, sr=SAMPLE_RATE, mono=True)
/workspace/26Dacon_DeepVoice/.venv/lib/python3.11/site-packages/librosa/core/audio.py:184: FutureWarning: librosa.core.audio.__audioread_load
	Deprecated as of librosa version 0.10.0.
	It will be removed in librosa version 1.0.
  y, sr_native = __audioread_load(path, offset, duration, dtype)
[ok] real_42643 (train=730 valid=79)
[ok] real_14889 (train=731 valid=79)
/workspace/26Dacon_DeepVoice/data_pipeline/download_real_clips.py:78: UserWarning: PySoundFile failed. Trying audioread instead.
  audio, sr = librosa.load(src, sr=SAMPLE_RATE, mono=True)
/workspace/26Dacon_DeepVoice/.venv/lib/python3.11/site-packages/librosa/core/audio.py:184: FutureWarning: librosa.core.audio.__audioread_load
	Deprecated as of librosa version 0.10.0.
	It will be removed in librosa version 1.0.
  y, sr_native = __audioread_load(path, offset, duration, dtype)
/workspace/26Dacon_DeepVoice/data_pipeline/download_real_clips.py:78: UserWarning: PySoundFile failed. Trying audioread instead.
  audio, sr = librosa.load(src, sr=SAMPLE_RATE, mono=True)
/workspace/26Dacon_DeepVoice/.venv/lib/python3.11/site-packages/librosa/core/audio.py:184: FutureWarning: librosa.core.audio.__audioread_load
	Deprecated as of librosa version 0.10.0.
	It will be removed in librosa version 1.0.
  y, sr_native = __audioread_load(path, offset, duration, dtype)
[ok] real_34773 (train=732 valid=79)
[ok] real_09682 (train=732 valid=80)
/workspace/26Dacon_DeepVoice/data_pipeline/download_real_clips.py:78: UserWarning: PySoundFile failed. Trying audioread instead.
  audio, sr = librosa.load(src, sr=SAMPLE_RATE, mono=True)
/workspace/26Dacon_DeepVoice/.venv/lib/python3.11/site-packages/librosa/core/audio.py:184: FutureWarning: librosa.core.audio.__audioread_load
	Deprecated as of librosa version 0.10.0.
	It will be removed in librosa version 1.0.
  y, sr_native = __audioread_load(path, offset, duration, dtype)
[ok] real_08223 (train=732 valid=81)
/workspace/26Dacon_DeepVoice/data_pipeline/download_real_clips.py:78: UserWarning: PySoundFile failed. Trying audioread instead.
  audio, sr = librosa.load(src, sr=SAMPLE_RATE, mono=True)
/workspace/26Dacon_DeepVoice/.venv/lib/python3.11/site-packages/librosa/core/audio.py:184: FutureWarning: librosa.core.audio.__audioread_load
	Deprecated as of librosa version 0.10.0.
	It will be removed in librosa version 1.0.
  y, sr_native = __audioread_load(path, offset, duration, dtype)
[ok] real_03296 (train=733 valid=81)
/workspace/26Dacon_DeepVoice/data_pipeline/download_real_clips.py:78: UserWarning: PySoundFile failed. Trying audioread instead.
  audio, sr = librosa.load(src, sr=SAMPLE_RATE, mono=True)
/workspace/26Dacon_DeepVoice/.venv/lib/python3.11/site-packages/librosa/core/audio.py:184: FutureWarning: librosa.core.audio.__audioread_load
	Deprecated as of librosa version 0.10.0.
	It will be removed in librosa version 1.0.
  y, sr_native = __audioread_load(path, offset, duration, dtype)
ERROR: [youtube] zD1DHQgmELc: Video unavailable
[fail] real_47152 (zD1DHQgmELc): ERROR: [youtube] zD1DHQgmELc: Video unavailable
[ok] real_52461 (train=734 valid=81)
/workspace/26Dacon_DeepVoice/data_pipeline/download_real_clips.py:78: UserWarning: PySoundFile failed. Trying audioread instead.
  audio, sr = librosa.load(src, sr=SAMPLE_RATE, mono=True)
/workspace/26Dacon_DeepVoice/.venv/lib/python3.11/site-packages/librosa/core/audio.py:184: FutureWarning: librosa.core.audio.__audioread_load
	Deprecated as of librosa version 0.10.0.
	It will be removed in librosa version 1.0.
  y, sr_native = __audioread_load(path, offset, duration, dtype)
[ok] real_41971 (train=735 valid=81)
/workspace/26Dacon_DeepVoice/data_pipeline/download_real_clips.py:78: UserWarning: PySoundFile failed. Trying audioread instead.
  audio, sr = librosa.load(src, sr=SAMPLE_RATE, mono=True)
/workspace/26Dacon_DeepVoice/.venv/lib/python3.11/site-packages/librosa/core/audio.py:184: FutureWarning: librosa.core.audio.__audioread_load
	Deprecated as of librosa version 0.10.0.
	It will be removed in librosa version 1.0.
  y, sr_native = __audioread_load(path, offset, duration, dtype)
[ok] real_24239 (train=736 valid=81)
/workspace/26Dacon_DeepVoice/data_pipeline/download_real_clips.py:78: UserWarning: PySoundFile failed. Trying audioread instead.
  audio, sr = librosa.load(src, sr=SAMPLE_RATE, mono=True)
/workspace/26Dacon_DeepVoice/.venv/lib/python3.11/site-packages/librosa/core/audio.py:184: FutureWarning: librosa.core.audio.__audioread_load
	Deprecated as of librosa version 0.10.0.
	It will be removed in librosa version 1.0.
  y, sr_native = __audioread_load(path, offset, duration, dtype)
[ok] real_37875 (train=737 valid=81)
/workspace/26Dacon_DeepVoice/data_pipeline/download_real_clips.py:78: UserWarning: PySoundFile failed. Trying audioread instead.
  audio, sr = librosa.load(src, sr=SAMPLE_RATE, mono=True)
/workspace/26Dacon_DeepVoice/.venv/lib/python3.11/site-packages/librosa/core/audio.py:184: FutureWarning: librosa.core.audio.__audioread_load
	Deprecated as of librosa version 0.10.0.
	It will be removed in librosa version 1.0.
  y, sr_native = __audioread_load(path, offset, duration, dtype)
/workspace/26Dacon_DeepVoice/data_pipeline/download_real_clips.py:78: UserWarning: PySoundFile failed. Trying audioread instead.
  audio, sr = librosa.load(src, sr=SAMPLE_RATE, mono=True)
/workspace/26Dacon_DeepVoice/.venv/lib/python3.11/site-packages/librosa/core/audio.py:184: FutureWarning: librosa.core.audio.__audioread_load
	Deprecated as of librosa version 0.10.0.
	It will be removed in librosa version 1.0.
  y, sr_native = __audioread_load(path, offset, duration, dtype)
[ok] real_29814 (train=738 valid=81)
/workspace/26Dacon_DeepVoice/data_pipeline/download_real_clips.py:78: UserWarning: PySoundFile failed. Trying audioread instead.
  audio, sr = librosa.load(src, sr=SAMPLE_RATE, mono=True)
/workspace/26Dacon_DeepVoice/.venv/lib/python3.11/site-packages/librosa/core/audio.py:184: FutureWarning: librosa.core.audio.__audioread_load
	Deprecated as of librosa version 0.10.0.
	It will be removed in librosa version 1.0.
  y, sr_native = __audioread_load(path, offset, duration, dtype)
[ok] real_49149 (train=739 valid=81)
[ok] real_38137 (train=740 valid=81)
/workspace/26Dacon_DeepVoice/data_pipeline/download_real_clips.py:78: UserWarning: PySoundFile failed. Trying audioread instead.
  audio, sr = librosa.load(src, sr=SAMPLE_RATE, mono=True)
/workspace/26Dacon_DeepVoice/.venv/lib/python3.11/site-packages/librosa/core/audio.py:184: FutureWarning: librosa.core.audio.__audioread_load
	Deprecated as of librosa version 0.10.0.
	It will be removed in librosa version 1.0.
  y, sr_native = __audioread_load(path, offset, duration, dtype)
[ok] real_37146 (train=741 valid=81)
/workspace/26Dacon_DeepVoice/data_pipeline/download_real_clips.py:78: UserWarning: PySoundFile failed. Trying audioread instead.
  audio, sr = librosa.load(src, sr=SAMPLE_RATE, mono=True)
/workspace/26Dacon_DeepVoice/.venv/lib/python3.11/site-packages/librosa/core/audio.py:184: FutureWarning: librosa.core.audio.__audioread_load
	Deprecated as of librosa version 0.10.0.
	It will be removed in librosa version 1.0.
  y, sr_native = __audioread_load(path, offset, duration, dtype)
[ok] real_01919 (train=742 valid=81)
/workspace/26Dacon_DeepVoice/data_pipeline/download_real_clips.py:78: UserWarning: PySoundFile failed. Trying audioread instead.
  audio, sr = librosa.load(src, sr=SAMPLE_RATE, mono=True)
/workspace/26Dacon_DeepVoice/.venv/lib/python3.11/site-packages/librosa/core/audio.py:184: FutureWarning: librosa.core.audio.__audioread_load
	Deprecated as of librosa version 0.10.0.
	It will be removed in librosa version 1.0.
  y, sr_native = __audioread_load(path, offset, duration, dtype)
ERROR: [youtube] 6ne-jnLUZ50: Video unavailable
[fail] real_21676 (6ne-jnLUZ50): ERROR: [youtube] 6ne-jnLUZ50: Video unavailable
[ok] real_19258 (train=743 valid=81)
/workspace/26Dacon_DeepVoice/data_pipeline/download_real_clips.py:78: UserWarning: PySoundFile failed. Trying audioread instead.
  audio, sr = librosa.load(src, sr=SAMPLE_RATE, mono=True)
/workspace/26Dacon_DeepVoice/.venv/lib/python3.11/site-packages/librosa/core/audio.py:184: FutureWarning: librosa.core.audio.__audioread_load
	Deprecated as of librosa version 0.10.0.
	It will be removed in librosa version 1.0.
  y, sr_native = __audioread_load(path, offset, duration, dtype)
[ok] real_20438 (train=744 valid=81)
[ok] real_18440 (train=745 valid=81)
ERROR: [youtube] Dqol29Dxkss: Video unavailable
[fail] real_13948 (Dqol29Dxkss): ERROR: [youtube] Dqol29Dxkss: Video unavailable
/workspace/26Dacon_DeepVoice/data_pipeline/download_real_clips.py:78: UserWarning: PySoundFile failed. Trying audioread instead.
  audio, sr = librosa.load(src, sr=SAMPLE_RATE, mono=True)
/workspace/26Dacon_DeepVoice/.venv/lib/python3.11/site-packages/librosa/core/audio.py:184: FutureWarning: librosa.core.audio.__audioread_load
	Deprecated as of librosa version 0.10.0.
	It will be removed in librosa version 1.0.
  y, sr_native = __audioread_load(path, offset, duration, dtype)
[ok] real_45665 (train=746 valid=81)
/workspace/26Dacon_DeepVoice/data_pipeline/download_real_clips.py:78: UserWarning: PySoundFile failed. Trying audioread instead.
  audio, sr = librosa.load(src, sr=SAMPLE_RATE, mono=True)
/workspace/26Dacon_DeepVoice/.venv/lib/python3.11/site-packages/librosa/core/audio.py:184: FutureWarning: librosa.core.audio.__audioread_load
	Deprecated as of librosa version 0.10.0.
	It will be removed in librosa version 1.0.
  y, sr_native = __audioread_load(path, offset, duration, dtype)
/workspace/26Dacon_DeepVoice/data_pipeline/download_real_clips.py:78: UserWarning: PySoundFile failed. Trying audioread instead.
  audio, sr = librosa.load(src, sr=SAMPLE_RATE, mono=True)
/workspace/26Dacon_DeepVoice/.venv/lib/python3.11/site-packages/librosa/core/audio.py:184: FutureWarning: librosa.core.audio.__audioread_load
	Deprecated as of librosa version 0.10.0.
	It will be removed in librosa version 1.0.
  y, sr_native = __audioread_load(path, offset, duration, dtype)
[ok] real_11054 (train=746 valid=82)
[ok] real_46409 (train=747 valid=82)
/workspace/26Dacon_DeepVoice/data_pipeline/download_real_clips.py:78: UserWarning: PySoundFile failed. Trying audioread instead.
  audio, sr = librosa.load(src, sr=SAMPLE_RATE, mono=True)
/workspace/26Dacon_DeepVoice/.venv/lib/python3.11/site-packages/librosa/core/audio.py:184: FutureWarning: librosa.core.audio.__audioread_load
	Deprecated as of librosa version 0.10.0.
	It will be removed in librosa version 1.0.
  y, sr_native = __audioread_load(path, offset, duration, dtype)
[ok] real_33302 (train=748 valid=82)
/workspace/26Dacon_DeepVoice/data_pipeline/download_real_clips.py:78: UserWarning: PySoundFile failed. Trying audioread instead.
  audio, sr = librosa.load(src, sr=SAMPLE_RATE, mono=True)
/workspace/26Dacon_DeepVoice/.venv/lib/python3.11/site-packages/librosa/core/audio.py:184: FutureWarning: librosa.core.audio.__audioread_load
	Deprecated as of librosa version 0.10.0.
	It will be removed in librosa version 1.0.
  y, sr_native = __audioread_load(path, offset, duration, dtype)
[ok] real_21445 (train=749 valid=82)
/workspace/26Dacon_DeepVoice/data_pipeline/download_real_clips.py:78: UserWarning: PySoundFile failed. Trying audioread instead.
  audio, sr = librosa.load(src, sr=SAMPLE_RATE, mono=True)
/workspace/26Dacon_DeepVoice/.venv/lib/python3.11/site-packages/librosa/core/audio.py:184: FutureWarning: librosa.core.audio.__audioread_load
	Deprecated as of librosa version 0.10.0.
	It will be removed in librosa version 1.0.
  y, sr_native = __audioread_load(path, offset, duration, dtype)
[ok] real_31235 (train=750 valid=82)
/workspace/26Dacon_DeepVoice/data_pipeline/download_real_clips.py:78: UserWarning: PySoundFile failed. Trying audioread instead.
  audio, sr = librosa.load(src, sr=SAMPLE_RATE, mono=True)
/workspace/26Dacon_DeepVoice/.venv/lib/python3.11/site-packages/librosa/core/audio.py:184: FutureWarning: librosa.core.audio.__audioread_load
	Deprecated as of librosa version 0.10.0.
	It will be removed in librosa version 1.0.
  y, sr_native = __audioread_load(path, offset, duration, dtype)
/workspace/26Dacon_DeepVoice/data_pipeline/download_real_clips.py:78: UserWarning: PySoundFile failed. Trying audioread instead.
  audio, sr = librosa.load(src, sr=SAMPLE_RATE, mono=True)
/workspace/26Dacon_DeepVoice/.venv/lib/python3.11/site-packages/librosa/core/audio.py:184: FutureWarning: librosa.core.audio.__audioread_load
	Deprecated as of librosa version 0.10.0.
	It will be removed in librosa version 1.0.
  y, sr_native = __audioread_load(path, offset, duration, dtype)
[ok] real_06659 (train=751 valid=82)
/workspace/26Dacon_DeepVoice/data_pipeline/download_real_clips.py:78: UserWarning: PySoundFile failed. Trying audioread instead.
  audio, sr = librosa.load(src, sr=SAMPLE_RATE, mono=True)
/workspace/26Dacon_DeepVoice/.venv/lib/python3.11/site-packages/librosa/core/audio.py:184: FutureWarning: librosa.core.audio.__audioread_load
	Deprecated as of librosa version 0.10.0.
	It will be removed in librosa version 1.0.
  y, sr_native = __audioread_load(path, offset, duration, dtype)
[ok] real_38983 (train=752 valid=82)
[ok] real_28923 (train=753 valid=82)
/workspace/26Dacon_DeepVoice/data_pipeline/download_real_clips.py:78: UserWarning: PySoundFile failed. Trying audioread instead.
  audio, sr = librosa.load(src, sr=SAMPLE_RATE, mono=True)
/workspace/26Dacon_DeepVoice/.venv/lib/python3.11/site-packages/librosa/core/audio.py:184: FutureWarning: librosa.core.audio.__audioread_load
	Deprecated as of librosa version 0.10.0.
	It will be removed in librosa version 1.0.
  y, sr_native = __audioread_load(path, offset, duration, dtype)
/workspace/26Dacon_DeepVoice/data_pipeline/download_real_clips.py:78: UserWarning: PySoundFile failed. Trying audioread instead.
  audio, sr = librosa.load(src, sr=SAMPLE_RATE, mono=True)
/workspace/26Dacon_DeepVoice/.venv/lib/python3.11/site-packages/librosa/core/audio.py:184: FutureWarning: librosa.core.audio.__audioread_load
	Deprecated as of librosa version 0.10.0.
	It will be removed in librosa version 1.0.
  y, sr_native = __audioread_load(path, offset, duration, dtype)
[ok] real_14781 (train=754 valid=82)
[ok] real_51957 (train=755 valid=82)
/workspace/26Dacon_DeepVoice/data_pipeline/download_real_clips.py:78: UserWarning: PySoundFile failed. Trying audioread instead.
  audio, sr = librosa.load(src, sr=SAMPLE_RATE, mono=True)
/workspace/26Dacon_DeepVoice/.venv/lib/python3.11/site-packages/librosa/core/audio.py:184: FutureWarning: librosa.core.audio.__audioread_load
	Deprecated as of librosa version 0.10.0.
	It will be removed in librosa version 1.0.
  y, sr_native = __audioread_load(path, offset, duration, dtype)
[ok] real_49277 (train=756 valid=82)
/workspace/26Dacon_DeepVoice/data_pipeline/download_real_clips.py:78: UserWarning: PySoundFile failed. Trying audioread instead.
  audio, sr = librosa.load(src, sr=SAMPLE_RATE, mono=True)
/workspace/26Dacon_DeepVoice/.venv/lib/python3.11/site-packages/librosa/core/audio.py:184: FutureWarning: librosa.core.audio.__audioread_load
	Deprecated as of librosa version 0.10.0.
	It will be removed in librosa version 1.0.
  y, sr_native = __audioread_load(path, offset, duration, dtype)
/workspace/26Dacon_DeepVoice/data_pipeline/download_real_clips.py:78: UserWarning: PySoundFile failed. Trying audioread instead.
  audio, sr = librosa.load(src, sr=SAMPLE_RATE, mono=True)
/workspace/26Dacon_DeepVoice/.venv/lib/python3.11/site-packages/librosa/core/audio.py:184: FutureWarning: librosa.core.audio.__audioread_load
	Deprecated as of librosa version 0.10.0.
	It will be removed in librosa version 1.0.
  y, sr_native = __audioread_load(path, offset, duration, dtype)
[ok] real_08513 (train=757 valid=82)
[ok] real_39675 (train=757 valid=83)
/workspace/26Dacon_DeepVoice/data_pipeline/download_real_clips.py:78: UserWarning: PySoundFile failed. Trying audioread instead.
  audio, sr = librosa.load(src, sr=SAMPLE_RATE, mono=True)
/workspace/26Dacon_DeepVoice/.venv/lib/python3.11/site-packages/librosa/core/audio.py:184: FutureWarning: librosa.core.audio.__audioread_load
	Deprecated as of librosa version 0.10.0.
	It will be removed in librosa version 1.0.
  y, sr_native = __audioread_load(path, offset, duration, dtype)
[ok] real_04631 (train=758 valid=83)
/workspace/26Dacon_DeepVoice/data_pipeline/download_real_clips.py:78: UserWarning: PySoundFile failed. Trying audioread instead.
  audio, sr = librosa.load(src, sr=SAMPLE_RATE, mono=True)
/workspace/26Dacon_DeepVoice/.venv/lib/python3.11/site-packages/librosa/core/audio.py:184: FutureWarning: librosa.core.audio.__audioread_load
	Deprecated as of librosa version 0.10.0.
	It will be removed in librosa version 1.0.
  y, sr_native = __audioread_load(path, offset, duration, dtype)
[ok] real_33236 (train=759 valid=83)
/workspace/26Dacon_DeepVoice/data_pipeline/download_real_clips.py:78: UserWarning: PySoundFile failed. Trying audioread instead.
  audio, sr = librosa.load(src, sr=SAMPLE_RATE, mono=True)
/workspace/26Dacon_DeepVoice/.venv/lib/python3.11/site-packages/librosa/core/audio.py:184: FutureWarning: librosa.core.audio.__audioread_load
	Deprecated as of librosa version 0.10.0.
	It will be removed in librosa version 1.0.
  y, sr_native = __audioread_load(path, offset, duration, dtype)
/workspace/26Dacon_DeepVoice/data_pipeline/download_real_clips.py:78: UserWarning: PySoundFile failed. Trying audioread instead.
  audio, sr = librosa.load(src, sr=SAMPLE_RATE, mono=True)
/workspace/26Dacon_DeepVoice/.venv/lib/python3.11/site-packages/librosa/core/audio.py:184: FutureWarning: librosa.core.audio.__audioread_load
	Deprecated as of librosa version 0.10.0.
	It will be removed in librosa version 1.0.
  y, sr_native = __audioread_load(path, offset, duration, dtype)
/workspace/26Dacon_DeepVoice/data_pipeline/download_real_clips.py:78: UserWarning: PySoundFile failed. Trying audioread instead.
  audio, sr = librosa.load(src, sr=SAMPLE_RATE, mono=True)
/workspace/26Dacon_DeepVoice/.venv/lib/python3.11/site-packages/librosa/core/audio.py:184: FutureWarning: librosa.core.audio.__audioread_load
	Deprecated as of librosa version 0.10.0.
	It will be removed in librosa version 1.0.
  y, sr_native = __audioread_load(path, offset, duration, dtype)
[ok] real_09749 (train=760 valid=83)
[ok] real_04056 (train=761 valid=83)
/workspace/26Dacon_DeepVoice/data_pipeline/download_real_clips.py:78: UserWarning: PySoundFile failed. Trying audioread instead.
  audio, sr = librosa.load(src, sr=SAMPLE_RATE, mono=True)
/workspace/26Dacon_DeepVoice/.venv/lib/python3.11/site-packages/librosa/core/audio.py:184: FutureWarning: librosa.core.audio.__audioread_load
	Deprecated as of librosa version 0.10.0.
	It will be removed in librosa version 1.0.
  y, sr_native = __audioread_load(path, offset, duration, dtype)
[ok] real_46455 (train=762 valid=83)
/workspace/26Dacon_DeepVoice/data_pipeline/download_real_clips.py:78: UserWarning: PySoundFile failed. Trying audioread instead.
  audio, sr = librosa.load(src, sr=SAMPLE_RATE, mono=True)
/workspace/26Dacon_DeepVoice/.venv/lib/python3.11/site-packages/librosa/core/audio.py:184: FutureWarning: librosa.core.audio.__audioread_load
	Deprecated as of librosa version 0.10.0.
	It will be removed in librosa version 1.0.
  y, sr_native = __audioread_load(path, offset, duration, dtype)
[ok] real_03850 (train=763 valid=83)
[ok] real_05128 (train=764 valid=83)
/workspace/26Dacon_DeepVoice/data_pipeline/download_real_clips.py:78: UserWarning: PySoundFile failed. Trying audioread instead.
  audio, sr = librosa.load(src, sr=SAMPLE_RATE, mono=True)
/workspace/26Dacon_DeepVoice/.venv/lib/python3.11/site-packages/librosa/core/audio.py:184: FutureWarning: librosa.core.audio.__audioread_load
	Deprecated as of librosa version 0.10.0.
	It will be removed in librosa version 1.0.
  y, sr_native = __audioread_load(path, offset, duration, dtype)
[ok] real_50953 (train=765 valid=83)
/workspace/26Dacon_DeepVoice/data_pipeline/download_real_clips.py:78: UserWarning: PySoundFile failed. Trying audioread instead.
  audio, sr = librosa.load(src, sr=SAMPLE_RATE, mono=True)
/workspace/26Dacon_DeepVoice/.venv/lib/python3.11/site-packages/librosa/core/audio.py:184: FutureWarning: librosa.core.audio.__audioread_load
	Deprecated as of librosa version 0.10.0.
	It will be removed in librosa version 1.0.
  y, sr_native = __audioread_load(path, offset, duration, dtype)
/workspace/26Dacon_DeepVoice/data_pipeline/download_real_clips.py:78: UserWarning: PySoundFile failed. Trying audioread instead.
  audio, sr = librosa.load(src, sr=SAMPLE_RATE, mono=True)
/workspace/26Dacon_DeepVoice/.venv/lib/python3.11/site-packages/librosa/core/audio.py:184: FutureWarning: librosa.core.audio.__audioread_load
	Deprecated as of librosa version 0.10.0.
	It will be removed in librosa version 1.0.
  y, sr_native = __audioread_load(path, offset, duration, dtype)
[ok] real_32999 (train=766 valid=83)
/workspace/26Dacon_DeepVoice/data_pipeline/download_real_clips.py:78: UserWarning: PySoundFile failed. Trying audioread instead.
  audio, sr = librosa.load(src, sr=SAMPLE_RATE, mono=True)
/workspace/26Dacon_DeepVoice/.venv/lib/python3.11/site-packages/librosa/core/audio.py:184: FutureWarning: librosa.core.audio.__audioread_load
	Deprecated as of librosa version 0.10.0.
	It will be removed in librosa version 1.0.
  y, sr_native = __audioread_load(path, offset, duration, dtype)
/workspace/26Dacon_DeepVoice/data_pipeline/download_real_clips.py:78: UserWarning: PySoundFile failed. Trying audioread instead.
  audio, sr = librosa.load(src, sr=SAMPLE_RATE, mono=True)
/workspace/26Dacon_DeepVoice/.venv/lib/python3.11/site-packages/librosa/core/audio.py:184: FutureWarning: librosa.core.audio.__audioread_load
	Deprecated as of librosa version 0.10.0.
	It will be removed in librosa version 1.0.
  y, sr_native = __audioread_load(path, offset, duration, dtype)
[ok] real_14522 (train=767 valid=83)
[ok] real_02306 (train=768 valid=83)
[ok] real_31345 (train=769 valid=83)
ERROR: [youtube] 9wgDRAy9FbE: Video unavailable
[fail] real_02649 (9wgDRAy9FbE): ERROR: [youtube] 9wgDRAy9FbE: Video unavailable
/workspace/26Dacon_DeepVoice/data_pipeline/download_real_clips.py:78: UserWarning: PySoundFile failed. Trying audioread instead.
  audio, sr = librosa.load(src, sr=SAMPLE_RATE, mono=True)
/workspace/26Dacon_DeepVoice/.venv/lib/python3.11/site-packages/librosa/core/audio.py:184: FutureWarning: librosa.core.audio.__audioread_load
	Deprecated as of librosa version 0.10.0.
	It will be removed in librosa version 1.0.
  y, sr_native = __audioread_load(path, offset, duration, dtype)
[ok] real_05588 (train=770 valid=83)
/workspace/26Dacon_DeepVoice/data_pipeline/download_real_clips.py:78: UserWarning: PySoundFile failed. Trying audioread instead.
  audio, sr = librosa.load(src, sr=SAMPLE_RATE, mono=True)
/workspace/26Dacon_DeepVoice/.venv/lib/python3.11/site-packages/librosa/core/audio.py:184: FutureWarning: librosa.core.audio.__audioread_load
	Deprecated as of librosa version 0.10.0.
	It will be removed in librosa version 1.0.
  y, sr_native = __audioread_load(path, offset, duration, dtype)
/workspace/26Dacon_DeepVoice/data_pipeline/download_real_clips.py:78: UserWarning: PySoundFile failed. Trying audioread instead.
  audio, sr = librosa.load(src, sr=SAMPLE_RATE, mono=True)
/workspace/26Dacon_DeepVoice/.venv/lib/python3.11/site-packages/librosa/core/audio.py:184: FutureWarning: librosa.core.audio.__audioread_load
	Deprecated as of librosa version 0.10.0.
	It will be removed in librosa version 1.0.
  y, sr_native = __audioread_load(path, offset, duration, dtype)
[ok] real_19474 (train=771 valid=83)
[ok] real_50761 (train=772 valid=83)
/workspace/26Dacon_DeepVoice/data_pipeline/download_real_clips.py:78: UserWarning: PySoundFile failed. Trying audioread instead.
  audio, sr = librosa.load(src, sr=SAMPLE_RATE, mono=True)
/workspace/26Dacon_DeepVoice/.venv/lib/python3.11/site-packages/librosa/core/audio.py:184: FutureWarning: librosa.core.audio.__audioread_load
	Deprecated as of librosa version 0.10.0.
	It will be removed in librosa version 1.0.
  y, sr_native = __audioread_load(path, offset, duration, dtype)
[ok] real_19662 (train=772 valid=84)
/workspace/26Dacon_DeepVoice/data_pipeline/download_real_clips.py:78: UserWarning: PySoundFile failed. Trying audioread instead.
  audio, sr = librosa.load(src, sr=SAMPLE_RATE, mono=True)
/workspace/26Dacon_DeepVoice/.venv/lib/python3.11/site-packages/librosa/core/audio.py:184: FutureWarning: librosa.core.audio.__audioread_load
	Deprecated as of librosa version 0.10.0.
	It will be removed in librosa version 1.0.
  y, sr_native = __audioread_load(path, offset, duration, dtype)
[ok] real_48043 (train=773 valid=84)
/workspace/26Dacon_DeepVoice/data_pipeline/download_real_clips.py:78: UserWarning: PySoundFile failed. Trying audioread instead.
  audio, sr = librosa.load(src, sr=SAMPLE_RATE, mono=True)
/workspace/26Dacon_DeepVoice/.venv/lib/python3.11/site-packages/librosa/core/audio.py:184: FutureWarning: librosa.core.audio.__audioread_load
	Deprecated as of librosa version 0.10.0.
	It will be removed in librosa version 1.0.
  y, sr_native = __audioread_load(path, offset, duration, dtype)
[ok] real_05987 (train=774 valid=84)
/workspace/26Dacon_DeepVoice/data_pipeline/download_real_clips.py:78: UserWarning: PySoundFile failed. Trying audioread instead.
  audio, sr = librosa.load(src, sr=SAMPLE_RATE, mono=True)
/workspace/26Dacon_DeepVoice/.venv/lib/python3.11/site-packages/librosa/core/audio.py:184: FutureWarning: librosa.core.audio.__audioread_load
	Deprecated as of librosa version 0.10.0.
	It will be removed in librosa version 1.0.
  y, sr_native = __audioread_load(path, offset, duration, dtype)
[ok] real_28759 (train=775 valid=84)
/workspace/26Dacon_DeepVoice/data_pipeline/download_real_clips.py:78: UserWarning: PySoundFile failed. Trying audioread instead.
  audio, sr = librosa.load(src, sr=SAMPLE_RATE, mono=True)
/workspace/26Dacon_DeepVoice/.venv/lib/python3.11/site-packages/librosa/core/audio.py:184: FutureWarning: librosa.core.audio.__audioread_load
	Deprecated as of librosa version 0.10.0.
	It will be removed in librosa version 1.0.
  y, sr_native = __audioread_load(path, offset, duration, dtype)
/workspace/26Dacon_DeepVoice/data_pipeline/download_real_clips.py:78: UserWarning: PySoundFile failed. Trying audioread instead.
  audio, sr = librosa.load(src, sr=SAMPLE_RATE, mono=True)
/workspace/26Dacon_DeepVoice/.venv/lib/python3.11/site-packages/librosa/core/audio.py:184: FutureWarning: librosa.core.audio.__audioread_load
	Deprecated as of librosa version 0.10.0.
	It will be removed in librosa version 1.0.
  y, sr_native = __audioread_load(path, offset, duration, dtype)
/workspace/26Dacon_DeepVoice/data_pipeline/download_real_clips.py:78: UserWarning: PySoundFile failed. Trying audioread instead.
  audio, sr = librosa.load(src, sr=SAMPLE_RATE, mono=True)
/workspace/26Dacon_DeepVoice/.venv/lib/python3.11/site-packages/librosa/core/audio.py:184: FutureWarning: librosa.core.audio.__audioread_load
	Deprecated as of librosa version 0.10.0.
	It will be removed in librosa version 1.0.
  y, sr_native = __audioread_load(path, offset, duration, dtype)
[ok] real_29547 (train=776 valid=84)
[ok] real_08847 (train=777 valid=84)
[ok] real_42396 (train=778 valid=84)
/workspace/26Dacon_DeepVoice/data_pipeline/download_real_clips.py:78: UserWarning: PySoundFile failed. Trying audioread instead.
  audio, sr = librosa.load(src, sr=SAMPLE_RATE, mono=True)
/workspace/26Dacon_DeepVoice/.venv/lib/python3.11/site-packages/librosa/core/audio.py:184: FutureWarning: librosa.core.audio.__audioread_load
	Deprecated as of librosa version 0.10.0.
	It will be removed in librosa version 1.0.
  y, sr_native = __audioread_load(path, offset, duration, dtype)
[ok] real_16979 (train=779 valid=84)
/workspace/26Dacon_DeepVoice/data_pipeline/download_real_clips.py:78: UserWarning: PySoundFile failed. Trying audioread instead.
  audio, sr = librosa.load(src, sr=SAMPLE_RATE, mono=True)
/workspace/26Dacon_DeepVoice/.venv/lib/python3.11/site-packages/librosa/core/audio.py:184: FutureWarning: librosa.core.audio.__audioread_load
	Deprecated as of librosa version 0.10.0.
	It will be removed in librosa version 1.0.
  y, sr_native = __audioread_load(path, offset, duration, dtype)
[ok] real_01887 (train=780 valid=84)
/workspace/26Dacon_DeepVoice/data_pipeline/download_real_clips.py:78: UserWarning: PySoundFile failed. Trying audioread instead.
  audio, sr = librosa.load(src, sr=SAMPLE_RATE, mono=True)
/workspace/26Dacon_DeepVoice/.venv/lib/python3.11/site-packages/librosa/core/audio.py:184: FutureWarning: librosa.core.audio.__audioread_load
	Deprecated as of librosa version 0.10.0.
	It will be removed in librosa version 1.0.
  y, sr_native = __audioread_load(path, offset, duration, dtype)
[ok] real_16636 (train=781 valid=84)
/workspace/26Dacon_DeepVoice/data_pipeline/download_real_clips.py:78: UserWarning: PySoundFile failed. Trying audioread instead.
  audio, sr = librosa.load(src, sr=SAMPLE_RATE, mono=True)
/workspace/26Dacon_DeepVoice/.venv/lib/python3.11/site-packages/librosa/core/audio.py:184: FutureWarning: librosa.core.audio.__audioread_load
	Deprecated as of librosa version 0.10.0.
	It will be removed in librosa version 1.0.
  y, sr_native = __audioread_load(path, offset, duration, dtype)
/workspace/26Dacon_DeepVoice/data_pipeline/download_real_clips.py:78: UserWarning: PySoundFile failed. Trying audioread instead.
  audio, sr = librosa.load(src, sr=SAMPLE_RATE, mono=True)
/workspace/26Dacon_DeepVoice/.venv/lib/python3.11/site-packages/librosa/core/audio.py:184: FutureWarning: librosa.core.audio.__audioread_load
	Deprecated as of librosa version 0.10.0.
	It will be removed in librosa version 1.0.
  y, sr_native = __audioread_load(path, offset, duration, dtype)
[ok] real_29424 (train=781 valid=85)
[ok] real_50157 (train=782 valid=85)
/workspace/26Dacon_DeepVoice/data_pipeline/download_real_clips.py:78: UserWarning: PySoundFile failed. Trying audioread instead.
  audio, sr = librosa.load(src, sr=SAMPLE_RATE, mono=True)
/workspace/26Dacon_DeepVoice/.venv/lib/python3.11/site-packages/librosa/core/audio.py:184: FutureWarning: librosa.core.audio.__audioread_load
	Deprecated as of librosa version 0.10.0.
	It will be removed in librosa version 1.0.
  y, sr_native = __audioread_load(path, offset, duration, dtype)
[ok] real_06642 (train=783 valid=85)
/workspace/26Dacon_DeepVoice/data_pipeline/download_real_clips.py:78: UserWarning: PySoundFile failed. Trying audioread instead.
  audio, sr = librosa.load(src, sr=SAMPLE_RATE, mono=True)
/workspace/26Dacon_DeepVoice/.venv/lib/python3.11/site-packages/librosa/core/audio.py:184: FutureWarning: librosa.core.audio.__audioread_load
	Deprecated as of librosa version 0.10.0.
	It will be removed in librosa version 1.0.
  y, sr_native = __audioread_load(path, offset, duration, dtype)
[ok] real_03388 (train=784 valid=85)
/workspace/26Dacon_DeepVoice/data_pipeline/download_real_clips.py:78: UserWarning: PySoundFile failed. Trying audioread instead.
  audio, sr = librosa.load(src, sr=SAMPLE_RATE, mono=True)
/workspace/26Dacon_DeepVoice/.venv/lib/python3.11/site-packages/librosa/core/audio.py:184: FutureWarning: librosa.core.audio.__audioread_load
	Deprecated as of librosa version 0.10.0.
	It will be removed in librosa version 1.0.
  y, sr_native = __audioread_load(path, offset, duration, dtype)
/workspace/26Dacon_DeepVoice/data_pipeline/download_real_clips.py:78: UserWarning: PySoundFile failed. Trying audioread instead.
  audio, sr = librosa.load(src, sr=SAMPLE_RATE, mono=True)
/workspace/26Dacon_DeepVoice/.venv/lib/python3.11/site-packages/librosa/core/audio.py:184: FutureWarning: librosa.core.audio.__audioread_load
	Deprecated as of librosa version 0.10.0.
	It will be removed in librosa version 1.0.
  y, sr_native = __audioread_load(path, offset, duration, dtype)
[ok] real_17144 (train=785 valid=85)
/workspace/26Dacon_DeepVoice/data_pipeline/download_real_clips.py:78: UserWarning: PySoundFile failed. Trying audioread instead.
  audio, sr = librosa.load(src, sr=SAMPLE_RATE, mono=True)
/workspace/26Dacon_DeepVoice/.venv/lib/python3.11/site-packages/librosa/core/audio.py:184: FutureWarning: librosa.core.audio.__audioread_load
	Deprecated as of librosa version 0.10.0.
	It will be removed in librosa version 1.0.
  y, sr_native = __audioread_load(path, offset, duration, dtype)
[ok] real_30148 (train=786 valid=85)
[ok] real_12164 (train=787 valid=85)
/workspace/26Dacon_DeepVoice/data_pipeline/download_real_clips.py:78: UserWarning: PySoundFile failed. Trying audioread instead.
  audio, sr = librosa.load(src, sr=SAMPLE_RATE, mono=True)
/workspace/26Dacon_DeepVoice/.venv/lib/python3.11/site-packages/librosa/core/audio.py:184: FutureWarning: librosa.core.audio.__audioread_load
	Deprecated as of librosa version 0.10.0.
	It will be removed in librosa version 1.0.
  y, sr_native = __audioread_load(path, offset, duration, dtype)
/workspace/26Dacon_DeepVoice/data_pipeline/download_real_clips.py:78: UserWarning: PySoundFile failed. Trying audioread instead.
  audio, sr = librosa.load(src, sr=SAMPLE_RATE, mono=True)
/workspace/26Dacon_DeepVoice/.venv/lib/python3.11/site-packages/librosa/core/audio.py:184: FutureWarning: librosa.core.audio.__audioread_load
	Deprecated as of librosa version 0.10.0.
	It will be removed in librosa version 1.0.
  y, sr_native = __audioread_load(path, offset, duration, dtype)
[ok] real_44597 (train=788 valid=85)
[ok] real_33015 (train=789 valid=85)
/workspace/26Dacon_DeepVoice/data_pipeline/download_real_clips.py:78: UserWarning: PySoundFile failed. Trying audioread instead.
  audio, sr = librosa.load(src, sr=SAMPLE_RATE, mono=True)
/workspace/26Dacon_DeepVoice/.venv/lib/python3.11/site-packages/librosa/core/audio.py:184: FutureWarning: librosa.core.audio.__audioread_load
	Deprecated as of librosa version 0.10.0.
	It will be removed in librosa version 1.0.
  y, sr_native = __audioread_load(path, offset, duration, dtype)
/workspace/26Dacon_DeepVoice/data_pipeline/download_real_clips.py:78: UserWarning: PySoundFile failed. Trying audioread instead.
  audio, sr = librosa.load(src, sr=SAMPLE_RATE, mono=True)
/workspace/26Dacon_DeepVoice/.venv/lib/python3.11/site-packages/librosa/core/audio.py:184: FutureWarning: librosa.core.audio.__audioread_load
	Deprecated as of librosa version 0.10.0.
	It will be removed in librosa version 1.0.
  y, sr_native = __audioread_load(path, offset, duration, dtype)
[ok] real_02257 (train=790 valid=85)
[ok] real_04368 (train=791 valid=85)
/workspace/26Dacon_DeepVoice/data_pipeline/download_real_clips.py:78: UserWarning: PySoundFile failed. Trying audioread instead.
  audio, sr = librosa.load(src, sr=SAMPLE_RATE, mono=True)
/workspace/26Dacon_DeepVoice/.venv/lib/python3.11/site-packages/librosa/core/audio.py:184: FutureWarning: librosa.core.audio.__audioread_load
	Deprecated as of librosa version 0.10.0.
	It will be removed in librosa version 1.0.
  y, sr_native = __audioread_load(path, offset, duration, dtype)
/workspace/26Dacon_DeepVoice/data_pipeline/download_real_clips.py:78: UserWarning: PySoundFile failed. Trying audioread instead.
  audio, sr = librosa.load(src, sr=SAMPLE_RATE, mono=True)
/workspace/26Dacon_DeepVoice/.venv/lib/python3.11/site-packages/librosa/core/audio.py:184: FutureWarning: librosa.core.audio.__audioread_load
	Deprecated as of librosa version 0.10.0.
	It will be removed in librosa version 1.0.
  y, sr_native = __audioread_load(path, offset, duration, dtype)
[ok] real_36727 (train=792 valid=85)
[ok] real_06461 (train=793 valid=85)
/workspace/26Dacon_DeepVoice/data_pipeline/download_real_clips.py:78: UserWarning: PySoundFile failed. Trying audioread instead.
  audio, sr = librosa.load(src, sr=SAMPLE_RATE, mono=True)
/workspace/26Dacon_DeepVoice/.venv/lib/python3.11/site-packages/librosa/core/audio.py:184: FutureWarning: librosa.core.audio.__audioread_load
	Deprecated as of librosa version 0.10.0.
	It will be removed in librosa version 1.0.
  y, sr_native = __audioread_load(path, offset, duration, dtype)
/workspace/26Dacon_DeepVoice/data_pipeline/download_real_clips.py:78: UserWarning: PySoundFile failed. Trying audioread instead.
  audio, sr = librosa.load(src, sr=SAMPLE_RATE, mono=True)
/workspace/26Dacon_DeepVoice/.venv/lib/python3.11/site-packages/librosa/core/audio.py:184: FutureWarning: librosa.core.audio.__audioread_load
	Deprecated as of librosa version 0.10.0.
	It will be removed in librosa version 1.0.
  y, sr_native = __audioread_load(path, offset, duration, dtype)
[ok] real_35505 (train=793 valid=86)
[ok] real_31309 (train=794 valid=86)
[ok] real_14092 (train=795 valid=86)
/workspace/26Dacon_DeepVoice/data_pipeline/download_real_clips.py:78: UserWarning: PySoundFile failed. Trying audioread instead.
  audio, sr = librosa.load(src, sr=SAMPLE_RATE, mono=True)
/workspace/26Dacon_DeepVoice/.venv/lib/python3.11/site-packages/librosa/core/audio.py:184: FutureWarning: librosa.core.audio.__audioread_load
	Deprecated as of librosa version 0.10.0.
	It will be removed in librosa version 1.0.
  y, sr_native = __audioread_load(path, offset, duration, dtype)
/workspace/26Dacon_DeepVoice/data_pipeline/download_real_clips.py:78: UserWarning: PySoundFile failed. Trying audioread instead.
  audio, sr = librosa.load(src, sr=SAMPLE_RATE, mono=True)
/workspace/26Dacon_DeepVoice/.venv/lib/python3.11/site-packages/librosa/core/audio.py:184: FutureWarning: librosa.core.audio.__audioread_load
	Deprecated as of librosa version 0.10.0.
	It will be removed in librosa version 1.0.
  y, sr_native = __audioread_load(path, offset, duration, dtype)
[ok] real_14970 (train=796 valid=86)
/workspace/26Dacon_DeepVoice/data_pipeline/download_real_clips.py:78: UserWarning: PySoundFile failed. Trying audioread instead.
  audio, sr = librosa.load(src, sr=SAMPLE_RATE, mono=True)
/workspace/26Dacon_DeepVoice/.venv/lib/python3.11/site-packages/librosa/core/audio.py:184: FutureWarning: librosa.core.audio.__audioread_load
	Deprecated as of librosa version 0.10.0.
	It will be removed in librosa version 1.0.
  y, sr_native = __audioread_load(path, offset, duration, dtype)
/workspace/26Dacon_DeepVoice/data_pipeline/download_real_clips.py:78: UserWarning: PySoundFile failed. Trying audioread instead.
  audio, sr = librosa.load(src, sr=SAMPLE_RATE, mono=True)
/workspace/26Dacon_DeepVoice/.venv/lib/python3.11/site-packages/librosa/core/audio.py:184: FutureWarning: librosa.core.audio.__audioread_load
	Deprecated as of librosa version 0.10.0.
	It will be removed in librosa version 1.0.
  y, sr_native = __audioread_load(path, offset, duration, dtype)
/workspace/26Dacon_DeepVoice/data_pipeline/download_real_clips.py:78: UserWarning: PySoundFile failed. Trying audioread instead.
  audio, sr = librosa.load(src, sr=SAMPLE_RATE, mono=True)
/workspace/26Dacon_DeepVoice/.venv/lib/python3.11/site-packages/librosa/core/audio.py:184: FutureWarning: librosa.core.audio.__audioread_load
	Deprecated as of librosa version 0.10.0.
	It will be removed in librosa version 1.0.
  y, sr_native = __audioread_load(path, offset, duration, dtype)
[ok] real_04059 (train=797 valid=86)
[ok] real_24560 (train=798 valid=86)
[ok] real_04177 (train=799 valid=86)
[ok] real_15008 (train=800 valid=86)
/workspace/26Dacon_DeepVoice/data_pipeline/download_real_clips.py:78: UserWarning: PySoundFile failed. Trying audioread instead.
  audio, sr = librosa.load(src, sr=SAMPLE_RATE, mono=True)
/workspace/26Dacon_DeepVoice/.venv/lib/python3.11/site-packages/librosa/core/audio.py:184: FutureWarning: librosa.core.audio.__audioread_load
	Deprecated as of librosa version 0.10.0.
	It will be removed in librosa version 1.0.
  y, sr_native = __audioread_load(path, offset, duration, dtype)
[ok] real_49198 (train=801 valid=86)
/workspace/26Dacon_DeepVoice/data_pipeline/download_real_clips.py:78: UserWarning: PySoundFile failed. Trying audioread instead.
  audio, sr = librosa.load(src, sr=SAMPLE_RATE, mono=True)
/workspace/26Dacon_DeepVoice/.venv/lib/python3.11/site-packages/librosa/core/audio.py:184: FutureWarning: librosa.core.audio.__audioread_load
	Deprecated as of librosa version 0.10.0.
	It will be removed in librosa version 1.0.
  y, sr_native = __audioread_load(path, offset, duration, dtype)
[ok] real_51279 (train=802 valid=86)
/workspace/26Dacon_DeepVoice/data_pipeline/download_real_clips.py:78: UserWarning: PySoundFile failed. Trying audioread instead.
  audio, sr = librosa.load(src, sr=SAMPLE_RATE, mono=True)
/workspace/26Dacon_DeepVoice/.venv/lib/python3.11/site-packages/librosa/core/audio.py:184: FutureWarning: librosa.core.audio.__audioread_load
	Deprecated as of librosa version 0.10.0.
	It will be removed in librosa version 1.0.
  y, sr_native = __audioread_load(path, offset, duration, dtype)
[ok] real_02312 (train=803 valid=86)
/workspace/26Dacon_DeepVoice/data_pipeline/download_real_clips.py:78: UserWarning: PySoundFile failed. Trying audioread instead.
  audio, sr = librosa.load(src, sr=SAMPLE_RATE, mono=True)
/workspace/26Dacon_DeepVoice/.venv/lib/python3.11/site-packages/librosa/core/audio.py:184: FutureWarning: librosa.core.audio.__audioread_load
	Deprecated as of librosa version 0.10.0.
	It will be removed in librosa version 1.0.
  y, sr_native = __audioread_load(path, offset, duration, dtype)
[ok] real_34481 (train=804 valid=86)
/workspace/26Dacon_DeepVoice/data_pipeline/download_real_clips.py:78: UserWarning: PySoundFile failed. Trying audioread instead.
  audio, sr = librosa.load(src, sr=SAMPLE_RATE, mono=True)
/workspace/26Dacon_DeepVoice/.venv/lib/python3.11/site-packages/librosa/core/audio.py:184: FutureWarning: librosa.core.audio.__audioread_load
	Deprecated as of librosa version 0.10.0.
	It will be removed in librosa version 1.0.
  y, sr_native = __audioread_load(path, offset, duration, dtype)
/workspace/26Dacon_DeepVoice/data_pipeline/download_real_clips.py:78: UserWarning: PySoundFile failed. Trying audioread instead.
  audio, sr = librosa.load(src, sr=SAMPLE_RATE, mono=True)
/workspace/26Dacon_DeepVoice/.venv/lib/python3.11/site-packages/librosa/core/audio.py:184: FutureWarning: librosa.core.audio.__audioread_load
	Deprecated as of librosa version 0.10.0.
	It will be removed in librosa version 1.0.
  y, sr_native = __audioread_load(path, offset, duration, dtype)
/workspace/26Dacon_DeepVoice/data_pipeline/download_real_clips.py:78: UserWarning: PySoundFile failed. Trying audioread instead.
  audio, sr = librosa.load(src, sr=SAMPLE_RATE, mono=True)
/workspace/26Dacon_DeepVoice/.venv/lib/python3.11/site-packages/librosa/core/audio.py:184: FutureWarning: librosa.core.audio.__audioread_load
	Deprecated as of librosa version 0.10.0.
	It will be removed in librosa version 1.0.
  y, sr_native = __audioread_load(path, offset, duration, dtype)
[ok] real_15180 (train=805 valid=86)
[ok] real_50794 (train=806 valid=86)
[ok] real_51363 (train=807 valid=86)
[ok] real_34125 (train=808 valid=86)
/workspace/26Dacon_DeepVoice/data_pipeline/download_real_clips.py:78: UserWarning: PySoundFile failed. Trying audioread instead.
  audio, sr = librosa.load(src, sr=SAMPLE_RATE, mono=True)
/workspace/26Dacon_DeepVoice/.venv/lib/python3.11/site-packages/librosa/core/audio.py:184: FutureWarning: librosa.core.audio.__audioread_load
	Deprecated as of librosa version 0.10.0.
	It will be removed in librosa version 1.0.
  y, sr_native = __audioread_load(path, offset, duration, dtype)
ERROR: [youtube] Cl1DCicU5l0: Video unavailable
[fail] real_20354 (Cl1DCicU5l0): ERROR: [youtube] Cl1DCicU5l0: Video unavailable
ERROR: [youtube] -dM_Vpk9ZKg: Video unavailable
[fail] real_20616 (-dM_Vpk9ZKg): ERROR: [youtube] -dM_Vpk9ZKg: Video unavailable
[ok] real_52995 (train=809 valid=86)
/workspace/26Dacon_DeepVoice/data_pipeline/download_real_clips.py:78: UserWarning: PySoundFile failed. Trying audioread instead.
  audio, sr = librosa.load(src, sr=SAMPLE_RATE, mono=True)
/workspace/26Dacon_DeepVoice/.venv/lib/python3.11/site-packages/librosa/core/audio.py:184: FutureWarning: librosa.core.audio.__audioread_load
	Deprecated as of librosa version 0.10.0.
	It will be removed in librosa version 1.0.
  y, sr_native = __audioread_load(path, offset, duration, dtype)
/workspace/26Dacon_DeepVoice/data_pipeline/download_real_clips.py:78: UserWarning: PySoundFile failed. Trying audioread instead.
  audio, sr = librosa.load(src, sr=SAMPLE_RATE, mono=True)
/workspace/26Dacon_DeepVoice/.venv/lib/python3.11/site-packages/librosa/core/audio.py:184: FutureWarning: librosa.core.audio.__audioread_load
	Deprecated as of librosa version 0.10.0.
	It will be removed in librosa version 1.0.
  y, sr_native = __audioread_load(path, offset, duration, dtype)
[ok] real_19378 (train=810 valid=86)
[ok] real_45189 (train=811 valid=86)
/workspace/26Dacon_DeepVoice/data_pipeline/download_real_clips.py:78: UserWarning: PySoundFile failed. Trying audioread instead.
  audio, sr = librosa.load(src, sr=SAMPLE_RATE, mono=True)
/workspace/26Dacon_DeepVoice/.venv/lib/python3.11/site-packages/librosa/core/audio.py:184: FutureWarning: librosa.core.audio.__audioread_load
	Deprecated as of librosa version 0.10.0.
	It will be removed in librosa version 1.0.
  y, sr_native = __audioread_load(path, offset, duration, dtype)
[ok] real_28922 (train=812 valid=86)
/workspace/26Dacon_DeepVoice/data_pipeline/download_real_clips.py:78: UserWarning: PySoundFile failed. Trying audioread instead.
  audio, sr = librosa.load(src, sr=SAMPLE_RATE, mono=True)
/workspace/26Dacon_DeepVoice/.venv/lib/python3.11/site-packages/librosa/core/audio.py:184: FutureWarning: librosa.core.audio.__audioread_load
	Deprecated as of librosa version 0.10.0.
	It will be removed in librosa version 1.0.
  y, sr_native = __audioread_load(path, offset, duration, dtype)
/workspace/26Dacon_DeepVoice/data_pipeline/download_real_clips.py:78: UserWarning: PySoundFile failed. Trying audioread instead.
  audio, sr = librosa.load(src, sr=SAMPLE_RATE, mono=True)
/workspace/26Dacon_DeepVoice/.venv/lib/python3.11/site-packages/librosa/core/audio.py:184: FutureWarning: librosa.core.audio.__audioread_load
	Deprecated as of librosa version 0.10.0.
	It will be removed in librosa version 1.0.
  y, sr_native = __audioread_load(path, offset, duration, dtype)
/workspace/26Dacon_DeepVoice/data_pipeline/download_real_clips.py:78: UserWarning: PySoundFile failed. Trying audioread instead.
  audio, sr = librosa.load(src, sr=SAMPLE_RATE, mono=True)
/workspace/26Dacon_DeepVoice/.venv/lib/python3.11/site-packages/librosa/core/audio.py:184: FutureWarning: librosa.core.audio.__audioread_load
	Deprecated as of librosa version 0.10.0.
	It will be removed in librosa version 1.0.
  y, sr_native = __audioread_load(path, offset, duration, dtype)
[ok] real_30075 (train=813 valid=86)
[ok] real_40956 (train=813 valid=87)
[ok] real_04918 (train=814 valid=87)
[ok] real_50077 (train=814 valid=88)
/workspace/26Dacon_DeepVoice/data_pipeline/download_real_clips.py:78: UserWarning: PySoundFile failed. Trying audioread instead.
  audio, sr = librosa.load(src, sr=SAMPLE_RATE, mono=True)
/workspace/26Dacon_DeepVoice/.venv/lib/python3.11/site-packages/librosa/core/audio.py:184: FutureWarning: librosa.core.audio.__audioread_load
	Deprecated as of librosa version 0.10.0.
	It will be removed in librosa version 1.0.
  y, sr_native = __audioread_load(path, offset, duration, dtype)
ERROR: [youtube] NJG_rMhnNlY: Video unavailable
[fail] real_05392 (NJG_rMhnNlY): ERROR: [youtube] NJG_rMhnNlY: Video unavailable
[ok] real_21602 (train=814 valid=89)
/workspace/26Dacon_DeepVoice/data_pipeline/download_real_clips.py:78: UserWarning: PySoundFile failed. Trying audioread instead.
  audio, sr = librosa.load(src, sr=SAMPLE_RATE, mono=True)
/workspace/26Dacon_DeepVoice/.venv/lib/python3.11/site-packages/librosa/core/audio.py:184: FutureWarning: librosa.core.audio.__audioread_load
	Deprecated as of librosa version 0.10.0.
	It will be removed in librosa version 1.0.
  y, sr_native = __audioread_load(path, offset, duration, dtype)
/workspace/26Dacon_DeepVoice/data_pipeline/download_real_clips.py:78: UserWarning: PySoundFile failed. Trying audioread instead.
  audio, sr = librosa.load(src, sr=SAMPLE_RATE, mono=True)
/workspace/26Dacon_DeepVoice/.venv/lib/python3.11/site-packages/librosa/core/audio.py:184: FutureWarning: librosa.core.audio.__audioread_load
	Deprecated as of librosa version 0.10.0.
	It will be removed in librosa version 1.0.
  y, sr_native = __audioread_load(path, offset, duration, dtype)
/workspace/26Dacon_DeepVoice/data_pipeline/download_real_clips.py:78: UserWarning: PySoundFile failed. Trying audioread instead.
  audio, sr = librosa.load(src, sr=SAMPLE_RATE, mono=True)
/workspace/26Dacon_DeepVoice/.venv/lib/python3.11/site-packages/librosa/core/audio.py:184: FutureWarning: librosa.core.audio.__audioread_load
	Deprecated as of librosa version 0.10.0.
	It will be removed in librosa version 1.0.
  y, sr_native = __audioread_load(path, offset, duration, dtype)
[ok] real_39972 (train=815 valid=89)
[ok] real_27848 (train=816 valid=89)
[ok] real_18383 (train=817 valid=89)
/workspace/26Dacon_DeepVoice/data_pipeline/download_real_clips.py:78: UserWarning: PySoundFile failed. Trying audioread instead.
  audio, sr = librosa.load(src, sr=SAMPLE_RATE, mono=True)
/workspace/26Dacon_DeepVoice/.venv/lib/python3.11/site-packages/librosa/core/audio.py:184: FutureWarning: librosa.core.audio.__audioread_load
	Deprecated as of librosa version 0.10.0.
	It will be removed in librosa version 1.0.
  y, sr_native = __audioread_load(path, offset, duration, dtype)
[ok] real_19780 (train=818 valid=89)
/workspace/26Dacon_DeepVoice/data_pipeline/download_real_clips.py:78: UserWarning: PySoundFile failed. Trying audioread instead.
  audio, sr = librosa.load(src, sr=SAMPLE_RATE, mono=True)
/workspace/26Dacon_DeepVoice/.venv/lib/python3.11/site-packages/librosa/core/audio.py:184: FutureWarning: librosa.core.audio.__audioread_load
	Deprecated as of librosa version 0.10.0.
	It will be removed in librosa version 1.0.
  y, sr_native = __audioread_load(path, offset, duration, dtype)
[ok] real_40745 (train=819 valid=89)
/workspace/26Dacon_DeepVoice/data_pipeline/download_real_clips.py:78: UserWarning: PySoundFile failed. Trying audioread instead.
  audio, sr = librosa.load(src, sr=SAMPLE_RATE, mono=True)
/workspace/26Dacon_DeepVoice/.venv/lib/python3.11/site-packages/librosa/core/audio.py:184: FutureWarning: librosa.core.audio.__audioread_load
	Deprecated as of librosa version 0.10.0.
	It will be removed in librosa version 1.0.
  y, sr_native = __audioread_load(path, offset, duration, dtype)
[ok] real_43743 (train=819 valid=90)
/workspace/26Dacon_DeepVoice/data_pipeline/download_real_clips.py:78: UserWarning: PySoundFile failed. Trying audioread instead.
  audio, sr = librosa.load(src, sr=SAMPLE_RATE, mono=True)
/workspace/26Dacon_DeepVoice/.venv/lib/python3.11/site-packages/librosa/core/audio.py:184: FutureWarning: librosa.core.audio.__audioread_load
	Deprecated as of librosa version 0.10.0.
	It will be removed in librosa version 1.0.
  y, sr_native = __audioread_load(path, offset, duration, dtype)
/workspace/26Dacon_DeepVoice/data_pipeline/download_real_clips.py:78: UserWarning: PySoundFile failed. Trying audioread instead.
  audio, sr = librosa.load(src, sr=SAMPLE_RATE, mono=True)
/workspace/26Dacon_DeepVoice/.venv/lib/python3.11/site-packages/librosa/core/audio.py:184: FutureWarning: librosa.core.audio.__audioread_load
	Deprecated as of librosa version 0.10.0.
	It will be removed in librosa version 1.0.
  y, sr_native = __audioread_load(path, offset, duration, dtype)
[ok] real_16963 (train=820 valid=90)
[ok] real_09107 (train=821 valid=90)
/workspace/26Dacon_DeepVoice/data_pipeline/download_real_clips.py:78: UserWarning: PySoundFile failed. Trying audioread instead.
  audio, sr = librosa.load(src, sr=SAMPLE_RATE, mono=True)
/workspace/26Dacon_DeepVoice/.venv/lib/python3.11/site-packages/librosa/core/audio.py:184: FutureWarning: librosa.core.audio.__audioread_load
	Deprecated as of librosa version 0.10.0.
	It will be removed in librosa version 1.0.
  y, sr_native = __audioread_load(path, offset, duration, dtype)
[ok] real_38427 (train=822 valid=90)
/workspace/26Dacon_DeepVoice/data_pipeline/download_real_clips.py:78: UserWarning: PySoundFile failed. Trying audioread instead.
  audio, sr = librosa.load(src, sr=SAMPLE_RATE, mono=True)
/workspace/26Dacon_DeepVoice/.venv/lib/python3.11/site-packages/librosa/core/audio.py:184: FutureWarning: librosa.core.audio.__audioread_load
	Deprecated as of librosa version 0.10.0.
	It will be removed in librosa version 1.0.
  y, sr_native = __audioread_load(path, offset, duration, dtype)
[ok] real_11976 (train=823 valid=90)
/workspace/26Dacon_DeepVoice/data_pipeline/download_real_clips.py:78: UserWarning: PySoundFile failed. Trying audioread instead.
  audio, sr = librosa.load(src, sr=SAMPLE_RATE, mono=True)
/workspace/26Dacon_DeepVoice/.venv/lib/python3.11/site-packages/librosa/core/audio.py:184: FutureWarning: librosa.core.audio.__audioread_load
	Deprecated as of librosa version 0.10.0.
	It will be removed in librosa version 1.0.
  y, sr_native = __audioread_load(path, offset, duration, dtype)
[ok] real_28199 (train=824 valid=90)
ERROR: [youtube] l9aq6hYEcNY: Video unavailable
[fail] real_23951 (l9aq6hYEcNY): ERROR: [youtube] l9aq6hYEcNY: Video unavailable
/workspace/26Dacon_DeepVoice/data_pipeline/download_real_clips.py:78: UserWarning: PySoundFile failed. Trying audioread instead.
  audio, sr = librosa.load(src, sr=SAMPLE_RATE, mono=True)
/workspace/26Dacon_DeepVoice/.venv/lib/python3.11/site-packages/librosa/core/audio.py:184: FutureWarning: librosa.core.audio.__audioread_load
	Deprecated as of librosa version 0.10.0.
	It will be removed in librosa version 1.0.
  y, sr_native = __audioread_load(path, offset, duration, dtype)
/workspace/26Dacon_DeepVoice/data_pipeline/download_real_clips.py:78: UserWarning: PySoundFile failed. Trying audioread instead.
  audio, sr = librosa.load(src, sr=SAMPLE_RATE, mono=True)
/workspace/26Dacon_DeepVoice/.venv/lib/python3.11/site-packages/librosa/core/audio.py:184: FutureWarning: librosa.core.audio.__audioread_load
	Deprecated as of librosa version 0.10.0.
	It will be removed in librosa version 1.0.
  y, sr_native = __audioread_load(path, offset, duration, dtype)
[ok] real_29012 (train=825 valid=90)
[ok] real_32057 (train=826 valid=90)
/workspace/26Dacon_DeepVoice/data_pipeline/download_real_clips.py:78: UserWarning: PySoundFile failed. Trying audioread instead.
  audio, sr = librosa.load(src, sr=SAMPLE_RATE, mono=True)
/workspace/26Dacon_DeepVoice/.venv/lib/python3.11/site-packages/librosa/core/audio.py:184: FutureWarning: librosa.core.audio.__audioread_load
	Deprecated as of librosa version 0.10.0.
	It will be removed in librosa version 1.0.
  y, sr_native = __audioread_load(path, offset, duration, dtype)
/workspace/26Dacon_DeepVoice/data_pipeline/download_real_clips.py:78: UserWarning: PySoundFile failed. Trying audioread instead.
  audio, sr = librosa.load(src, sr=SAMPLE_RATE, mono=True)
/workspace/26Dacon_DeepVoice/.venv/lib/python3.11/site-packages/librosa/core/audio.py:184: FutureWarning: librosa.core.audio.__audioread_load
	Deprecated as of librosa version 0.10.0.
	It will be removed in librosa version 1.0.
  y, sr_native = __audioread_load(path, offset, duration, dtype)
[ok] real_20426 (train=827 valid=90)
/workspace/26Dacon_DeepVoice/data_pipeline/download_real_clips.py:78: UserWarning: PySoundFile failed. Trying audioread instead.
  audio, sr = librosa.load(src, sr=SAMPLE_RATE, mono=True)
/workspace/26Dacon_DeepVoice/.venv/lib/python3.11/site-packages/librosa/core/audio.py:184: FutureWarning: librosa.core.audio.__audioread_load
	Deprecated as of librosa version 0.10.0.
	It will be removed in librosa version 1.0.
  y, sr_native = __audioread_load(path, offset, duration, dtype)
[ok] real_43170 (train=828 valid=90)
[ok] real_04512 (train=829 valid=90)
/workspace/26Dacon_DeepVoice/data_pipeline/download_real_clips.py:78: UserWarning: PySoundFile failed. Trying audioread instead.
  audio, sr = librosa.load(src, sr=SAMPLE_RATE, mono=True)
/workspace/26Dacon_DeepVoice/.venv/lib/python3.11/site-packages/librosa/core/audio.py:184: FutureWarning: librosa.core.audio.__audioread_load
	Deprecated as of librosa version 0.10.0.
	It will be removed in librosa version 1.0.
  y, sr_native = __audioread_load(path, offset, duration, dtype)
ERROR: [youtube] B6nVV-ibpWk: Video unavailable
[fail] real_05860 (B6nVV-ibpWk): ERROR: [youtube] B6nVV-ibpWk: Video unavailable
[ok] real_42372 (train=830 valid=90)
/workspace/26Dacon_DeepVoice/data_pipeline/download_real_clips.py:78: UserWarning: PySoundFile failed. Trying audioread instead.
  audio, sr = librosa.load(src, sr=SAMPLE_RATE, mono=True)
/workspace/26Dacon_DeepVoice/.venv/lib/python3.11/site-packages/librosa/core/audio.py:184: FutureWarning: librosa.core.audio.__audioread_load
	Deprecated as of librosa version 0.10.0.
	It will be removed in librosa version 1.0.
  y, sr_native = __audioread_load(path, offset, duration, dtype)
[ok] real_19136 (train=831 valid=90)
ERROR: [youtube] cDgfef3-VbM: Video unavailable
[fail] real_53087 (cDgfef3-VbM): ERROR: [youtube] cDgfef3-VbM: Video unavailable
ERROR: [youtube] sMHDK6YykMg: Video unavailable
[fail] real_22563 (sMHDK6YykMg): ERROR: [youtube] sMHDK6YykMg: Video unavailable
/workspace/26Dacon_DeepVoice/data_pipeline/download_real_clips.py:78: UserWarning: PySoundFile failed. Trying audioread instead.
  audio, sr = librosa.load(src, sr=SAMPLE_RATE, mono=True)
/workspace/26Dacon_DeepVoice/.venv/lib/python3.11/site-packages/librosa/core/audio.py:184: FutureWarning: librosa.core.audio.__audioread_load
	Deprecated as of librosa version 0.10.0.
	It will be removed in librosa version 1.0.
  y, sr_native = __audioread_load(path, offset, duration, dtype)
[ok] real_52681 (train=831 valid=91)
/workspace/26Dacon_DeepVoice/data_pipeline/download_real_clips.py:78: UserWarning: PySoundFile failed. Trying audioread instead.
  audio, sr = librosa.load(src, sr=SAMPLE_RATE, mono=True)
/workspace/26Dacon_DeepVoice/.venv/lib/python3.11/site-packages/librosa/core/audio.py:184: FutureWarning: librosa.core.audio.__audioread_load
	Deprecated as of librosa version 0.10.0.
	It will be removed in librosa version 1.0.
  y, sr_native = __audioread_load(path, offset, duration, dtype)
[ok] real_21420 (train=832 valid=91)
/workspace/26Dacon_DeepVoice/data_pipeline/download_real_clips.py:78: UserWarning: PySoundFile failed. Trying audioread instead.
  audio, sr = librosa.load(src, sr=SAMPLE_RATE, mono=True)
/workspace/26Dacon_DeepVoice/.venv/lib/python3.11/site-packages/librosa/core/audio.py:184: FutureWarning: librosa.core.audio.__audioread_load
	Deprecated as of librosa version 0.10.0.
	It will be removed in librosa version 1.0.
  y, sr_native = __audioread_load(path, offset, duration, dtype)
ERROR: [youtube] btx_UbzhpO4: Video unavailable
[fail] real_35829 (btx_UbzhpO4): ERROR: [youtube] btx_UbzhpO4: Video unavailable
[ok] real_16793 (train=833 valid=91)
/workspace/26Dacon_DeepVoice/data_pipeline/download_real_clips.py:78: UserWarning: PySoundFile failed. Trying audioread instead.
  audio, sr = librosa.load(src, sr=SAMPLE_RATE, mono=True)
/workspace/26Dacon_DeepVoice/.venv/lib/python3.11/site-packages/librosa/core/audio.py:184: FutureWarning: librosa.core.audio.__audioread_load
	Deprecated as of librosa version 0.10.0.
	It will be removed in librosa version 1.0.
  y, sr_native = __audioread_load(path, offset, duration, dtype)
/workspace/26Dacon_DeepVoice/data_pipeline/download_real_clips.py:78: UserWarning: PySoundFile failed. Trying audioread instead.
  audio, sr = librosa.load(src, sr=SAMPLE_RATE, mono=True)
/workspace/26Dacon_DeepVoice/.venv/lib/python3.11/site-packages/librosa/core/audio.py:184: FutureWarning: librosa.core.audio.__audioread_load
	Deprecated as of librosa version 0.10.0.
	It will be removed in librosa version 1.0.
  y, sr_native = __audioread_load(path, offset, duration, dtype)
ERROR: [youtube] 6Nq0E0DYvMY: Video unavailable
[fail] real_15935 (6Nq0E0DYvMY): ERROR: [youtube] 6Nq0E0DYvMY: Video unavailable
[ok] real_25157 (train=834 valid=91)
/workspace/26Dacon_DeepVoice/data_pipeline/download_real_clips.py:78: UserWarning: PySoundFile failed. Trying audioread instead.
  audio, sr = librosa.load(src, sr=SAMPLE_RATE, mono=True)
/workspace/26Dacon_DeepVoice/.venv/lib/python3.11/site-packages/librosa/core/audio.py:184: FutureWarning: librosa.core.audio.__audioread_load
	Deprecated as of librosa version 0.10.0.
	It will be removed in librosa version 1.0.
  y, sr_native = __audioread_load(path, offset, duration, dtype)
[ok] real_42501 (train=835 valid=91)
[ok] real_14236 (train=836 valid=91)
/workspace/26Dacon_DeepVoice/data_pipeline/download_real_clips.py:78: UserWarning: PySoundFile failed. Trying audioread instead.
  audio, sr = librosa.load(src, sr=SAMPLE_RATE, mono=True)
/workspace/26Dacon_DeepVoice/.venv/lib/python3.11/site-packages/librosa/core/audio.py:184: FutureWarning: librosa.core.audio.__audioread_load
	Deprecated as of librosa version 0.10.0.
	It will be removed in librosa version 1.0.
  y, sr_native = __audioread_load(path, offset, duration, dtype)
ERROR: [youtube] MYTf2TNyxrk: Video unavailable
[fail] real_16926 (MYTf2TNyxrk): ERROR: [youtube] MYTf2TNyxrk: Video unavailable
[ok] real_23363 (train=837 valid=91)
/workspace/26Dacon_DeepVoice/data_pipeline/download_real_clips.py:78: UserWarning: PySoundFile failed. Trying audioread instead.
  audio, sr = librosa.load(src, sr=SAMPLE_RATE, mono=True)
/workspace/26Dacon_DeepVoice/.venv/lib/python3.11/site-packages/librosa/core/audio.py:184: FutureWarning: librosa.core.audio.__audioread_load
	Deprecated as of librosa version 0.10.0.
	It will be removed in librosa version 1.0.
  y, sr_native = __audioread_load(path, offset, duration, dtype)
[ok] real_27889 (train=838 valid=91)
/workspace/26Dacon_DeepVoice/data_pipeline/download_real_clips.py:78: UserWarning: PySoundFile failed. Trying audioread instead.
  audio, sr = librosa.load(src, sr=SAMPLE_RATE, mono=True)
/workspace/26Dacon_DeepVoice/.venv/lib/python3.11/site-packages/librosa/core/audio.py:184: FutureWarning: librosa.core.audio.__audioread_load
	Deprecated as of librosa version 0.10.0.
	It will be removed in librosa version 1.0.
  y, sr_native = __audioread_load(path, offset, duration, dtype)
[ok] real_24369 (train=839 valid=91)
/workspace/26Dacon_DeepVoice/data_pipeline/download_real_clips.py:78: UserWarning: PySoundFile failed. Trying audioread instead.
  audio, sr = librosa.load(src, sr=SAMPLE_RATE, mono=True)
/workspace/26Dacon_DeepVoice/.venv/lib/python3.11/site-packages/librosa/core/audio.py:184: FutureWarning: librosa.core.audio.__audioread_load
	Deprecated as of librosa version 0.10.0.
	It will be removed in librosa version 1.0.
  y, sr_native = __audioread_load(path, offset, duration, dtype)
[ok] real_46217 (train=840 valid=91)
/workspace/26Dacon_DeepVoice/data_pipeline/download_real_clips.py:78: UserWarning: PySoundFile failed. Trying audioread instead.
  audio, sr = librosa.load(src, sr=SAMPLE_RATE, mono=True)
/workspace/26Dacon_DeepVoice/.venv/lib/python3.11/site-packages/librosa/core/audio.py:184: FutureWarning: librosa.core.audio.__audioread_load
	Deprecated as of librosa version 0.10.0.
	It will be removed in librosa version 1.0.
  y, sr_native = __audioread_load(path, offset, duration, dtype)
[ok] real_51040 (train=841 valid=91)
/workspace/26Dacon_DeepVoice/data_pipeline/download_real_clips.py:78: UserWarning: PySoundFile failed. Trying audioread instead.
  audio, sr = librosa.load(src, sr=SAMPLE_RATE, mono=True)
/workspace/26Dacon_DeepVoice/.venv/lib/python3.11/site-packages/librosa/core/audio.py:184: FutureWarning: librosa.core.audio.__audioread_load
	Deprecated as of librosa version 0.10.0.
	It will be removed in librosa version 1.0.
  y, sr_native = __audioread_load(path, offset, duration, dtype)
/workspace/26Dacon_DeepVoice/data_pipeline/download_real_clips.py:78: UserWarning: PySoundFile failed. Trying audioread instead.
  audio, sr = librosa.load(src, sr=SAMPLE_RATE, mono=True)
/workspace/26Dacon_DeepVoice/.venv/lib/python3.11/site-packages/librosa/core/audio.py:184: FutureWarning: librosa.core.audio.__audioread_load
	Deprecated as of librosa version 0.10.0.
	It will be removed in librosa version 1.0.
  y, sr_native = __audioread_load(path, offset, duration, dtype)
/workspace/26Dacon_DeepVoice/data_pipeline/download_real_clips.py:78: UserWarning: PySoundFile failed. Trying audioread instead.
  audio, sr = librosa.load(src, sr=SAMPLE_RATE, mono=True)
/workspace/26Dacon_DeepVoice/.venv/lib/python3.11/site-packages/librosa/core/audio.py:184: FutureWarning: librosa.core.audio.__audioread_load
	Deprecated as of librosa version 0.10.0.
	It will be removed in librosa version 1.0.
  y, sr_native = __audioread_load(path, offset, duration, dtype)
[ok] real_23672 (train=842 valid=91)
[ok] real_05140 (train=843 valid=91)
[ok] real_38619 (train=844 valid=91)
/workspace/26Dacon_DeepVoice/data_pipeline/download_real_clips.py:78: UserWarning: PySoundFile failed. Trying audioread instead.
  audio, sr = librosa.load(src, sr=SAMPLE_RATE, mono=True)
/workspace/26Dacon_DeepVoice/.venv/lib/python3.11/site-packages/librosa/core/audio.py:184: FutureWarning: librosa.core.audio.__audioread_load
	Deprecated as of librosa version 0.10.0.
	It will be removed in librosa version 1.0.
  y, sr_native = __audioread_load(path, offset, duration, dtype)
[ok] real_18671 (train=845 valid=91)
/workspace/26Dacon_DeepVoice/data_pipeline/download_real_clips.py:78: UserWarning: PySoundFile failed. Trying audioread instead.
  audio, sr = librosa.load(src, sr=SAMPLE_RATE, mono=True)
/workspace/26Dacon_DeepVoice/.venv/lib/python3.11/site-packages/librosa/core/audio.py:184: FutureWarning: librosa.core.audio.__audioread_load
	Deprecated as of librosa version 0.10.0.
	It will be removed in librosa version 1.0.
  y, sr_native = __audioread_load(path, offset, duration, dtype)
/workspace/26Dacon_DeepVoice/data_pipeline/download_real_clips.py:78: UserWarning: PySoundFile failed. Trying audioread instead.
  audio, sr = librosa.load(src, sr=SAMPLE_RATE, mono=True)
/workspace/26Dacon_DeepVoice/.venv/lib/python3.11/site-packages/librosa/core/audio.py:184: FutureWarning: librosa.core.audio.__audioread_load
	Deprecated as of librosa version 0.10.0.
	It will be removed in librosa version 1.0.
  y, sr_native = __audioread_load(path, offset, duration, dtype)
[ok] real_50303 (train=845 valid=92)
[ok] real_17363 (train=846 valid=92)
/workspace/26Dacon_DeepVoice/data_pipeline/download_real_clips.py:78: UserWarning: PySoundFile failed. Trying audioread instead.
  audio, sr = librosa.load(src, sr=SAMPLE_RATE, mono=True)
/workspace/26Dacon_DeepVoice/.venv/lib/python3.11/site-packages/librosa/core/audio.py:184: FutureWarning: librosa.core.audio.__audioread_load
	Deprecated as of librosa version 0.10.0.
	It will be removed in librosa version 1.0.
  y, sr_native = __audioread_load(path, offset, duration, dtype)
[ok] real_06909 (train=847 valid=92)
/workspace/26Dacon_DeepVoice/data_pipeline/download_real_clips.py:78: UserWarning: PySoundFile failed. Trying audioread instead.
  audio, sr = librosa.load(src, sr=SAMPLE_RATE, mono=True)
/workspace/26Dacon_DeepVoice/.venv/lib/python3.11/site-packages/librosa/core/audio.py:184: FutureWarning: librosa.core.audio.__audioread_load
	Deprecated as of librosa version 0.10.0.
	It will be removed in librosa version 1.0.
  y, sr_native = __audioread_load(path, offset, duration, dtype)
[ok] real_39947 (train=848 valid=92)
/workspace/26Dacon_DeepVoice/data_pipeline/download_real_clips.py:78: UserWarning: PySoundFile failed. Trying audioread instead.
  audio, sr = librosa.load(src, sr=SAMPLE_RATE, mono=True)
/workspace/26Dacon_DeepVoice/.venv/lib/python3.11/site-packages/librosa/core/audio.py:184: FutureWarning: librosa.core.audio.__audioread_load
	Deprecated as of librosa version 0.10.0.
	It will be removed in librosa version 1.0.
  y, sr_native = __audioread_load(path, offset, duration, dtype)
[ok] real_03120 (train=849 valid=92)
/workspace/26Dacon_DeepVoice/data_pipeline/download_real_clips.py:78: UserWarning: PySoundFile failed. Trying audioread instead.
  audio, sr = librosa.load(src, sr=SAMPLE_RATE, mono=True)
/workspace/26Dacon_DeepVoice/.venv/lib/python3.11/site-packages/librosa/core/audio.py:184: FutureWarning: librosa.core.audio.__audioread_load
	Deprecated as of librosa version 0.10.0.
	It will be removed in librosa version 1.0.
  y, sr_native = __audioread_load(path, offset, duration, dtype)
/workspace/26Dacon_DeepVoice/data_pipeline/download_real_clips.py:78: UserWarning: PySoundFile failed. Trying audioread instead.
  audio, sr = librosa.load(src, sr=SAMPLE_RATE, mono=True)
/workspace/26Dacon_DeepVoice/.venv/lib/python3.11/site-packages/librosa/core/audio.py:184: FutureWarning: librosa.core.audio.__audioread_load
	Deprecated as of librosa version 0.10.0.
	It will be removed in librosa version 1.0.
  y, sr_native = __audioread_load(path, offset, duration, dtype)
[ok] real_12187 (train=850 valid=92)
[ok] real_28662 (train=851 valid=92)
/workspace/26Dacon_DeepVoice/data_pipeline/download_real_clips.py:78: UserWarning: PySoundFile failed. Trying audioread instead.
  audio, sr = librosa.load(src, sr=SAMPLE_RATE, mono=True)
/workspace/26Dacon_DeepVoice/.venv/lib/python3.11/site-packages/librosa/core/audio.py:184: FutureWarning: librosa.core.audio.__audioread_load
	Deprecated as of librosa version 0.10.0.
	It will be removed in librosa version 1.0.
  y, sr_native = __audioread_load(path, offset, duration, dtype)
/workspace/26Dacon_DeepVoice/data_pipeline/download_real_clips.py:78: UserWarning: PySoundFile failed. Trying audioread instead.
  audio, sr = librosa.load(src, sr=SAMPLE_RATE, mono=True)
/workspace/26Dacon_DeepVoice/.venv/lib/python3.11/site-packages/librosa/core/audio.py:184: FutureWarning: librosa.core.audio.__audioread_load
	Deprecated as of librosa version 0.10.0.
	It will be removed in librosa version 1.0.
  y, sr_native = __audioread_load(path, offset, duration, dtype)
[ok] real_41227 (train=852 valid=92)
/workspace/26Dacon_DeepVoice/data_pipeline/download_real_clips.py:78: UserWarning: PySoundFile failed. Trying audioread instead.
  audio, sr = librosa.load(src, sr=SAMPLE_RATE, mono=True)
/workspace/26Dacon_DeepVoice/.venv/lib/python3.11/site-packages/librosa/core/audio.py:184: FutureWarning: librosa.core.audio.__audioread_load
	Deprecated as of librosa version 0.10.0.
	It will be removed in librosa version 1.0.
  y, sr_native = __audioread_load(path, offset, duration, dtype)
[ok] real_32337 (train=853 valid=92)
[ok] real_36643 (train=854 valid=92)
[ok] real_03661 (train=855 valid=92)
/workspace/26Dacon_DeepVoice/data_pipeline/download_real_clips.py:78: UserWarning: PySoundFile failed. Trying audioread instead.
  audio, sr = librosa.load(src, sr=SAMPLE_RATE, mono=True)
/workspace/26Dacon_DeepVoice/.venv/lib/python3.11/site-packages/librosa/core/audio.py:184: FutureWarning: librosa.core.audio.__audioread_load
	Deprecated as of librosa version 0.10.0.
	It will be removed in librosa version 1.0.
  y, sr_native = __audioread_load(path, offset, duration, dtype)
/workspace/26Dacon_DeepVoice/data_pipeline/download_real_clips.py:78: UserWarning: PySoundFile failed. Trying audioread instead.
  audio, sr = librosa.load(src, sr=SAMPLE_RATE, mono=True)
/workspace/26Dacon_DeepVoice/.venv/lib/python3.11/site-packages/librosa/core/audio.py:184: FutureWarning: librosa.core.audio.__audioread_load
	Deprecated as of librosa version 0.10.0.
	It will be removed in librosa version 1.0.
  y, sr_native = __audioread_load(path, offset, duration, dtype)
[ok] real_45883 (train=856 valid=92)
[ok] real_40658 (train=857 valid=92)
/workspace/26Dacon_DeepVoice/data_pipeline/download_real_clips.py:78: UserWarning: PySoundFile failed. Trying audioread instead.
  audio, sr = librosa.load(src, sr=SAMPLE_RATE, mono=True)
/workspace/26Dacon_DeepVoice/.venv/lib/python3.11/site-packages/librosa/core/audio.py:184: FutureWarning: librosa.core.audio.__audioread_load
	Deprecated as of librosa version 0.10.0.
	It will be removed in librosa version 1.0.
  y, sr_native = __audioread_load(path, offset, duration, dtype)
/workspace/26Dacon_DeepVoice/data_pipeline/download_real_clips.py:78: UserWarning: PySoundFile failed. Trying audioread instead.
  audio, sr = librosa.load(src, sr=SAMPLE_RATE, mono=True)
/workspace/26Dacon_DeepVoice/.venv/lib/python3.11/site-packages/librosa/core/audio.py:184: FutureWarning: librosa.core.audio.__audioread_load
	Deprecated as of librosa version 0.10.0.
	It will be removed in librosa version 1.0.
  y, sr_native = __audioread_load(path, offset, duration, dtype)
[ok] real_30599 (train=858 valid=92)
/workspace/26Dacon_DeepVoice/data_pipeline/download_real_clips.py:78: UserWarning: PySoundFile failed. Trying audioread instead.
  audio, sr = librosa.load(src, sr=SAMPLE_RATE, mono=True)
/workspace/26Dacon_DeepVoice/.venv/lib/python3.11/site-packages/librosa/core/audio.py:184: FutureWarning: librosa.core.audio.__audioread_load
	Deprecated as of librosa version 0.10.0.
	It will be removed in librosa version 1.0.
  y, sr_native = __audioread_load(path, offset, duration, dtype)
/workspace/26Dacon_DeepVoice/data_pipeline/download_real_clips.py:78: UserWarning: PySoundFile failed. Trying audioread instead.
  audio, sr = librosa.load(src, sr=SAMPLE_RATE, mono=True)
/workspace/26Dacon_DeepVoice/.venv/lib/python3.11/site-packages/librosa/core/audio.py:184: FutureWarning: librosa.core.audio.__audioread_load
	Deprecated as of librosa version 0.10.0.
	It will be removed in librosa version 1.0.
  y, sr_native = __audioread_load(path, offset, duration, dtype)
[ok] real_43806 (train=859 valid=92)
[ok] real_24761 (train=859 valid=93)
[ok] real_47335 (train=860 valid=93)
[ok] real_16300 (train=861 valid=93)
/workspace/26Dacon_DeepVoice/data_pipeline/download_real_clips.py:78: UserWarning: PySoundFile failed. Trying audioread instead.
  audio, sr = librosa.load(src, sr=SAMPLE_RATE, mono=True)
/workspace/26Dacon_DeepVoice/.venv/lib/python3.11/site-packages/librosa/core/audio.py:184: FutureWarning: librosa.core.audio.__audioread_load
	Deprecated as of librosa version 0.10.0.
	It will be removed in librosa version 1.0.
  y, sr_native = __audioread_load(path, offset, duration, dtype)
/workspace/26Dacon_DeepVoice/data_pipeline/download_real_clips.py:78: UserWarning: PySoundFile failed. Trying audioread instead.
  audio, sr = librosa.load(src, sr=SAMPLE_RATE, mono=True)
/workspace/26Dacon_DeepVoice/.venv/lib/python3.11/site-packages/librosa/core/audio.py:184: FutureWarning: librosa.core.audio.__audioread_load
	Deprecated as of librosa version 0.10.0.
	It will be removed in librosa version 1.0.
  y, sr_native = __audioread_load(path, offset, duration, dtype)
[ok] real_14291 (train=862 valid=93)
[ok] real_40562 (train=863 valid=93)
/workspace/26Dacon_DeepVoice/data_pipeline/download_real_clips.py:78: UserWarning: PySoundFile failed. Trying audioread instead.
  audio, sr = librosa.load(src, sr=SAMPLE_RATE, mono=True)
/workspace/26Dacon_DeepVoice/.venv/lib/python3.11/site-packages/librosa/core/audio.py:184: FutureWarning: librosa.core.audio.__audioread_load
	Deprecated as of librosa version 0.10.0.
	It will be removed in librosa version 1.0.
  y, sr_native = __audioread_load(path, offset, duration, dtype)
/workspace/26Dacon_DeepVoice/data_pipeline/download_real_clips.py:78: UserWarning: PySoundFile failed. Trying audioread instead.
  audio, sr = librosa.load(src, sr=SAMPLE_RATE, mono=True)
/workspace/26Dacon_DeepVoice/.venv/lib/python3.11/site-packages/librosa/core/audio.py:184: FutureWarning: librosa.core.audio.__audioread_load
	Deprecated as of librosa version 0.10.0.
	It will be removed in librosa version 1.0.
  y, sr_native = __audioread_load(path, offset, duration, dtype)
[ok] real_34786 (train=864 valid=93)
[ok] real_36166 (train=865 valid=93)
/workspace/26Dacon_DeepVoice/data_pipeline/download_real_clips.py:78: UserWarning: PySoundFile failed. Trying audioread instead.
  audio, sr = librosa.load(src, sr=SAMPLE_RATE, mono=True)
/workspace/26Dacon_DeepVoice/.venv/lib/python3.11/site-packages/librosa/core/audio.py:184: FutureWarning: librosa.core.audio.__audioread_load
	Deprecated as of librosa version 0.10.0.
	It will be removed in librosa version 1.0.
  y, sr_native = __audioread_load(path, offset, duration, dtype)
/workspace/26Dacon_DeepVoice/data_pipeline/download_real_clips.py:78: UserWarning: PySoundFile failed. Trying audioread instead.
  audio, sr = librosa.load(src, sr=SAMPLE_RATE, mono=True)
/workspace/26Dacon_DeepVoice/.venv/lib/python3.11/site-packages/librosa/core/audio.py:184: FutureWarning: librosa.core.audio.__audioread_load
	Deprecated as of librosa version 0.10.0.
	It will be removed in librosa version 1.0.
  y, sr_native = __audioread_load(path, offset, duration, dtype)
/workspace/26Dacon_DeepVoice/data_pipeline/download_real_clips.py:78: UserWarning: PySoundFile failed. Trying audioread instead.
  audio, sr = librosa.load(src, sr=SAMPLE_RATE, mono=True)
/workspace/26Dacon_DeepVoice/.venv/lib/python3.11/site-packages/librosa/core/audio.py:184: FutureWarning: librosa.core.audio.__audioread_load
	Deprecated as of librosa version 0.10.0.
	It will be removed in librosa version 1.0.
  y, sr_native = __audioread_load(path, offset, duration, dtype)
[ok] real_09121 (train=866 valid=93)
[ok] real_39702 (train=867 valid=93)
[ok] real_12902 (train=868 valid=93)
/workspace/26Dacon_DeepVoice/data_pipeline/download_real_clips.py:78: UserWarning: PySoundFile failed. Trying audioread instead.
  audio, sr = librosa.load(src, sr=SAMPLE_RATE, mono=True)
/workspace/26Dacon_DeepVoice/.venv/lib/python3.11/site-packages/librosa/core/audio.py:184: FutureWarning: librosa.core.audio.__audioread_load
	Deprecated as of librosa version 0.10.0.
	It will be removed in librosa version 1.0.
  y, sr_native = __audioread_load(path, offset, duration, dtype)
/workspace/26Dacon_DeepVoice/data_pipeline/download_real_clips.py:78: UserWarning: PySoundFile failed. Trying audioread instead.
  audio, sr = librosa.load(src, sr=SAMPLE_RATE, mono=True)
/workspace/26Dacon_DeepVoice/.venv/lib/python3.11/site-packages/librosa/core/audio.py:184: FutureWarning: librosa.core.audio.__audioread_load
	Deprecated as of librosa version 0.10.0.
	It will be removed in librosa version 1.0.
  y, sr_native = __audioread_load(path, offset, duration, dtype)
/workspace/26Dacon_DeepVoice/data_pipeline/download_real_clips.py:78: UserWarning: PySoundFile failed. Trying audioread instead.
  audio, sr = librosa.load(src, sr=SAMPLE_RATE, mono=True)
/workspace/26Dacon_DeepVoice/.venv/lib/python3.11/site-packages/librosa/core/audio.py:184: FutureWarning: librosa.core.audio.__audioread_load
	Deprecated as of librosa version 0.10.0.
	It will be removed in librosa version 1.0.
  y, sr_native = __audioread_load(path, offset, duration, dtype)
ERROR: [youtube] X7P5Ayk50F0: Video unavailable
[fail] real_23993 (X7P5Ayk50F0): ERROR: [youtube] X7P5Ayk50F0: Video unavailable
/workspace/26Dacon_DeepVoice/data_pipeline/download_real_clips.py:78: UserWarning: PySoundFile failed. Trying audioread instead.
  audio, sr = librosa.load(src, sr=SAMPLE_RATE, mono=True)
/workspace/26Dacon_DeepVoice/.venv/lib/python3.11/site-packages/librosa/core/audio.py:184: FutureWarning: librosa.core.audio.__audioread_load
	Deprecated as of librosa version 0.10.0.
	It will be removed in librosa version 1.0.
  y, sr_native = __audioread_load(path, offset, duration, dtype)
[ok] real_27933 (train=869 valid=93)
[ok] real_28439 (train=870 valid=93)
[ok] real_04663 (train=871 valid=93)
[ok] real_10972 (train=872 valid=93)
/workspace/26Dacon_DeepVoice/data_pipeline/download_real_clips.py:78: UserWarning: PySoundFile failed. Trying audioread instead.
  audio, sr = librosa.load(src, sr=SAMPLE_RATE, mono=True)
/workspace/26Dacon_DeepVoice/.venv/lib/python3.11/site-packages/librosa/core/audio.py:184: FutureWarning: librosa.core.audio.__audioread_load
	Deprecated as of librosa version 0.10.0.
	It will be removed in librosa version 1.0.
  y, sr_native = __audioread_load(path, offset, duration, dtype)
/workspace/26Dacon_DeepVoice/data_pipeline/download_real_clips.py:78: UserWarning: PySoundFile failed. Trying audioread instead.
  audio, sr = librosa.load(src, sr=SAMPLE_RATE, mono=True)
/workspace/26Dacon_DeepVoice/.venv/lib/python3.11/site-packages/librosa/core/audio.py:184: FutureWarning: librosa.core.audio.__audioread_load
	Deprecated as of librosa version 0.10.0.
	It will be removed in librosa version 1.0.
  y, sr_native = __audioread_load(path, offset, duration, dtype)
/workspace/26Dacon_DeepVoice/data_pipeline/download_real_clips.py:78: UserWarning: PySoundFile failed. Trying audioread instead.
  audio, sr = librosa.load(src, sr=SAMPLE_RATE, mono=True)
/workspace/26Dacon_DeepVoice/.venv/lib/python3.11/site-packages/librosa/core/audio.py:184: FutureWarning: librosa.core.audio.__audioread_load
	Deprecated as of librosa version 0.10.0.
	It will be removed in librosa version 1.0.
  y, sr_native = __audioread_load(path, offset, duration, dtype)
[ok] real_31492 (train=872 valid=94)
[ok] real_15606 (train=873 valid=94)
[ok] real_24968 (train=874 valid=94)
/workspace/26Dacon_DeepVoice/data_pipeline/download_real_clips.py:78: UserWarning: PySoundFile failed. Trying audioread instead.
  audio, sr = librosa.load(src, sr=SAMPLE_RATE, mono=True)
/workspace/26Dacon_DeepVoice/.venv/lib/python3.11/site-packages/librosa/core/audio.py:184: FutureWarning: librosa.core.audio.__audioread_load
	Deprecated as of librosa version 0.10.0.
	It will be removed in librosa version 1.0.
  y, sr_native = __audioread_load(path, offset, duration, dtype)
[ok] real_39067 (train=875 valid=94)
ERROR: [download] Got error: (<HTTPSConnection(host='rr4---sn-ab02a0nfpgxapox-bh266.googlevideo.com', port=443) at 0x7f5ed2a81650>, 'Connection to rr4---sn-ab02a0nfpgxapox-bh266.googlevideo.com timed out. (connect timeout=20.0)'). Giving up after 1 retries
ERROR: [download] Got error: (<HTTPSConnection(host='rr6---sn-ab02a0nfpgxapox-jwwy.googlevideo.com', port=443) at 0x7f5ed2a827d0>, 'Connection to rr6---sn-ab02a0nfpgxapox-jwwy.googlevideo.com timed out. (connect timeout=20.0)'). Giving up after 1 retries
ERROR: [download] Got error: (<HTTPSConnection(host='rr5---sn-ab02a0nfpgxapox-bh26z.googlevideo.com', port=443) at 0x7f5ed1cb0c10>, 'Connection to rr5---sn-ab02a0nfpgxapox-bh26z.googlevideo.com timed out. (connect timeout=20.0)'). Giving up after 1 retries
ERROR: [download] Got error: (<HTTPSConnection(host='rr6---sn-ab02a0nfpgxapox-bh26z.googlevideo.com', port=443) at 0x7f5ed2a82390>, 'Connection to rr6---sn-ab02a0nfpgxapox-bh26z.googlevideo.com timed out. (connect timeout=20.0)'). Giving up after 1 retries
ERROR: [download] Got error: (<HTTPSConnection(host='rr5---sn-ab02a0nfpgxapox-bh2lr.googlevideo.com', port=443) at 0x7f5ed28a2f10>, 'Connection to rr5---sn-ab02a0nfpgxapox-bh2lr.googlevideo.com timed out. (connect timeout=20.0)'). Giving up after 1 retries
ERROR: [download] Got error: (<HTTPSConnection(host='rr6---sn-ab02a0nfpgxapox-bh2lr.googlevideo.com', port=443) at 0x7f5ed298ab50>, 'Connection to rr6---sn-ab02a0nfpgxapox-bh2lr.googlevideo.com timed out. (connect timeout=20.0)'). Giving up after 1 retries
ERROR: [download] Got error: (<HTTPSConnection(host='rr3---sn-ab02a0nfpgxapox-bh2s6.googlevideo.com', port=443) at 0x7f5ed2654c90>, 'Connection to rr3---sn-ab02a0nfpgxapox-bh2s6.googlevideo.com timed out. (connect timeout=20.0)'). Giving up after 1 retries
ERROR: [download] Got error: (<HTTPSConnection(host='rr1---sn-ab02a0nfpgxapox-bh2zk.googlevideo.com', port=443) at 0x7f5ed1e80750>, 'Connection to rr1---sn-ab02a0nfpgxapox-bh2zk.googlevideo.com timed out. (connect timeout=20.0)'). Giving up after 1 retries
[fail] real_22039 (Z3q5UrpQLQI): ERROR: [download] Got error: (<HTTPSConnection(host='rr1---sn-ab02a0nfpgxapox-bh2zk.googlevideo.com', port=443) at 0x7f5ed1e80750>, 'Connection to rr1---sn-ab02a0nfpgxapox-bh2zk.googlevideo.com timed out. (connect timeout=20.0)'). Giving up after 1 retries
/workspace/26Dacon_DeepVoice/data_pipeline/download_real_clips.py:78: UserWarning: PySoundFile failed. Trying audioread instead.
  audio, sr = librosa.load(src, sr=SAMPLE_RATE, mono=True)
/workspace/26Dacon_DeepVoice/.venv/lib/python3.11/site-packages/librosa/core/audio.py:184: FutureWarning: librosa.core.audio.__audioread_load
	Deprecated as of librosa version 0.10.0.
	It will be removed in librosa version 1.0.
  y, sr_native = __audioread_load(path, offset, duration, dtype)
/workspace/26Dacon_DeepVoice/data_pipeline/download_real_clips.py:78: UserWarning: PySoundFile failed. Trying audioread instead.
  audio, sr = librosa.load(src, sr=SAMPLE_RATE, mono=True)
/workspace/26Dacon_DeepVoice/.venv/lib/python3.11/site-packages/librosa/core/audio.py:184: FutureWarning: librosa.core.audio.__audioread_load
	Deprecated as of librosa version 0.10.0.
	It will be removed in librosa version 1.0.
  y, sr_native = __audioread_load(path, offset, duration, dtype)
[ok] real_36757 (train=876 valid=94)
/workspace/26Dacon_DeepVoice/data_pipeline/download_real_clips.py:78: UserWarning: PySoundFile failed. Trying audioread instead.
  audio, sr = librosa.load(src, sr=SAMPLE_RATE, mono=True)
/workspace/26Dacon_DeepVoice/.venv/lib/python3.11/site-packages/librosa/core/audio.py:184: FutureWarning: librosa.core.audio.__audioread_load
	Deprecated as of librosa version 0.10.0.
	It will be removed in librosa version 1.0.
  y, sr_native = __audioread_load(path, offset, duration, dtype)
/workspace/26Dacon_DeepVoice/data_pipeline/download_real_clips.py:78: UserWarning: PySoundFile failed. Trying audioread instead.
  audio, sr = librosa.load(src, sr=SAMPLE_RATE, mono=True)
/workspace/26Dacon_DeepVoice/.venv/lib/python3.11/site-packages/librosa/core/audio.py:184: FutureWarning: librosa.core.audio.__audioread_load
	Deprecated as of librosa version 0.10.0.
	It will be removed in librosa version 1.0.
  y, sr_native = __audioread_load(path, offset, duration, dtype)
/workspace/26Dacon_DeepVoice/data_pipeline/download_real_clips.py:78: UserWarning: PySoundFile failed. Trying audioread instead.
  audio, sr = librosa.load(src, sr=SAMPLE_RATE, mono=True)
/workspace/26Dacon_DeepVoice/.venv/lib/python3.11/site-packages/librosa/core/audio.py:184: FutureWarning: librosa.core.audio.__audioread_load
	Deprecated as of librosa version 0.10.0.
	It will be removed in librosa version 1.0.
  y, sr_native = __audioread_load(path, offset, duration, dtype)
ERROR: [youtube] d58DL9HpIsA: Video unavailable
[fail] real_06239 (d58DL9HpIsA): ERROR: [youtube] d58DL9HpIsA: Video unavailable
/workspace/26Dacon_DeepVoice/data_pipeline/download_real_clips.py:78: UserWarning: PySoundFile failed. Trying audioread instead.
  audio, sr = librosa.load(src, sr=SAMPLE_RATE, mono=True)
/workspace/26Dacon_DeepVoice/.venv/lib/python3.11/site-packages/librosa/core/audio.py:184: FutureWarning: librosa.core.audio.__audioread_load
	Deprecated as of librosa version 0.10.0.
	It will be removed in librosa version 1.0.
  y, sr_native = __audioread_load(path, offset, duration, dtype)
[ok] real_16715 (train=877 valid=94)
[ok] real_45633 (train=878 valid=94)
/workspace/26Dacon_DeepVoice/data_pipeline/download_real_clips.py:78: UserWarning: PySoundFile failed. Trying audioread instead.
  audio, sr = librosa.load(src, sr=SAMPLE_RATE, mono=True)
/workspace/26Dacon_DeepVoice/.venv/lib/python3.11/site-packages/librosa/core/audio.py:184: FutureWarning: librosa.core.audio.__audioread_load
	Deprecated as of librosa version 0.10.0.
	It will be removed in librosa version 1.0.
  y, sr_native = __audioread_load(path, offset, duration, dtype)
[ok] real_33454 (train=878 valid=95)
[fail] real_00551 (hhzYbExfVIY): clip too short (10130 samples)
[ok] real_18560 (train=878 valid=96)
[ok] real_11696 (train=879 valid=96)
ERROR: [youtube] 6jSEbCif_4g: This video is unavailable
[fail] real_08839 (6jSEbCif_4g): ERROR: [youtube] 6jSEbCif_4g: This video is unavailable
/workspace/26Dacon_DeepVoice/data_pipeline/download_real_clips.py:78: UserWarning: PySoundFile failed. Trying audioread instead.
  audio, sr = librosa.load(src, sr=SAMPLE_RATE, mono=True)
/workspace/26Dacon_DeepVoice/.venv/lib/python3.11/site-packages/librosa/core/audio.py:184: FutureWarning: librosa.core.audio.__audioread_load
	Deprecated as of librosa version 0.10.0.
	It will be removed in librosa version 1.0.
  y, sr_native = __audioread_load(path, offset, duration, dtype)
ERROR: [youtube] gyHh63zJQw4: Video unavailable
[fail] real_04277 (gyHh63zJQw4): ERROR: [youtube] gyHh63zJQw4: Video unavailable
[ok] real_46207 (train=880 valid=96)
/workspace/26Dacon_DeepVoice/data_pipeline/download_real_clips.py:78: UserWarning: PySoundFile failed. Trying audioread instead.
  audio, sr = librosa.load(src, sr=SAMPLE_RATE, mono=True)
/workspace/26Dacon_DeepVoice/.venv/lib/python3.11/site-packages/librosa/core/audio.py:184: FutureWarning: librosa.core.audio.__audioread_load
	Deprecated as of librosa version 0.10.0.
	It will be removed in librosa version 1.0.
  y, sr_native = __audioread_load(path, offset, duration, dtype)
/workspace/26Dacon_DeepVoice/data_pipeline/download_real_clips.py:78: UserWarning: PySoundFile failed. Trying audioread instead.
  audio, sr = librosa.load(src, sr=SAMPLE_RATE, mono=True)
/workspace/26Dacon_DeepVoice/.venv/lib/python3.11/site-packages/librosa/core/audio.py:184: FutureWarning: librosa.core.audio.__audioread_load
	Deprecated as of librosa version 0.10.0.
	It will be removed in librosa version 1.0.
  y, sr_native = __audioread_load(path, offset, duration, dtype)
[ok] real_34066 (train=881 valid=96)
[ok] real_33051 (train=882 valid=96)
/workspace/26Dacon_DeepVoice/data_pipeline/download_real_clips.py:78: UserWarning: PySoundFile failed. Trying audioread instead.
  audio, sr = librosa.load(src, sr=SAMPLE_RATE, mono=True)
/workspace/26Dacon_DeepVoice/.venv/lib/python3.11/site-packages/librosa/core/audio.py:184: FutureWarning: librosa.core.audio.__audioread_load
	Deprecated as of librosa version 0.10.0.
	It will be removed in librosa version 1.0.
  y, sr_native = __audioread_load(path, offset, duration, dtype)
[ok] real_46626 (train=883 valid=96)
/workspace/26Dacon_DeepVoice/data_pipeline/download_real_clips.py:78: UserWarning: PySoundFile failed. Trying audioread instead.
  audio, sr = librosa.load(src, sr=SAMPLE_RATE, mono=True)
/workspace/26Dacon_DeepVoice/.venv/lib/python3.11/site-packages/librosa/core/audio.py:184: FutureWarning: librosa.core.audio.__audioread_load
	Deprecated as of librosa version 0.10.0.
	It will be removed in librosa version 1.0.
  y, sr_native = __audioread_load(path, offset, duration, dtype)
[ok] real_24035 (train=884 valid=96)
/workspace/26Dacon_DeepVoice/data_pipeline/download_real_clips.py:78: UserWarning: PySoundFile failed. Trying audioread instead.
  audio, sr = librosa.load(src, sr=SAMPLE_RATE, mono=True)
/workspace/26Dacon_DeepVoice/.venv/lib/python3.11/site-packages/librosa/core/audio.py:184: FutureWarning: librosa.core.audio.__audioread_load
	Deprecated as of librosa version 0.10.0.
	It will be removed in librosa version 1.0.
  y, sr_native = __audioread_load(path, offset, duration, dtype)
/workspace/26Dacon_DeepVoice/data_pipeline/download_real_clips.py:78: UserWarning: PySoundFile failed. Trying audioread instead.
  audio, sr = librosa.load(src, sr=SAMPLE_RATE, mono=True)
/workspace/26Dacon_DeepVoice/.venv/lib/python3.11/site-packages/librosa/core/audio.py:184: FutureWarning: librosa.core.audio.__audioread_load
	Deprecated as of librosa version 0.10.0.
	It will be removed in librosa version 1.0.
  y, sr_native = __audioread_load(path, offset, duration, dtype)
[ok] real_35971 (train=884 valid=97)
[ok] real_43365 (train=885 valid=97)
/workspace/26Dacon_DeepVoice/data_pipeline/download_real_clips.py:78: UserWarning: PySoundFile failed. Trying audioread instead.
  audio, sr = librosa.load(src, sr=SAMPLE_RATE, mono=True)
/workspace/26Dacon_DeepVoice/.venv/lib/python3.11/site-packages/librosa/core/audio.py:184: FutureWarning: librosa.core.audio.__audioread_load
	Deprecated as of librosa version 0.10.0.
	It will be removed in librosa version 1.0.
  y, sr_native = __audioread_load(path, offset, duration, dtype)
/workspace/26Dacon_DeepVoice/data_pipeline/download_real_clips.py:78: UserWarning: PySoundFile failed. Trying audioread instead.
  audio, sr = librosa.load(src, sr=SAMPLE_RATE, mono=True)
/workspace/26Dacon_DeepVoice/.venv/lib/python3.11/site-packages/librosa/core/audio.py:184: FutureWarning: librosa.core.audio.__audioread_load
	Deprecated as of librosa version 0.10.0.
	It will be removed in librosa version 1.0.
  y, sr_native = __audioread_load(path, offset, duration, dtype)
/workspace/26Dacon_DeepVoice/data_pipeline/download_real_clips.py:78: UserWarning: PySoundFile failed. Trying audioread instead.
  audio, sr = librosa.load(src, sr=SAMPLE_RATE, mono=True)
/workspace/26Dacon_DeepVoice/.venv/lib/python3.11/site-packages/librosa/core/audio.py:184: FutureWarning: librosa.core.audio.__audioread_load
	Deprecated as of librosa version 0.10.0.
	It will be removed in librosa version 1.0.
  y, sr_native = __audioread_load(path, offset, duration, dtype)
/workspace/26Dacon_DeepVoice/data_pipeline/download_real_clips.py:78: UserWarning: PySoundFile failed. Trying audioread instead.
  audio, sr = librosa.load(src, sr=SAMPLE_RATE, mono=True)
/workspace/26Dacon_DeepVoice/.venv/lib/python3.11/site-packages/librosa/core/audio.py:184: FutureWarning: librosa.core.audio.__audioread_load
	Deprecated as of librosa version 0.10.0.
	It will be removed in librosa version 1.0.
  y, sr_native = __audioread_load(path, offset, duration, dtype)
[ok] real_11598 (train=886 valid=97)
[ok] real_42320 (train=887 valid=97)
[ok] real_10031 (train=888 valid=97)
[ok] real_04646 (train=889 valid=97)
/workspace/26Dacon_DeepVoice/data_pipeline/download_real_clips.py:78: UserWarning: PySoundFile failed. Trying audioread instead.
  audio, sr = librosa.load(src, sr=SAMPLE_RATE, mono=True)
/workspace/26Dacon_DeepVoice/.venv/lib/python3.11/site-packages/librosa/core/audio.py:184: FutureWarning: librosa.core.audio.__audioread_load
	Deprecated as of librosa version 0.10.0.
	It will be removed in librosa version 1.0.
  y, sr_native = __audioread_load(path, offset, duration, dtype)
[ok] real_45576 (train=890 valid=97)
/workspace/26Dacon_DeepVoice/data_pipeline/download_real_clips.py:78: UserWarning: PySoundFile failed. Trying audioread instead.
  audio, sr = librosa.load(src, sr=SAMPLE_RATE, mono=True)
/workspace/26Dacon_DeepVoice/.venv/lib/python3.11/site-packages/librosa/core/audio.py:184: FutureWarning: librosa.core.audio.__audioread_load
	Deprecated as of librosa version 0.10.0.
	It will be removed in librosa version 1.0.
  y, sr_native = __audioread_load(path, offset, duration, dtype)
[ok] real_45509 (train=891 valid=97)
/workspace/26Dacon_DeepVoice/data_pipeline/download_real_clips.py:78: UserWarning: PySoundFile failed. Trying audioread instead.
  audio, sr = librosa.load(src, sr=SAMPLE_RATE, mono=True)
/workspace/26Dacon_DeepVoice/.venv/lib/python3.11/site-packages/librosa/core/audio.py:184: FutureWarning: librosa.core.audio.__audioread_load
	Deprecated as of librosa version 0.10.0.
	It will be removed in librosa version 1.0.
  y, sr_native = __audioread_load(path, offset, duration, dtype)
[ok] real_26692 (train=892 valid=97)
/workspace/26Dacon_DeepVoice/data_pipeline/download_real_clips.py:78: UserWarning: PySoundFile failed. Trying audioread instead.
  audio, sr = librosa.load(src, sr=SAMPLE_RATE, mono=True)
/workspace/26Dacon_DeepVoice/.venv/lib/python3.11/site-packages/librosa/core/audio.py:184: FutureWarning: librosa.core.audio.__audioread_load
	Deprecated as of librosa version 0.10.0.
	It will be removed in librosa version 1.0.
  y, sr_native = __audioread_load(path, offset, duration, dtype)
[ok] real_10934 (train=893 valid=97)
ERROR: [download] Got error: (<HTTPSConnection(host='rr8---sn-ab02a0nfpgxapox-bh266.googlevideo.com', port=443) at 0x7f5ed1e2e8d0>, 'Connection to rr8---sn-ab02a0nfpgxapox-bh266.googlevideo.com timed out. (connect timeout=20.0)'). Giving up after 1 retries
ERROR: [download] Got error: (<HTTPSConnection(host='rr7---sn-ab02a0nfpgxapox-bh2lr.googlevideo.com', port=443) at 0x7f5f13002450>, 'Connection to rr7---sn-ab02a0nfpgxapox-bh2lr.googlevideo.com timed out. (connect timeout=20.0)'). Giving up after 1 retries
ERROR: [download] Got error: (<HTTPSConnection(host='rr2---sn-ab02a0nfpgxapox-bh2e6.googlevideo.com', port=443) at 0x7f5ed1dd70d0>, 'Connection to rr2---sn-ab02a0nfpgxapox-bh2e6.googlevideo.com timed out. (connect timeout=20.0)'). Giving up after 1 retries
ERROR: [download] Got error: (<HTTPSConnection(host='rr4---sn-ab02a0nfpgxapox-bh2zr.googlevideo.com', port=443) at 0x7f5ed1e2ff10>, 'Connection to rr4---sn-ab02a0nfpgxapox-bh2zr.googlevideo.com timed out. (connect timeout=20.0)'). Giving up after 1 retries
ERROR: [download] Got error: (<HTTPSConnection(host='rr8---sn-ab02a0nfpgxapox-bh26z.googlevideo.com', port=443) at 0x7f5ed28bb550>, 'Connection to rr8---sn-ab02a0nfpgxapox-bh26z.googlevideo.com timed out. (connect timeout=20.0)'). Giving up after 1 retries
ERROR: [download] Got error: (<HTTPSConnection(host='rr1---sn-ab02a0nfpgxapox-bh2z6.googlevideo.com', port=443) at 0x7f5ed28b1f50>, 'Connection to rr1---sn-ab02a0nfpgxapox-bh2z6.googlevideo.com timed out. (connect timeout=20.0)'). Giving up after 1 retries
/workspace/26Dacon_DeepVoice/data_pipeline/download_real_clips.py:78: UserWarning: PySoundFile failed. Trying audioread instead.
  audio, sr = librosa.load(src, sr=SAMPLE_RATE, mono=True)
/workspace/26Dacon_DeepVoice/.venv/lib/python3.11/site-packages/librosa/core/audio.py:184: FutureWarning: librosa.core.audio.__audioread_load
	Deprecated as of librosa version 0.10.0.
	It will be removed in librosa version 1.0.
  y, sr_native = __audioread_load(path, offset, duration, dtype)
/workspace/26Dacon_DeepVoice/data_pipeline/download_real_clips.py:78: UserWarning: PySoundFile failed. Trying audioread instead.
  audio, sr = librosa.load(src, sr=SAMPLE_RATE, mono=True)
/workspace/26Dacon_DeepVoice/.venv/lib/python3.11/site-packages/librosa/core/audio.py:184: FutureWarning: librosa.core.audio.__audioread_load
	Deprecated as of librosa version 0.10.0.
	It will be removed in librosa version 1.0.
  y, sr_native = __audioread_load(path, offset, duration, dtype)
/workspace/26Dacon_DeepVoice/data_pipeline/download_real_clips.py:78: UserWarning: PySoundFile failed. Trying audioread instead.
  audio, sr = librosa.load(src, sr=SAMPLE_RATE, mono=True)
/workspace/26Dacon_DeepVoice/.venv/lib/python3.11/site-packages/librosa/core/audio.py:184: FutureWarning: librosa.core.audio.__audioread_load
	Deprecated as of librosa version 0.10.0.
	It will be removed in librosa version 1.0.
  y, sr_native = __audioread_load(path, offset, duration, dtype)
/workspace/26Dacon_DeepVoice/data_pipeline/download_real_clips.py:78: UserWarning: PySoundFile failed. Trying audioread instead.
  audio, sr = librosa.load(src, sr=SAMPLE_RATE, mono=True)
/workspace/26Dacon_DeepVoice/.venv/lib/python3.11/site-packages/librosa/core/audio.py:184: FutureWarning: librosa.core.audio.__audioread_load
	Deprecated as of librosa version 0.10.0.
	It will be removed in librosa version 1.0.
  y, sr_native = __audioread_load(path, offset, duration, dtype)
[ok] real_20983 (train=894 valid=97)
/workspace/26Dacon_DeepVoice/data_pipeline/download_real_clips.py:78: UserWarning: PySoundFile failed. Trying audioread instead.
  audio, sr = librosa.load(src, sr=SAMPLE_RATE, mono=True)
/workspace/26Dacon_DeepVoice/.venv/lib/python3.11/site-packages/librosa/core/audio.py:184: FutureWarning: librosa.core.audio.__audioread_load
	Deprecated as of librosa version 0.10.0.
	It will be removed in librosa version 1.0.
  y, sr_native = __audioread_load(path, offset, duration, dtype)
[ok] real_23769 (train=895 valid=97)
[ok] real_33340 (train=896 valid=97)
/workspace/26Dacon_DeepVoice/data_pipeline/download_real_clips.py:78: UserWarning: PySoundFile failed. Trying audioread instead.
  audio, sr = librosa.load(src, sr=SAMPLE_RATE, mono=True)
/workspace/26Dacon_DeepVoice/.venv/lib/python3.11/site-packages/librosa/core/audio.py:184: FutureWarning: librosa.core.audio.__audioread_load
	Deprecated as of librosa version 0.10.0.
	It will be removed in librosa version 1.0.
  y, sr_native = __audioread_load(path, offset, duration, dtype)
[ok] real_25134 (train=897 valid=97)
[ok] real_25324 (train=898 valid=97)
[ok] real_10759 (train=899 valid=97)
/workspace/26Dacon_DeepVoice/data_pipeline/download_real_clips.py:78: UserWarning: PySoundFile failed. Trying audioread instead.
  audio, sr = librosa.load(src, sr=SAMPLE_RATE, mono=True)
/workspace/26Dacon_DeepVoice/.venv/lib/python3.11/site-packages/librosa/core/audio.py:184: FutureWarning: librosa.core.audio.__audioread_load
	Deprecated as of librosa version 0.10.0.
	It will be removed in librosa version 1.0.
  y, sr_native = __audioread_load(path, offset, duration, dtype)
/workspace/26Dacon_DeepVoice/data_pipeline/download_real_clips.py:78: UserWarning: PySoundFile failed. Trying audioread instead.
  audio, sr = librosa.load(src, sr=SAMPLE_RATE, mono=True)
/workspace/26Dacon_DeepVoice/.venv/lib/python3.11/site-packages/librosa/core/audio.py:184: FutureWarning: librosa.core.audio.__audioread_load
	Deprecated as of librosa version 0.10.0.
	It will be removed in librosa version 1.0.
  y, sr_native = __audioread_load(path, offset, duration, dtype)
[ok] real_17477 (train=900 valid=97)
/workspace/26Dacon_DeepVoice/data_pipeline/download_real_clips.py:78: UserWarning: PySoundFile failed. Trying audioread instead.
  audio, sr = librosa.load(src, sr=SAMPLE_RATE, mono=True)
/workspace/26Dacon_DeepVoice/.venv/lib/python3.11/site-packages/librosa/core/audio.py:184: FutureWarning: librosa.core.audio.__audioread_load
	Deprecated as of librosa version 0.10.0.
	It will be removed in librosa version 1.0.
  y, sr_native = __audioread_load(path, offset, duration, dtype)
[ok] real_49929 (train=901 valid=97)
[ok] real_07337 (train=902 valid=97)
/workspace/26Dacon_DeepVoice/data_pipeline/download_real_clips.py:78: UserWarning: PySoundFile failed. Trying audioread instead.
  audio, sr = librosa.load(src, sr=SAMPLE_RATE, mono=True)
/workspace/26Dacon_DeepVoice/.venv/lib/python3.11/site-packages/librosa/core/audio.py:184: FutureWarning: librosa.core.audio.__audioread_load
	Deprecated as of librosa version 0.10.0.
	It will be removed in librosa version 1.0.
  y, sr_native = __audioread_load(path, offset, duration, dtype)
[ok] real_05152 (train=903 valid=97)
/workspace/26Dacon_DeepVoice/data_pipeline/download_real_clips.py:78: UserWarning: PySoundFile failed. Trying audioread instead.
  audio, sr = librosa.load(src, sr=SAMPLE_RATE, mono=True)
/workspace/26Dacon_DeepVoice/.venv/lib/python3.11/site-packages/librosa/core/audio.py:184: FutureWarning: librosa.core.audio.__audioread_load
	Deprecated as of librosa version 0.10.0.
	It will be removed in librosa version 1.0.
  y, sr_native = __audioread_load(path, offset, duration, dtype)
[ok] real_15375 (train=904 valid=97)
/workspace/26Dacon_DeepVoice/data_pipeline/download_real_clips.py:78: UserWarning: PySoundFile failed. Trying audioread instead.
  audio, sr = librosa.load(src, sr=SAMPLE_RATE, mono=True)
/workspace/26Dacon_DeepVoice/.venv/lib/python3.11/site-packages/librosa/core/audio.py:184: FutureWarning: librosa.core.audio.__audioread_load
	Deprecated as of librosa version 0.10.0.
	It will be removed in librosa version 1.0.
  y, sr_native = __audioread_load(path, offset, duration, dtype)
[ok] real_48118 (train=904 valid=98)
[ok] real_31456 (train=905 valid=98)
/workspace/26Dacon_DeepVoice/data_pipeline/download_real_clips.py:78: UserWarning: PySoundFile failed. Trying audioread instead.
  audio, sr = librosa.load(src, sr=SAMPLE_RATE, mono=True)
/workspace/26Dacon_DeepVoice/.venv/lib/python3.11/site-packages/librosa/core/audio.py:184: FutureWarning: librosa.core.audio.__audioread_load
	Deprecated as of librosa version 0.10.0.
	It will be removed in librosa version 1.0.
  y, sr_native = __audioread_load(path, offset, duration, dtype)
[ok] real_05597 (train=906 valid=98)
/workspace/26Dacon_DeepVoice/data_pipeline/download_real_clips.py:78: UserWarning: PySoundFile failed. Trying audioread instead.
  audio, sr = librosa.load(src, sr=SAMPLE_RATE, mono=True)
/workspace/26Dacon_DeepVoice/.venv/lib/python3.11/site-packages/librosa/core/audio.py:184: FutureWarning: librosa.core.audio.__audioread_load
	Deprecated as of librosa version 0.10.0.
	It will be removed in librosa version 1.0.
  y, sr_native = __audioread_load(path, offset, duration, dtype)
[ok] real_31570 (train=907 valid=98)
/workspace/26Dacon_DeepVoice/data_pipeline/download_real_clips.py:78: UserWarning: PySoundFile failed. Trying audioread instead.
  audio, sr = librosa.load(src, sr=SAMPLE_RATE, mono=True)
/workspace/26Dacon_DeepVoice/.venv/lib/python3.11/site-packages/librosa/core/audio.py:184: FutureWarning: librosa.core.audio.__audioread_load
	Deprecated as of librosa version 0.10.0.
	It will be removed in librosa version 1.0.
  y, sr_native = __audioread_load(path, offset, duration, dtype)
/workspace/26Dacon_DeepVoice/data_pipeline/download_real_clips.py:78: UserWarning: PySoundFile failed. Trying audioread instead.
  audio, sr = librosa.load(src, sr=SAMPLE_RATE, mono=True)
/workspace/26Dacon_DeepVoice/.venv/lib/python3.11/site-packages/librosa/core/audio.py:184: FutureWarning: librosa.core.audio.__audioread_load
	Deprecated as of librosa version 0.10.0.
	It will be removed in librosa version 1.0.
  y, sr_native = __audioread_load(path, offset, duration, dtype)
[ok] real_07803 (train=907 valid=99)
[ok] real_05657 (train=907 valid=100)
/workspace/26Dacon_DeepVoice/data_pipeline/download_real_clips.py:78: UserWarning: PySoundFile failed. Trying audioread instead.
  audio, sr = librosa.load(src, sr=SAMPLE_RATE, mono=True)
/workspace/26Dacon_DeepVoice/.venv/lib/python3.11/site-packages/librosa/core/audio.py:184: FutureWarning: librosa.core.audio.__audioread_load
	Deprecated as of librosa version 0.10.0.
	It will be removed in librosa version 1.0.
  y, sr_native = __audioread_load(path, offset, duration, dtype)
/workspace/26Dacon_DeepVoice/data_pipeline/download_real_clips.py:78: UserWarning: PySoundFile failed. Trying audioread instead.
  audio, sr = librosa.load(src, sr=SAMPLE_RATE, mono=True)
/workspace/26Dacon_DeepVoice/.venv/lib/python3.11/site-packages/librosa/core/audio.py:184: FutureWarning: librosa.core.audio.__audioread_load
	Deprecated as of librosa version 0.10.0.
	It will be removed in librosa version 1.0.
  y, sr_native = __audioread_load(path, offset, duration, dtype)
[ok] real_20017 (train=907 valid=101)
[ok] real_08606 (train=907 valid=102)
/workspace/26Dacon_DeepVoice/data_pipeline/download_real_clips.py:78: UserWarning: PySoundFile failed. Trying audioread instead.
  audio, sr = librosa.load(src, sr=SAMPLE_RATE, mono=True)
/workspace/26Dacon_DeepVoice/.venv/lib/python3.11/site-packages/librosa/core/audio.py:184: FutureWarning: librosa.core.audio.__audioread_load
	Deprecated as of librosa version 0.10.0.
	It will be removed in librosa version 1.0.
  y, sr_native = __audioread_load(path, offset, duration, dtype)
[ok] real_12700 (train=907 valid=103)
/workspace/26Dacon_DeepVoice/data_pipeline/download_real_clips.py:78: UserWarning: PySoundFile failed. Trying audioread instead.
  audio, sr = librosa.load(src, sr=SAMPLE_RATE, mono=True)
/workspace/26Dacon_DeepVoice/.venv/lib/python3.11/site-packages/librosa/core/audio.py:184: FutureWarning: librosa.core.audio.__audioread_load
	Deprecated as of librosa version 0.10.0.
	It will be removed in librosa version 1.0.
  y, sr_native = __audioread_load(path, offset, duration, dtype)
[ok] real_51591 (train=907 valid=104)
/workspace/26Dacon_DeepVoice/data_pipeline/download_real_clips.py:78: UserWarning: PySoundFile failed. Trying audioread instead.
  audio, sr = librosa.load(src, sr=SAMPLE_RATE, mono=True)
/workspace/26Dacon_DeepVoice/.venv/lib/python3.11/site-packages/librosa/core/audio.py:184: FutureWarning: librosa.core.audio.__audioread_load
	Deprecated as of librosa version 0.10.0.
	It will be removed in librosa version 1.0.
  y, sr_native = __audioread_load(path, offset, duration, dtype)
[ok] real_41693 (train=907 valid=105)
/workspace/26Dacon_DeepVoice/data_pipeline/download_real_clips.py:78: UserWarning: PySoundFile failed. Trying audioread instead.
  audio, sr = librosa.load(src, sr=SAMPLE_RATE, mono=True)
/workspace/26Dacon_DeepVoice/.venv/lib/python3.11/site-packages/librosa/core/audio.py:184: FutureWarning: librosa.core.audio.__audioread_load
	Deprecated as of librosa version 0.10.0.
	It will be removed in librosa version 1.0.
  y, sr_native = __audioread_load(path, offset, duration, dtype)
[ok] real_37701 (train=907 valid=106)
/workspace/26Dacon_DeepVoice/data_pipeline/download_real_clips.py:78: UserWarning: PySoundFile failed. Trying audioread instead.
  audio, sr = librosa.load(src, sr=SAMPLE_RATE, mono=True)
/workspace/26Dacon_DeepVoice/.venv/lib/python3.11/site-packages/librosa/core/audio.py:184: FutureWarning: librosa.core.audio.__audioread_load
	Deprecated as of librosa version 0.10.0.
	It will be removed in librosa version 1.0.
  y, sr_native = __audioread_load(path, offset, duration, dtype)
[ok] real_37802 (train=907 valid=107)
done: train=907/900 valid=107/100
failed total: 115 (see /workspace/26Dacon_DeepVoice/data/processed/music_raw/real/real_failed.txt)
